#VRML V2.0 utf8
# META "generator" "CAD Exchanger 3.7.0 (cadexchanger.com)"
DEF __1 Transform {
  children [
    DEF ASSEMBLY Group {
      children [
        DEF __3 Transform {
          translation 0 0 0.0001
          children [
            DEF Body Group {
              children [
                DEF Body_1 Shape {
                  appearance DEF __6 Appearance {
                    material DEF __7 Material {
                      ambientIntensity 0.66666662693
                      diffuseColor 0.300000011921 0.300000011921 0.300000011921
                      shininess 0
                    }
                  }
                  geometry DEF __8 IndexedFaceSet {
                    solid FALSE
                    coord Coordinate {
                      point [
                        -0.00236 0.0087 0,
                        -0.00236 0.0087 0.00859,
                        0.0303 0.0087 0.00859,
                        0.0303 0.0087 0,
                        0.0303 -0.00108 0.00859,
                        0.0303 -0.00108 0,
                        -0.00236 -0.00108 0.00859,
                        -0.00236 -0.00108 0

                      ]
                    }
                    normal Normal {
                      vector [
                        0 1 0,
                        0 1 0,
                        0 1 0,
                        0 1 0,
                        1 0 -0,
                        1 0 -0,
                        1 0 -0,
                        1 0 -0,
                        0 -1 0,
                        0 -1 0,
                        0 -1 0,
                        0 -1 0,
                        -1 0 0,
                        -1 0 0,
                        -1 0 0,
                        -1 0 0,
                        -0 -0 -1,
                        -0 -0 -1,
                        -0 -0 -1,
                        -0 -0 -1,
                        0 0 1,
                        0 0 1,
                        0 0 1,
                        0 0 1

                      ]
                    }
                    coordIndex [
                      2 0 1 -1 
                      3 0 2 -1 
                      4 3 2 -1 
                      5 3 4 -1 
                      6 5 4 -1 
                      7 5 6 -1 
                      1 7 6 -1 
                      0 7 1 -1 
                      5 7 0 -1 
                      5 0 3 -1 
                      4 1 6 -1 
                      4 2 1 -1 
                    ]
                    normalIndex [
                      2 0 1 -1 
                      3 0 2 -1 
                      6 4 5 -1 
                      7 4 6 -1 
                      10 8 9 -1 
                      11 8 10 -1 
                      14 12 13 -1 
                      15 12 14 -1 
                      18 19 16 -1 
                      18 16 17 -1 
                      22 20 23 -1 
                      22 21 20 -1 
                    ]
                  }
                }
              ]
            }
          ]
        }
        DEF Leads Group {
          children [
            DEF Leads_1 Shape {
              appearance DEF __11 Appearance {
                material DEF __12 Material {
                  ambientIntensity 0.260947436094
                  diffuseColor 0.73400002718 0.773000001907 0.79699999094
                  shininess 0
                }
              }
              geometry DEF __13 IndexedFaceSet {
                solid FALSE
                coord Coordinate {
                  point [
                    0.000325 -7.96020419446e-20 0.0001,
                    0.000325 -7.96020419446e-20 -0.005,
                    0.000320062519729 5.64356577418e-05 0.0001,
                    0.000305400101755 0.000111156546581 0.0001,
                    0.00028145825623 0.0001625 0.0001,
                    0.000248964444014 0.000208905973148 0.0001,
                    0.000208905973148 0.000248964444014 0.0001,
                    0.0001625 0.00028145825623 0.0001,
                    0.000111156546581 0.000305400101755 0.0001,
                    5.64356577418e-05 0.000320062519729 0.0001,
                    1.99005104861e-20 0.000325 0.0001,
                    -5.64356577418e-05 0.000320062519729 0.0001,
                    -0.000111156546581 0.000305400101755 0.0001,
                    -0.0001625 0.00028145825623 0.0001,
                    -0.000208905973148 0.000248964444014 0.0001,
                    -0.000248964444014 0.000208905973148 0.0001,
                    -0.00028145825623 0.0001625 0.0001,
                    -0.000305400101755 0.000111156546581 0.0001,
                    -0.000320062519729 5.64356577418e-05 0.0001,
                    -0.000325 4.72788000576e-19 0.0001,
                    -0.000320062519729 -5.64356577418e-05 0.0001,
                    -0.000305400101755 -0.000111156546581 0.0001,
                    -0.00028145825623 -0.0001625 0.0001,
                    -0.000248964444014 -0.000208905973148 0.0001,
                    -0.000208905973148 -0.000248964444014 0.0001,
                    -0.0001625 -0.00028145825623 0.0001,
                    -0.000111156546581 -0.000305400101755 0.0001,
                    -5.64356577418e-05 -0.000320062519729 0.0001,
                    -9.25675490666e-19 -0.000325 0.0001,
                    5.64356577418e-05 -0.000320062519729 0.0001,
                    0.000111156546581 -0.000305400101755 0.0001,
                    0.0001625 -0.00028145825623 0.0001,
                    0.000208905973148 -0.000248964444014 0.0001,
                    0.000248964444014 -0.000208905973148 0.0001,
                    0.00028145825623 -0.0001625 0.0001,
                    0.000305400101755 -0.000111156546581 0.0001,
                    0.000320062519729 -5.64356577418e-05 0.0001,
                    0.000320062519729 5.64356577418e-05 -0.005,
                    0.000305400101755 0.000111156546581 -0.005,
                    0.00028145825623 0.0001625 -0.005,
                    0.000248964444014 0.000208905973148 -0.005,
                    0.000208905973148 0.000248964444014 -0.005,
                    0.0001625 0.00028145825623 -0.005,
                    0.000111156546581 0.000305400101755 -0.005,
                    5.64356577418e-05 0.000320062519729 -0.005,
                    1.99005104861e-20 0.000325 -0.005,
                    -5.64356577418e-05 0.000320062519729 -0.005,
                    -0.000111156546581 0.000305400101755 -0.005,
                    -0.0001625 0.00028145825623 -0.005,
                    -0.000208905973148 0.000248964444014 -0.005,
                    -0.000248964444014 0.000208905973148 -0.005,
                    -0.00028145825623 0.0001625 -0.005,
                    -0.000305400101755 0.000111156546581 -0.005,
                    -0.000320062519729 5.64356577418e-05 -0.005,
                    -0.000325 4.72788000576e-19 -0.005,
                    -0.000320062519729 -5.64356577418e-05 -0.005,
                    -0.000305400101755 -0.000111156546581 -0.005,
                    -0.00028145825623 -0.0001625 -0.005,
                    -0.000248964444014 -0.000208905973148 -0.005,
                    -0.000208905973148 -0.000248964444014 -0.005,
                    -0.0001625 -0.00028145825623 -0.005,
                    -0.000111156546581 -0.000305400101755 -0.005,
                    -5.64356577418e-05 -0.000320062519729 -0.005,
                    -9.25675490666e-19 -0.000325 -0.005,
                    5.64356577418e-05 -0.000320062519729 -0.005,
                    0.000111156546581 -0.000305400101755 -0.005,
                    0.0001625 -0.00028145825623 -0.005,
                    0.000208905973148 -0.000248964444014 -0.005,
                    0.000248964444014 -0.000208905973148 -0.005,
                    0.00028145825623 -0.0001625 -0.005,
                    0.000305400101755 -0.000111156546581 -0.005,
                    0.000320062519729 -5.64356577418e-05 -0.005

                  ]
                }
                normal Normal {
                  vector [
                    1 -2.4492937e-16 0,
                    0.98480773 -0.17364818 0,
                    0.93969262 -0.34202015 0,
                    0.86602539 -0.5 0,
                    0.76604444 -0.64278764 0,
                    0.64278764 -0.76604444 0,
                    0.5 -0.86602539 0,
                    0.34202015 -0.93969262 0,
                    0.17364818 -0.98480773 0,
                    -2.8482324e-15 -1 0,
                    -0.17364818 -0.98480773 0,
                    -0.34202015 -0.93969262 0,
                    -0.5 -0.86602539 0,
                    -0.64278764 -0.76604444 0,
                    -0.76604444 -0.64278764 0,
                    -0.86602539 -0.5 0,
                    -0.93969262 -0.34202015 0,
                    -0.98480773 -0.17364818 0,
                    -1 1.4547323e-15 0,
                    -0.98480773 0.17364818 0,
                    -0.93969262 0.34202015 0,
                    -0.86602539 0.5 0,
                    -0.76604444 0.64278764 0,
                    -0.64278764 0.76604444 0,
                    -0.5 0.86602539 0,
                    -0.34202015 0.93969262 0,
                    -0.17364818 0.98480773 0,
                    6.1232343e-17 1 0,
                    0.17364818 0.98480773 0,
                    0.34202015 0.93969262 0,
                    0.5 0.86602539 0,
                    0.64278764 0.76604444 0,
                    0.76604444 0.64278764 0,
                    0.86602539 0.5 0,
                    0.93969262 0.34202015 0,
                    0.98480773 0.17364818 0,
                    1 0 0,
                    1 0 0,
                    0.98480773 0.17364818 0,
                    0.93969262 0.34202015 0,
                    0.86602539 0.5 0,
                    0.76604444 0.64278764 0,
                    0.64278764 0.76604444 0,
                    0.5 0.86602539 0,
                    0.34202015 0.93969262 0,
                    0.17364818 0.98480773 0,
                    6.1232343e-17 1 0,
                    -0.17364818 0.98480773 0,
                    -0.34202015 0.93969262 0,
                    -0.5 0.86602539 0,
                    -0.64278764 0.76604444 0,
                    -0.76604444 0.64278764 0,
                    -0.86602539 0.5 0,
                    -0.93969262 0.34202015 0,
                    -0.98480773 0.17364818 0,
                    -1 1.4547323e-15 0,
                    -0.98480773 -0.17364818 0,
                    -0.93969262 -0.34202015 0,
                    -0.86602539 -0.5 0,
                    -0.76604444 -0.64278764 0,
                    -0.64278764 -0.76604444 0,
                    -0.5 -0.86602539 0,
                    -0.34202015 -0.93969262 0,
                    -0.17364818 -0.98480773 0,
                    -2.8482324e-15 -1 0,
                    0.17364818 -0.98480773 0,
                    0.34202015 -0.93969262 0,
                    0.5 -0.86602539 0,
                    0.64278764 -0.76604444 0,
                    0.76604444 -0.64278764 0,
                    0.86602539 -0.5 0,
                    0.93969262 -0.34202015 0,
                    0.98480773 -0.17364818 0,
                    1 -2.4492937e-16 0,
                    0 0 1,
                    0 0 1,
                    0 0 1,
                    0 0 1,
                    0 0 1,
                    0 0 1,
                    0 0 1,
                    0 0 1,
                    0 0 1,
                    0 0 1,
                    0 0 1,
                    0 0 1,
                    0 0 1,
                    0 0 1,
                    0 0 1,
                    0 0 1,
                    0 0 1,
                    0 0 1,
                    0 0 1,
                    0 0 1,
                    0 0 1,
                    0 0 1,
                    0 0 1,
                    0 0 1,
                    0 0 1,
                    0 0 1,
                    0 0 1,
                    0 0 1,
                    0 0 1,
                    0 0 1,
                    0 0 1,
                    0 0 1,
                    0 0 1,
                    0 0 1,
                    0 0 1,
                    0 0 1,
                    -0 -0 -1,
                    -0 -0 -1,
                    -0 -0 -1,
                    -0 -0 -1,
                    -0 -0 -1,
                    -0 -0 -1,
                    -0 -0 -1,
                    -0 -0 -1,
                    -0 -0 -1,
                    -0 -0 -1,
                    -0 -0 -1,
                    -0 -0 -1,
                    -0 -0 -1,
                    -0 -0 -1,
                    -0 -0 -1,
                    -0 -0 -1,
                    -0 -0 -1,
                    -0 -0 -1,
                    -0 -0 -1,
                    -0 -0 -1,
                    -0 -0 -1,
                    -0 -0 -1,
                    -0 -0 -1,
                    -0 -0 -1,
                    -0 -0 -1,
                    -0 -0 -1,
                    -0 -0 -1,
                    -0 -0 -1,
                    -0 -0 -1,
                    -0 -0 -1,
                    -0 -0 -1,
                    -0 -0 -1,
                    -0 -0 -1,
                    -0 -0 -1,
                    -0 -0 -1,
                    -0 -0 -1

                  ]
                }
                coordIndex [
                  71 0 36 -1 
                  70 36 35 -1 
                  69 35 34 -1 
                  68 34 33 -1 
                  67 33 32 -1 
                  29 64 30 -1 
                  28 63 29 -1 
                  27 62 28 -1 
                  26 61 27 -1 
                  25 60 26 -1 
                  24 59 25 -1 
                  23 58 24 -1 
                  22 57 23 -1 
                  21 56 22 -1 
                  20 55 21 -1 
                  19 54 20 -1 
                  18 53 19 -1 
                  17 52 18 -1 
                  16 51 17 -1 
                  15 50 16 -1 
                  14 49 15 -1 
                  13 48 14 -1 
                  12 47 13 -1 
                  11 46 12 -1 
                  10 45 11 -1 
                  9 44 10 -1 
                  8 43 9 -1 
                  7 42 8 -1 
                  6 41 7 -1 
                  5 40 6 -1 
                  4 39 5 -1 
                  3 38 4 -1 
                  2 37 3 -1 
                  0 1 2 -1 
                  66 32 31 -1 
                  65 31 30 -1 
                  37 2 1 -1 
                  38 3 37 -1 
                  39 4 38 -1 
                  40 5 39 -1 
                  41 6 40 -1 
                  42 7 41 -1 
                  43 8 42 -1 
                  44 9 43 -1 
                  45 10 44 -1 
                  46 11 45 -1 
                  47 12 46 -1 
                  48 13 47 -1 
                  49 14 48 -1 
                  50 15 49 -1 
                  51 16 50 -1 
                  52 17 51 -1 
                  53 18 52 -1 
                  54 19 53 -1 
                  55 20 54 -1 
                  56 21 55 -1 
                  57 22 56 -1 
                  58 23 57 -1 
                  59 24 58 -1 
                  60 25 59 -1 
                  61 26 60 -1 
                  62 27 61 -1 
                  63 28 62 -1 
                  64 29 63 -1 
                  65 30 64 -1 
                  66 31 65 -1 
                  67 32 66 -1 
                  68 33 67 -1 
                  69 34 68 -1 
                  70 35 69 -1 
                  71 36 70 -1 
                  1 0 71 -1 
                  3 0 2 -1 
                  4 0 3 -1 
                  5 0 4 -1 
                  6 0 5 -1 
                  7 0 6 -1 
                  8 0 7 -1 
                  9 0 8 -1 
                  10 0 9 -1 
                  11 0 10 -1 
                  12 0 11 -1 
                  13 0 12 -1 
                  14 0 13 -1 
                  15 0 14 -1 
                  16 0 15 -1 
                  17 0 16 -1 
                  18 0 17 -1 
                  19 0 18 -1 
                  20 0 19 -1 
                  21 0 20 -1 
                  22 0 21 -1 
                  23 0 22 -1 
                  24 0 23 -1 
                  25 0 24 -1 
                  26 0 25 -1 
                  27 0 26 -1 
                  28 0 27 -1 
                  29 0 28 -1 
                  30 0 29 -1 
                  31 0 30 -1 
                  32 0 31 -1 
                  33 0 32 -1 
                  34 0 33 -1 
                  35 0 34 -1 
                  36 0 35 -1 
                  38 37 1 -1 
                  39 38 1 -1 
                  40 39 1 -1 
                  41 40 1 -1 
                  42 41 1 -1 
                  43 42 1 -1 
                  44 43 1 -1 
                  45 44 1 -1 
                  46 45 1 -1 
                  47 46 1 -1 
                  48 47 1 -1 
                  49 48 1 -1 
                  50 49 1 -1 
                  51 50 1 -1 
                  52 51 1 -1 
                  53 52 1 -1 
                  54 53 1 -1 
                  55 54 1 -1 
                  56 55 1 -1 
                  57 56 1 -1 
                  58 57 1 -1 
                  59 58 1 -1 
                  60 59 1 -1 
                  61 60 1 -1 
                  62 61 1 -1 
                  63 62 1 -1 
                  64 63 1 -1 
                  65 64 1 -1 
                  66 65 1 -1 
                  67 66 1 -1 
                  68 67 1 -1 
                  69 68 1 -1 
                  70 69 1 -1 
                  71 70 1 -1 
                ]
                normalIndex [
                  72 0 1 -1 
                  71 1 2 -1 
                  70 2 3 -1 
                  69 3 4 -1 
                  68 4 5 -1 
                  8 65 7 -1 
                  9 64 8 -1 
                  10 63 9 -1 
                  11 62 10 -1 
                  12 61 11 -1 
                  13 60 12 -1 
                  14 59 13 -1 
                  15 58 14 -1 
                  16 57 15 -1 
                  17 56 16 -1 
                  18 55 17 -1 
                  19 54 18 -1 
                  20 53 19 -1 
                  21 52 20 -1 
                  22 51 21 -1 
                  23 50 22 -1 
                  24 49 23 -1 
                  25 48 24 -1 
                  26 47 25 -1 
                  27 46 26 -1 
                  28 45 27 -1 
                  29 44 28 -1 
                  30 43 29 -1 
                  31 42 30 -1 
                  32 41 31 -1 
                  33 40 32 -1 
                  34 39 33 -1 
                  35 38 34 -1 
                  36 37 35 -1 
                  67 5 6 -1 
                  66 6 7 -1 
                  38 35 37 -1 
                  39 34 38 -1 
                  40 33 39 -1 
                  41 32 40 -1 
                  42 31 41 -1 
                  43 30 42 -1 
                  44 29 43 -1 
                  45 28 44 -1 
                  46 27 45 -1 
                  47 26 46 -1 
                  48 25 47 -1 
                  49 24 48 -1 
                  50 23 49 -1 
                  51 22 50 -1 
                  52 21 51 -1 
                  53 20 52 -1 
                  54 19 53 -1 
                  55 18 54 -1 
                  56 17 55 -1 
                  57 16 56 -1 
                  58 15 57 -1 
                  59 14 58 -1 
                  60 13 59 -1 
                  61 12 60 -1 
                  62 11 61 -1 
                  63 10 62 -1 
                  64 9 63 -1 
                  65 8 64 -1 
                  66 7 65 -1 
                  67 6 66 -1 
                  68 5 67 -1 
                  69 4 68 -1 
                  70 3 69 -1 
                  71 2 70 -1 
                  72 1 71 -1 
                  73 0 72 -1 
                  76 74 75 -1 
                  77 74 76 -1 
                  78 74 77 -1 
                  79 74 78 -1 
                  80 74 79 -1 
                  81 74 80 -1 
                  82 74 81 -1 
                  83 74 82 -1 
                  84 74 83 -1 
                  85 74 84 -1 
                  86 74 85 -1 
                  87 74 86 -1 
                  88 74 87 -1 
                  89 74 88 -1 
                  90 74 89 -1 
                  91 74 90 -1 
                  92 74 91 -1 
                  93 74 92 -1 
                  94 74 93 -1 
                  95 74 94 -1 
                  96 74 95 -1 
                  97 74 96 -1 
                  98 74 97 -1 
                  99 74 98 -1 
                  100 74 99 -1 
                  101 74 100 -1 
                  102 74 101 -1 
                  103 74 102 -1 
                  104 74 103 -1 
                  105 74 104 -1 
                  106 74 105 -1 
                  107 74 106 -1 
                  108 74 107 -1 
                  109 74 108 -1 
                  112 111 110 -1 
                  113 112 110 -1 
                  114 113 110 -1 
                  115 114 110 -1 
                  116 115 110 -1 
                  117 116 110 -1 
                  118 117 110 -1 
                  119 118 110 -1 
                  120 119 110 -1 
                  121 120 110 -1 
                  122 121 110 -1 
                  123 122 110 -1 
                  124 123 110 -1 
                  125 124 110 -1 
                  126 125 110 -1 
                  127 126 110 -1 
                  128 127 110 -1 
                  129 128 110 -1 
                  130 129 110 -1 
                  131 130 110 -1 
                  132 131 110 -1 
                  133 132 110 -1 
                  134 133 110 -1 
                  135 134 110 -1 
                  136 135 110 -1 
                  137 136 110 -1 
                  138 137 110 -1 
                  139 138 110 -1 
                  140 139 110 -1 
                  141 140 110 -1 
                  142 141 110 -1 
                  143 142 110 -1 
                  144 143 110 -1 
                  145 144 110 -1 
                ]
              }
            }
            DEF Leads_2 Shape {
              appearance DEF __15 Appearance {
                material DEF __16 Material {
                  ambientIntensity 0.260947436094
                  diffuseColor 0.73400002718 0.773000001907 0.79699999094
                  shininess 0
                }
              }
              geometry DEF __17 IndexedFaceSet {
                solid FALSE
                coord Coordinate {
                  point [
                    0.002865 -7.96020419446e-20 0.0001,
                    0.002865 -7.96020419446e-20 -0.005,
                    0.00286006251973 5.64356577418e-05 0.0001,
                    0.00284540010176 0.000111156546581 0.0001,
                    0.00282145825623 0.0001625 0.0001,
                    0.00278896444401 0.000208905973148 0.0001,
                    0.00274890597315 0.000248964444014 0.0001,
                    0.0027025 0.00028145825623 0.0001,
                    0.00265115654658 0.000305400101755 0.0001,
                    0.00259643565774 0.000320062519729 0.0001,
                    0.00254 0.000325 0.0001,
                    0.00248356434226 0.000320062519729 0.0001,
                    0.00242884345342 0.000305400101755 0.0001,
                    0.0023775 0.00028145825623 0.0001,
                    0.00233109402685 0.000248964444014 0.0001,
                    0.00229103555599 0.000208905973148 0.0001,
                    0.00225854174377 0.0001625 0.0001,
                    0.00223459989824 0.000111156546581 0.0001,
                    0.00221993748027 5.64356577418e-05 0.0001,
                    0.002215 4.72788000576e-19 0.0001,
                    0.00221993748027 -5.64356577418e-05 0.0001,
                    0.00223459989824 -0.000111156546581 0.0001,
                    0.00225854174377 -0.0001625 0.0001,
                    0.00229103555599 -0.000208905973148 0.0001,
                    0.00233109402685 -0.000248964444014 0.0001,
                    0.0023775 -0.00028145825623 0.0001,
                    0.00242884345342 -0.000305400101755 0.0001,
                    0.00248356434226 -0.000320062519729 0.0001,
                    0.00254 -0.000325 0.0001,
                    0.00259643565774 -0.000320062519729 0.0001,
                    0.00265115654658 -0.000305400101755 0.0001,
                    0.0027025 -0.00028145825623 0.0001,
                    0.00274890597315 -0.000248964444014 0.0001,
                    0.00278896444401 -0.000208905973148 0.0001,
                    0.00282145825623 -0.0001625 0.0001,
                    0.00284540010176 -0.000111156546581 0.0001,
                    0.00286006251973 -5.64356577418e-05 0.0001,
                    0.00286006251973 5.64356577418e-05 -0.005,
                    0.00284540010176 0.000111156546581 -0.005,
                    0.00282145825623 0.0001625 -0.005,
                    0.00278896444401 0.000208905973148 -0.005,
                    0.00274890597315 0.000248964444014 -0.005,
                    0.0027025 0.00028145825623 -0.005,
                    0.00265115654658 0.000305400101755 -0.005,
                    0.00259643565774 0.000320062519729 -0.005,
                    0.00254 0.000325 -0.005,
                    0.00248356434226 0.000320062519729 -0.005,
                    0.00242884345342 0.000305400101755 -0.005,
                    0.0023775 0.00028145825623 -0.005,
                    0.00233109402685 0.000248964444014 -0.005,
                    0.00229103555599 0.000208905973148 -0.005,
                    0.00225854174377 0.0001625 -0.005,
                    0.00223459989824 0.000111156546581 -0.005,
                    0.00221993748027 5.64356577418e-05 -0.005,
                    0.002215 4.72788000576e-19 -0.005,
                    0.00221993748027 -5.64356577418e-05 -0.005,
                    0.00223459989824 -0.000111156546581 -0.005,
                    0.00225854174377 -0.0001625 -0.005,
                    0.00229103555599 -0.000208905973148 -0.005,
                    0.00233109402685 -0.000248964444014 -0.005,
                    0.0023775 -0.00028145825623 -0.005,
                    0.00242884345342 -0.000305400101755 -0.005,
                    0.00248356434226 -0.000320062519729 -0.005,
                    0.00254 -0.000325 -0.005,
                    0.00259643565774 -0.000320062519729 -0.005,
                    0.00265115654658 -0.000305400101755 -0.005,
                    0.0027025 -0.00028145825623 -0.005,
                    0.00274890597315 -0.000248964444014 -0.005,
                    0.00278896444401 -0.000208905973148 -0.005,
                    0.00282145825623 -0.0001625 -0.005,
                    0.00284540010176 -0.000111156546581 -0.005,
                    0.00286006251973 -5.64356577418e-05 -0.005

                  ]
                }
                normal Normal {
                  vector [
                    1 -2.4492937e-16 0,
                    0.98480773 -0.17364818 0,
                    0.93969262 -0.34202015 0,
                    0.86602539 -0.5 0,
                    0.76604444 -0.64278764 0,
                    0.64278764 -0.76604444 0,
                    0.5 -0.86602539 0,
                    0.34202015 -0.93969262 0,
                    0.17364818 -0.98480773 0,
                    -2.6645353e-15 -1 0,
                    -0.17364818 -0.98480773 0,
                    -0.34202015 -0.93969262 0,
                    -0.5 -0.86602539 0,
                    -0.64278764 -0.76604444 0,
                    -0.76604444 -0.64278764 0,
                    -0.86602539 -0.5 0,
                    -0.93969262 -0.34202015 0,
                    -0.98480773 -0.17364818 0,
                    -1 1.4547323e-15 0,
                    -0.98480773 0.17364818 0,
                    -0.93969262 0.34202015 0,
                    -0.86602539 0.5 0,
                    -0.76604444 0.64278764 0,
                    -0.64278764 0.76604444 0,
                    -0.5 0.86602539 0,
                    -0.34202015 0.93969262 0,
                    -0.17364818 0.98480773 0,
                    0 1 0,
                    0.17364818 0.98480773 0,
                    0.34202015 0.93969262 0,
                    0.5 0.86602539 0,
                    0.64278764 0.76604444 0,
                    0.76604444 0.64278764 0,
                    0.86602539 0.5 0,
                    0.93969262 0.34202015 0,
                    0.98480773 0.17364818 0,
                    1 0 0,
                    1 0 0,
                    0.98480773 0.17364818 0,
                    0.93969262 0.34202015 0,
                    0.86602539 0.5 0,
                    0.76604444 0.64278764 0,
                    0.64278764 0.76604444 0,
                    0.5 0.86602539 0,
                    0.34202015 0.93969262 0,
                    0.17364818 0.98480773 0,
                    0 1 0,
                    -0.17364818 0.98480773 0,
                    -0.34202015 0.93969262 0,
                    -0.5 0.86602539 0,
                    -0.64278764 0.76604444 0,
                    -0.76604444 0.64278764 0,
                    -0.86602539 0.5 0,
                    -0.93969262 0.34202015 0,
                    -0.98480773 0.17364818 0,
                    -1 1.4547323e-15 0,
                    -0.98480773 -0.17364818 0,
                    -0.93969262 -0.34202015 0,
                    -0.86602539 -0.5 0,
                    -0.76604444 -0.64278764 0,
                    -0.64278764 -0.76604444 0,
                    -0.5 -0.86602539 0,
                    -0.34202015 -0.93969262 0,
                    -0.17364818 -0.98480773 0,
                    -2.6645353e-15 -1 0,
                    0.17364818 -0.98480773 0,
                    0.34202015 -0.93969262 0,
                    0.5 -0.86602539 0,
                    0.64278764 -0.76604444 0,
                    0.76604444 -0.64278764 0,
                    0.86602539 -0.5 0,
                    0.93969262 -0.34202015 0,
                    0.98480773 -0.17364818 0,
                    1 -2.4492937e-16 0,
                    0 0 1,
                    0 0 1,
                    0 0 1,
                    0 0 1,
                    0 0 1,
                    0 0 1,
                    0 0 1,
                    0 0 1,
                    0 0 1,
                    0 0 1,
                    0 0 1,
                    0 0 1,
                    0 0 1,
                    0 0 1,
                    0 0 1,
                    0 0 1,
                    0 0 1,
                    0 0 1,
                    0 0 1,
                    0 0 1,
                    0 0 1,
                    0 0 1,
                    0 0 1,
                    0 0 1,
                    0 0 1,
                    0 0 1,
                    0 0 1,
                    0 0 1,
                    0 0 1,
                    0 0 1,
                    0 0 1,
                    0 0 1,
                    0 0 1,
                    0 0 1,
                    0 0 1,
                    0 0 1,
                    -0 -0 -1,
                    -0 -0 -1,
                    -0 -0 -1,
                    -0 -0 -1,
                    -0 -0 -1,
                    -0 -0 -1,
                    -0 -0 -1,
                    -0 -0 -1,
                    -0 -0 -1,
                    -0 -0 -1,
                    -0 -0 -1,
                    -0 -0 -1,
                    -0 -0 -1,
                    -0 -0 -1,
                    -0 -0 -1,
                    -0 -0 -1,
                    -0 -0 -1,
                    -0 -0 -1,
                    -0 -0 -1,
                    -0 -0 -1,
                    -0 -0 -1,
                    -0 -0 -1,
                    -0 -0 -1,
                    -0 -0 -1,
                    -0 -0 -1,
                    -0 -0 -1,
                    -0 -0 -1,
                    -0 -0 -1,
                    -0 -0 -1,
                    -0 -0 -1,
                    -0 -0 -1,
                    -0 -0 -1,
                    -0 -0 -1,
                    -0 -0 -1,
                    -0 -0 -1,
                    -0 -0 -1

                  ]
                }
                coordIndex [
                  71 0 36 -1 
                  70 36 35 -1 
                  69 35 34 -1 
                  68 34 33 -1 
                  67 33 32 -1 
                  29 64 30 -1 
                  28 63 29 -1 
                  27 62 28 -1 
                  26 61 27 -1 
                  25 60 26 -1 
                  24 59 25 -1 
                  23 58 24 -1 
                  22 57 23 -1 
                  21 56 22 -1 
                  20 55 21 -1 
                  19 54 20 -1 
                  18 53 19 -1 
                  17 52 18 -1 
                  16 51 17 -1 
                  15 50 16 -1 
                  14 49 15 -1 
                  13 48 14 -1 
                  12 47 13 -1 
                  11 46 12 -1 
                  10 45 11 -1 
                  9 44 10 -1 
                  8 43 9 -1 
                  7 42 8 -1 
                  6 41 7 -1 
                  5 40 6 -1 
                  4 39 5 -1 
                  3 38 4 -1 
                  2 37 3 -1 
                  0 1 2 -1 
                  66 32 31 -1 
                  65 31 30 -1 
                  37 2 1 -1 
                  38 3 37 -1 
                  39 4 38 -1 
                  40 5 39 -1 
                  41 6 40 -1 
                  42 7 41 -1 
                  43 8 42 -1 
                  44 9 43 -1 
                  45 10 44 -1 
                  46 11 45 -1 
                  47 12 46 -1 
                  48 13 47 -1 
                  49 14 48 -1 
                  50 15 49 -1 
                  51 16 50 -1 
                  52 17 51 -1 
                  53 18 52 -1 
                  54 19 53 -1 
                  55 20 54 -1 
                  56 21 55 -1 
                  57 22 56 -1 
                  58 23 57 -1 
                  59 24 58 -1 
                  60 25 59 -1 
                  61 26 60 -1 
                  62 27 61 -1 
                  63 28 62 -1 
                  64 29 63 -1 
                  65 30 64 -1 
                  66 31 65 -1 
                  67 32 66 -1 
                  68 33 67 -1 
                  69 34 68 -1 
                  70 35 69 -1 
                  71 36 70 -1 
                  1 0 71 -1 
                  3 0 2 -1 
                  4 0 3 -1 
                  5 0 4 -1 
                  6 0 5 -1 
                  7 0 6 -1 
                  8 0 7 -1 
                  9 0 8 -1 
                  10 0 9 -1 
                  11 0 10 -1 
                  12 0 11 -1 
                  13 0 12 -1 
                  14 0 13 -1 
                  15 0 14 -1 
                  16 0 15 -1 
                  17 0 16 -1 
                  18 0 17 -1 
                  19 0 18 -1 
                  20 0 19 -1 
                  21 0 20 -1 
                  22 0 21 -1 
                  23 0 22 -1 
                  24 0 23 -1 
                  25 0 24 -1 
                  26 0 25 -1 
                  27 0 26 -1 
                  28 0 27 -1 
                  29 0 28 -1 
                  30 0 29 -1 
                  31 0 30 -1 
                  32 0 31 -1 
                  33 0 32 -1 
                  34 0 33 -1 
                  35 0 34 -1 
                  36 0 35 -1 
                  38 37 1 -1 
                  39 38 1 -1 
                  40 39 1 -1 
                  41 40 1 -1 
                  42 41 1 -1 
                  43 42 1 -1 
                  44 43 1 -1 
                  45 44 1 -1 
                  46 45 1 -1 
                  47 46 1 -1 
                  48 47 1 -1 
                  49 48 1 -1 
                  50 49 1 -1 
                  51 50 1 -1 
                  52 51 1 -1 
                  53 52 1 -1 
                  54 53 1 -1 
                  55 54 1 -1 
                  56 55 1 -1 
                  57 56 1 -1 
                  58 57 1 -1 
                  59 58 1 -1 
                  60 59 1 -1 
                  61 60 1 -1 
                  62 61 1 -1 
                  63 62 1 -1 
                  64 63 1 -1 
                  65 64 1 -1 
                  66 65 1 -1 
                  67 66 1 -1 
                  68 67 1 -1 
                  69 68 1 -1 
                  70 69 1 -1 
                  71 70 1 -1 
                ]
                normalIndex [
                  72 0 1 -1 
                  71 1 2 -1 
                  70 2 3 -1 
                  69 3 4 -1 
                  68 4 5 -1 
                  8 65 7 -1 
                  9 64 8 -1 
                  10 63 9 -1 
                  11 62 10 -1 
                  12 61 11 -1 
                  13 60 12 -1 
                  14 59 13 -1 
                  15 58 14 -1 
                  16 57 15 -1 
                  17 56 16 -1 
                  18 55 17 -1 
                  19 54 18 -1 
                  20 53 19 -1 
                  21 52 20 -1 
                  22 51 21 -1 
                  23 50 22 -1 
                  24 49 23 -1 
                  25 48 24 -1 
                  26 47 25 -1 
                  27 46 26 -1 
                  28 45 27 -1 
                  29 44 28 -1 
                  30 43 29 -1 
                  31 42 30 -1 
                  32 41 31 -1 
                  33 40 32 -1 
                  34 39 33 -1 
                  35 38 34 -1 
                  36 37 35 -1 
                  67 5 6 -1 
                  66 6 7 -1 
                  38 35 37 -1 
                  39 34 38 -1 
                  40 33 39 -1 
                  41 32 40 -1 
                  42 31 41 -1 
                  43 30 42 -1 
                  44 29 43 -1 
                  45 28 44 -1 
                  46 27 45 -1 
                  47 26 46 -1 
                  48 25 47 -1 
                  49 24 48 -1 
                  50 23 49 -1 
                  51 22 50 -1 
                  52 21 51 -1 
                  53 20 52 -1 
                  54 19 53 -1 
                  55 18 54 -1 
                  56 17 55 -1 
                  57 16 56 -1 
                  58 15 57 -1 
                  59 14 58 -1 
                  60 13 59 -1 
                  61 12 60 -1 
                  62 11 61 -1 
                  63 10 62 -1 
                  64 9 63 -1 
                  65 8 64 -1 
                  66 7 65 -1 
                  67 6 66 -1 
                  68 5 67 -1 
                  69 4 68 -1 
                  70 3 69 -1 
                  71 2 70 -1 
                  72 1 71 -1 
                  73 0 72 -1 
                  76 74 75 -1 
                  77 74 76 -1 
                  78 74 77 -1 
                  79 74 78 -1 
                  80 74 79 -1 
                  81 74 80 -1 
                  82 74 81 -1 
                  83 74 82 -1 
                  84 74 83 -1 
                  85 74 84 -1 
                  86 74 85 -1 
                  87 74 86 -1 
                  88 74 87 -1 
                  89 74 88 -1 
                  90 74 89 -1 
                  91 74 90 -1 
                  92 74 91 -1 
                  93 74 92 -1 
                  94 74 93 -1 
                  95 74 94 -1 
                  96 74 95 -1 
                  97 74 96 -1 
                  98 74 97 -1 
                  99 74 98 -1 
                  100 74 99 -1 
                  101 74 100 -1 
                  102 74 101 -1 
                  103 74 102 -1 
                  104 74 103 -1 
                  105 74 104 -1 
                  106 74 105 -1 
                  107 74 106 -1 
                  108 74 107 -1 
                  109 74 108 -1 
                  112 111 110 -1 
                  113 112 110 -1 
                  114 113 110 -1 
                  115 114 110 -1 
                  116 115 110 -1 
                  117 116 110 -1 
                  118 117 110 -1 
                  119 118 110 -1 
                  120 119 110 -1 
                  121 120 110 -1 
                  122 121 110 -1 
                  123 122 110 -1 
                  124 123 110 -1 
                  125 124 110 -1 
                  126 125 110 -1 
                  127 126 110 -1 
                  128 127 110 -1 
                  129 128 110 -1 
                  130 129 110 -1 
                  131 130 110 -1 
                  132 131 110 -1 
                  133 132 110 -1 
                  134 133 110 -1 
                  135 134 110 -1 
                  136 135 110 -1 
                  137 136 110 -1 
                  138 137 110 -1 
                  139 138 110 -1 
                  140 139 110 -1 
                  141 140 110 -1 
                  142 141 110 -1 
                  143 142 110 -1 
                  144 143 110 -1 
                  145 144 110 -1 
                ]
              }
            }
            DEF Leads_3 Shape {
              appearance DEF __19 Appearance {
                material DEF __20 Material {
                  ambientIntensity 0.260947436094
                  diffuseColor 0.73400002718 0.773000001907 0.79699999094
                  shininess 0
                }
              }
              geometry DEF __21 IndexedFaceSet {
                solid FALSE
                coord Coordinate {
                  point [
                    0.000325 0.00762 0.0001,
                    0.000325 0.00762 -0.005,
                    0.000320062519729 0.00767643565774 0.0001,
                    0.000305400101755 0.00773115654658 0.0001,
                    0.00028145825623 0.0077825 0.0001,
                    0.000248964444014 0.00782890597315 0.0001,
                    0.000208905973148 0.00786896444401 0.0001,
                    0.0001625 0.00790145825623 0.0001,
                    0.000111156546581 0.00792540010176 0.0001,
                    5.64356577418e-05 0.00794006251973 0.0001,
                    1.99005104861e-20 0.007945 0.0001,
                    -5.64356577418e-05 0.00794006251973 0.0001,
                    -0.000111156546581 0.00792540010176 0.0001,
                    -0.0001625 0.00790145825623 0.0001,
                    -0.000208905973148 0.00786896444401 0.0001,
                    -0.000248964444014 0.00782890597315 0.0001,
                    -0.00028145825623 0.0077825 0.0001,
                    -0.000305400101755 0.00773115654658 0.0001,
                    -0.000320062519729 0.00767643565774 0.0001,
                    -0.000325 0.00762 0.0001,
                    -0.000320062519729 0.00756356434226 0.0001,
                    -0.000305400101755 0.00750884345342 0.0001,
                    -0.00028145825623 0.0074575 0.0001,
                    -0.000248964444014 0.00741109402685 0.0001,
                    -0.000208905973148 0.00737103555599 0.0001,
                    -0.0001625 0.00733854174377 0.0001,
                    -0.000111156546581 0.00731459989824 0.0001,
                    -5.64356577418e-05 0.00729993748027 0.0001,
                    -9.25675490666e-19 0.007295 0.0001,
                    5.64356577418e-05 0.00729993748027 0.0001,
                    0.000111156546581 0.00731459989824 0.0001,
                    0.0001625 0.00733854174377 0.0001,
                    0.000208905973148 0.00737103555599 0.0001,
                    0.000248964444014 0.00741109402685 0.0001,
                    0.00028145825623 0.0074575 0.0001,
                    0.000305400101755 0.00750884345342 0.0001,
                    0.000320062519729 0.00756356434226 0.0001,
                    0.000320062519729 0.00767643565774 -0.005,
                    0.000305400101755 0.00773115654658 -0.005,
                    0.00028145825623 0.0077825 -0.005,
                    0.000248964444014 0.00782890597315 -0.005,
                    0.000208905973148 0.00786896444401 -0.005,
                    0.0001625 0.00790145825623 -0.005,
                    0.000111156546581 0.00792540010176 -0.005,
                    5.64356577418e-05 0.00794006251973 -0.005,
                    1.99005104861e-20 0.007945 -0.005,
                    -5.64356577418e-05 0.00794006251973 -0.005,
                    -0.000111156546581 0.00792540010176 -0.005,
                    -0.0001625 0.00790145825623 -0.005,
                    -0.000208905973148 0.00786896444401 -0.005,
                    -0.000248964444014 0.00782890597315 -0.005,
                    -0.00028145825623 0.0077825 -0.005,
                    -0.000305400101755 0.00773115654658 -0.005,
                    -0.000320062519729 0.00767643565774 -0.005,
                    -0.000325 0.00762 -0.005,
                    -0.000320062519729 0.00756356434226 -0.005,
                    -0.000305400101755 0.00750884345342 -0.005,
                    -0.00028145825623 0.0074575 -0.005,
                    -0.000248964444014 0.00741109402685 -0.005,
                    -0.000208905973148 0.00737103555599 -0.005,
                    -0.0001625 0.00733854174377 -0.005,
                    -0.000111156546581 0.00731459989824 -0.005,
                    -5.64356577418e-05 0.00729993748027 -0.005,
                    -9.25675490666e-19 0.007295 -0.005,
                    5.64356577418e-05 0.00729993748027 -0.005,
                    0.000111156546581 0.00731459989824 -0.005,
                    0.0001625 0.00733854174377 -0.005,
                    0.000208905973148 0.00737103555599 -0.005,
                    0.000248964444014 0.00741109402685 -0.005,
                    0.00028145825623 0.0074575 -0.005,
                    0.000305400101755 0.00750884345342 -0.005,
                    0.000320062519729 0.00756356434226 -0.005

                  ]
                }
                normal Normal {
                  vector [
                    1 0 0,
                    0.98480773 -0.17364818 0,
                    0.93969262 -0.34202015 0,
                    0.86602539 -0.5 0,
                    0.76604444 -0.64278764 0,
                    0.64278764 -0.76604444 0,
                    0.5 -0.86602539 0,
                    0.34202015 -0.93969262 0,
                    0.17364818 -0.98480773 0,
                    -2.8482324e-15 -1 0,
                    -0.17364818 -0.98480773 0,
                    -0.34202015 -0.93969262 0,
                    -0.5 -0.86602539 0,
                    -0.64278764 -0.76604444 0,
                    -0.76604444 -0.64278764 0,
                    -0.86602539 -0.5 0,
                    -0.93969262 -0.34202015 0,
                    -0.98480773 -0.17364818 0,
                    -1 1.7763568e-15 0,
                    -0.98480773 0.17364818 0,
                    -0.93969262 0.34202015 0,
                    -0.86602539 0.5 0,
                    -0.76604444 0.64278764 0,
                    -0.64278764 0.76604444 0,
                    -0.5 0.86602539 0,
                    -0.34202015 0.93969262 0,
                    -0.17364818 0.98480773 0,
                    6.1232343e-17 1 0,
                    0.17364818 0.98480773 0,
                    0.34202015 0.93969262 0,
                    0.5 0.86602539 0,
                    0.64278764 0.76604444 0,
                    0.76604444 0.64278764 0,
                    0.86602539 0.5 0,
                    0.93969262 0.34202015 0,
                    0.98480773 0.17364818 0,
                    1 0 0,
                    1 0 0,
                    0.98480773 0.17364818 0,
                    0.93969262 0.34202015 0,
                    0.86602539 0.5 0,
                    0.76604444 0.64278764 0,
                    0.64278764 0.76604444 0,
                    0.5 0.86602539 0,
                    0.34202015 0.93969262 0,
                    0.17364818 0.98480773 0,
                    6.1232343e-17 1 0,
                    -0.17364818 0.98480773 0,
                    -0.34202015 0.93969262 0,
                    -0.5 0.86602539 0,
                    -0.64278764 0.76604444 0,
                    -0.76604444 0.64278764 0,
                    -0.86602539 0.5 0,
                    -0.93969262 0.34202015 0,
                    -0.98480773 0.17364818 0,
                    -1 1.7763568e-15 0,
                    -0.98480773 -0.17364818 0,
                    -0.93969262 -0.34202015 0,
                    -0.86602539 -0.5 0,
                    -0.76604444 -0.64278764 0,
                    -0.64278764 -0.76604444 0,
                    -0.5 -0.86602539 0,
                    -0.34202015 -0.93969262 0,
                    -0.17364818 -0.98480773 0,
                    -2.8482324e-15 -1 0,
                    0.17364818 -0.98480773 0,
                    0.34202015 -0.93969262 0,
                    0.5 -0.86602539 0,
                    0.64278764 -0.76604444 0,
                    0.76604444 -0.64278764 0,
                    0.86602539 -0.5 0,
                    0.93969262 -0.34202015 0,
                    0.98480773 -0.17364818 0,
                    1 0 0,
                    0 0 1,
                    0 0 1,
                    0 0 1,
                    0 0 1,
                    0 0 1,
                    0 0 1,
                    0 0 1,
                    0 0 1,
                    0 0 1,
                    0 0 1,
                    0 0 1,
                    0 0 1,
                    0 0 1,
                    0 0 1,
                    0 0 1,
                    0 0 1,
                    0 0 1,
                    0 0 1,
                    0 0 1,
                    0 0 1,
                    0 0 1,
                    0 0 1,
                    0 0 1,
                    0 0 1,
                    0 0 1,
                    0 0 1,
                    0 0 1,
                    0 0 1,
                    0 0 1,
                    0 0 1,
                    0 0 1,
                    0 0 1,
                    0 0 1,
                    0 0 1,
                    0 0 1,
                    0 0 1,
                    -0 -0 -1,
                    -0 -0 -1,
                    -0 -0 -1,
                    -0 -0 -1,
                    -0 -0 -1,
                    -0 -0 -1,
                    -0 -0 -1,
                    -0 -0 -1,
                    -0 -0 -1,
                    -0 -0 -1,
                    -0 -0 -1,
                    -0 -0 -1,
                    -0 -0 -1,
                    -0 -0 -1,
                    -0 -0 -1,
                    -0 -0 -1,
                    -0 -0 -1,
                    -0 -0 -1,
                    -0 -0 -1,
                    -0 -0 -1,
                    -0 -0 -1,
                    -0 -0 -1,
                    -0 -0 -1,
                    -0 -0 -1,
                    -0 -0 -1,
                    -0 -0 -1,
                    -0 -0 -1,
                    -0 -0 -1,
                    -0 -0 -1,
                    -0 -0 -1,
                    -0 -0 -1,
                    -0 -0 -1,
                    -0 -0 -1,
                    -0 -0 -1,
                    -0 -0 -1,
                    -0 -0 -1

                  ]
                }
                coordIndex [
                  71 0 36 -1 
                  70 36 35 -1 
                  69 35 34 -1 
                  68 34 33 -1 
                  67 33 32 -1 
                  29 64 30 -1 
                  28 63 29 -1 
                  27 62 28 -1 
                  26 61 27 -1 
                  25 60 26 -1 
                  24 59 25 -1 
                  23 58 24 -1 
                  22 57 23 -1 
                  21 56 22 -1 
                  20 55 21 -1 
                  19 54 20 -1 
                  18 53 19 -1 
                  17 52 18 -1 
                  16 51 17 -1 
                  15 50 16 -1 
                  14 49 15 -1 
                  13 48 14 -1 
                  12 47 13 -1 
                  11 46 12 -1 
                  10 45 11 -1 
                  9 44 10 -1 
                  8 43 9 -1 
                  7 42 8 -1 
                  6 41 7 -1 
                  5 40 6 -1 
                  4 39 5 -1 
                  3 38 4 -1 
                  2 37 3 -1 
                  0 1 2 -1 
                  66 32 31 -1 
                  65 31 30 -1 
                  37 2 1 -1 
                  38 3 37 -1 
                  39 4 38 -1 
                  40 5 39 -1 
                  41 6 40 -1 
                  42 7 41 -1 
                  43 8 42 -1 
                  44 9 43 -1 
                  45 10 44 -1 
                  46 11 45 -1 
                  47 12 46 -1 
                  48 13 47 -1 
                  49 14 48 -1 
                  50 15 49 -1 
                  51 16 50 -1 
                  52 17 51 -1 
                  53 18 52 -1 
                  54 19 53 -1 
                  55 20 54 -1 
                  56 21 55 -1 
                  57 22 56 -1 
                  58 23 57 -1 
                  59 24 58 -1 
                  60 25 59 -1 
                  61 26 60 -1 
                  62 27 61 -1 
                  63 28 62 -1 
                  64 29 63 -1 
                  65 30 64 -1 
                  66 31 65 -1 
                  67 32 66 -1 
                  68 33 67 -1 
                  69 34 68 -1 
                  70 35 69 -1 
                  71 36 70 -1 
                  1 0 71 -1 
                  3 0 2 -1 
                  4 0 3 -1 
                  5 0 4 -1 
                  6 0 5 -1 
                  7 0 6 -1 
                  8 0 7 -1 
                  9 0 8 -1 
                  10 0 9 -1 
                  11 0 10 -1 
                  12 0 11 -1 
                  13 0 12 -1 
                  14 0 13 -1 
                  15 0 14 -1 
                  16 0 15 -1 
                  17 0 16 -1 
                  18 0 17 -1 
                  19 0 18 -1 
                  20 0 19 -1 
                  21 0 20 -1 
                  22 0 21 -1 
                  23 0 22 -1 
                  24 0 23 -1 
                  25 0 24 -1 
                  26 0 25 -1 
                  27 0 26 -1 
                  28 0 27 -1 
                  29 0 28 -1 
                  30 0 29 -1 
                  31 0 30 -1 
                  32 0 31 -1 
                  33 0 32 -1 
                  34 0 33 -1 
                  35 0 34 -1 
                  36 0 35 -1 
                  38 37 1 -1 
                  39 38 1 -1 
                  40 39 1 -1 
                  41 40 1 -1 
                  42 41 1 -1 
                  43 42 1 -1 
                  44 43 1 -1 
                  45 44 1 -1 
                  46 45 1 -1 
                  47 46 1 -1 
                  48 47 1 -1 
                  49 48 1 -1 
                  50 49 1 -1 
                  51 50 1 -1 
                  52 51 1 -1 
                  53 52 1 -1 
                  54 53 1 -1 
                  55 54 1 -1 
                  56 55 1 -1 
                  57 56 1 -1 
                  58 57 1 -1 
                  59 58 1 -1 
                  60 59 1 -1 
                  61 60 1 -1 
                  62 61 1 -1 
                  63 62 1 -1 
                  64 63 1 -1 
                  65 64 1 -1 
                  66 65 1 -1 
                  67 66 1 -1 
                  68 67 1 -1 
                  69 68 1 -1 
                  70 69 1 -1 
                  71 70 1 -1 
                ]
                normalIndex [
                  72 0 1 -1 
                  71 1 2 -1 
                  70 2 3 -1 
                  69 3 4 -1 
                  68 4 5 -1 
                  8 65 7 -1 
                  9 64 8 -1 
                  10 63 9 -1 
                  11 62 10 -1 
                  12 61 11 -1 
                  13 60 12 -1 
                  14 59 13 -1 
                  15 58 14 -1 
                  16 57 15 -1 
                  17 56 16 -1 
                  18 55 17 -1 
                  19 54 18 -1 
                  20 53 19 -1 
                  21 52 20 -1 
                  22 51 21 -1 
                  23 50 22 -1 
                  24 49 23 -1 
                  25 48 24 -1 
                  26 47 25 -1 
                  27 46 26 -1 
                  28 45 27 -1 
                  29 44 28 -1 
                  30 43 29 -1 
                  31 42 30 -1 
                  32 41 31 -1 
                  33 40 32 -1 
                  34 39 33 -1 
                  35 38 34 -1 
                  36 37 35 -1 
                  67 5 6 -1 
                  66 6 7 -1 
                  38 35 37 -1 
                  39 34 38 -1 
                  40 33 39 -1 
                  41 32 40 -1 
                  42 31 41 -1 
                  43 30 42 -1 
                  44 29 43 -1 
                  45 28 44 -1 
                  46 27 45 -1 
                  47 26 46 -1 
                  48 25 47 -1 
                  49 24 48 -1 
                  50 23 49 -1 
                  51 22 50 -1 
                  52 21 51 -1 
                  53 20 52 -1 
                  54 19 53 -1 
                  55 18 54 -1 
                  56 17 55 -1 
                  57 16 56 -1 
                  58 15 57 -1 
                  59 14 58 -1 
                  60 13 59 -1 
                  61 12 60 -1 
                  62 11 61 -1 
                  63 10 62 -1 
                  64 9 63 -1 
                  65 8 64 -1 
                  66 7 65 -1 
                  67 6 66 -1 
                  68 5 67 -1 
                  69 4 68 -1 
                  70 3 69 -1 
                  71 2 70 -1 
                  72 1 71 -1 
                  73 0 72 -1 
                  76 74 75 -1 
                  77 74 76 -1 
                  78 74 77 -1 
                  79 74 78 -1 
                  80 74 79 -1 
                  81 74 80 -1 
                  82 74 81 -1 
                  83 74 82 -1 
                  84 74 83 -1 
                  85 74 84 -1 
                  86 74 85 -1 
                  87 74 86 -1 
                  88 74 87 -1 
                  89 74 88 -1 
                  90 74 89 -1 
                  91 74 90 -1 
                  92 74 91 -1 
                  93 74 92 -1 
                  94 74 93 -1 
                  95 74 94 -1 
                  96 74 95 -1 
                  97 74 96 -1 
                  98 74 97 -1 
                  99 74 98 -1 
                  100 74 99 -1 
                  101 74 100 -1 
                  102 74 101 -1 
                  103 74 102 -1 
                  104 74 103 -1 
                  105 74 104 -1 
                  106 74 105 -1 
                  107 74 106 -1 
                  108 74 107 -1 
                  109 74 108 -1 
                  112 111 110 -1 
                  113 112 110 -1 
                  114 113 110 -1 
                  115 114 110 -1 
                  116 115 110 -1 
                  117 116 110 -1 
                  118 117 110 -1 
                  119 118 110 -1 
                  120 119 110 -1 
                  121 120 110 -1 
                  122 121 110 -1 
                  123 122 110 -1 
                  124 123 110 -1 
                  125 124 110 -1 
                  126 125 110 -1 
                  127 126 110 -1 
                  128 127 110 -1 
                  129 128 110 -1 
                  130 129 110 -1 
                  131 130 110 -1 
                  132 131 110 -1 
                  133 132 110 -1 
                  134 133 110 -1 
                  135 134 110 -1 
                  136 135 110 -1 
                  137 136 110 -1 
                  138 137 110 -1 
                  139 138 110 -1 
                  140 139 110 -1 
                  141 140 110 -1 
                  142 141 110 -1 
                  143 142 110 -1 
                  144 143 110 -1 
                  145 144 110 -1 
                ]
              }
            }
            DEF Leads_4 Shape {
              appearance DEF __23 Appearance {
                material DEF __24 Material {
                  ambientIntensity 0.260947436094
                  diffuseColor 0.73400002718 0.773000001907 0.79699999094
                  shininess 0
                }
              }
              geometry DEF __25 IndexedFaceSet {
                solid FALSE
                coord Coordinate {
                  point [
                    0.002865 0.00762 0.0001,
                    0.002865 0.00762 -0.005,
                    0.00286006251973 0.00767643565774 0.0001,
                    0.00284540010176 0.00773115654658 0.0001,
                    0.00282145825623 0.0077825 0.0001,
                    0.00278896444401 0.00782890597315 0.0001,
                    0.00274890597315 0.00786896444401 0.0001,
                    0.0027025 0.00790145825623 0.0001,
                    0.00265115654658 0.00792540010176 0.0001,
                    0.00259643565774 0.00794006251973 0.0001,
                    0.00254 0.007945 0.0001,
                    0.00248356434226 0.00794006251973 0.0001,
                    0.00242884345342 0.00792540010176 0.0001,
                    0.0023775 0.00790145825623 0.0001,
                    0.00233109402685 0.00786896444401 0.0001,
                    0.00229103555599 0.00782890597315 0.0001,
                    0.00225854174377 0.0077825 0.0001,
                    0.00223459989824 0.00773115654658 0.0001,
                    0.00221993748027 0.00767643565774 0.0001,
                    0.002215 0.00762 0.0001,
                    0.00221993748027 0.00756356434226 0.0001,
                    0.00223459989824 0.00750884345342 0.0001,
                    0.00225854174377 0.0074575 0.0001,
                    0.00229103555599 0.00741109402685 0.0001,
                    0.00233109402685 0.00737103555599 0.0001,
                    0.0023775 0.00733854174377 0.0001,
                    0.00242884345342 0.00731459989824 0.0001,
                    0.00248356434226 0.00729993748027 0.0001,
                    0.00254 0.007295 0.0001,
                    0.00259643565774 0.00729993748027 0.0001,
                    0.00265115654658 0.00731459989824 0.0001,
                    0.0027025 0.00733854174377 0.0001,
                    0.00274890597315 0.00737103555599 0.0001,
                    0.00278896444401 0.00741109402685 0.0001,
                    0.00282145825623 0.0074575 0.0001,
                    0.00284540010176 0.00750884345342 0.0001,
                    0.00286006251973 0.00756356434226 0.0001,
                    0.00286006251973 0.00767643565774 -0.005,
                    0.00284540010176 0.00773115654658 -0.005,
                    0.00282145825623 0.0077825 -0.005,
                    0.00278896444401 0.00782890597315 -0.005,
                    0.00274890597315 0.00786896444401 -0.005,
                    0.0027025 0.00790145825623 -0.005,
                    0.00265115654658 0.00792540010176 -0.005,
                    0.00259643565774 0.00794006251973 -0.005,
                    0.00254 0.007945 -0.005,
                    0.00248356434226 0.00794006251973 -0.005,
                    0.00242884345342 0.00792540010176 -0.005,
                    0.0023775 0.00790145825623 -0.005,
                    0.00233109402685 0.00786896444401 -0.005,
                    0.00229103555599 0.00782890597315 -0.005,
                    0.00225854174377 0.0077825 -0.005,
                    0.00223459989824 0.00773115654658 -0.005,
                    0.00221993748027 0.00767643565774 -0.005,
                    0.002215 0.00762 -0.005,
                    0.00221993748027 0.00756356434226 -0.005,
                    0.00223459989824 0.00750884345342 -0.005,
                    0.00225854174377 0.0074575 -0.005,
                    0.00229103555599 0.00741109402685 -0.005,
                    0.00233109402685 0.00737103555599 -0.005,
                    0.0023775 0.00733854174377 -0.005,
                    0.00242884345342 0.00731459989824 -0.005,
                    0.00248356434226 0.00729993748027 -0.005,
                    0.00254 0.007295 -0.005,
                    0.00259643565774 0.00729993748027 -0.005,
                    0.00265115654658 0.00731459989824 -0.005,
                    0.0027025 0.00733854174377 -0.005,
                    0.00274890597315 0.00737103555599 -0.005,
                    0.00278896444401 0.00741109402685 -0.005,
                    0.00282145825623 0.0074575 -0.005,
                    0.00284540010176 0.00750884345342 -0.005,
                    0.00286006251973 0.00756356434226 -0.005

                  ]
                }
                normal Normal {
                  vector [
                    1 0 0,
                    0.98480773 -0.17364818 0,
                    0.93969262 -0.34202015 0,
                    0.86602539 -0.5 0,
                    0.76604444 -0.64278764 0,
                    0.64278764 -0.76604444 0,
                    0.5 -0.86602539 0,
                    0.34202015 -0.93969262 0,
                    0.17364818 -0.98480773 0,
                    -2.6645353e-15 -1 0,
                    -0.17364818 -0.98480773 0,
                    -0.34202015 -0.93969262 0,
                    -0.5 -0.86602539 0,
                    -0.64278764 -0.76604444 0,
                    -0.76604444 -0.64278764 0,
                    -0.86602539 -0.5 0,
                    -0.93969262 -0.34202015 0,
                    -0.98480773 -0.17364818 0,
                    -1 1.7763568e-15 0,
                    -0.98480773 0.17364818 0,
                    -0.93969262 0.34202015 0,
                    -0.86602539 0.5 0,
                    -0.76604444 0.64278764 0,
                    -0.64278764 0.76604444 0,
                    -0.5 0.86602539 0,
                    -0.34202015 0.93969262 0,
                    -0.17364818 0.98480773 0,
                    0 1 0,
                    0.17364818 0.98480773 0,
                    0.34202015 0.93969262 0,
                    0.5 0.86602539 0,
                    0.64278764 0.76604444 0,
                    0.76604444 0.64278764 0,
                    0.86602539 0.5 0,
                    0.93969262 0.34202015 0,
                    0.98480773 0.17364818 0,
                    1 0 0,
                    1 0 0,
                    0.98480773 0.17364818 0,
                    0.93969262 0.34202015 0,
                    0.86602539 0.5 0,
                    0.76604444 0.64278764 0,
                    0.64278764 0.76604444 0,
                    0.5 0.86602539 0,
                    0.34202015 0.93969262 0,
                    0.17364818 0.98480773 0,
                    0 1 0,
                    -0.17364818 0.98480773 0,
                    -0.34202015 0.93969262 0,
                    -0.5 0.86602539 0,
                    -0.64278764 0.76604444 0,
                    -0.76604444 0.64278764 0,
                    -0.86602539 0.5 0,
                    -0.93969262 0.34202015 0,
                    -0.98480773 0.17364818 0,
                    -1 1.7763568e-15 0,
                    -0.98480773 -0.17364818 0,
                    -0.93969262 -0.34202015 0,
                    -0.86602539 -0.5 0,
                    -0.76604444 -0.64278764 0,
                    -0.64278764 -0.76604444 0,
                    -0.5 -0.86602539 0,
                    -0.34202015 -0.93969262 0,
                    -0.17364818 -0.98480773 0,
                    -2.6645353e-15 -1 0,
                    0.17364818 -0.98480773 0,
                    0.34202015 -0.93969262 0,
                    0.5 -0.86602539 0,
                    0.64278764 -0.76604444 0,
                    0.76604444 -0.64278764 0,
                    0.86602539 -0.5 0,
                    0.93969262 -0.34202015 0,
                    0.98480773 -0.17364818 0,
                    1 0 0,
                    0 0 1,
                    0 0 1,
                    0 0 1,
                    0 0 1,
                    0 0 1,
                    0 0 1,
                    0 0 1,
                    0 0 1,
                    0 0 1,
                    0 0 1,
                    0 0 1,
                    0 0 1,
                    0 0 1,
                    0 0 1,
                    0 0 1,
                    0 0 1,
                    0 0 1,
                    0 0 1,
                    0 0 1,
                    0 0 1,
                    0 0 1,
                    0 0 1,
                    0 0 1,
                    0 0 1,
                    0 0 1,
                    0 0 1,
                    0 0 1,
                    0 0 1,
                    0 0 1,
                    0 0 1,
                    0 0 1,
                    0 0 1,
                    0 0 1,
                    0 0 1,
                    0 0 1,
                    0 0 1,
                    -0 -0 -1,
                    -0 -0 -1,
                    -0 -0 -1,
                    -0 -0 -1,
                    -0 -0 -1,
                    -0 -0 -1,
                    -0 -0 -1,
                    -0 -0 -1,
                    -0 -0 -1,
                    -0 -0 -1,
                    -0 -0 -1,
                    -0 -0 -1,
                    -0 -0 -1,
                    -0 -0 -1,
                    -0 -0 -1,
                    -0 -0 -1,
                    -0 -0 -1,
                    -0 -0 -1,
                    -0 -0 -1,
                    -0 -0 -1,
                    -0 -0 -1,
                    -0 -0 -1,
                    -0 -0 -1,
                    -0 -0 -1,
                    -0 -0 -1,
                    -0 -0 -1,
                    -0 -0 -1,
                    -0 -0 -1,
                    -0 -0 -1,
                    -0 -0 -1,
                    -0 -0 -1,
                    -0 -0 -1,
                    -0 -0 -1,
                    -0 -0 -1,
                    -0 -0 -1,
                    -0 -0 -1

                  ]
                }
                coordIndex [
                  71 0 36 -1 
                  70 36 35 -1 
                  69 35 34 -1 
                  68 34 33 -1 
                  67 33 32 -1 
                  29 64 30 -1 
                  28 63 29 -1 
                  27 62 28 -1 
                  26 61 27 -1 
                  25 60 26 -1 
                  24 59 25 -1 
                  23 58 24 -1 
                  22 57 23 -1 
                  21 56 22 -1 
                  20 55 21 -1 
                  19 54 20 -1 
                  18 53 19 -1 
                  17 52 18 -1 
                  16 51 17 -1 
                  15 50 16 -1 
                  14 49 15 -1 
                  13 48 14 -1 
                  12 47 13 -1 
                  11 46 12 -1 
                  10 45 11 -1 
                  9 44 10 -1 
                  8 43 9 -1 
                  7 42 8 -1 
                  6 41 7 -1 
                  5 40 6 -1 
                  4 39 5 -1 
                  3 38 4 -1 
                  2 37 3 -1 
                  0 1 2 -1 
                  66 32 31 -1 
                  65 31 30 -1 
                  37 2 1 -1 
                  38 3 37 -1 
                  39 4 38 -1 
                  40 5 39 -1 
                  41 6 40 -1 
                  42 7 41 -1 
                  43 8 42 -1 
                  44 9 43 -1 
                  45 10 44 -1 
                  46 11 45 -1 
                  47 12 46 -1 
                  48 13 47 -1 
                  49 14 48 -1 
                  50 15 49 -1 
                  51 16 50 -1 
                  52 17 51 -1 
                  53 18 52 -1 
                  54 19 53 -1 
                  55 20 54 -1 
                  56 21 55 -1 
                  57 22 56 -1 
                  58 23 57 -1 
                  59 24 58 -1 
                  60 25 59 -1 
                  61 26 60 -1 
                  62 27 61 -1 
                  63 28 62 -1 
                  64 29 63 -1 
                  65 30 64 -1 
                  66 31 65 -1 
                  67 32 66 -1 
                  68 33 67 -1 
                  69 34 68 -1 
                  70 35 69 -1 
                  71 36 70 -1 
                  1 0 71 -1 
                  3 0 2 -1 
                  4 0 3 -1 
                  5 0 4 -1 
                  6 0 5 -1 
                  7 0 6 -1 
                  8 0 7 -1 
                  9 0 8 -1 
                  10 0 9 -1 
                  11 0 10 -1 
                  12 0 11 -1 
                  13 0 12 -1 
                  14 0 13 -1 
                  15 0 14 -1 
                  16 0 15 -1 
                  17 0 16 -1 
                  18 0 17 -1 
                  19 0 18 -1 
                  20 0 19 -1 
                  21 0 20 -1 
                  22 0 21 -1 
                  23 0 22 -1 
                  24 0 23 -1 
                  25 0 24 -1 
                  26 0 25 -1 
                  27 0 26 -1 
                  28 0 27 -1 
                  29 0 28 -1 
                  30 0 29 -1 
                  31 0 30 -1 
                  32 0 31 -1 
                  33 0 32 -1 
                  34 0 33 -1 
                  35 0 34 -1 
                  36 0 35 -1 
                  38 37 1 -1 
                  39 38 1 -1 
                  40 39 1 -1 
                  41 40 1 -1 
                  42 41 1 -1 
                  43 42 1 -1 
                  44 43 1 -1 
                  45 44 1 -1 
                  46 45 1 -1 
                  47 46 1 -1 
                  48 47 1 -1 
                  49 48 1 -1 
                  50 49 1 -1 
                  51 50 1 -1 
                  52 51 1 -1 
                  53 52 1 -1 
                  54 53 1 -1 
                  55 54 1 -1 
                  56 55 1 -1 
                  57 56 1 -1 
                  58 57 1 -1 
                  59 58 1 -1 
                  60 59 1 -1 
                  61 60 1 -1 
                  62 61 1 -1 
                  63 62 1 -1 
                  64 63 1 -1 
                  65 64 1 -1 
                  66 65 1 -1 
                  67 66 1 -1 
                  68 67 1 -1 
                  69 68 1 -1 
                  70 69 1 -1 
                  71 70 1 -1 
                ]
                normalIndex [
                  72 0 1 -1 
                  71 1 2 -1 
                  70 2 3 -1 
                  69 3 4 -1 
                  68 4 5 -1 
                  8 65 7 -1 
                  9 64 8 -1 
                  10 63 9 -1 
                  11 62 10 -1 
                  12 61 11 -1 
                  13 60 12 -1 
                  14 59 13 -1 
                  15 58 14 -1 
                  16 57 15 -1 
                  17 56 16 -1 
                  18 55 17 -1 
                  19 54 18 -1 
                  20 53 19 -1 
                  21 52 20 -1 
                  22 51 21 -1 
                  23 50 22 -1 
                  24 49 23 -1 
                  25 48 24 -1 
                  26 47 25 -1 
                  27 46 26 -1 
                  28 45 27 -1 
                  29 44 28 -1 
                  30 43 29 -1 
                  31 42 30 -1 
                  32 41 31 -1 
                  33 40 32 -1 
                  34 39 33 -1 
                  35 38 34 -1 
                  36 37 35 -1 
                  67 5 6 -1 
                  66 6 7 -1 
                  38 35 37 -1 
                  39 34 38 -1 
                  40 33 39 -1 
                  41 32 40 -1 
                  42 31 41 -1 
                  43 30 42 -1 
                  44 29 43 -1 
                  45 28 44 -1 
                  46 27 45 -1 
                  47 26 46 -1 
                  48 25 47 -1 
                  49 24 48 -1 
                  50 23 49 -1 
                  51 22 50 -1 
                  52 21 51 -1 
                  53 20 52 -1 
                  54 19 53 -1 
                  55 18 54 -1 
                  56 17 55 -1 
                  57 16 56 -1 
                  58 15 57 -1 
                  59 14 58 -1 
                  60 13 59 -1 
                  61 12 60 -1 
                  62 11 61 -1 
                  63 10 62 -1 
                  64 9 63 -1 
                  65 8 64 -1 
                  66 7 65 -1 
                  67 6 66 -1 
                  68 5 67 -1 
                  69 4 68 -1 
                  70 3 69 -1 
                  71 2 70 -1 
                  72 1 71 -1 
                  73 0 72 -1 
                  76 74 75 -1 
                  77 74 76 -1 
                  78 74 77 -1 
                  79 74 78 -1 
                  80 74 79 -1 
                  81 74 80 -1 
                  82 74 81 -1 
                  83 74 82 -1 
                  84 74 83 -1 
                  85 74 84 -1 
                  86 74 85 -1 
                  87 74 86 -1 
                  88 74 87 -1 
                  89 74 88 -1 
                  90 74 89 -1 
                  91 74 90 -1 
                  92 74 91 -1 
                  93 74 92 -1 
                  94 74 93 -1 
                  95 74 94 -1 
                  96 74 95 -1 
                  97 74 96 -1 
                  98 74 97 -1 
                  99 74 98 -1 
                  100 74 99 -1 
                  101 74 100 -1 
                  102 74 101 -1 
                  103 74 102 -1 
                  104 74 103 -1 
                  105 74 104 -1 
                  106 74 105 -1 
                  107 74 106 -1 
                  108 74 107 -1 
                  109 74 108 -1 
                  112 111 110 -1 
                  113 112 110 -1 
                  114 113 110 -1 
                  115 114 110 -1 
                  116 115 110 -1 
                  117 116 110 -1 
                  118 117 110 -1 
                  119 118 110 -1 
                  120 119 110 -1 
                  121 120 110 -1 
                  122 121 110 -1 
                  123 122 110 -1 
                  124 123 110 -1 
                  125 124 110 -1 
                  126 125 110 -1 
                  127 126 110 -1 
                  128 127 110 -1 
                  129 128 110 -1 
                  130 129 110 -1 
                  131 130 110 -1 
                  132 131 110 -1 
                  133 132 110 -1 
                  134 133 110 -1 
                  135 134 110 -1 
                  136 135 110 -1 
                  137 136 110 -1 
                  138 137 110 -1 
                  139 138 110 -1 
                  140 139 110 -1 
                  141 140 110 -1 
                  142 141 110 -1 
                  143 142 110 -1 
                  144 143 110 -1 
                  145 144 110 -1 
                ]
              }
            }
            DEF Leads_5 Shape {
              appearance DEF __27 Appearance {
                material DEF __28 Material {
                  ambientIntensity 0.260947436094
                  diffuseColor 0.73400002718 0.773000001907 0.79699999094
                  shininess 0
                }
              }
              geometry DEF __29 IndexedFaceSet {
                solid FALSE
                coord Coordinate {
                  point [
                    0.005405 -7.96020419446e-20 0.0001,
                    0.005405 -7.96020419446e-20 -0.005,
                    0.00540006251973 5.64356577418e-05 0.0001,
                    0.00538540010176 0.000111156546581 0.0001,
                    0.00536145825623 0.0001625 0.0001,
                    0.00532896444401 0.000208905973148 0.0001,
                    0.00528890597315 0.000248964444014 0.0001,
                    0.0052425 0.00028145825623 0.0001,
                    0.00519115654658 0.000305400101755 0.0001,
                    0.00513643565774 0.000320062519729 0.0001,
                    0.00508 0.000325 0.0001,
                    0.00502356434226 0.000320062519729 0.0001,
                    0.00496884345342 0.000305400101755 0.0001,
                    0.0049175 0.00028145825623 0.0001,
                    0.00487109402685 0.000248964444014 0.0001,
                    0.00483103555599 0.000208905973148 0.0001,
                    0.00479854174377 0.0001625 0.0001,
                    0.00477459989824 0.000111156546581 0.0001,
                    0.00475993748027 5.64356577418e-05 0.0001,
                    0.004755 4.72788000576e-19 0.0001,
                    0.00475993748027 -5.64356577418e-05 0.0001,
                    0.00477459989824 -0.000111156546581 0.0001,
                    0.00479854174377 -0.0001625 0.0001,
                    0.00483103555599 -0.000208905973148 0.0001,
                    0.00487109402685 -0.000248964444014 0.0001,
                    0.0049175 -0.00028145825623 0.0001,
                    0.00496884345342 -0.000305400101755 0.0001,
                    0.00502356434226 -0.000320062519729 0.0001,
                    0.00508 -0.000325 0.0001,
                    0.00513643565774 -0.000320062519729 0.0001,
                    0.00519115654658 -0.000305400101755 0.0001,
                    0.0052425 -0.00028145825623 0.0001,
                    0.00528890597315 -0.000248964444014 0.0001,
                    0.00532896444401 -0.000208905973148 0.0001,
                    0.00536145825623 -0.0001625 0.0001,
                    0.00538540010176 -0.000111156546581 0.0001,
                    0.00540006251973 -5.64356577418e-05 0.0001,
                    0.00540006251973 5.64356577418e-05 -0.005,
                    0.00538540010176 0.000111156546581 -0.005,
                    0.00536145825623 0.0001625 -0.005,
                    0.00532896444401 0.000208905973148 -0.005,
                    0.00528890597315 0.000248964444014 -0.005,
                    0.0052425 0.00028145825623 -0.005,
                    0.00519115654658 0.000305400101755 -0.005,
                    0.00513643565774 0.000320062519729 -0.005,
                    0.00508 0.000325 -0.005,
                    0.00502356434226 0.000320062519729 -0.005,
                    0.00496884345342 0.000305400101755 -0.005,
                    0.0049175 0.00028145825623 -0.005,
                    0.00487109402685 0.000248964444014 -0.005,
                    0.00483103555599 0.000208905973148 -0.005,
                    0.00479854174377 0.0001625 -0.005,
                    0.00477459989824 0.000111156546581 -0.005,
                    0.00475993748027 5.64356577418e-05 -0.005,
                    0.004755 4.72788000576e-19 -0.005,
                    0.00475993748027 -5.64356577418e-05 -0.005,
                    0.00477459989824 -0.000111156546581 -0.005,
                    0.00479854174377 -0.0001625 -0.005,
                    0.00483103555599 -0.000208905973148 -0.005,
                    0.00487109402685 -0.000248964444014 -0.005,
                    0.0049175 -0.00028145825623 -0.005,
                    0.00496884345342 -0.000305400101755 -0.005,
                    0.00502356434226 -0.000320062519729 -0.005,
                    0.00508 -0.000325 -0.005,
                    0.00513643565774 -0.000320062519729 -0.005,
                    0.00519115654658 -0.000305400101755 -0.005,
                    0.0052425 -0.00028145825623 -0.005,
                    0.00528890597315 -0.000248964444014 -0.005,
                    0.00532896444401 -0.000208905973148 -0.005,
                    0.00536145825623 -0.0001625 -0.005,
                    0.00538540010176 -0.000111156546581 -0.005,
                    0.00540006251973 -5.64356577418e-05 -0.005

                  ]
                }
                normal Normal {
                  vector [
                    1 -2.4492937e-16 0,
                    0.98480773 -0.17364818 0,
                    0.93969262 -0.34202015 0,
                    0.86602539 -0.5 0,
                    0.76604444 -0.64278764 0,
                    0.64278764 -0.76604444 0,
                    0.5 -0.86602539 0,
                    0.34202015 -0.93969262 0,
                    0.17364818 -0.98480773 0,
                    -2.6645353e-15 -1 0,
                    -0.17364818 -0.98480773 0,
                    -0.34202015 -0.93969262 0,
                    -0.5 -0.86602539 0,
                    -0.64278764 -0.76604444 0,
                    -0.76604444 -0.64278764 0,
                    -0.86602539 -0.5 0,
                    -0.93969262 -0.34202015 0,
                    -0.98480773 -0.17364818 0,
                    -1 1.4547323e-15 0,
                    -0.98480773 0.17364818 0,
                    -0.93969262 0.34202015 0,
                    -0.86602539 0.5 0,
                    -0.76604444 0.64278764 0,
                    -0.64278764 0.76604444 0,
                    -0.5 0.86602539 0,
                    -0.34202015 0.93969262 0,
                    -0.17364818 0.98480773 0,
                    0 1 0,
                    0.17364818 0.98480773 0,
                    0.34202015 0.93969262 0,
                    0.5 0.86602539 0,
                    0.64278764 0.76604444 0,
                    0.76604444 0.64278764 0,
                    0.86602539 0.5 0,
                    0.93969262 0.34202015 0,
                    0.98480773 0.17364818 0,
                    1 0 0,
                    1 0 0,
                    0.98480773 0.17364818 0,
                    0.93969262 0.34202015 0,
                    0.86602539 0.5 0,
                    0.76604444 0.64278764 0,
                    0.64278764 0.76604444 0,
                    0.5 0.86602539 0,
                    0.34202015 0.93969262 0,
                    0.17364818 0.98480773 0,
                    0 1 0,
                    -0.17364818 0.98480773 0,
                    -0.34202015 0.93969262 0,
                    -0.5 0.86602539 0,
                    -0.64278764 0.76604444 0,
                    -0.76604444 0.64278764 0,
                    -0.86602539 0.5 0,
                    -0.93969262 0.34202015 0,
                    -0.98480773 0.17364818 0,
                    -1 1.4547323e-15 0,
                    -0.98480773 -0.17364818 0,
                    -0.93969262 -0.34202015 0,
                    -0.86602539 -0.5 0,
                    -0.76604444 -0.64278764 0,
                    -0.64278764 -0.76604444 0,
                    -0.5 -0.86602539 0,
                    -0.34202015 -0.93969262 0,
                    -0.17364818 -0.98480773 0,
                    -2.6645353e-15 -1 0,
                    0.17364818 -0.98480773 0,
                    0.34202015 -0.93969262 0,
                    0.5 -0.86602539 0,
                    0.64278764 -0.76604444 0,
                    0.76604444 -0.64278764 0,
                    0.86602539 -0.5 0,
                    0.93969262 -0.34202015 0,
                    0.98480773 -0.17364818 0,
                    1 -2.4492937e-16 0,
                    0 0 1,
                    0 0 1,
                    0 0 1,
                    0 0 1,
                    0 0 1,
                    0 0 1,
                    0 0 1,
                    0 0 1,
                    0 0 1,
                    0 0 1,
                    0 0 1,
                    0 0 1,
                    0 0 1,
                    0 0 1,
                    0 0 1,
                    0 0 1,
                    0 0 1,
                    0 0 1,
                    0 0 1,
                    0 0 1,
                    0 0 1,
                    0 0 1,
                    0 0 1,
                    0 0 1,
                    0 0 1,
                    0 0 1,
                    0 0 1,
                    0 0 1,
                    0 0 1,
                    0 0 1,
                    0 0 1,
                    0 0 1,
                    0 0 1,
                    0 0 1,
                    0 0 1,
                    0 0 1,
                    -0 -0 -1,
                    -0 -0 -1,
                    -0 -0 -1,
                    -0 -0 -1,
                    -0 -0 -1,
                    -0 -0 -1,
                    -0 -0 -1,
                    -0 -0 -1,
                    -0 -0 -1,
                    -0 -0 -1,
                    -0 -0 -1,
                    -0 -0 -1,
                    -0 -0 -1,
                    -0 -0 -1,
                    -0 -0 -1,
                    -0 -0 -1,
                    -0 -0 -1,
                    -0 -0 -1,
                    -0 -0 -1,
                    -0 -0 -1,
                    -0 -0 -1,
                    -0 -0 -1,
                    -0 -0 -1,
                    -0 -0 -1,
                    -0 -0 -1,
                    -0 -0 -1,
                    -0 -0 -1,
                    -0 -0 -1,
                    -0 -0 -1,
                    -0 -0 -1,
                    -0 -0 -1,
                    -0 -0 -1,
                    -0 -0 -1,
                    -0 -0 -1,
                    -0 -0 -1,
                    -0 -0 -1

                  ]
                }
                coordIndex [
                  71 0 36 -1 
                  70 36 35 -1 
                  69 35 34 -1 
                  68 34 33 -1 
                  67 33 32 -1 
                  29 64 30 -1 
                  28 63 29 -1 
                  27 62 28 -1 
                  26 61 27 -1 
                  25 60 26 -1 
                  24 59 25 -1 
                  23 58 24 -1 
                  22 57 23 -1 
                  21 56 22 -1 
                  20 55 21 -1 
                  19 54 20 -1 
                  18 53 19 -1 
                  17 52 18 -1 
                  16 51 17 -1 
                  15 50 16 -1 
                  14 49 15 -1 
                  13 48 14 -1 
                  12 47 13 -1 
                  11 46 12 -1 
                  10 45 11 -1 
                  9 44 10 -1 
                  8 43 9 -1 
                  7 42 8 -1 
                  6 41 7 -1 
                  5 40 6 -1 
                  4 39 5 -1 
                  3 38 4 -1 
                  2 37 3 -1 
                  0 1 2 -1 
                  66 32 31 -1 
                  65 31 30 -1 
                  37 2 1 -1 
                  38 3 37 -1 
                  39 4 38 -1 
                  40 5 39 -1 
                  41 6 40 -1 
                  42 7 41 -1 
                  43 8 42 -1 
                  44 9 43 -1 
                  45 10 44 -1 
                  46 11 45 -1 
                  47 12 46 -1 
                  48 13 47 -1 
                  49 14 48 -1 
                  50 15 49 -1 
                  51 16 50 -1 
                  52 17 51 -1 
                  53 18 52 -1 
                  54 19 53 -1 
                  55 20 54 -1 
                  56 21 55 -1 
                  57 22 56 -1 
                  58 23 57 -1 
                  59 24 58 -1 
                  60 25 59 -1 
                  61 26 60 -1 
                  62 27 61 -1 
                  63 28 62 -1 
                  64 29 63 -1 
                  65 30 64 -1 
                  66 31 65 -1 
                  67 32 66 -1 
                  68 33 67 -1 
                  69 34 68 -1 
                  70 35 69 -1 
                  71 36 70 -1 
                  1 0 71 -1 
                  3 0 2 -1 
                  4 0 3 -1 
                  5 0 4 -1 
                  6 0 5 -1 
                  7 0 6 -1 
                  8 0 7 -1 
                  9 0 8 -1 
                  10 0 9 -1 
                  11 0 10 -1 
                  12 0 11 -1 
                  13 0 12 -1 
                  14 0 13 -1 
                  15 0 14 -1 
                  16 0 15 -1 
                  17 0 16 -1 
                  18 0 17 -1 
                  19 0 18 -1 
                  20 0 19 -1 
                  21 0 20 -1 
                  22 0 21 -1 
                  23 0 22 -1 
                  24 0 23 -1 
                  25 0 24 -1 
                  26 0 25 -1 
                  27 0 26 -1 
                  28 0 27 -1 
                  29 0 28 -1 
                  30 0 29 -1 
                  31 0 30 -1 
                  32 0 31 -1 
                  33 0 32 -1 
                  34 0 33 -1 
                  35 0 34 -1 
                  36 0 35 -1 
                  38 37 1 -1 
                  39 38 1 -1 
                  40 39 1 -1 
                  41 40 1 -1 
                  42 41 1 -1 
                  43 42 1 -1 
                  44 43 1 -1 
                  45 44 1 -1 
                  46 45 1 -1 
                  47 46 1 -1 
                  48 47 1 -1 
                  49 48 1 -1 
                  50 49 1 -1 
                  51 50 1 -1 
                  52 51 1 -1 
                  53 52 1 -1 
                  54 53 1 -1 
                  55 54 1 -1 
                  56 55 1 -1 
                  57 56 1 -1 
                  58 57 1 -1 
                  59 58 1 -1 
                  60 59 1 -1 
                  61 60 1 -1 
                  62 61 1 -1 
                  63 62 1 -1 
                  64 63 1 -1 
                  65 64 1 -1 
                  66 65 1 -1 
                  67 66 1 -1 
                  68 67 1 -1 
                  69 68 1 -1 
                  70 69 1 -1 
                  71 70 1 -1 
                ]
                normalIndex [
                  72 0 1 -1 
                  71 1 2 -1 
                  70 2 3 -1 
                  69 3 4 -1 
                  68 4 5 -1 
                  8 65 7 -1 
                  9 64 8 -1 
                  10 63 9 -1 
                  11 62 10 -1 
                  12 61 11 -1 
                  13 60 12 -1 
                  14 59 13 -1 
                  15 58 14 -1 
                  16 57 15 -1 
                  17 56 16 -1 
                  18 55 17 -1 
                  19 54 18 -1 
                  20 53 19 -1 
                  21 52 20 -1 
                  22 51 21 -1 
                  23 50 22 -1 
                  24 49 23 -1 
                  25 48 24 -1 
                  26 47 25 -1 
                  27 46 26 -1 
                  28 45 27 -1 
                  29 44 28 -1 
                  30 43 29 -1 
                  31 42 30 -1 
                  32 41 31 -1 
                  33 40 32 -1 
                  34 39 33 -1 
                  35 38 34 -1 
                  36 37 35 -1 
                  67 5 6 -1 
                  66 6 7 -1 
                  38 35 37 -1 
                  39 34 38 -1 
                  40 33 39 -1 
                  41 32 40 -1 
                  42 31 41 -1 
                  43 30 42 -1 
                  44 29 43 -1 
                  45 28 44 -1 
                  46 27 45 -1 
                  47 26 46 -1 
                  48 25 47 -1 
                  49 24 48 -1 
                  50 23 49 -1 
                  51 22 50 -1 
                  52 21 51 -1 
                  53 20 52 -1 
                  54 19 53 -1 
                  55 18 54 -1 
                  56 17 55 -1 
                  57 16 56 -1 
                  58 15 57 -1 
                  59 14 58 -1 
                  60 13 59 -1 
                  61 12 60 -1 
                  62 11 61 -1 
                  63 10 62 -1 
                  64 9 63 -1 
                  65 8 64 -1 
                  66 7 65 -1 
                  67 6 66 -1 
                  68 5 67 -1 
                  69 4 68 -1 
                  70 3 69 -1 
                  71 2 70 -1 
                  72 1 71 -1 
                  73 0 72 -1 
                  76 74 75 -1 
                  77 74 76 -1 
                  78 74 77 -1 
                  79 74 78 -1 
                  80 74 79 -1 
                  81 74 80 -1 
                  82 74 81 -1 
                  83 74 82 -1 
                  84 74 83 -1 
                  85 74 84 -1 
                  86 74 85 -1 
                  87 74 86 -1 
                  88 74 87 -1 
                  89 74 88 -1 
                  90 74 89 -1 
                  91 74 90 -1 
                  92 74 91 -1 
                  93 74 92 -1 
                  94 74 93 -1 
                  95 74 94 -1 
                  96 74 95 -1 
                  97 74 96 -1 
                  98 74 97 -1 
                  99 74 98 -1 
                  100 74 99 -1 
                  101 74 100 -1 
                  102 74 101 -1 
                  103 74 102 -1 
                  104 74 103 -1 
                  105 74 104 -1 
                  106 74 105 -1 
                  107 74 106 -1 
                  108 74 107 -1 
                  109 74 108 -1 
                  112 111 110 -1 
                  113 112 110 -1 
                  114 113 110 -1 
                  115 114 110 -1 
                  116 115 110 -1 
                  117 116 110 -1 
                  118 117 110 -1 
                  119 118 110 -1 
                  120 119 110 -1 
                  121 120 110 -1 
                  122 121 110 -1 
                  123 122 110 -1 
                  124 123 110 -1 
                  125 124 110 -1 
                  126 125 110 -1 
                  127 126 110 -1 
                  128 127 110 -1 
                  129 128 110 -1 
                  130 129 110 -1 
                  131 130 110 -1 
                  132 131 110 -1 
                  133 132 110 -1 
                  134 133 110 -1 
                  135 134 110 -1 
                  136 135 110 -1 
                  137 136 110 -1 
                  138 137 110 -1 
                  139 138 110 -1 
                  140 139 110 -1 
                  141 140 110 -1 
                  142 141 110 -1 
                  143 142 110 -1 
                  144 143 110 -1 
                  145 144 110 -1 
                ]
              }
            }
            DEF Leads_6 Shape {
              appearance DEF __31 Appearance {
                material DEF __32 Material {
                  ambientIntensity 0.260947436094
                  diffuseColor 0.73400002718 0.773000001907 0.79699999094
                  shininess 0
                }
              }
              geometry DEF __33 IndexedFaceSet {
                solid FALSE
                coord Coordinate {
                  point [
                    0.007945 -7.96020419446e-20 0.0001,
                    0.007945 -7.96020419446e-20 -0.005,
                    0.00794006251973 5.64356577418e-05 0.0001,
                    0.00792540010176 0.000111156546581 0.0001,
                    0.00790145825623 0.0001625 0.0001,
                    0.00786896444401 0.000208905973148 0.0001,
                    0.00782890597315 0.000248964444014 0.0001,
                    0.0077825 0.00028145825623 0.0001,
                    0.00773115654658 0.000305400101755 0.0001,
                    0.00767643565774 0.000320062519729 0.0001,
                    0.00762 0.000325 0.0001,
                    0.00756356434226 0.000320062519729 0.0001,
                    0.00750884345342 0.000305400101755 0.0001,
                    0.0074575 0.00028145825623 0.0001,
                    0.00741109402685 0.000248964444014 0.0001,
                    0.00737103555599 0.000208905973148 0.0001,
                    0.00733854174377 0.0001625 0.0001,
                    0.00731459989824 0.000111156546581 0.0001,
                    0.00729993748027 5.64356577418e-05 0.0001,
                    0.007295 4.72788000576e-19 0.0001,
                    0.00729993748027 -5.64356577418e-05 0.0001,
                    0.00731459989824 -0.000111156546581 0.0001,
                    0.00733854174377 -0.0001625 0.0001,
                    0.00737103555599 -0.000208905973148 0.0001,
                    0.00741109402685 -0.000248964444014 0.0001,
                    0.0074575 -0.00028145825623 0.0001,
                    0.00750884345342 -0.000305400101755 0.0001,
                    0.00756356434226 -0.000320062519729 0.0001,
                    0.00762 -0.000325 0.0001,
                    0.00767643565774 -0.000320062519729 0.0001,
                    0.00773115654658 -0.000305400101755 0.0001,
                    0.0077825 -0.00028145825623 0.0001,
                    0.00782890597315 -0.000248964444014 0.0001,
                    0.00786896444401 -0.000208905973148 0.0001,
                    0.00790145825623 -0.0001625 0.0001,
                    0.00792540010176 -0.000111156546581 0.0001,
                    0.00794006251973 -5.64356577418e-05 0.0001,
                    0.00794006251973 5.64356577418e-05 -0.005,
                    0.00792540010176 0.000111156546581 -0.005,
                    0.00790145825623 0.0001625 -0.005,
                    0.00786896444401 0.000208905973148 -0.005,
                    0.00782890597315 0.000248964444014 -0.005,
                    0.0077825 0.00028145825623 -0.005,
                    0.00773115654658 0.000305400101755 -0.005,
                    0.00767643565774 0.000320062519729 -0.005,
                    0.00762 0.000325 -0.005,
                    0.00756356434226 0.000320062519729 -0.005,
                    0.00750884345342 0.000305400101755 -0.005,
                    0.0074575 0.00028145825623 -0.005,
                    0.00741109402685 0.000248964444014 -0.005,
                    0.00737103555599 0.000208905973148 -0.005,
                    0.00733854174377 0.0001625 -0.005,
                    0.00731459989824 0.000111156546581 -0.005,
                    0.00729993748027 5.64356577418e-05 -0.005,
                    0.007295 4.72788000576e-19 -0.005,
                    0.00729993748027 -5.64356577418e-05 -0.005,
                    0.00731459989824 -0.000111156546581 -0.005,
                    0.00733854174377 -0.0001625 -0.005,
                    0.00737103555599 -0.000208905973148 -0.005,
                    0.00741109402685 -0.000248964444014 -0.005,
                    0.0074575 -0.00028145825623 -0.005,
                    0.00750884345342 -0.000305400101755 -0.005,
                    0.00756356434226 -0.000320062519729 -0.005,
                    0.00762 -0.000325 -0.005,
                    0.00767643565774 -0.000320062519729 -0.005,
                    0.00773115654658 -0.000305400101755 -0.005,
                    0.0077825 -0.00028145825623 -0.005,
                    0.00782890597315 -0.000248964444014 -0.005,
                    0.00786896444401 -0.000208905973148 -0.005,
                    0.00790145825623 -0.0001625 -0.005,
                    0.00792540010176 -0.000111156546581 -0.005,
                    0.00794006251973 -5.64356577418e-05 -0.005

                  ]
                }
                normal Normal {
                  vector [
                    1 -2.4492937e-16 0,
                    0.98480773 -0.17364818 0,
                    0.93969262 -0.34202015 0,
                    0.86602539 -0.5 0,
                    0.76604444 -0.64278764 0,
                    0.64278764 -0.76604444 0,
                    0.5 -0.86602539 0,
                    0.34202015 -0.93969262 0,
                    0.17364818 -0.98480773 0,
                    -2.6645353e-15 -1 0,
                    -0.17364818 -0.98480773 0,
                    -0.34202015 -0.93969262 0,
                    -0.5 -0.86602539 0,
                    -0.64278764 -0.76604444 0,
                    -0.76604444 -0.64278764 0,
                    -0.86602539 -0.5 0,
                    -0.93969262 -0.34202015 0,
                    -0.98480773 -0.17364818 0,
                    -1 1.4547323e-15 0,
                    -0.98480773 0.17364818 0,
                    -0.93969262 0.34202015 0,
                    -0.86602539 0.5 0,
                    -0.76604444 0.64278764 0,
                    -0.64278764 0.76604444 0,
                    -0.5 0.86602539 0,
                    -0.34202015 0.93969262 0,
                    -0.17364818 0.98480773 0,
                    0 1 0,
                    0.17364818 0.98480773 0,
                    0.34202015 0.93969262 0,
                    0.5 0.86602539 0,
                    0.64278764 0.76604444 0,
                    0.76604444 0.64278764 0,
                    0.86602539 0.5 0,
                    0.93969262 0.34202015 0,
                    0.98480773 0.17364818 0,
                    1 0 0,
                    1 0 0,
                    0.98480773 0.17364818 0,
                    0.93969262 0.34202015 0,
                    0.86602539 0.5 0,
                    0.76604444 0.64278764 0,
                    0.64278764 0.76604444 0,
                    0.5 0.86602539 0,
                    0.34202015 0.93969262 0,
                    0.17364818 0.98480773 0,
                    0 1 0,
                    -0.17364818 0.98480773 0,
                    -0.34202015 0.93969262 0,
                    -0.5 0.86602539 0,
                    -0.64278764 0.76604444 0,
                    -0.76604444 0.64278764 0,
                    -0.86602539 0.5 0,
                    -0.93969262 0.34202015 0,
                    -0.98480773 0.17364818 0,
                    -1 1.4547323e-15 0,
                    -0.98480773 -0.17364818 0,
                    -0.93969262 -0.34202015 0,
                    -0.86602539 -0.5 0,
                    -0.76604444 -0.64278764 0,
                    -0.64278764 -0.76604444 0,
                    -0.5 -0.86602539 0,
                    -0.34202015 -0.93969262 0,
                    -0.17364818 -0.98480773 0,
                    -2.6645353e-15 -1 0,
                    0.17364818 -0.98480773 0,
                    0.34202015 -0.93969262 0,
                    0.5 -0.86602539 0,
                    0.64278764 -0.76604444 0,
                    0.76604444 -0.64278764 0,
                    0.86602539 -0.5 0,
                    0.93969262 -0.34202015 0,
                    0.98480773 -0.17364818 0,
                    1 -2.4492937e-16 0,
                    0 0 1,
                    0 0 1,
                    0 0 1,
                    0 0 1,
                    0 0 1,
                    0 0 1,
                    0 0 1,
                    0 0 1,
                    0 0 1,
                    0 0 1,
                    0 0 1,
                    0 0 1,
                    0 0 1,
                    0 0 1,
                    0 0 1,
                    0 0 1,
                    0 0 1,
                    0 0 1,
                    0 0 1,
                    0 0 1,
                    0 0 1,
                    0 0 1,
                    0 0 1,
                    0 0 1,
                    0 0 1,
                    0 0 1,
                    0 0 1,
                    0 0 1,
                    0 0 1,
                    0 0 1,
                    0 0 1,
                    0 0 1,
                    0 0 1,
                    0 0 1,
                    0 0 1,
                    0 0 1,
                    -0 -0 -1,
                    -0 -0 -1,
                    -0 -0 -1,
                    -0 -0 -1,
                    -0 -0 -1,
                    -0 -0 -1,
                    -0 -0 -1,
                    -0 -0 -1,
                    -0 -0 -1,
                    -0 -0 -1,
                    -0 -0 -1,
                    -0 -0 -1,
                    -0 -0 -1,
                    -0 -0 -1,
                    -0 -0 -1,
                    -0 -0 -1,
                    -0 -0 -1,
                    -0 -0 -1,
                    -0 -0 -1,
                    -0 -0 -1,
                    -0 -0 -1,
                    -0 -0 -1,
                    -0 -0 -1,
                    -0 -0 -1,
                    -0 -0 -1,
                    -0 -0 -1,
                    -0 -0 -1,
                    -0 -0 -1,
                    -0 -0 -1,
                    -0 -0 -1,
                    -0 -0 -1,
                    -0 -0 -1,
                    -0 -0 -1,
                    -0 -0 -1,
                    -0 -0 -1,
                    -0 -0 -1

                  ]
                }
                coordIndex [
                  71 0 36 -1 
                  70 36 35 -1 
                  69 35 34 -1 
                  68 34 33 -1 
                  67 33 32 -1 
                  29 64 30 -1 
                  28 63 29 -1 
                  27 62 28 -1 
                  26 61 27 -1 
                  25 60 26 -1 
                  24 59 25 -1 
                  23 58 24 -1 
                  22 57 23 -1 
                  21 56 22 -1 
                  20 55 21 -1 
                  19 54 20 -1 
                  18 53 19 -1 
                  17 52 18 -1 
                  16 51 17 -1 
                  15 50 16 -1 
                  14 49 15 -1 
                  13 48 14 -1 
                  12 47 13 -1 
                  11 46 12 -1 
                  10 45 11 -1 
                  9 44 10 -1 
                  8 43 9 -1 
                  7 42 8 -1 
                  6 41 7 -1 
                  5 40 6 -1 
                  4 39 5 -1 
                  3 38 4 -1 
                  2 37 3 -1 
                  0 1 2 -1 
                  66 32 31 -1 
                  65 31 30 -1 
                  37 2 1 -1 
                  38 3 37 -1 
                  39 4 38 -1 
                  40 5 39 -1 
                  41 6 40 -1 
                  42 7 41 -1 
                  43 8 42 -1 
                  44 9 43 -1 
                  45 10 44 -1 
                  46 11 45 -1 
                  47 12 46 -1 
                  48 13 47 -1 
                  49 14 48 -1 
                  50 15 49 -1 
                  51 16 50 -1 
                  52 17 51 -1 
                  53 18 52 -1 
                  54 19 53 -1 
                  55 20 54 -1 
                  56 21 55 -1 
                  57 22 56 -1 
                  58 23 57 -1 
                  59 24 58 -1 
                  60 25 59 -1 
                  61 26 60 -1 
                  62 27 61 -1 
                  63 28 62 -1 
                  64 29 63 -1 
                  65 30 64 -1 
                  66 31 65 -1 
                  67 32 66 -1 
                  68 33 67 -1 
                  69 34 68 -1 
                  70 35 69 -1 
                  71 36 70 -1 
                  1 0 71 -1 
                  3 0 2 -1 
                  4 0 3 -1 
                  5 0 4 -1 
                  6 0 5 -1 
                  7 0 6 -1 
                  8 0 7 -1 
                  9 0 8 -1 
                  10 0 9 -1 
                  11 0 10 -1 
                  12 0 11 -1 
                  13 0 12 -1 
                  14 0 13 -1 
                  15 0 14 -1 
                  16 0 15 -1 
                  17 0 16 -1 
                  18 0 17 -1 
                  19 0 18 -1 
                  20 0 19 -1 
                  21 0 20 -1 
                  22 0 21 -1 
                  23 0 22 -1 
                  24 0 23 -1 
                  25 0 24 -1 
                  26 0 25 -1 
                  27 0 26 -1 
                  28 0 27 -1 
                  29 0 28 -1 
                  30 0 29 -1 
                  31 0 30 -1 
                  32 0 31 -1 
                  33 0 32 -1 
                  34 0 33 -1 
                  35 0 34 -1 
                  36 0 35 -1 
                  38 37 1 -1 
                  39 38 1 -1 
                  40 39 1 -1 
                  41 40 1 -1 
                  42 41 1 -1 
                  43 42 1 -1 
                  44 43 1 -1 
                  45 44 1 -1 
                  46 45 1 -1 
                  47 46 1 -1 
                  48 47 1 -1 
                  49 48 1 -1 
                  50 49 1 -1 
                  51 50 1 -1 
                  52 51 1 -1 
                  53 52 1 -1 
                  54 53 1 -1 
                  55 54 1 -1 
                  56 55 1 -1 
                  57 56 1 -1 
                  58 57 1 -1 
                  59 58 1 -1 
                  60 59 1 -1 
                  61 60 1 -1 
                  62 61 1 -1 
                  63 62 1 -1 
                  64 63 1 -1 
                  65 64 1 -1 
                  66 65 1 -1 
                  67 66 1 -1 
                  68 67 1 -1 
                  69 68 1 -1 
                  70 69 1 -1 
                  71 70 1 -1 
                ]
                normalIndex [
                  72 0 1 -1 
                  71 1 2 -1 
                  70 2 3 -1 
                  69 3 4 -1 
                  68 4 5 -1 
                  8 65 7 -1 
                  9 64 8 -1 
                  10 63 9 -1 
                  11 62 10 -1 
                  12 61 11 -1 
                  13 60 12 -1 
                  14 59 13 -1 
                  15 58 14 -1 
                  16 57 15 -1 
                  17 56 16 -1 
                  18 55 17 -1 
                  19 54 18 -1 
                  20 53 19 -1 
                  21 52 20 -1 
                  22 51 21 -1 
                  23 50 22 -1 
                  24 49 23 -1 
                  25 48 24 -1 
                  26 47 25 -1 
                  27 46 26 -1 
                  28 45 27 -1 
                  29 44 28 -1 
                  30 43 29 -1 
                  31 42 30 -1 
                  32 41 31 -1 
                  33 40 32 -1 
                  34 39 33 -1 
                  35 38 34 -1 
                  36 37 35 -1 
                  67 5 6 -1 
                  66 6 7 -1 
                  38 35 37 -1 
                  39 34 38 -1 
                  40 33 39 -1 
                  41 32 40 -1 
                  42 31 41 -1 
                  43 30 42 -1 
                  44 29 43 -1 
                  45 28 44 -1 
                  46 27 45 -1 
                  47 26 46 -1 
                  48 25 47 -1 
                  49 24 48 -1 
                  50 23 49 -1 
                  51 22 50 -1 
                  52 21 51 -1 
                  53 20 52 -1 
                  54 19 53 -1 
                  55 18 54 -1 
                  56 17 55 -1 
                  57 16 56 -1 
                  58 15 57 -1 
                  59 14 58 -1 
                  60 13 59 -1 
                  61 12 60 -1 
                  62 11 61 -1 
                  63 10 62 -1 
                  64 9 63 -1 
                  65 8 64 -1 
                  66 7 65 -1 
                  67 6 66 -1 
                  68 5 67 -1 
                  69 4 68 -1 
                  70 3 69 -1 
                  71 2 70 -1 
                  72 1 71 -1 
                  73 0 72 -1 
                  76 74 75 -1 
                  77 74 76 -1 
                  78 74 77 -1 
                  79 74 78 -1 
                  80 74 79 -1 
                  81 74 80 -1 
                  82 74 81 -1 
                  83 74 82 -1 
                  84 74 83 -1 
                  85 74 84 -1 
                  86 74 85 -1 
                  87 74 86 -1 
                  88 74 87 -1 
                  89 74 88 -1 
                  90 74 89 -1 
                  91 74 90 -1 
                  92 74 91 -1 
                  93 74 92 -1 
                  94 74 93 -1 
                  95 74 94 -1 
                  96 74 95 -1 
                  97 74 96 -1 
                  98 74 97 -1 
                  99 74 98 -1 
                  100 74 99 -1 
                  101 74 100 -1 
                  102 74 101 -1 
                  103 74 102 -1 
                  104 74 103 -1 
                  105 74 104 -1 
                  106 74 105 -1 
                  107 74 106 -1 
                  108 74 107 -1 
                  109 74 108 -1 
                  112 111 110 -1 
                  113 112 110 -1 
                  114 113 110 -1 
                  115 114 110 -1 
                  116 115 110 -1 
                  117 116 110 -1 
                  118 117 110 -1 
                  119 118 110 -1 
                  120 119 110 -1 
                  121 120 110 -1 
                  122 121 110 -1 
                  123 122 110 -1 
                  124 123 110 -1 
                  125 124 110 -1 
                  126 125 110 -1 
                  127 126 110 -1 
                  128 127 110 -1 
                  129 128 110 -1 
                  130 129 110 -1 
                  131 130 110 -1 
                  132 131 110 -1 
                  133 132 110 -1 
                  134 133 110 -1 
                  135 134 110 -1 
                  136 135 110 -1 
                  137 136 110 -1 
                  138 137 110 -1 
                  139 138 110 -1 
                  140 139 110 -1 
                  141 140 110 -1 
                  142 141 110 -1 
                  143 142 110 -1 
                  144 143 110 -1 
                  145 144 110 -1 
                ]
              }
            }
            DEF Leads_7 Shape {
              appearance DEF __35 Appearance {
                material DEF __36 Material {
                  ambientIntensity 0.260947436094
                  diffuseColor 0.73400002718 0.773000001907 0.79699999094
                  shininess 0
                }
              }
              geometry DEF __37 IndexedFaceSet {
                solid FALSE
                coord Coordinate {
                  point [
                    0.005405 0.00762 0.0001,
                    0.005405 0.00762 -0.005,
                    0.00540006251973 0.00767643565774 0.0001,
                    0.00538540010176 0.00773115654658 0.0001,
                    0.00536145825623 0.0077825 0.0001,
                    0.00532896444401 0.00782890597315 0.0001,
                    0.00528890597315 0.00786896444401 0.0001,
                    0.0052425 0.00790145825623 0.0001,
                    0.00519115654658 0.00792540010176 0.0001,
                    0.00513643565774 0.00794006251973 0.0001,
                    0.00508 0.007945 0.0001,
                    0.00502356434226 0.00794006251973 0.0001,
                    0.00496884345342 0.00792540010176 0.0001,
                    0.0049175 0.00790145825623 0.0001,
                    0.00487109402685 0.00786896444401 0.0001,
                    0.00483103555599 0.00782890597315 0.0001,
                    0.00479854174377 0.0077825 0.0001,
                    0.00477459989824 0.00773115654658 0.0001,
                    0.00475993748027 0.00767643565774 0.0001,
                    0.004755 0.00762 0.0001,
                    0.00475993748027 0.00756356434226 0.0001,
                    0.00477459989824 0.00750884345342 0.0001,
                    0.00479854174377 0.0074575 0.0001,
                    0.00483103555599 0.00741109402685 0.0001,
                    0.00487109402685 0.00737103555599 0.0001,
                    0.0049175 0.00733854174377 0.0001,
                    0.00496884345342 0.00731459989824 0.0001,
                    0.00502356434226 0.00729993748027 0.0001,
                    0.00508 0.007295 0.0001,
                    0.00513643565774 0.00729993748027 0.0001,
                    0.00519115654658 0.00731459989824 0.0001,
                    0.0052425 0.00733854174377 0.0001,
                    0.00528890597315 0.00737103555599 0.0001,
                    0.00532896444401 0.00741109402685 0.0001,
                    0.00536145825623 0.0074575 0.0001,
                    0.00538540010176 0.00750884345342 0.0001,
                    0.00540006251973 0.00756356434226 0.0001,
                    0.00540006251973 0.00767643565774 -0.005,
                    0.00538540010176 0.00773115654658 -0.005,
                    0.00536145825623 0.0077825 -0.005,
                    0.00532896444401 0.00782890597315 -0.005,
                    0.00528890597315 0.00786896444401 -0.005,
                    0.0052425 0.00790145825623 -0.005,
                    0.00519115654658 0.00792540010176 -0.005,
                    0.00513643565774 0.00794006251973 -0.005,
                    0.00508 0.007945 -0.005,
                    0.00502356434226 0.00794006251973 -0.005,
                    0.00496884345342 0.00792540010176 -0.005,
                    0.0049175 0.00790145825623 -0.005,
                    0.00487109402685 0.00786896444401 -0.005,
                    0.00483103555599 0.00782890597315 -0.005,
                    0.00479854174377 0.0077825 -0.005,
                    0.00477459989824 0.00773115654658 -0.005,
                    0.00475993748027 0.00767643565774 -0.005,
                    0.004755 0.00762 -0.005,
                    0.00475993748027 0.00756356434226 -0.005,
                    0.00477459989824 0.00750884345342 -0.005,
                    0.00479854174377 0.0074575 -0.005,
                    0.00483103555599 0.00741109402685 -0.005,
                    0.00487109402685 0.00737103555599 -0.005,
                    0.0049175 0.00733854174377 -0.005,
                    0.00496884345342 0.00731459989824 -0.005,
                    0.00502356434226 0.00729993748027 -0.005,
                    0.00508 0.007295 -0.005,
                    0.00513643565774 0.00729993748027 -0.005,
                    0.00519115654658 0.00731459989824 -0.005,
                    0.0052425 0.00733854174377 -0.005,
                    0.00528890597315 0.00737103555599 -0.005,
                    0.00532896444401 0.00741109402685 -0.005,
                    0.00536145825623 0.0074575 -0.005,
                    0.00538540010176 0.00750884345342 -0.005,
                    0.00540006251973 0.00756356434226 -0.005

                  ]
                }
                normal Normal {
                  vector [
                    1 0 0,
                    0.98480773 -0.17364818 0,
                    0.93969262 -0.34202015 0,
                    0.86602539 -0.5 0,
                    0.76604444 -0.64278764 0,
                    0.64278764 -0.76604444 0,
                    0.5 -0.86602539 0,
                    0.34202015 -0.93969262 0,
                    0.17364818 -0.98480773 0,
                    -2.6645353e-15 -1 0,
                    -0.17364818 -0.98480773 0,
                    -0.34202015 -0.93969262 0,
                    -0.5 -0.86602539 0,
                    -0.64278764 -0.76604444 0,
                    -0.76604444 -0.64278764 0,
                    -0.86602539 -0.5 0,
                    -0.93969262 -0.34202015 0,
                    -0.98480773 -0.17364818 0,
                    -1 1.7763568e-15 0,
                    -0.98480773 0.17364818 0,
                    -0.93969262 0.34202015 0,
                    -0.86602539 0.5 0,
                    -0.76604444 0.64278764 0,
                    -0.64278764 0.76604444 0,
                    -0.5 0.86602539 0,
                    -0.34202015 0.93969262 0,
                    -0.17364818 0.98480773 0,
                    0 1 0,
                    0.17364818 0.98480773 0,
                    0.34202015 0.93969262 0,
                    0.5 0.86602539 0,
                    0.64278764 0.76604444 0,
                    0.76604444 0.64278764 0,
                    0.86602539 0.5 0,
                    0.93969262 0.34202015 0,
                    0.98480773 0.17364818 0,
                    1 0 0,
                    1 0 0,
                    0.98480773 0.17364818 0,
                    0.93969262 0.34202015 0,
                    0.86602539 0.5 0,
                    0.76604444 0.64278764 0,
                    0.64278764 0.76604444 0,
                    0.5 0.86602539 0,
                    0.34202015 0.93969262 0,
                    0.17364818 0.98480773 0,
                    0 1 0,
                    -0.17364818 0.98480773 0,
                    -0.34202015 0.93969262 0,
                    -0.5 0.86602539 0,
                    -0.64278764 0.76604444 0,
                    -0.76604444 0.64278764 0,
                    -0.86602539 0.5 0,
                    -0.93969262 0.34202015 0,
                    -0.98480773 0.17364818 0,
                    -1 1.7763568e-15 0,
                    -0.98480773 -0.17364818 0,
                    -0.93969262 -0.34202015 0,
                    -0.86602539 -0.5 0,
                    -0.76604444 -0.64278764 0,
                    -0.64278764 -0.76604444 0,
                    -0.5 -0.86602539 0,
                    -0.34202015 -0.93969262 0,
                    -0.17364818 -0.98480773 0,
                    -2.6645353e-15 -1 0,
                    0.17364818 -0.98480773 0,
                    0.34202015 -0.93969262 0,
                    0.5 -0.86602539 0,
                    0.64278764 -0.76604444 0,
                    0.76604444 -0.64278764 0,
                    0.86602539 -0.5 0,
                    0.93969262 -0.34202015 0,
                    0.98480773 -0.17364818 0,
                    1 0 0,
                    0 0 1,
                    0 0 1,
                    0 0 1,
                    0 0 1,
                    0 0 1,
                    0 0 1,
                    0 0 1,
                    0 0 1,
                    0 0 1,
                    0 0 1,
                    0 0 1,
                    0 0 1,
                    0 0 1,
                    0 0 1,
                    0 0 1,
                    0 0 1,
                    0 0 1,
                    0 0 1,
                    0 0 1,
                    0 0 1,
                    0 0 1,
                    0 0 1,
                    0 0 1,
                    0 0 1,
                    0 0 1,
                    0 0 1,
                    0 0 1,
                    0 0 1,
                    0 0 1,
                    0 0 1,
                    0 0 1,
                    0 0 1,
                    0 0 1,
                    0 0 1,
                    0 0 1,
                    0 0 1,
                    -0 -0 -1,
                    -0 -0 -1,
                    -0 -0 -1,
                    -0 -0 -1,
                    -0 -0 -1,
                    -0 -0 -1,
                    -0 -0 -1,
                    -0 -0 -1,
                    -0 -0 -1,
                    -0 -0 -1,
                    -0 -0 -1,
                    -0 -0 -1,
                    -0 -0 -1,
                    -0 -0 -1,
                    -0 -0 -1,
                    -0 -0 -1,
                    -0 -0 -1,
                    -0 -0 -1,
                    -0 -0 -1,
                    -0 -0 -1,
                    -0 -0 -1,
                    -0 -0 -1,
                    -0 -0 -1,
                    -0 -0 -1,
                    -0 -0 -1,
                    -0 -0 -1,
                    -0 -0 -1,
                    -0 -0 -1,
                    -0 -0 -1,
                    -0 -0 -1,
                    -0 -0 -1,
                    -0 -0 -1,
                    -0 -0 -1,
                    -0 -0 -1,
                    -0 -0 -1,
                    -0 -0 -1

                  ]
                }
                coordIndex [
                  71 0 36 -1 
                  70 36 35 -1 
                  69 35 34 -1 
                  68 34 33 -1 
                  67 33 32 -1 
                  29 64 30 -1 
                  28 63 29 -1 
                  27 62 28 -1 
                  26 61 27 -1 
                  25 60 26 -1 
                  24 59 25 -1 
                  23 58 24 -1 
                  22 57 23 -1 
                  21 56 22 -1 
                  20 55 21 -1 
                  19 54 20 -1 
                  18 53 19 -1 
                  17 52 18 -1 
                  16 51 17 -1 
                  15 50 16 -1 
                  14 49 15 -1 
                  13 48 14 -1 
                  12 47 13 -1 
                  11 46 12 -1 
                  10 45 11 -1 
                  9 44 10 -1 
                  8 43 9 -1 
                  7 42 8 -1 
                  6 41 7 -1 
                  5 40 6 -1 
                  4 39 5 -1 
                  3 38 4 -1 
                  2 37 3 -1 
                  0 1 2 -1 
                  66 32 31 -1 
                  65 31 30 -1 
                  37 2 1 -1 
                  38 3 37 -1 
                  39 4 38 -1 
                  40 5 39 -1 
                  41 6 40 -1 
                  42 7 41 -1 
                  43 8 42 -1 
                  44 9 43 -1 
                  45 10 44 -1 
                  46 11 45 -1 
                  47 12 46 -1 
                  48 13 47 -1 
                  49 14 48 -1 
                  50 15 49 -1 
                  51 16 50 -1 
                  52 17 51 -1 
                  53 18 52 -1 
                  54 19 53 -1 
                  55 20 54 -1 
                  56 21 55 -1 
                  57 22 56 -1 
                  58 23 57 -1 
                  59 24 58 -1 
                  60 25 59 -1 
                  61 26 60 -1 
                  62 27 61 -1 
                  63 28 62 -1 
                  64 29 63 -1 
                  65 30 64 -1 
                  66 31 65 -1 
                  67 32 66 -1 
                  68 33 67 -1 
                  69 34 68 -1 
                  70 35 69 -1 
                  71 36 70 -1 
                  1 0 71 -1 
                  3 0 2 -1 
                  4 0 3 -1 
                  5 0 4 -1 
                  6 0 5 -1 
                  7 0 6 -1 
                  8 0 7 -1 
                  9 0 8 -1 
                  10 0 9 -1 
                  11 0 10 -1 
                  12 0 11 -1 
                  13 0 12 -1 
                  14 0 13 -1 
                  15 0 14 -1 
                  16 0 15 -1 
                  17 0 16 -1 
                  18 0 17 -1 
                  19 0 18 -1 
                  20 0 19 -1 
                  21 0 20 -1 
                  22 0 21 -1 
                  23 0 22 -1 
                  24 0 23 -1 
                  25 0 24 -1 
                  26 0 25 -1 
                  27 0 26 -1 
                  28 0 27 -1 
                  29 0 28 -1 
                  30 0 29 -1 
                  31 0 30 -1 
                  32 0 31 -1 
                  33 0 32 -1 
                  34 0 33 -1 
                  35 0 34 -1 
                  36 0 35 -1 
                  38 37 1 -1 
                  39 38 1 -1 
                  40 39 1 -1 
                  41 40 1 -1 
                  42 41 1 -1 
                  43 42 1 -1 
                  44 43 1 -1 
                  45 44 1 -1 
                  46 45 1 -1 
                  47 46 1 -1 
                  48 47 1 -1 
                  49 48 1 -1 
                  50 49 1 -1 
                  51 50 1 -1 
                  52 51 1 -1 
                  53 52 1 -1 
                  54 53 1 -1 
                  55 54 1 -1 
                  56 55 1 -1 
                  57 56 1 -1 
                  58 57 1 -1 
                  59 58 1 -1 
                  60 59 1 -1 
                  61 60 1 -1 
                  62 61 1 -1 
                  63 62 1 -1 
                  64 63 1 -1 
                  65 64 1 -1 
                  66 65 1 -1 
                  67 66 1 -1 
                  68 67 1 -1 
                  69 68 1 -1 
                  70 69 1 -1 
                  71 70 1 -1 
                ]
                normalIndex [
                  72 0 1 -1 
                  71 1 2 -1 
                  70 2 3 -1 
                  69 3 4 -1 
                  68 4 5 -1 
                  8 65 7 -1 
                  9 64 8 -1 
                  10 63 9 -1 
                  11 62 10 -1 
                  12 61 11 -1 
                  13 60 12 -1 
                  14 59 13 -1 
                  15 58 14 -1 
                  16 57 15 -1 
                  17 56 16 -1 
                  18 55 17 -1 
                  19 54 18 -1 
                  20 53 19 -1 
                  21 52 20 -1 
                  22 51 21 -1 
                  23 50 22 -1 
                  24 49 23 -1 
                  25 48 24 -1 
                  26 47 25 -1 
                  27 46 26 -1 
                  28 45 27 -1 
                  29 44 28 -1 
                  30 43 29 -1 
                  31 42 30 -1 
                  32 41 31 -1 
                  33 40 32 -1 
                  34 39 33 -1 
                  35 38 34 -1 
                  36 37 35 -1 
                  67 5 6 -1 
                  66 6 7 -1 
                  38 35 37 -1 
                  39 34 38 -1 
                  40 33 39 -1 
                  41 32 40 -1 
                  42 31 41 -1 
                  43 30 42 -1 
                  44 29 43 -1 
                  45 28 44 -1 
                  46 27 45 -1 
                  47 26 46 -1 
                  48 25 47 -1 
                  49 24 48 -1 
                  50 23 49 -1 
                  51 22 50 -1 
                  52 21 51 -1 
                  53 20 52 -1 
                  54 19 53 -1 
                  55 18 54 -1 
                  56 17 55 -1 
                  57 16 56 -1 
                  58 15 57 -1 
                  59 14 58 -1 
                  60 13 59 -1 
                  61 12 60 -1 
                  62 11 61 -1 
                  63 10 62 -1 
                  64 9 63 -1 
                  65 8 64 -1 
                  66 7 65 -1 
                  67 6 66 -1 
                  68 5 67 -1 
                  69 4 68 -1 
                  70 3 69 -1 
                  71 2 70 -1 
                  72 1 71 -1 
                  73 0 72 -1 
                  76 74 75 -1 
                  77 74 76 -1 
                  78 74 77 -1 
                  79 74 78 -1 
                  80 74 79 -1 
                  81 74 80 -1 
                  82 74 81 -1 
                  83 74 82 -1 
                  84 74 83 -1 
                  85 74 84 -1 
                  86 74 85 -1 
                  87 74 86 -1 
                  88 74 87 -1 
                  89 74 88 -1 
                  90 74 89 -1 
                  91 74 90 -1 
                  92 74 91 -1 
                  93 74 92 -1 
                  94 74 93 -1 
                  95 74 94 -1 
                  96 74 95 -1 
                  97 74 96 -1 
                  98 74 97 -1 
                  99 74 98 -1 
                  100 74 99 -1 
                  101 74 100 -1 
                  102 74 101 -1 
                  103 74 102 -1 
                  104 74 103 -1 
                  105 74 104 -1 
                  106 74 105 -1 
                  107 74 106 -1 
                  108 74 107 -1 
                  109 74 108 -1 
                  112 111 110 -1 
                  113 112 110 -1 
                  114 113 110 -1 
                  115 114 110 -1 
                  116 115 110 -1 
                  117 116 110 -1 
                  118 117 110 -1 
                  119 118 110 -1 
                  120 119 110 -1 
                  121 120 110 -1 
                  122 121 110 -1 
                  123 122 110 -1 
                  124 123 110 -1 
                  125 124 110 -1 
                  126 125 110 -1 
                  127 126 110 -1 
                  128 127 110 -1 
                  129 128 110 -1 
                  130 129 110 -1 
                  131 130 110 -1 
                  132 131 110 -1 
                  133 132 110 -1 
                  134 133 110 -1 
                  135 134 110 -1 
                  136 135 110 -1 
                  137 136 110 -1 
                  138 137 110 -1 
                  139 138 110 -1 
                  140 139 110 -1 
                  141 140 110 -1 
                  142 141 110 -1 
                  143 142 110 -1 
                  144 143 110 -1 
                  145 144 110 -1 
                ]
              }
            }
            DEF Leads_8 Shape {
              appearance DEF __39 Appearance {
                material DEF __40 Material {
                  ambientIntensity 0.260947436094
                  diffuseColor 0.73400002718 0.773000001907 0.79699999094
                  shininess 0
                }
              }
              geometry DEF __41 IndexedFaceSet {
                solid FALSE
                coord Coordinate {
                  point [
                    0.007945 0.00762 0.0001,
                    0.007945 0.00762 -0.005,
                    0.00794006251973 0.00767643565774 0.0001,
                    0.00792540010176 0.00773115654658 0.0001,
                    0.00790145825623 0.0077825 0.0001,
                    0.00786896444401 0.00782890597315 0.0001,
                    0.00782890597315 0.00786896444401 0.0001,
                    0.0077825 0.00790145825623 0.0001,
                    0.00773115654658 0.00792540010176 0.0001,
                    0.00767643565774 0.00794006251973 0.0001,
                    0.00762 0.007945 0.0001,
                    0.00756356434226 0.00794006251973 0.0001,
                    0.00750884345342 0.00792540010176 0.0001,
                    0.0074575 0.00790145825623 0.0001,
                    0.00741109402685 0.00786896444401 0.0001,
                    0.00737103555599 0.00782890597315 0.0001,
                    0.00733854174377 0.0077825 0.0001,
                    0.00731459989824 0.00773115654658 0.0001,
                    0.00729993748027 0.00767643565774 0.0001,
                    0.007295 0.00762 0.0001,
                    0.00729993748027 0.00756356434226 0.0001,
                    0.00731459989824 0.00750884345342 0.0001,
                    0.00733854174377 0.0074575 0.0001,
                    0.00737103555599 0.00741109402685 0.0001,
                    0.00741109402685 0.00737103555599 0.0001,
                    0.0074575 0.00733854174377 0.0001,
                    0.00750884345342 0.00731459989824 0.0001,
                    0.00756356434226 0.00729993748027 0.0001,
                    0.00762 0.007295 0.0001,
                    0.00767643565774 0.00729993748027 0.0001,
                    0.00773115654658 0.00731459989824 0.0001,
                    0.0077825 0.00733854174377 0.0001,
                    0.00782890597315 0.00737103555599 0.0001,
                    0.00786896444401 0.00741109402685 0.0001,
                    0.00790145825623 0.0074575 0.0001,
                    0.00792540010176 0.00750884345342 0.0001,
                    0.00794006251973 0.00756356434226 0.0001,
                    0.00794006251973 0.00767643565774 -0.005,
                    0.00792540010176 0.00773115654658 -0.005,
                    0.00790145825623 0.0077825 -0.005,
                    0.00786896444401 0.00782890597315 -0.005,
                    0.00782890597315 0.00786896444401 -0.005,
                    0.0077825 0.00790145825623 -0.005,
                    0.00773115654658 0.00792540010176 -0.005,
                    0.00767643565774 0.00794006251973 -0.005,
                    0.00762 0.007945 -0.005,
                    0.00756356434226 0.00794006251973 -0.005,
                    0.00750884345342 0.00792540010176 -0.005,
                    0.0074575 0.00790145825623 -0.005,
                    0.00741109402685 0.00786896444401 -0.005,
                    0.00737103555599 0.00782890597315 -0.005,
                    0.00733854174377 0.0077825 -0.005,
                    0.00731459989824 0.00773115654658 -0.005,
                    0.00729993748027 0.00767643565774 -0.005,
                    0.007295 0.00762 -0.005,
                    0.00729993748027 0.00756356434226 -0.005,
                    0.00731459989824 0.00750884345342 -0.005,
                    0.00733854174377 0.0074575 -0.005,
                    0.00737103555599 0.00741109402685 -0.005,
                    0.00741109402685 0.00737103555599 -0.005,
                    0.0074575 0.00733854174377 -0.005,
                    0.00750884345342 0.00731459989824 -0.005,
                    0.00756356434226 0.00729993748027 -0.005,
                    0.00762 0.007295 -0.005,
                    0.00767643565774 0.00729993748027 -0.005,
                    0.00773115654658 0.00731459989824 -0.005,
                    0.0077825 0.00733854174377 -0.005,
                    0.00782890597315 0.00737103555599 -0.005,
                    0.00786896444401 0.00741109402685 -0.005,
                    0.00790145825623 0.0074575 -0.005,
                    0.00792540010176 0.00750884345342 -0.005,
                    0.00794006251973 0.00756356434226 -0.005

                  ]
                }
                normal Normal {
                  vector [
                    1 0 0,
                    0.98480773 -0.17364818 0,
                    0.93969262 -0.34202015 0,
                    0.86602539 -0.5 0,
                    0.76604444 -0.64278764 0,
                    0.64278764 -0.76604444 0,
                    0.5 -0.86602539 0,
                    0.34202015 -0.93969262 0,
                    0.17364818 -0.98480773 0,
                    -2.6645353e-15 -1 0,
                    -0.17364818 -0.98480773 0,
                    -0.34202015 -0.93969262 0,
                    -0.5 -0.86602539 0,
                    -0.64278764 -0.76604444 0,
                    -0.76604444 -0.64278764 0,
                    -0.86602539 -0.5 0,
                    -0.93969262 -0.34202015 0,
                    -0.98480773 -0.17364818 0,
                    -1 1.7763568e-15 0,
                    -0.98480773 0.17364818 0,
                    -0.93969262 0.34202015 0,
                    -0.86602539 0.5 0,
                    -0.76604444 0.64278764 0,
                    -0.64278764 0.76604444 0,
                    -0.5 0.86602539 0,
                    -0.34202015 0.93969262 0,
                    -0.17364818 0.98480773 0,
                    0 1 0,
                    0.17364818 0.98480773 0,
                    0.34202015 0.93969262 0,
                    0.5 0.86602539 0,
                    0.64278764 0.76604444 0,
                    0.76604444 0.64278764 0,
                    0.86602539 0.5 0,
                    0.93969262 0.34202015 0,
                    0.98480773 0.17364818 0,
                    1 0 0,
                    1 0 0,
                    0.98480773 0.17364818 0,
                    0.93969262 0.34202015 0,
                    0.86602539 0.5 0,
                    0.76604444 0.64278764 0,
                    0.64278764 0.76604444 0,
                    0.5 0.86602539 0,
                    0.34202015 0.93969262 0,
                    0.17364818 0.98480773 0,
                    0 1 0,
                    -0.17364818 0.98480773 0,
                    -0.34202015 0.93969262 0,
                    -0.5 0.86602539 0,
                    -0.64278764 0.76604444 0,
                    -0.76604444 0.64278764 0,
                    -0.86602539 0.5 0,
                    -0.93969262 0.34202015 0,
                    -0.98480773 0.17364818 0,
                    -1 1.7763568e-15 0,
                    -0.98480773 -0.17364818 0,
                    -0.93969262 -0.34202015 0,
                    -0.86602539 -0.5 0,
                    -0.76604444 -0.64278764 0,
                    -0.64278764 -0.76604444 0,
                    -0.5 -0.86602539 0,
                    -0.34202015 -0.93969262 0,
                    -0.17364818 -0.98480773 0,
                    -2.6645353e-15 -1 0,
                    0.17364818 -0.98480773 0,
                    0.34202015 -0.93969262 0,
                    0.5 -0.86602539 0,
                    0.64278764 -0.76604444 0,
                    0.76604444 -0.64278764 0,
                    0.86602539 -0.5 0,
                    0.93969262 -0.34202015 0,
                    0.98480773 -0.17364818 0,
                    1 0 0,
                    0 0 1,
                    0 0 1,
                    0 0 1,
                    0 0 1,
                    0 0 1,
                    0 0 1,
                    0 0 1,
                    0 0 1,
                    0 0 1,
                    0 0 1,
                    0 0 1,
                    0 0 1,
                    0 0 1,
                    0 0 1,
                    0 0 1,
                    0 0 1,
                    0 0 1,
                    0 0 1,
                    0 0 1,
                    0 0 1,
                    0 0 1,
                    0 0 1,
                    0 0 1,
                    0 0 1,
                    0 0 1,
                    0 0 1,
                    0 0 1,
                    0 0 1,
                    0 0 1,
                    0 0 1,
                    0 0 1,
                    0 0 1,
                    0 0 1,
                    0 0 1,
                    0 0 1,
                    0 0 1,
                    -0 -0 -1,
                    -0 -0 -1,
                    -0 -0 -1,
                    -0 -0 -1,
                    -0 -0 -1,
                    -0 -0 -1,
                    -0 -0 -1,
                    -0 -0 -1,
                    -0 -0 -1,
                    -0 -0 -1,
                    -0 -0 -1,
                    -0 -0 -1,
                    -0 -0 -1,
                    -0 -0 -1,
                    -0 -0 -1,
                    -0 -0 -1,
                    -0 -0 -1,
                    -0 -0 -1,
                    -0 -0 -1,
                    -0 -0 -1,
                    -0 -0 -1,
                    -0 -0 -1,
                    -0 -0 -1,
                    -0 -0 -1,
                    -0 -0 -1,
                    -0 -0 -1,
                    -0 -0 -1,
                    -0 -0 -1,
                    -0 -0 -1,
                    -0 -0 -1,
                    -0 -0 -1,
                    -0 -0 -1,
                    -0 -0 -1,
                    -0 -0 -1,
                    -0 -0 -1,
                    -0 -0 -1

                  ]
                }
                coordIndex [
                  71 0 36 -1 
                  70 36 35 -1 
                  69 35 34 -1 
                  68 34 33 -1 
                  67 33 32 -1 
                  29 64 30 -1 
                  28 63 29 -1 
                  27 62 28 -1 
                  26 61 27 -1 
                  25 60 26 -1 
                  24 59 25 -1 
                  23 58 24 -1 
                  22 57 23 -1 
                  21 56 22 -1 
                  20 55 21 -1 
                  19 54 20 -1 
                  18 53 19 -1 
                  17 52 18 -1 
                  16 51 17 -1 
                  15 50 16 -1 
                  14 49 15 -1 
                  13 48 14 -1 
                  12 47 13 -1 
                  11 46 12 -1 
                  10 45 11 -1 
                  9 44 10 -1 
                  8 43 9 -1 
                  7 42 8 -1 
                  6 41 7 -1 
                  5 40 6 -1 
                  4 39 5 -1 
                  3 38 4 -1 
                  2 37 3 -1 
                  0 1 2 -1 
                  66 32 31 -1 
                  65 31 30 -1 
                  37 2 1 -1 
                  38 3 37 -1 
                  39 4 38 -1 
                  40 5 39 -1 
                  41 6 40 -1 
                  42 7 41 -1 
                  43 8 42 -1 
                  44 9 43 -1 
                  45 10 44 -1 
                  46 11 45 -1 
                  47 12 46 -1 
                  48 13 47 -1 
                  49 14 48 -1 
                  50 15 49 -1 
                  51 16 50 -1 
                  52 17 51 -1 
                  53 18 52 -1 
                  54 19 53 -1 
                  55 20 54 -1 
                  56 21 55 -1 
                  57 22 56 -1 
                  58 23 57 -1 
                  59 24 58 -1 
                  60 25 59 -1 
                  61 26 60 -1 
                  62 27 61 -1 
                  63 28 62 -1 
                  64 29 63 -1 
                  65 30 64 -1 
                  66 31 65 -1 
                  67 32 66 -1 
                  68 33 67 -1 
                  69 34 68 -1 
                  70 35 69 -1 
                  71 36 70 -1 
                  1 0 71 -1 
                  3 0 2 -1 
                  4 0 3 -1 
                  5 0 4 -1 
                  6 0 5 -1 
                  7 0 6 -1 
                  8 0 7 -1 
                  9 0 8 -1 
                  10 0 9 -1 
                  11 0 10 -1 
                  12 0 11 -1 
                  13 0 12 -1 
                  14 0 13 -1 
                  15 0 14 -1 
                  16 0 15 -1 
                  17 0 16 -1 
                  18 0 17 -1 
                  19 0 18 -1 
                  20 0 19 -1 
                  21 0 20 -1 
                  22 0 21 -1 
                  23 0 22 -1 
                  24 0 23 -1 
                  25 0 24 -1 
                  26 0 25 -1 
                  27 0 26 -1 
                  28 0 27 -1 
                  29 0 28 -1 
                  30 0 29 -1 
                  31 0 30 -1 
                  32 0 31 -1 
                  33 0 32 -1 
                  34 0 33 -1 
                  35 0 34 -1 
                  36 0 35 -1 
                  38 37 1 -1 
                  39 38 1 -1 
                  40 39 1 -1 
                  41 40 1 -1 
                  42 41 1 -1 
                  43 42 1 -1 
                  44 43 1 -1 
                  45 44 1 -1 
                  46 45 1 -1 
                  47 46 1 -1 
                  48 47 1 -1 
                  49 48 1 -1 
                  50 49 1 -1 
                  51 50 1 -1 
                  52 51 1 -1 
                  53 52 1 -1 
                  54 53 1 -1 
                  55 54 1 -1 
                  56 55 1 -1 
                  57 56 1 -1 
                  58 57 1 -1 
                  59 58 1 -1 
                  60 59 1 -1 
                  61 60 1 -1 
                  62 61 1 -1 
                  63 62 1 -1 
                  64 63 1 -1 
                  65 64 1 -1 
                  66 65 1 -1 
                  67 66 1 -1 
                  68 67 1 -1 
                  69 68 1 -1 
                  70 69 1 -1 
                  71 70 1 -1 
                ]
                normalIndex [
                  72 0 1 -1 
                  71 1 2 -1 
                  70 2 3 -1 
                  69 3 4 -1 
                  68 4 5 -1 
                  8 65 7 -1 
                  9 64 8 -1 
                  10 63 9 -1 
                  11 62 10 -1 
                  12 61 11 -1 
                  13 60 12 -1 
                  14 59 13 -1 
                  15 58 14 -1 
                  16 57 15 -1 
                  17 56 16 -1 
                  18 55 17 -1 
                  19 54 18 -1 
                  20 53 19 -1 
                  21 52 20 -1 
                  22 51 21 -1 
                  23 50 22 -1 
                  24 49 23 -1 
                  25 48 24 -1 
                  26 47 25 -1 
                  27 46 26 -1 
                  28 45 27 -1 
                  29 44 28 -1 
                  30 43 29 -1 
                  31 42 30 -1 
                  32 41 31 -1 
                  33 40 32 -1 
                  34 39 33 -1 
                  35 38 34 -1 
                  36 37 35 -1 
                  67 5 6 -1 
                  66 6 7 -1 
                  38 35 37 -1 
                  39 34 38 -1 
                  40 33 39 -1 
                  41 32 40 -1 
                  42 31 41 -1 
                  43 30 42 -1 
                  44 29 43 -1 
                  45 28 44 -1 
                  46 27 45 -1 
                  47 26 46 -1 
                  48 25 47 -1 
                  49 24 48 -1 
                  50 23 49 -1 
                  51 22 50 -1 
                  52 21 51 -1 
                  53 20 52 -1 
                  54 19 53 -1 
                  55 18 54 -1 
                  56 17 55 -1 
                  57 16 56 -1 
                  58 15 57 -1 
                  59 14 58 -1 
                  60 13 59 -1 
                  61 12 60 -1 
                  62 11 61 -1 
                  63 10 62 -1 
                  64 9 63 -1 
                  65 8 64 -1 
                  66 7 65 -1 
                  67 6 66 -1 
                  68 5 67 -1 
                  69 4 68 -1 
                  70 3 69 -1 
                  71 2 70 -1 
                  72 1 71 -1 
                  73 0 72 -1 
                  76 74 75 -1 
                  77 74 76 -1 
                  78 74 77 -1 
                  79 74 78 -1 
                  80 74 79 -1 
                  81 74 80 -1 
                  82 74 81 -1 
                  83 74 82 -1 
                  84 74 83 -1 
                  85 74 84 -1 
                  86 74 85 -1 
                  87 74 86 -1 
                  88 74 87 -1 
                  89 74 88 -1 
                  90 74 89 -1 
                  91 74 90 -1 
                  92 74 91 -1 
                  93 74 92 -1 
                  94 74 93 -1 
                  95 74 94 -1 
                  96 74 95 -1 
                  97 74 96 -1 
                  98 74 97 -1 
                  99 74 98 -1 
                  100 74 99 -1 
                  101 74 100 -1 
                  102 74 101 -1 
                  103 74 102 -1 
                  104 74 103 -1 
                  105 74 104 -1 
                  106 74 105 -1 
                  107 74 106 -1 
                  108 74 107 -1 
                  109 74 108 -1 
                  112 111 110 -1 
                  113 112 110 -1 
                  114 113 110 -1 
                  115 114 110 -1 
                  116 115 110 -1 
                  117 116 110 -1 
                  118 117 110 -1 
                  119 118 110 -1 
                  120 119 110 -1 
                  121 120 110 -1 
                  122 121 110 -1 
                  123 122 110 -1 
                  124 123 110 -1 
                  125 124 110 -1 
                  126 125 110 -1 
                  127 126 110 -1 
                  128 127 110 -1 
                  129 128 110 -1 
                  130 129 110 -1 
                  131 130 110 -1 
                  132 131 110 -1 
                  133 132 110 -1 
                  134 133 110 -1 
                  135 134 110 -1 
                  136 135 110 -1 
                  137 136 110 -1 
                  138 137 110 -1 
                  139 138 110 -1 
                  140 139 110 -1 
                  141 140 110 -1 
                  142 141 110 -1 
                  143 142 110 -1 
                  144 143 110 -1 
                  145 144 110 -1 
                ]
              }
            }
            DEF Leads_9 Shape {
              appearance DEF __43 Appearance {
                material DEF __44 Material {
                  ambientIntensity 0.260947436094
                  diffuseColor 0.73400002718 0.773000001907 0.79699999094
                  shininess 0
                }
              }
              geometry DEF __45 IndexedFaceSet {
                solid FALSE
                coord Coordinate {
                  point [
                    0.010485 -7.96020419446e-20 0.0001,
                    0.010485 -7.96020419446e-20 -0.005,
                    0.0104800625197 5.64356577418e-05 0.0001,
                    0.0104654001018 0.000111156546581 0.0001,
                    0.0104414582562 0.0001625 0.0001,
                    0.010408964444 0.000208905973148 0.0001,
                    0.0103689059731 0.000248964444014 0.0001,
                    0.0103225 0.00028145825623 0.0001,
                    0.0102711565466 0.000305400101755 0.0001,
                    0.0102164356577 0.000320062519729 0.0001,
                    0.01016 0.000325 0.0001,
                    0.0101035643423 0.000320062519729 0.0001,
                    0.0100488434534 0.000305400101755 0.0001,
                    0.0099975 0.00028145825623 0.0001,
                    0.00995109402685 0.000248964444014 0.0001,
                    0.00991103555599 0.000208905973148 0.0001,
                    0.00987854174377 0.0001625 0.0001,
                    0.00985459989824 0.000111156546581 0.0001,
                    0.00983993748027 5.64356577418e-05 0.0001,
                    0.009835 4.72788000576e-19 0.0001,
                    0.00983993748027 -5.64356577418e-05 0.0001,
                    0.00985459989824 -0.000111156546581 0.0001,
                    0.00987854174377 -0.0001625 0.0001,
                    0.00991103555599 -0.000208905973148 0.0001,
                    0.00995109402685 -0.000248964444014 0.0001,
                    0.0099975 -0.00028145825623 0.0001,
                    0.0100488434534 -0.000305400101755 0.0001,
                    0.0101035643423 -0.000320062519729 0.0001,
                    0.01016 -0.000325 0.0001,
                    0.0102164356577 -0.000320062519729 0.0001,
                    0.0102711565466 -0.000305400101755 0.0001,
                    0.0103225 -0.00028145825623 0.0001,
                    0.0103689059731 -0.000248964444014 0.0001,
                    0.010408964444 -0.000208905973148 0.0001,
                    0.0104414582562 -0.0001625 0.0001,
                    0.0104654001018 -0.000111156546581 0.0001,
                    0.0104800625197 -5.64356577418e-05 0.0001,
                    0.0104800625197 5.64356577418e-05 -0.005,
                    0.0104654001018 0.000111156546581 -0.005,
                    0.0104414582562 0.0001625 -0.005,
                    0.010408964444 0.000208905973148 -0.005,
                    0.0103689059731 0.000248964444014 -0.005,
                    0.0103225 0.00028145825623 -0.005,
                    0.0102711565466 0.000305400101755 -0.005,
                    0.0102164356577 0.000320062519729 -0.005,
                    0.01016 0.000325 -0.005,
                    0.0101035643423 0.000320062519729 -0.005,
                    0.0100488434534 0.000305400101755 -0.005,
                    0.0099975 0.00028145825623 -0.005,
                    0.00995109402685 0.000248964444014 -0.005,
                    0.00991103555599 0.000208905973148 -0.005,
                    0.00987854174377 0.0001625 -0.005,
                    0.00985459989824 0.000111156546581 -0.005,
                    0.00983993748027 5.64356577418e-05 -0.005,
                    0.009835 4.72788000576e-19 -0.005,
                    0.00983993748027 -5.64356577418e-05 -0.005,
                    0.00985459989824 -0.000111156546581 -0.005,
                    0.00987854174377 -0.0001625 -0.005,
                    0.00991103555599 -0.000208905973148 -0.005,
                    0.00995109402685 -0.000248964444014 -0.005,
                    0.0099975 -0.00028145825623 -0.005,
                    0.0100488434534 -0.000305400101755 -0.005,
                    0.0101035643423 -0.000320062519729 -0.005,
                    0.01016 -0.000325 -0.005,
                    0.0102164356577 -0.000320062519729 -0.005,
                    0.0102711565466 -0.000305400101755 -0.005,
                    0.0103225 -0.00028145825623 -0.005,
                    0.0103689059731 -0.000248964444014 -0.005,
                    0.010408964444 -0.000208905973148 -0.005,
                    0.0104414582562 -0.0001625 -0.005,
                    0.0104654001018 -0.000111156546581 -0.005,
                    0.0104800625197 -5.64356577418e-05 -0.005

                  ]
                }
                normal Normal {
                  vector [
                    1 -2.4492937e-16 0,
                    0.98480773 -0.17364818 0,
                    0.93969262 -0.34202015 0,
                    0.86602539 -0.5 0,
                    0.76604444 -0.64278764 0,
                    0.64278764 -0.76604444 0,
                    0.5 -0.86602539 0,
                    0.34202015 -0.93969262 0,
                    0.17364818 -0.98480773 0,
                    -3.5527137e-15 -1 0,
                    -0.17364818 -0.98480773 0,
                    -0.34202015 -0.93969262 0,
                    -0.5 -0.86602539 0,
                    -0.64278764 -0.76604444 0,
                    -0.76604444 -0.64278764 0,
                    -0.86602539 -0.5 0,
                    -0.93969262 -0.34202015 0,
                    -0.98480773 -0.17364818 0,
                    -1 1.4547323e-15 0,
                    -0.98480773 0.17364818 0,
                    -0.93969262 0.34202015 0,
                    -0.86602539 0.5 0,
                    -0.76604444 0.64278764 0,
                    -0.64278764 0.76604444 0,
                    -0.5 0.86602539 0,
                    -0.34202015 0.93969262 0,
                    -0.17364818 0.98480773 0,
                    0 1 0,
                    0.17364818 0.98480773 0,
                    0.34202015 0.93969262 0,
                    0.5 0.86602539 0,
                    0.64278764 0.76604444 0,
                    0.76604444 0.64278764 0,
                    0.86602539 0.5 0,
                    0.93969262 0.34202015 0,
                    0.98480773 0.17364818 0,
                    1 0 0,
                    1 0 0,
                    0.98480773 0.17364818 0,
                    0.93969262 0.34202015 0,
                    0.86602539 0.5 0,
                    0.76604444 0.64278764 0,
                    0.64278764 0.76604444 0,
                    0.5 0.86602539 0,
                    0.34202015 0.93969262 0,
                    0.17364818 0.98480773 0,
                    0 1 0,
                    -0.17364818 0.98480773 0,
                    -0.34202015 0.93969262 0,
                    -0.5 0.86602539 0,
                    -0.64278764 0.76604444 0,
                    -0.76604444 0.64278764 0,
                    -0.86602539 0.5 0,
                    -0.93969262 0.34202015 0,
                    -0.98480773 0.17364818 0,
                    -1 1.4547323e-15 0,
                    -0.98480773 -0.17364818 0,
                    -0.93969262 -0.34202015 0,
                    -0.86602539 -0.5 0,
                    -0.76604444 -0.64278764 0,
                    -0.64278764 -0.76604444 0,
                    -0.5 -0.86602539 0,
                    -0.34202015 -0.93969262 0,
                    -0.17364818 -0.98480773 0,
                    -3.5527137e-15 -1 0,
                    0.17364818 -0.98480773 0,
                    0.34202015 -0.93969262 0,
                    0.5 -0.86602539 0,
                    0.64278764 -0.76604444 0,
                    0.76604444 -0.64278764 0,
                    0.86602539 -0.5 0,
                    0.93969262 -0.34202015 0,
                    0.98480773 -0.17364818 0,
                    1 -2.4492937e-16 0,
                    0 0 1,
                    0 0 1,
                    0 0 1,
                    0 0 1,
                    0 0 1,
                    0 0 1,
                    0 0 1,
                    0 0 1,
                    0 0 1,
                    0 0 1,
                    0 0 1,
                    0 0 1,
                    0 0 1,
                    0 0 1,
                    0 0 1,
                    0 0 1,
                    0 0 1,
                    0 0 1,
                    0 0 1,
                    0 0 1,
                    0 0 1,
                    0 0 1,
                    0 0 1,
                    0 0 1,
                    0 0 1,
                    0 0 1,
                    0 0 1,
                    0 0 1,
                    0 0 1,
                    0 0 1,
                    0 0 1,
                    0 0 1,
                    0 0 1,
                    0 0 1,
                    0 0 1,
                    0 0 1,
                    -0 -0 -1,
                    -0 -0 -1,
                    -0 -0 -1,
                    -0 -0 -1,
                    -0 -0 -1,
                    -0 -0 -1,
                    -0 -0 -1,
                    -0 -0 -1,
                    -0 -0 -1,
                    -0 -0 -1,
                    -0 -0 -1,
                    -0 -0 -1,
                    -0 -0 -1,
                    -0 -0 -1,
                    -0 -0 -1,
                    -0 -0 -1,
                    -0 -0 -1,
                    -0 -0 -1,
                    -0 -0 -1,
                    -0 -0 -1,
                    -0 -0 -1,
                    -0 -0 -1,
                    -0 -0 -1,
                    -0 -0 -1,
                    -0 -0 -1,
                    -0 -0 -1,
                    -0 -0 -1,
                    -0 -0 -1,
                    -0 -0 -1,
                    -0 -0 -1,
                    -0 -0 -1,
                    -0 -0 -1,
                    -0 -0 -1,
                    -0 -0 -1,
                    -0 -0 -1,
                    -0 -0 -1

                  ]
                }
                coordIndex [
                  71 0 36 -1 
                  70 36 35 -1 
                  69 35 34 -1 
                  68 34 33 -1 
                  67 33 32 -1 
                  29 64 30 -1 
                  28 63 29 -1 
                  27 62 28 -1 
                  26 61 27 -1 
                  25 60 26 -1 
                  24 59 25 -1 
                  23 58 24 -1 
                  22 57 23 -1 
                  21 56 22 -1 
                  20 55 21 -1 
                  19 54 20 -1 
                  18 53 19 -1 
                  17 52 18 -1 
                  16 51 17 -1 
                  15 50 16 -1 
                  14 49 15 -1 
                  13 48 14 -1 
                  12 47 13 -1 
                  11 46 12 -1 
                  10 45 11 -1 
                  9 44 10 -1 
                  8 43 9 -1 
                  7 42 8 -1 
                  6 41 7 -1 
                  5 40 6 -1 
                  4 39 5 -1 
                  3 38 4 -1 
                  2 37 3 -1 
                  0 1 2 -1 
                  66 32 31 -1 
                  65 31 30 -1 
                  37 2 1 -1 
                  38 3 37 -1 
                  39 4 38 -1 
                  40 5 39 -1 
                  41 6 40 -1 
                  42 7 41 -1 
                  43 8 42 -1 
                  44 9 43 -1 
                  45 10 44 -1 
                  46 11 45 -1 
                  47 12 46 -1 
                  48 13 47 -1 
                  49 14 48 -1 
                  50 15 49 -1 
                  51 16 50 -1 
                  52 17 51 -1 
                  53 18 52 -1 
                  54 19 53 -1 
                  55 20 54 -1 
                  56 21 55 -1 
                  57 22 56 -1 
                  58 23 57 -1 
                  59 24 58 -1 
                  60 25 59 -1 
                  61 26 60 -1 
                  62 27 61 -1 
                  63 28 62 -1 
                  64 29 63 -1 
                  65 30 64 -1 
                  66 31 65 -1 
                  67 32 66 -1 
                  68 33 67 -1 
                  69 34 68 -1 
                  70 35 69 -1 
                  71 36 70 -1 
                  1 0 71 -1 
                  3 0 2 -1 
                  4 0 3 -1 
                  5 0 4 -1 
                  6 0 5 -1 
                  7 0 6 -1 
                  8 0 7 -1 
                  9 0 8 -1 
                  10 0 9 -1 
                  11 0 10 -1 
                  12 0 11 -1 
                  13 0 12 -1 
                  14 0 13 -1 
                  15 0 14 -1 
                  16 0 15 -1 
                  17 0 16 -1 
                  18 0 17 -1 
                  19 0 18 -1 
                  20 0 19 -1 
                  21 0 20 -1 
                  22 0 21 -1 
                  23 0 22 -1 
                  24 0 23 -1 
                  25 0 24 -1 
                  26 0 25 -1 
                  27 0 26 -1 
                  28 0 27 -1 
                  29 0 28 -1 
                  30 0 29 -1 
                  31 0 30 -1 
                  32 0 31 -1 
                  33 0 32 -1 
                  34 0 33 -1 
                  35 0 34 -1 
                  36 0 35 -1 
                  38 37 1 -1 
                  39 38 1 -1 
                  40 39 1 -1 
                  41 40 1 -1 
                  42 41 1 -1 
                  43 42 1 -1 
                  44 43 1 -1 
                  45 44 1 -1 
                  46 45 1 -1 
                  47 46 1 -1 
                  48 47 1 -1 
                  49 48 1 -1 
                  50 49 1 -1 
                  51 50 1 -1 
                  52 51 1 -1 
                  53 52 1 -1 
                  54 53 1 -1 
                  55 54 1 -1 
                  56 55 1 -1 
                  57 56 1 -1 
                  58 57 1 -1 
                  59 58 1 -1 
                  60 59 1 -1 
                  61 60 1 -1 
                  62 61 1 -1 
                  63 62 1 -1 
                  64 63 1 -1 
                  65 64 1 -1 
                  66 65 1 -1 
                  67 66 1 -1 
                  68 67 1 -1 
                  69 68 1 -1 
                  70 69 1 -1 
                  71 70 1 -1 
                ]
                normalIndex [
                  72 0 1 -1 
                  71 1 2 -1 
                  70 2 3 -1 
                  69 3 4 -1 
                  68 4 5 -1 
                  8 65 7 -1 
                  9 64 8 -1 
                  10 63 9 -1 
                  11 62 10 -1 
                  12 61 11 -1 
                  13 60 12 -1 
                  14 59 13 -1 
                  15 58 14 -1 
                  16 57 15 -1 
                  17 56 16 -1 
                  18 55 17 -1 
                  19 54 18 -1 
                  20 53 19 -1 
                  21 52 20 -1 
                  22 51 21 -1 
                  23 50 22 -1 
                  24 49 23 -1 
                  25 48 24 -1 
                  26 47 25 -1 
                  27 46 26 -1 
                  28 45 27 -1 
                  29 44 28 -1 
                  30 43 29 -1 
                  31 42 30 -1 
                  32 41 31 -1 
                  33 40 32 -1 
                  34 39 33 -1 
                  35 38 34 -1 
                  36 37 35 -1 
                  67 5 6 -1 
                  66 6 7 -1 
                  38 35 37 -1 
                  39 34 38 -1 
                  40 33 39 -1 
                  41 32 40 -1 
                  42 31 41 -1 
                  43 30 42 -1 
                  44 29 43 -1 
                  45 28 44 -1 
                  46 27 45 -1 
                  47 26 46 -1 
                  48 25 47 -1 
                  49 24 48 -1 
                  50 23 49 -1 
                  51 22 50 -1 
                  52 21 51 -1 
                  53 20 52 -1 
                  54 19 53 -1 
                  55 18 54 -1 
                  56 17 55 -1 
                  57 16 56 -1 
                  58 15 57 -1 
                  59 14 58 -1 
                  60 13 59 -1 
                  61 12 60 -1 
                  62 11 61 -1 
                  63 10 62 -1 
                  64 9 63 -1 
                  65 8 64 -1 
                  66 7 65 -1 
                  67 6 66 -1 
                  68 5 67 -1 
                  69 4 68 -1 
                  70 3 69 -1 
                  71 2 70 -1 
                  72 1 71 -1 
                  73 0 72 -1 
                  76 74 75 -1 
                  77 74 76 -1 
                  78 74 77 -1 
                  79 74 78 -1 
                  80 74 79 -1 
                  81 74 80 -1 
                  82 74 81 -1 
                  83 74 82 -1 
                  84 74 83 -1 
                  85 74 84 -1 
                  86 74 85 -1 
                  87 74 86 -1 
                  88 74 87 -1 
                  89 74 88 -1 
                  90 74 89 -1 
                  91 74 90 -1 
                  92 74 91 -1 
                  93 74 92 -1 
                  94 74 93 -1 
                  95 74 94 -1 
                  96 74 95 -1 
                  97 74 96 -1 
                  98 74 97 -1 
                  99 74 98 -1 
                  100 74 99 -1 
                  101 74 100 -1 
                  102 74 101 -1 
                  103 74 102 -1 
                  104 74 103 -1 
                  105 74 104 -1 
                  106 74 105 -1 
                  107 74 106 -1 
                  108 74 107 -1 
                  109 74 108 -1 
                  112 111 110 -1 
                  113 112 110 -1 
                  114 113 110 -1 
                  115 114 110 -1 
                  116 115 110 -1 
                  117 116 110 -1 
                  118 117 110 -1 
                  119 118 110 -1 
                  120 119 110 -1 
                  121 120 110 -1 
                  122 121 110 -1 
                  123 122 110 -1 
                  124 123 110 -1 
                  125 124 110 -1 
                  126 125 110 -1 
                  127 126 110 -1 
                  128 127 110 -1 
                  129 128 110 -1 
                  130 129 110 -1 
                  131 130 110 -1 
                  132 131 110 -1 
                  133 132 110 -1 
                  134 133 110 -1 
                  135 134 110 -1 
                  136 135 110 -1 
                  137 136 110 -1 
                  138 137 110 -1 
                  139 138 110 -1 
                  140 139 110 -1 
                  141 140 110 -1 
                  142 141 110 -1 
                  143 142 110 -1 
                  144 143 110 -1 
                  145 144 110 -1 
                ]
              }
            }
            DEF Leads_10 Shape {
              appearance DEF __47 Appearance {
                material DEF __48 Material {
                  ambientIntensity 0.260947436094
                  diffuseColor 0.73400002718 0.773000001907 0.79699999094
                  shininess 0
                }
              }
              geometry DEF __49 IndexedFaceSet {
                solid FALSE
                coord Coordinate {
                  point [
                    0.013025 -7.96020419446e-20 0.0001,
                    0.013025 -7.96020419446e-20 -0.005,
                    0.0130200625197 5.64356577418e-05 0.0001,
                    0.0130054001018 0.000111156546581 0.0001,
                    0.0129814582562 0.0001625 0.0001,
                    0.012948964444 0.000208905973148 0.0001,
                    0.0129089059731 0.000248964444014 0.0001,
                    0.0128625 0.00028145825623 0.0001,
                    0.0128111565466 0.000305400101755 0.0001,
                    0.0127564356577 0.000320062519729 0.0001,
                    0.0127 0.000325 0.0001,
                    0.0126435643423 0.000320062519729 0.0001,
                    0.0125888434534 0.000305400101755 0.0001,
                    0.0125375 0.00028145825623 0.0001,
                    0.0124910940269 0.000248964444014 0.0001,
                    0.012451035556 0.000208905973148 0.0001,
                    0.0124185417438 0.0001625 0.0001,
                    0.0123945998982 0.000111156546581 0.0001,
                    0.0123799374803 5.64356577418e-05 0.0001,
                    0.012375 4.72788000576e-19 0.0001,
                    0.0123799374803 -5.64356577418e-05 0.0001,
                    0.0123945998982 -0.000111156546581 0.0001,
                    0.0124185417438 -0.0001625 0.0001,
                    0.012451035556 -0.000208905973148 0.0001,
                    0.0124910940269 -0.000248964444014 0.0001,
                    0.0125375 -0.00028145825623 0.0001,
                    0.0125888434534 -0.000305400101755 0.0001,
                    0.0126435643423 -0.000320062519729 0.0001,
                    0.0127 -0.000325 0.0001,
                    0.0127564356577 -0.000320062519729 0.0001,
                    0.0128111565466 -0.000305400101755 0.0001,
                    0.0128625 -0.00028145825623 0.0001,
                    0.0129089059731 -0.000248964444014 0.0001,
                    0.012948964444 -0.000208905973148 0.0001,
                    0.0129814582562 -0.0001625 0.0001,
                    0.0130054001018 -0.000111156546581 0.0001,
                    0.0130200625197 -5.64356577418e-05 0.0001,
                    0.0130200625197 5.64356577418e-05 -0.005,
                    0.0130054001018 0.000111156546581 -0.005,
                    0.0129814582562 0.0001625 -0.005,
                    0.012948964444 0.000208905973148 -0.005,
                    0.0129089059731 0.000248964444014 -0.005,
                    0.0128625 0.00028145825623 -0.005,
                    0.0128111565466 0.000305400101755 -0.005,
                    0.0127564356577 0.000320062519729 -0.005,
                    0.0127 0.000325 -0.005,
                    0.0126435643423 0.000320062519729 -0.005,
                    0.0125888434534 0.000305400101755 -0.005,
                    0.0125375 0.00028145825623 -0.005,
                    0.0124910940269 0.000248964444014 -0.005,
                    0.012451035556 0.000208905973148 -0.005,
                    0.0124185417438 0.0001625 -0.005,
                    0.0123945998982 0.000111156546581 -0.005,
                    0.0123799374803 5.64356577418e-05 -0.005,
                    0.012375 4.72788000576e-19 -0.005,
                    0.0123799374803 -5.64356577418e-05 -0.005,
                    0.0123945998982 -0.000111156546581 -0.005,
                    0.0124185417438 -0.0001625 -0.005,
                    0.012451035556 -0.000208905973148 -0.005,
                    0.0124910940269 -0.000248964444014 -0.005,
                    0.0125375 -0.00028145825623 -0.005,
                    0.0125888434534 -0.000305400101755 -0.005,
                    0.0126435643423 -0.000320062519729 -0.005,
                    0.0127 -0.000325 -0.005,
                    0.0127564356577 -0.000320062519729 -0.005,
                    0.0128111565466 -0.000305400101755 -0.005,
                    0.0128625 -0.00028145825623 -0.005,
                    0.0129089059731 -0.000248964444014 -0.005,
                    0.012948964444 -0.000208905973148 -0.005,
                    0.0129814582562 -0.0001625 -0.005,
                    0.0130054001018 -0.000111156546581 -0.005,
                    0.0130200625197 -5.64356577418e-05 -0.005

                  ]
                }
                normal Normal {
                  vector [
                    1 -2.4492937e-16 0,
                    0.98480773 -0.17364818 0,
                    0.93969262 -0.34202015 0,
                    0.86602539 -0.5 0,
                    0.76604444 -0.64278764 0,
                    0.64278764 -0.76604444 0,
                    0.5 -0.86602539 0,
                    0.34202015 -0.93969262 0,
                    0.17364818 -0.98480773 0,
                    -3.5527137e-15 -1 0,
                    -0.17364818 -0.98480773 0,
                    -0.34202015 -0.93969262 0,
                    -0.5 -0.86602539 0,
                    -0.64278764 -0.76604444 0,
                    -0.76604444 -0.64278764 0,
                    -0.86602539 -0.5 0,
                    -0.93969262 -0.34202015 0,
                    -0.98480773 -0.17364818 0,
                    -1 1.4547323e-15 0,
                    -0.98480773 0.17364818 0,
                    -0.93969262 0.34202015 0,
                    -0.86602539 0.5 0,
                    -0.76604444 0.64278764 0,
                    -0.64278764 0.76604444 0,
                    -0.5 0.86602539 0,
                    -0.34202015 0.93969262 0,
                    -0.17364818 0.98480773 0,
                    0 1 0,
                    0.17364818 0.98480773 0,
                    0.34202015 0.93969262 0,
                    0.5 0.86602539 0,
                    0.64278764 0.76604444 0,
                    0.76604444 0.64278764 0,
                    0.86602539 0.5 0,
                    0.93969262 0.34202015 0,
                    0.98480773 0.17364818 0,
                    1 0 0,
                    1 0 0,
                    0.98480773 0.17364818 0,
                    0.93969262 0.34202015 0,
                    0.86602539 0.5 0,
                    0.76604444 0.64278764 0,
                    0.64278764 0.76604444 0,
                    0.5 0.86602539 0,
                    0.34202015 0.93969262 0,
                    0.17364818 0.98480773 0,
                    0 1 0,
                    -0.17364818 0.98480773 0,
                    -0.34202015 0.93969262 0,
                    -0.5 0.86602539 0,
                    -0.64278764 0.76604444 0,
                    -0.76604444 0.64278764 0,
                    -0.86602539 0.5 0,
                    -0.93969262 0.34202015 0,
                    -0.98480773 0.17364818 0,
                    -1 1.4547323e-15 0,
                    -0.98480773 -0.17364818 0,
                    -0.93969262 -0.34202015 0,
                    -0.86602539 -0.5 0,
                    -0.76604444 -0.64278764 0,
                    -0.64278764 -0.76604444 0,
                    -0.5 -0.86602539 0,
                    -0.34202015 -0.93969262 0,
                    -0.17364818 -0.98480773 0,
                    -3.5527137e-15 -1 0,
                    0.17364818 -0.98480773 0,
                    0.34202015 -0.93969262 0,
                    0.5 -0.86602539 0,
                    0.64278764 -0.76604444 0,
                    0.76604444 -0.64278764 0,
                    0.86602539 -0.5 0,
                    0.93969262 -0.34202015 0,
                    0.98480773 -0.17364818 0,
                    1 -2.4492937e-16 0,
                    0 0 1,
                    0 0 1,
                    0 0 1,
                    0 0 1,
                    0 0 1,
                    0 0 1,
                    0 0 1,
                    0 0 1,
                    0 0 1,
                    0 0 1,
                    0 0 1,
                    0 0 1,
                    0 0 1,
                    0 0 1,
                    0 0 1,
                    0 0 1,
                    0 0 1,
                    0 0 1,
                    0 0 1,
                    0 0 1,
                    0 0 1,
                    0 0 1,
                    0 0 1,
                    0 0 1,
                    0 0 1,
                    0 0 1,
                    0 0 1,
                    0 0 1,
                    0 0 1,
                    0 0 1,
                    0 0 1,
                    0 0 1,
                    0 0 1,
                    0 0 1,
                    0 0 1,
                    0 0 1,
                    -0 -0 -1,
                    -0 -0 -1,
                    -0 -0 -1,
                    -0 -0 -1,
                    -0 -0 -1,
                    -0 -0 -1,
                    -0 -0 -1,
                    -0 -0 -1,
                    -0 -0 -1,
                    -0 -0 -1,
                    -0 -0 -1,
                    -0 -0 -1,
                    -0 -0 -1,
                    -0 -0 -1,
                    -0 -0 -1,
                    -0 -0 -1,
                    -0 -0 -1,
                    -0 -0 -1,
                    -0 -0 -1,
                    -0 -0 -1,
                    -0 -0 -1,
                    -0 -0 -1,
                    -0 -0 -1,
                    -0 -0 -1,
                    -0 -0 -1,
                    -0 -0 -1,
                    -0 -0 -1,
                    -0 -0 -1,
                    -0 -0 -1,
                    -0 -0 -1,
                    -0 -0 -1,
                    -0 -0 -1,
                    -0 -0 -1,
                    -0 -0 -1,
                    -0 -0 -1,
                    -0 -0 -1

                  ]
                }
                coordIndex [
                  71 0 36 -1 
                  70 36 35 -1 
                  69 35 34 -1 
                  68 34 33 -1 
                  67 33 32 -1 
                  29 64 30 -1 
                  28 63 29 -1 
                  27 62 28 -1 
                  26 61 27 -1 
                  25 60 26 -1 
                  24 59 25 -1 
                  23 58 24 -1 
                  22 57 23 -1 
                  21 56 22 -1 
                  20 55 21 -1 
                  19 54 20 -1 
                  18 53 19 -1 
                  17 52 18 -1 
                  16 51 17 -1 
                  15 50 16 -1 
                  14 49 15 -1 
                  13 48 14 -1 
                  12 47 13 -1 
                  11 46 12 -1 
                  10 45 11 -1 
                  9 44 10 -1 
                  8 43 9 -1 
                  7 42 8 -1 
                  6 41 7 -1 
                  5 40 6 -1 
                  4 39 5 -1 
                  3 38 4 -1 
                  2 37 3 -1 
                  0 1 2 -1 
                  66 32 31 -1 
                  65 31 30 -1 
                  37 2 1 -1 
                  38 3 37 -1 
                  39 4 38 -1 
                  40 5 39 -1 
                  41 6 40 -1 
                  42 7 41 -1 
                  43 8 42 -1 
                  44 9 43 -1 
                  45 10 44 -1 
                  46 11 45 -1 
                  47 12 46 -1 
                  48 13 47 -1 
                  49 14 48 -1 
                  50 15 49 -1 
                  51 16 50 -1 
                  52 17 51 -1 
                  53 18 52 -1 
                  54 19 53 -1 
                  55 20 54 -1 
                  56 21 55 -1 
                  57 22 56 -1 
                  58 23 57 -1 
                  59 24 58 -1 
                  60 25 59 -1 
                  61 26 60 -1 
                  62 27 61 -1 
                  63 28 62 -1 
                  64 29 63 -1 
                  65 30 64 -1 
                  66 31 65 -1 
                  67 32 66 -1 
                  68 33 67 -1 
                  69 34 68 -1 
                  70 35 69 -1 
                  71 36 70 -1 
                  1 0 71 -1 
                  3 0 2 -1 
                  4 0 3 -1 
                  5 0 4 -1 
                  6 0 5 -1 
                  7 0 6 -1 
                  8 0 7 -1 
                  9 0 8 -1 
                  10 0 9 -1 
                  11 0 10 -1 
                  12 0 11 -1 
                  13 0 12 -1 
                  14 0 13 -1 
                  15 0 14 -1 
                  16 0 15 -1 
                  17 0 16 -1 
                  18 0 17 -1 
                  19 0 18 -1 
                  20 0 19 -1 
                  21 0 20 -1 
                  22 0 21 -1 
                  23 0 22 -1 
                  24 0 23 -1 
                  25 0 24 -1 
                  26 0 25 -1 
                  27 0 26 -1 
                  28 0 27 -1 
                  29 0 28 -1 
                  30 0 29 -1 
                  31 0 30 -1 
                  32 0 31 -1 
                  33 0 32 -1 
                  34 0 33 -1 
                  35 0 34 -1 
                  36 0 35 -1 
                  38 37 1 -1 
                  39 38 1 -1 
                  40 39 1 -1 
                  41 40 1 -1 
                  42 41 1 -1 
                  43 42 1 -1 
                  44 43 1 -1 
                  45 44 1 -1 
                  46 45 1 -1 
                  47 46 1 -1 
                  48 47 1 -1 
                  49 48 1 -1 
                  50 49 1 -1 
                  51 50 1 -1 
                  52 51 1 -1 
                  53 52 1 -1 
                  54 53 1 -1 
                  55 54 1 -1 
                  56 55 1 -1 
                  57 56 1 -1 
                  58 57 1 -1 
                  59 58 1 -1 
                  60 59 1 -1 
                  61 60 1 -1 
                  62 61 1 -1 
                  63 62 1 -1 
                  64 63 1 -1 
                  65 64 1 -1 
                  66 65 1 -1 
                  67 66 1 -1 
                  68 67 1 -1 
                  69 68 1 -1 
                  70 69 1 -1 
                  71 70 1 -1 
                ]
                normalIndex [
                  72 0 1 -1 
                  71 1 2 -1 
                  70 2 3 -1 
                  69 3 4 -1 
                  68 4 5 -1 
                  8 65 7 -1 
                  9 64 8 -1 
                  10 63 9 -1 
                  11 62 10 -1 
                  12 61 11 -1 
                  13 60 12 -1 
                  14 59 13 -1 
                  15 58 14 -1 
                  16 57 15 -1 
                  17 56 16 -1 
                  18 55 17 -1 
                  19 54 18 -1 
                  20 53 19 -1 
                  21 52 20 -1 
                  22 51 21 -1 
                  23 50 22 -1 
                  24 49 23 -1 
                  25 48 24 -1 
                  26 47 25 -1 
                  27 46 26 -1 
                  28 45 27 -1 
                  29 44 28 -1 
                  30 43 29 -1 
                  31 42 30 -1 
                  32 41 31 -1 
                  33 40 32 -1 
                  34 39 33 -1 
                  35 38 34 -1 
                  36 37 35 -1 
                  67 5 6 -1 
                  66 6 7 -1 
                  38 35 37 -1 
                  39 34 38 -1 
                  40 33 39 -1 
                  41 32 40 -1 
                  42 31 41 -1 
                  43 30 42 -1 
                  44 29 43 -1 
                  45 28 44 -1 
                  46 27 45 -1 
                  47 26 46 -1 
                  48 25 47 -1 
                  49 24 48 -1 
                  50 23 49 -1 
                  51 22 50 -1 
                  52 21 51 -1 
                  53 20 52 -1 
                  54 19 53 -1 
                  55 18 54 -1 
                  56 17 55 -1 
                  57 16 56 -1 
                  58 15 57 -1 
                  59 14 58 -1 
                  60 13 59 -1 
                  61 12 60 -1 
                  62 11 61 -1 
                  63 10 62 -1 
                  64 9 63 -1 
                  65 8 64 -1 
                  66 7 65 -1 
                  67 6 66 -1 
                  68 5 67 -1 
                  69 4 68 -1 
                  70 3 69 -1 
                  71 2 70 -1 
                  72 1 71 -1 
                  73 0 72 -1 
                  76 74 75 -1 
                  77 74 76 -1 
                  78 74 77 -1 
                  79 74 78 -1 
                  80 74 79 -1 
                  81 74 80 -1 
                  82 74 81 -1 
                  83 74 82 -1 
                  84 74 83 -1 
                  85 74 84 -1 
                  86 74 85 -1 
                  87 74 86 -1 
                  88 74 87 -1 
                  89 74 88 -1 
                  90 74 89 -1 
                  91 74 90 -1 
                  92 74 91 -1 
                  93 74 92 -1 
                  94 74 93 -1 
                  95 74 94 -1 
                  96 74 95 -1 
                  97 74 96 -1 
                  98 74 97 -1 
                  99 74 98 -1 
                  100 74 99 -1 
                  101 74 100 -1 
                  102 74 101 -1 
                  103 74 102 -1 
                  104 74 103 -1 
                  105 74 104 -1 
                  106 74 105 -1 
                  107 74 106 -1 
                  108 74 107 -1 
                  109 74 108 -1 
                  112 111 110 -1 
                  113 112 110 -1 
                  114 113 110 -1 
                  115 114 110 -1 
                  116 115 110 -1 
                  117 116 110 -1 
                  118 117 110 -1 
                  119 118 110 -1 
                  120 119 110 -1 
                  121 120 110 -1 
                  122 121 110 -1 
                  123 122 110 -1 
                  124 123 110 -1 
                  125 124 110 -1 
                  126 125 110 -1 
                  127 126 110 -1 
                  128 127 110 -1 
                  129 128 110 -1 
                  130 129 110 -1 
                  131 130 110 -1 
                  132 131 110 -1 
                  133 132 110 -1 
                  134 133 110 -1 
                  135 134 110 -1 
                  136 135 110 -1 
                  137 136 110 -1 
                  138 137 110 -1 
                  139 138 110 -1 
                  140 139 110 -1 
                  141 140 110 -1 
                  142 141 110 -1 
                  143 142 110 -1 
                  144 143 110 -1 
                  145 144 110 -1 
                ]
              }
            }
            DEF Leads_11 Shape {
              appearance DEF __51 Appearance {
                material DEF __52 Material {
                  ambientIntensity 0.260947436094
                  diffuseColor 0.73400002718 0.773000001907 0.79699999094
                  shininess 0
                }
              }
              geometry DEF __53 IndexedFaceSet {
                solid FALSE
                coord Coordinate {
                  point [
                    0.010485 0.00762 0.0001,
                    0.010485 0.00762 -0.005,
                    0.0104800625197 0.00767643565774 0.0001,
                    0.0104654001018 0.00773115654658 0.0001,
                    0.0104414582562 0.0077825 0.0001,
                    0.010408964444 0.00782890597315 0.0001,
                    0.0103689059731 0.00786896444401 0.0001,
                    0.0103225 0.00790145825623 0.0001,
                    0.0102711565466 0.00792540010176 0.0001,
                    0.0102164356577 0.00794006251973 0.0001,
                    0.01016 0.007945 0.0001,
                    0.0101035643423 0.00794006251973 0.0001,
                    0.0100488434534 0.00792540010176 0.0001,
                    0.0099975 0.00790145825623 0.0001,
                    0.00995109402685 0.00786896444401 0.0001,
                    0.00991103555599 0.00782890597315 0.0001,
                    0.00987854174377 0.0077825 0.0001,
                    0.00985459989824 0.00773115654658 0.0001,
                    0.00983993748027 0.00767643565774 0.0001,
                    0.009835 0.00762 0.0001,
                    0.00983993748027 0.00756356434226 0.0001,
                    0.00985459989824 0.00750884345342 0.0001,
                    0.00987854174377 0.0074575 0.0001,
                    0.00991103555599 0.00741109402685 0.0001,
                    0.00995109402685 0.00737103555599 0.0001,
                    0.0099975 0.00733854174377 0.0001,
                    0.0100488434534 0.00731459989824 0.0001,
                    0.0101035643423 0.00729993748027 0.0001,
                    0.01016 0.007295 0.0001,
                    0.0102164356577 0.00729993748027 0.0001,
                    0.0102711565466 0.00731459989824 0.0001,
                    0.0103225 0.00733854174377 0.0001,
                    0.0103689059731 0.00737103555599 0.0001,
                    0.010408964444 0.00741109402685 0.0001,
                    0.0104414582562 0.0074575 0.0001,
                    0.0104654001018 0.00750884345342 0.0001,
                    0.0104800625197 0.00756356434226 0.0001,
                    0.0104800625197 0.00767643565774 -0.005,
                    0.0104654001018 0.00773115654658 -0.005,
                    0.0104414582562 0.0077825 -0.005,
                    0.010408964444 0.00782890597315 -0.005,
                    0.0103689059731 0.00786896444401 -0.005,
                    0.0103225 0.00790145825623 -0.005,
                    0.0102711565466 0.00792540010176 -0.005,
                    0.0102164356577 0.00794006251973 -0.005,
                    0.01016 0.007945 -0.005,
                    0.0101035643423 0.00794006251973 -0.005,
                    0.0100488434534 0.00792540010176 -0.005,
                    0.0099975 0.00790145825623 -0.005,
                    0.00995109402685 0.00786896444401 -0.005,
                    0.00991103555599 0.00782890597315 -0.005,
                    0.00987854174377 0.0077825 -0.005,
                    0.00985459989824 0.00773115654658 -0.005,
                    0.00983993748027 0.00767643565774 -0.005,
                    0.009835 0.00762 -0.005,
                    0.00983993748027 0.00756356434226 -0.005,
                    0.00985459989824 0.00750884345342 -0.005,
                    0.00987854174377 0.0074575 -0.005,
                    0.00991103555599 0.00741109402685 -0.005,
                    0.00995109402685 0.00737103555599 -0.005,
                    0.0099975 0.00733854174377 -0.005,
                    0.0100488434534 0.00731459989824 -0.005,
                    0.0101035643423 0.00729993748027 -0.005,
                    0.01016 0.007295 -0.005,
                    0.0102164356577 0.00729993748027 -0.005,
                    0.0102711565466 0.00731459989824 -0.005,
                    0.0103225 0.00733854174377 -0.005,
                    0.0103689059731 0.00737103555599 -0.005,
                    0.010408964444 0.00741109402685 -0.005,
                    0.0104414582562 0.0074575 -0.005,
                    0.0104654001018 0.00750884345342 -0.005,
                    0.0104800625197 0.00756356434226 -0.005

                  ]
                }
                normal Normal {
                  vector [
                    1 0 0,
                    0.98480773 -0.17364818 0,
                    0.93969262 -0.34202015 0,
                    0.86602539 -0.5 0,
                    0.76604444 -0.64278764 0,
                    0.64278764 -0.76604444 0,
                    0.5 -0.86602539 0,
                    0.34202015 -0.93969262 0,
                    0.17364818 -0.98480773 0,
                    -3.5527137e-15 -1 0,
                    -0.17364818 -0.98480773 0,
                    -0.34202015 -0.93969262 0,
                    -0.5 -0.86602539 0,
                    -0.64278764 -0.76604444 0,
                    -0.76604444 -0.64278764 0,
                    -0.86602539 -0.5 0,
                    -0.93969262 -0.34202015 0,
                    -0.98480773 -0.17364818 0,
                    -1 1.7763568e-15 0,
                    -0.98480773 0.17364818 0,
                    -0.93969262 0.34202015 0,
                    -0.86602539 0.5 0,
                    -0.76604444 0.64278764 0,
                    -0.64278764 0.76604444 0,
                    -0.5 0.86602539 0,
                    -0.34202015 0.93969262 0,
                    -0.17364818 0.98480773 0,
                    0 1 0,
                    0.17364818 0.98480773 0,
                    0.34202015 0.93969262 0,
                    0.5 0.86602539 0,
                    0.64278764 0.76604444 0,
                    0.76604444 0.64278764 0,
                    0.86602539 0.5 0,
                    0.93969262 0.34202015 0,
                    0.98480773 0.17364818 0,
                    1 0 0,
                    1 0 0,
                    0.98480773 0.17364818 0,
                    0.93969262 0.34202015 0,
                    0.86602539 0.5 0,
                    0.76604444 0.64278764 0,
                    0.64278764 0.76604444 0,
                    0.5 0.86602539 0,
                    0.34202015 0.93969262 0,
                    0.17364818 0.98480773 0,
                    0 1 0,
                    -0.17364818 0.98480773 0,
                    -0.34202015 0.93969262 0,
                    -0.5 0.86602539 0,
                    -0.64278764 0.76604444 0,
                    -0.76604444 0.64278764 0,
                    -0.86602539 0.5 0,
                    -0.93969262 0.34202015 0,
                    -0.98480773 0.17364818 0,
                    -1 1.7763568e-15 0,
                    -0.98480773 -0.17364818 0,
                    -0.93969262 -0.34202015 0,
                    -0.86602539 -0.5 0,
                    -0.76604444 -0.64278764 0,
                    -0.64278764 -0.76604444 0,
                    -0.5 -0.86602539 0,
                    -0.34202015 -0.93969262 0,
                    -0.17364818 -0.98480773 0,
                    -3.5527137e-15 -1 0,
                    0.17364818 -0.98480773 0,
                    0.34202015 -0.93969262 0,
                    0.5 -0.86602539 0,
                    0.64278764 -0.76604444 0,
                    0.76604444 -0.64278764 0,
                    0.86602539 -0.5 0,
                    0.93969262 -0.34202015 0,
                    0.98480773 -0.17364818 0,
                    1 0 0,
                    0 0 1,
                    0 0 1,
                    0 0 1,
                    0 0 1,
                    0 0 1,
                    0 0 1,
                    0 0 1,
                    0 0 1,
                    0 0 1,
                    0 0 1,
                    0 0 1,
                    0 0 1,
                    0 0 1,
                    0 0 1,
                    0 0 1,
                    0 0 1,
                    0 0 1,
                    0 0 1,
                    0 0 1,
                    0 0 1,
                    0 0 1,
                    0 0 1,
                    0 0 1,
                    0 0 1,
                    0 0 1,
                    0 0 1,
                    0 0 1,
                    0 0 1,
                    0 0 1,
                    0 0 1,
                    0 0 1,
                    0 0 1,
                    0 0 1,
                    0 0 1,
                    0 0 1,
                    0 0 1,
                    -0 -0 -1,
                    -0 -0 -1,
                    -0 -0 -1,
                    -0 -0 -1,
                    -0 -0 -1,
                    -0 -0 -1,
                    -0 -0 -1,
                    -0 -0 -1,
                    -0 -0 -1,
                    -0 -0 -1,
                    -0 -0 -1,
                    -0 -0 -1,
                    -0 -0 -1,
                    -0 -0 -1,
                    -0 -0 -1,
                    -0 -0 -1,
                    -0 -0 -1,
                    -0 -0 -1,
                    -0 -0 -1,
                    -0 -0 -1,
                    -0 -0 -1,
                    -0 -0 -1,
                    -0 -0 -1,
                    -0 -0 -1,
                    -0 -0 -1,
                    -0 -0 -1,
                    -0 -0 -1,
                    -0 -0 -1,
                    -0 -0 -1,
                    -0 -0 -1,
                    -0 -0 -1,
                    -0 -0 -1,
                    -0 -0 -1,
                    -0 -0 -1,
                    -0 -0 -1,
                    -0 -0 -1

                  ]
                }
                coordIndex [
                  71 0 36 -1 
                  70 36 35 -1 
                  69 35 34 -1 
                  68 34 33 -1 
                  67 33 32 -1 
                  29 64 30 -1 
                  28 63 29 -1 
                  27 62 28 -1 
                  26 61 27 -1 
                  25 60 26 -1 
                  24 59 25 -1 
                  23 58 24 -1 
                  22 57 23 -1 
                  21 56 22 -1 
                  20 55 21 -1 
                  19 54 20 -1 
                  18 53 19 -1 
                  17 52 18 -1 
                  16 51 17 -1 
                  15 50 16 -1 
                  14 49 15 -1 
                  13 48 14 -1 
                  12 47 13 -1 
                  11 46 12 -1 
                  10 45 11 -1 
                  9 44 10 -1 
                  8 43 9 -1 
                  7 42 8 -1 
                  6 41 7 -1 
                  5 40 6 -1 
                  4 39 5 -1 
                  3 38 4 -1 
                  2 37 3 -1 
                  0 1 2 -1 
                  66 32 31 -1 
                  65 31 30 -1 
                  37 2 1 -1 
                  38 3 37 -1 
                  39 4 38 -1 
                  40 5 39 -1 
                  41 6 40 -1 
                  42 7 41 -1 
                  43 8 42 -1 
                  44 9 43 -1 
                  45 10 44 -1 
                  46 11 45 -1 
                  47 12 46 -1 
                  48 13 47 -1 
                  49 14 48 -1 
                  50 15 49 -1 
                  51 16 50 -1 
                  52 17 51 -1 
                  53 18 52 -1 
                  54 19 53 -1 
                  55 20 54 -1 
                  56 21 55 -1 
                  57 22 56 -1 
                  58 23 57 -1 
                  59 24 58 -1 
                  60 25 59 -1 
                  61 26 60 -1 
                  62 27 61 -1 
                  63 28 62 -1 
                  64 29 63 -1 
                  65 30 64 -1 
                  66 31 65 -1 
                  67 32 66 -1 
                  68 33 67 -1 
                  69 34 68 -1 
                  70 35 69 -1 
                  71 36 70 -1 
                  1 0 71 -1 
                  3 0 2 -1 
                  4 0 3 -1 
                  5 0 4 -1 
                  6 0 5 -1 
                  7 0 6 -1 
                  8 0 7 -1 
                  9 0 8 -1 
                  10 0 9 -1 
                  11 0 10 -1 
                  12 0 11 -1 
                  13 0 12 -1 
                  14 0 13 -1 
                  15 0 14 -1 
                  16 0 15 -1 
                  17 0 16 -1 
                  18 0 17 -1 
                  19 0 18 -1 
                  20 0 19 -1 
                  21 0 20 -1 
                  22 0 21 -1 
                  23 0 22 -1 
                  24 0 23 -1 
                  25 0 24 -1 
                  26 0 25 -1 
                  27 0 26 -1 
                  28 0 27 -1 
                  29 0 28 -1 
                  30 0 29 -1 
                  31 0 30 -1 
                  32 0 31 -1 
                  33 0 32 -1 
                  34 0 33 -1 
                  35 0 34 -1 
                  36 0 35 -1 
                  38 37 1 -1 
                  39 38 1 -1 
                  40 39 1 -1 
                  41 40 1 -1 
                  42 41 1 -1 
                  43 42 1 -1 
                  44 43 1 -1 
                  45 44 1 -1 
                  46 45 1 -1 
                  47 46 1 -1 
                  48 47 1 -1 
                  49 48 1 -1 
                  50 49 1 -1 
                  51 50 1 -1 
                  52 51 1 -1 
                  53 52 1 -1 
                  54 53 1 -1 
                  55 54 1 -1 
                  56 55 1 -1 
                  57 56 1 -1 
                  58 57 1 -1 
                  59 58 1 -1 
                  60 59 1 -1 
                  61 60 1 -1 
                  62 61 1 -1 
                  63 62 1 -1 
                  64 63 1 -1 
                  65 64 1 -1 
                  66 65 1 -1 
                  67 66 1 -1 
                  68 67 1 -1 
                  69 68 1 -1 
                  70 69 1 -1 
                  71 70 1 -1 
                ]
                normalIndex [
                  72 0 1 -1 
                  71 1 2 -1 
                  70 2 3 -1 
                  69 3 4 -1 
                  68 4 5 -1 
                  8 65 7 -1 
                  9 64 8 -1 
                  10 63 9 -1 
                  11 62 10 -1 
                  12 61 11 -1 
                  13 60 12 -1 
                  14 59 13 -1 
                  15 58 14 -1 
                  16 57 15 -1 
                  17 56 16 -1 
                  18 55 17 -1 
                  19 54 18 -1 
                  20 53 19 -1 
                  21 52 20 -1 
                  22 51 21 -1 
                  23 50 22 -1 
                  24 49 23 -1 
                  25 48 24 -1 
                  26 47 25 -1 
                  27 46 26 -1 
                  28 45 27 -1 
                  29 44 28 -1 
                  30 43 29 -1 
                  31 42 30 -1 
                  32 41 31 -1 
                  33 40 32 -1 
                  34 39 33 -1 
                  35 38 34 -1 
                  36 37 35 -1 
                  67 5 6 -1 
                  66 6 7 -1 
                  38 35 37 -1 
                  39 34 38 -1 
                  40 33 39 -1 
                  41 32 40 -1 
                  42 31 41 -1 
                  43 30 42 -1 
                  44 29 43 -1 
                  45 28 44 -1 
                  46 27 45 -1 
                  47 26 46 -1 
                  48 25 47 -1 
                  49 24 48 -1 
                  50 23 49 -1 
                  51 22 50 -1 
                  52 21 51 -1 
                  53 20 52 -1 
                  54 19 53 -1 
                  55 18 54 -1 
                  56 17 55 -1 
                  57 16 56 -1 
                  58 15 57 -1 
                  59 14 58 -1 
                  60 13 59 -1 
                  61 12 60 -1 
                  62 11 61 -1 
                  63 10 62 -1 
                  64 9 63 -1 
                  65 8 64 -1 
                  66 7 65 -1 
                  67 6 66 -1 
                  68 5 67 -1 
                  69 4 68 -1 
                  70 3 69 -1 
                  71 2 70 -1 
                  72 1 71 -1 
                  73 0 72 -1 
                  76 74 75 -1 
                  77 74 76 -1 
                  78 74 77 -1 
                  79 74 78 -1 
                  80 74 79 -1 
                  81 74 80 -1 
                  82 74 81 -1 
                  83 74 82 -1 
                  84 74 83 -1 
                  85 74 84 -1 
                  86 74 85 -1 
                  87 74 86 -1 
                  88 74 87 -1 
                  89 74 88 -1 
                  90 74 89 -1 
                  91 74 90 -1 
                  92 74 91 -1 
                  93 74 92 -1 
                  94 74 93 -1 
                  95 74 94 -1 
                  96 74 95 -1 
                  97 74 96 -1 
                  98 74 97 -1 
                  99 74 98 -1 
                  100 74 99 -1 
                  101 74 100 -1 
                  102 74 101 -1 
                  103 74 102 -1 
                  104 74 103 -1 
                  105 74 104 -1 
                  106 74 105 -1 
                  107 74 106 -1 
                  108 74 107 -1 
                  109 74 108 -1 
                  112 111 110 -1 
                  113 112 110 -1 
                  114 113 110 -1 
                  115 114 110 -1 
                  116 115 110 -1 
                  117 116 110 -1 
                  118 117 110 -1 
                  119 118 110 -1 
                  120 119 110 -1 
                  121 120 110 -1 
                  122 121 110 -1 
                  123 122 110 -1 
                  124 123 110 -1 
                  125 124 110 -1 
                  126 125 110 -1 
                  127 126 110 -1 
                  128 127 110 -1 
                  129 128 110 -1 
                  130 129 110 -1 
                  131 130 110 -1 
                  132 131 110 -1 
                  133 132 110 -1 
                  134 133 110 -1 
                  135 134 110 -1 
                  136 135 110 -1 
                  137 136 110 -1 
                  138 137 110 -1 
                  139 138 110 -1 
                  140 139 110 -1 
                  141 140 110 -1 
                  142 141 110 -1 
                  143 142 110 -1 
                  144 143 110 -1 
                  145 144 110 -1 
                ]
              }
            }
            DEF Leads_12 Shape {
              appearance DEF __55 Appearance {
                material DEF __56 Material {
                  ambientIntensity 0.260947436094
                  diffuseColor 0.73400002718 0.773000001907 0.79699999094
                  shininess 0
                }
              }
              geometry DEF __57 IndexedFaceSet {
                solid FALSE
                coord Coordinate {
                  point [
                    0.013025 0.00762 0.0001,
                    0.013025 0.00762 -0.005,
                    0.0130200625197 0.00767643565774 0.0001,
                    0.0130054001018 0.00773115654658 0.0001,
                    0.0129814582562 0.0077825 0.0001,
                    0.012948964444 0.00782890597315 0.0001,
                    0.0129089059731 0.00786896444401 0.0001,
                    0.0128625 0.00790145825623 0.0001,
                    0.0128111565466 0.00792540010176 0.0001,
                    0.0127564356577 0.00794006251973 0.0001,
                    0.0127 0.007945 0.0001,
                    0.0126435643423 0.00794006251973 0.0001,
                    0.0125888434534 0.00792540010176 0.0001,
                    0.0125375 0.00790145825623 0.0001,
                    0.0124910940269 0.00786896444401 0.0001,
                    0.012451035556 0.00782890597315 0.0001,
                    0.0124185417438 0.0077825 0.0001,
                    0.0123945998982 0.00773115654658 0.0001,
                    0.0123799374803 0.00767643565774 0.0001,
                    0.012375 0.00762 0.0001,
                    0.0123799374803 0.00756356434226 0.0001,
                    0.0123945998982 0.00750884345342 0.0001,
                    0.0124185417438 0.0074575 0.0001,
                    0.012451035556 0.00741109402685 0.0001,
                    0.0124910940269 0.00737103555599 0.0001,
                    0.0125375 0.00733854174377 0.0001,
                    0.0125888434534 0.00731459989824 0.0001,
                    0.0126435643423 0.00729993748027 0.0001,
                    0.0127 0.007295 0.0001,
                    0.0127564356577 0.00729993748027 0.0001,
                    0.0128111565466 0.00731459989824 0.0001,
                    0.0128625 0.00733854174377 0.0001,
                    0.0129089059731 0.00737103555599 0.0001,
                    0.012948964444 0.00741109402685 0.0001,
                    0.0129814582562 0.0074575 0.0001,
                    0.0130054001018 0.00750884345342 0.0001,
                    0.0130200625197 0.00756356434226 0.0001,
                    0.0130200625197 0.00767643565774 -0.005,
                    0.0130054001018 0.00773115654658 -0.005,
                    0.0129814582562 0.0077825 -0.005,
                    0.012948964444 0.00782890597315 -0.005,
                    0.0129089059731 0.00786896444401 -0.005,
                    0.0128625 0.00790145825623 -0.005,
                    0.0128111565466 0.00792540010176 -0.005,
                    0.0127564356577 0.00794006251973 -0.005,
                    0.0127 0.007945 -0.005,
                    0.0126435643423 0.00794006251973 -0.005,
                    0.0125888434534 0.00792540010176 -0.005,
                    0.0125375 0.00790145825623 -0.005,
                    0.0124910940269 0.00786896444401 -0.005,
                    0.012451035556 0.00782890597315 -0.005,
                    0.0124185417438 0.0077825 -0.005,
                    0.0123945998982 0.00773115654658 -0.005,
                    0.0123799374803 0.00767643565774 -0.005,
                    0.012375 0.00762 -0.005,
                    0.0123799374803 0.00756356434226 -0.005,
                    0.0123945998982 0.00750884345342 -0.005,
                    0.0124185417438 0.0074575 -0.005,
                    0.012451035556 0.00741109402685 -0.005,
                    0.0124910940269 0.00737103555599 -0.005,
                    0.0125375 0.00733854174377 -0.005,
                    0.0125888434534 0.00731459989824 -0.005,
                    0.0126435643423 0.00729993748027 -0.005,
                    0.0127 0.007295 -0.005,
                    0.0127564356577 0.00729993748027 -0.005,
                    0.0128111565466 0.00731459989824 -0.005,
                    0.0128625 0.00733854174377 -0.005,
                    0.0129089059731 0.00737103555599 -0.005,
                    0.012948964444 0.00741109402685 -0.005,
                    0.0129814582562 0.0074575 -0.005,
                    0.0130054001018 0.00750884345342 -0.005,
                    0.0130200625197 0.00756356434226 -0.005

                  ]
                }
                normal Normal {
                  vector [
                    1 0 0,
                    0.98480773 -0.17364818 0,
                    0.93969262 -0.34202015 0,
                    0.86602539 -0.5 0,
                    0.76604444 -0.64278764 0,
                    0.64278764 -0.76604444 0,
                    0.5 -0.86602539 0,
                    0.34202015 -0.93969262 0,
                    0.17364818 -0.98480773 0,
                    -3.5527137e-15 -1 0,
                    -0.17364818 -0.98480773 0,
                    -0.34202015 -0.93969262 0,
                    -0.5 -0.86602539 0,
                    -0.64278764 -0.76604444 0,
                    -0.76604444 -0.64278764 0,
                    -0.86602539 -0.5 0,
                    -0.93969262 -0.34202015 0,
                    -0.98480773 -0.17364818 0,
                    -1 1.7763568e-15 0,
                    -0.98480773 0.17364818 0,
                    -0.93969262 0.34202015 0,
                    -0.86602539 0.5 0,
                    -0.76604444 0.64278764 0,
                    -0.64278764 0.76604444 0,
                    -0.5 0.86602539 0,
                    -0.34202015 0.93969262 0,
                    -0.17364818 0.98480773 0,
                    0 1 0,
                    0.17364818 0.98480773 0,
                    0.34202015 0.93969262 0,
                    0.5 0.86602539 0,
                    0.64278764 0.76604444 0,
                    0.76604444 0.64278764 0,
                    0.86602539 0.5 0,
                    0.93969262 0.34202015 0,
                    0.98480773 0.17364818 0,
                    1 0 0,
                    1 0 0,
                    0.98480773 0.17364818 0,
                    0.93969262 0.34202015 0,
                    0.86602539 0.5 0,
                    0.76604444 0.64278764 0,
                    0.64278764 0.76604444 0,
                    0.5 0.86602539 0,
                    0.34202015 0.93969262 0,
                    0.17364818 0.98480773 0,
                    0 1 0,
                    -0.17364818 0.98480773 0,
                    -0.34202015 0.93969262 0,
                    -0.5 0.86602539 0,
                    -0.64278764 0.76604444 0,
                    -0.76604444 0.64278764 0,
                    -0.86602539 0.5 0,
                    -0.93969262 0.34202015 0,
                    -0.98480773 0.17364818 0,
                    -1 1.7763568e-15 0,
                    -0.98480773 -0.17364818 0,
                    -0.93969262 -0.34202015 0,
                    -0.86602539 -0.5 0,
                    -0.76604444 -0.64278764 0,
                    -0.64278764 -0.76604444 0,
                    -0.5 -0.86602539 0,
                    -0.34202015 -0.93969262 0,
                    -0.17364818 -0.98480773 0,
                    -3.5527137e-15 -1 0,
                    0.17364818 -0.98480773 0,
                    0.34202015 -0.93969262 0,
                    0.5 -0.86602539 0,
                    0.64278764 -0.76604444 0,
                    0.76604444 -0.64278764 0,
                    0.86602539 -0.5 0,
                    0.93969262 -0.34202015 0,
                    0.98480773 -0.17364818 0,
                    1 0 0,
                    0 0 1,
                    0 0 1,
                    0 0 1,
                    0 0 1,
                    0 0 1,
                    0 0 1,
                    0 0 1,
                    0 0 1,
                    0 0 1,
                    0 0 1,
                    0 0 1,
                    0 0 1,
                    0 0 1,
                    0 0 1,
                    0 0 1,
                    0 0 1,
                    0 0 1,
                    0 0 1,
                    0 0 1,
                    0 0 1,
                    0 0 1,
                    0 0 1,
                    0 0 1,
                    0 0 1,
                    0 0 1,
                    0 0 1,
                    0 0 1,
                    0 0 1,
                    0 0 1,
                    0 0 1,
                    0 0 1,
                    0 0 1,
                    0 0 1,
                    0 0 1,
                    0 0 1,
                    0 0 1,
                    -0 -0 -1,
                    -0 -0 -1,
                    -0 -0 -1,
                    -0 -0 -1,
                    -0 -0 -1,
                    -0 -0 -1,
                    -0 -0 -1,
                    -0 -0 -1,
                    -0 -0 -1,
                    -0 -0 -1,
                    -0 -0 -1,
                    -0 -0 -1,
                    -0 -0 -1,
                    -0 -0 -1,
                    -0 -0 -1,
                    -0 -0 -1,
                    -0 -0 -1,
                    -0 -0 -1,
                    -0 -0 -1,
                    -0 -0 -1,
                    -0 -0 -1,
                    -0 -0 -1,
                    -0 -0 -1,
                    -0 -0 -1,
                    -0 -0 -1,
                    -0 -0 -1,
                    -0 -0 -1,
                    -0 -0 -1,
                    -0 -0 -1,
                    -0 -0 -1,
                    -0 -0 -1,
                    -0 -0 -1,
                    -0 -0 -1,
                    -0 -0 -1,
                    -0 -0 -1,
                    -0 -0 -1

                  ]
                }
                coordIndex [
                  71 0 36 -1 
                  70 36 35 -1 
                  69 35 34 -1 
                  68 34 33 -1 
                  67 33 32 -1 
                  29 64 30 -1 
                  28 63 29 -1 
                  27 62 28 -1 
                  26 61 27 -1 
                  25 60 26 -1 
                  24 59 25 -1 
                  23 58 24 -1 
                  22 57 23 -1 
                  21 56 22 -1 
                  20 55 21 -1 
                  19 54 20 -1 
                  18 53 19 -1 
                  17 52 18 -1 
                  16 51 17 -1 
                  15 50 16 -1 
                  14 49 15 -1 
                  13 48 14 -1 
                  12 47 13 -1 
                  11 46 12 -1 
                  10 45 11 -1 
                  9 44 10 -1 
                  8 43 9 -1 
                  7 42 8 -1 
                  6 41 7 -1 
                  5 40 6 -1 
                  4 39 5 -1 
                  3 38 4 -1 
                  2 37 3 -1 
                  0 1 2 -1 
                  66 32 31 -1 
                  65 31 30 -1 
                  37 2 1 -1 
                  38 3 37 -1 
                  39 4 38 -1 
                  40 5 39 -1 
                  41 6 40 -1 
                  42 7 41 -1 
                  43 8 42 -1 
                  44 9 43 -1 
                  45 10 44 -1 
                  46 11 45 -1 
                  47 12 46 -1 
                  48 13 47 -1 
                  49 14 48 -1 
                  50 15 49 -1 
                  51 16 50 -1 
                  52 17 51 -1 
                  53 18 52 -1 
                  54 19 53 -1 
                  55 20 54 -1 
                  56 21 55 -1 
                  57 22 56 -1 
                  58 23 57 -1 
                  59 24 58 -1 
                  60 25 59 -1 
                  61 26 60 -1 
                  62 27 61 -1 
                  63 28 62 -1 
                  64 29 63 -1 
                  65 30 64 -1 
                  66 31 65 -1 
                  67 32 66 -1 
                  68 33 67 -1 
                  69 34 68 -1 
                  70 35 69 -1 
                  71 36 70 -1 
                  1 0 71 -1 
                  3 0 2 -1 
                  4 0 3 -1 
                  5 0 4 -1 
                  6 0 5 -1 
                  7 0 6 -1 
                  8 0 7 -1 
                  9 0 8 -1 
                  10 0 9 -1 
                  11 0 10 -1 
                  12 0 11 -1 
                  13 0 12 -1 
                  14 0 13 -1 
                  15 0 14 -1 
                  16 0 15 -1 
                  17 0 16 -1 
                  18 0 17 -1 
                  19 0 18 -1 
                  20 0 19 -1 
                  21 0 20 -1 
                  22 0 21 -1 
                  23 0 22 -1 
                  24 0 23 -1 
                  25 0 24 -1 
                  26 0 25 -1 
                  27 0 26 -1 
                  28 0 27 -1 
                  29 0 28 -1 
                  30 0 29 -1 
                  31 0 30 -1 
                  32 0 31 -1 
                  33 0 32 -1 
                  34 0 33 -1 
                  35 0 34 -1 
                  36 0 35 -1 
                  38 37 1 -1 
                  39 38 1 -1 
                  40 39 1 -1 
                  41 40 1 -1 
                  42 41 1 -1 
                  43 42 1 -1 
                  44 43 1 -1 
                  45 44 1 -1 
                  46 45 1 -1 
                  47 46 1 -1 
                  48 47 1 -1 
                  49 48 1 -1 
                  50 49 1 -1 
                  51 50 1 -1 
                  52 51 1 -1 
                  53 52 1 -1 
                  54 53 1 -1 
                  55 54 1 -1 
                  56 55 1 -1 
                  57 56 1 -1 
                  58 57 1 -1 
                  59 58 1 -1 
                  60 59 1 -1 
                  61 60 1 -1 
                  62 61 1 -1 
                  63 62 1 -1 
                  64 63 1 -1 
                  65 64 1 -1 
                  66 65 1 -1 
                  67 66 1 -1 
                  68 67 1 -1 
                  69 68 1 -1 
                  70 69 1 -1 
                  71 70 1 -1 
                ]
                normalIndex [
                  72 0 1 -1 
                  71 1 2 -1 
                  70 2 3 -1 
                  69 3 4 -1 
                  68 4 5 -1 
                  8 65 7 -1 
                  9 64 8 -1 
                  10 63 9 -1 
                  11 62 10 -1 
                  12 61 11 -1 
                  13 60 12 -1 
                  14 59 13 -1 
                  15 58 14 -1 
                  16 57 15 -1 
                  17 56 16 -1 
                  18 55 17 -1 
                  19 54 18 -1 
                  20 53 19 -1 
                  21 52 20 -1 
                  22 51 21 -1 
                  23 50 22 -1 
                  24 49 23 -1 
                  25 48 24 -1 
                  26 47 25 -1 
                  27 46 26 -1 
                  28 45 27 -1 
                  29 44 28 -1 
                  30 43 29 -1 
                  31 42 30 -1 
                  32 41 31 -1 
                  33 40 32 -1 
                  34 39 33 -1 
                  35 38 34 -1 
                  36 37 35 -1 
                  67 5 6 -1 
                  66 6 7 -1 
                  38 35 37 -1 
                  39 34 38 -1 
                  40 33 39 -1 
                  41 32 40 -1 
                  42 31 41 -1 
                  43 30 42 -1 
                  44 29 43 -1 
                  45 28 44 -1 
                  46 27 45 -1 
                  47 26 46 -1 
                  48 25 47 -1 
                  49 24 48 -1 
                  50 23 49 -1 
                  51 22 50 -1 
                  52 21 51 -1 
                  53 20 52 -1 
                  54 19 53 -1 
                  55 18 54 -1 
                  56 17 55 -1 
                  57 16 56 -1 
                  58 15 57 -1 
                  59 14 58 -1 
                  60 13 59 -1 
                  61 12 60 -1 
                  62 11 61 -1 
                  63 10 62 -1 
                  64 9 63 -1 
                  65 8 64 -1 
                  66 7 65 -1 
                  67 6 66 -1 
                  68 5 67 -1 
                  69 4 68 -1 
                  70 3 69 -1 
                  71 2 70 -1 
                  72 1 71 -1 
                  73 0 72 -1 
                  76 74 75 -1 
                  77 74 76 -1 
                  78 74 77 -1 
                  79 74 78 -1 
                  80 74 79 -1 
                  81 74 80 -1 
                  82 74 81 -1 
                  83 74 82 -1 
                  84 74 83 -1 
                  85 74 84 -1 
                  86 74 85 -1 
                  87 74 86 -1 
                  88 74 87 -1 
                  89 74 88 -1 
                  90 74 89 -1 
                  91 74 90 -1 
                  92 74 91 -1 
                  93 74 92 -1 
                  94 74 93 -1 
                  95 74 94 -1 
                  96 74 95 -1 
                  97 74 96 -1 
                  98 74 97 -1 
                  99 74 98 -1 
                  100 74 99 -1 
                  101 74 100 -1 
                  102 74 101 -1 
                  103 74 102 -1 
                  104 74 103 -1 
                  105 74 104 -1 
                  106 74 105 -1 
                  107 74 106 -1 
                  108 74 107 -1 
                  109 74 108 -1 
                  112 111 110 -1 
                  113 112 110 -1 
                  114 113 110 -1 
                  115 114 110 -1 
                  116 115 110 -1 
                  117 116 110 -1 
                  118 117 110 -1 
                  119 118 110 -1 
                  120 119 110 -1 
                  121 120 110 -1 
                  122 121 110 -1 
                  123 122 110 -1 
                  124 123 110 -1 
                  125 124 110 -1 
                  126 125 110 -1 
                  127 126 110 -1 
                  128 127 110 -1 
                  129 128 110 -1 
                  130 129 110 -1 
                  131 130 110 -1 
                  132 131 110 -1 
                  133 132 110 -1 
                  134 133 110 -1 
                  135 134 110 -1 
                  136 135 110 -1 
                  137 136 110 -1 
                  138 137 110 -1 
                  139 138 110 -1 
                  140 139 110 -1 
                  141 140 110 -1 
                  142 141 110 -1 
                  143 142 110 -1 
                  144 143 110 -1 
                  145 144 110 -1 
                ]
              }
            }
            DEF Leads_13 Shape {
              appearance DEF __59 Appearance {
                material DEF __60 Material {
                  ambientIntensity 0.260947436094
                  diffuseColor 0.73400002718 0.773000001907 0.79699999094
                  shininess 0
                }
              }
              geometry DEF __61 IndexedFaceSet {
                solid FALSE
                coord Coordinate {
                  point [
                    0.015565 -7.96020419446e-20 0.0001,
                    0.015565 -7.96020419446e-20 -0.005,
                    0.0155600625197 5.64356577418e-05 0.0001,
                    0.0155454001018 0.000111156546581 0.0001,
                    0.0155214582562 0.0001625 0.0001,
                    0.015488964444 0.000208905973148 0.0001,
                    0.0154489059731 0.000248964444014 0.0001,
                    0.0154025 0.00028145825623 0.0001,
                    0.0153511565466 0.000305400101755 0.0001,
                    0.0152964356577 0.000320062519729 0.0001,
                    0.01524 0.000325 0.0001,
                    0.0151835643423 0.000320062519729 0.0001,
                    0.0151288434534 0.000305400101755 0.0001,
                    0.0150775 0.00028145825623 0.0001,
                    0.0150310940269 0.000248964444014 0.0001,
                    0.014991035556 0.000208905973148 0.0001,
                    0.0149585417438 0.0001625 0.0001,
                    0.0149345998982 0.000111156546581 0.0001,
                    0.0149199374803 5.64356577418e-05 0.0001,
                    0.014915 4.72788000576e-19 0.0001,
                    0.0149199374803 -5.64356577418e-05 0.0001,
                    0.0149345998982 -0.000111156546581 0.0001,
                    0.0149585417438 -0.0001625 0.0001,
                    0.014991035556 -0.000208905973148 0.0001,
                    0.0150310940269 -0.000248964444014 0.0001,
                    0.0150775 -0.00028145825623 0.0001,
                    0.0151288434534 -0.000305400101755 0.0001,
                    0.0151835643423 -0.000320062519729 0.0001,
                    0.01524 -0.000325 0.0001,
                    0.0152964356577 -0.000320062519729 0.0001,
                    0.0153511565466 -0.000305400101755 0.0001,
                    0.0154025 -0.00028145825623 0.0001,
                    0.0154489059731 -0.000248964444014 0.0001,
                    0.015488964444 -0.000208905973148 0.0001,
                    0.0155214582562 -0.0001625 0.0001,
                    0.0155454001018 -0.000111156546581 0.0001,
                    0.0155600625197 -5.64356577418e-05 0.0001,
                    0.0155600625197 5.64356577418e-05 -0.005,
                    0.0155454001018 0.000111156546581 -0.005,
                    0.0155214582562 0.0001625 -0.005,
                    0.015488964444 0.000208905973148 -0.005,
                    0.0154489059731 0.000248964444014 -0.005,
                    0.0154025 0.00028145825623 -0.005,
                    0.0153511565466 0.000305400101755 -0.005,
                    0.0152964356577 0.000320062519729 -0.005,
                    0.01524 0.000325 -0.005,
                    0.0151835643423 0.000320062519729 -0.005,
                    0.0151288434534 0.000305400101755 -0.005,
                    0.0150775 0.00028145825623 -0.005,
                    0.0150310940269 0.000248964444014 -0.005,
                    0.014991035556 0.000208905973148 -0.005,
                    0.0149585417438 0.0001625 -0.005,
                    0.0149345998982 0.000111156546581 -0.005,
                    0.0149199374803 5.64356577418e-05 -0.005,
                    0.014915 4.72788000576e-19 -0.005,
                    0.0149199374803 -5.64356577418e-05 -0.005,
                    0.0149345998982 -0.000111156546581 -0.005,
                    0.0149585417438 -0.0001625 -0.005,
                    0.014991035556 -0.000208905973148 -0.005,
                    0.0150310940269 -0.000248964444014 -0.005,
                    0.0150775 -0.00028145825623 -0.005,
                    0.0151288434534 -0.000305400101755 -0.005,
                    0.0151835643423 -0.000320062519729 -0.005,
                    0.01524 -0.000325 -0.005,
                    0.0152964356577 -0.000320062519729 -0.005,
                    0.0153511565466 -0.000305400101755 -0.005,
                    0.0154025 -0.00028145825623 -0.005,
                    0.0154489059731 -0.000248964444014 -0.005,
                    0.015488964444 -0.000208905973148 -0.005,
                    0.0155214582562 -0.0001625 -0.005,
                    0.0155454001018 -0.000111156546581 -0.005,
                    0.0155600625197 -5.64356577418e-05 -0.005

                  ]
                }
                normal Normal {
                  vector [
                    1 -2.4492937e-16 0,
                    0.98480773 -0.17364818 0,
                    0.93969262 -0.34202015 0,
                    0.86602539 -0.5 0,
                    0.76604444 -0.64278764 0,
                    0.64278764 -0.76604444 0,
                    0.5 -0.86602539 0,
                    0.34202015 -0.93969262 0,
                    0.17364818 -0.98480773 0,
                    -3.5527137e-15 -1 0,
                    -0.17364818 -0.98480773 0,
                    -0.34202015 -0.93969262 0,
                    -0.5 -0.86602539 0,
                    -0.64278764 -0.76604444 0,
                    -0.76604444 -0.64278764 0,
                    -0.86602539 -0.5 0,
                    -0.93969262 -0.34202015 0,
                    -0.98480773 -0.17364818 0,
                    -1 1.4547323e-15 0,
                    -0.98480773 0.17364818 0,
                    -0.93969262 0.34202015 0,
                    -0.86602539 0.5 0,
                    -0.76604444 0.64278764 0,
                    -0.64278764 0.76604444 0,
                    -0.5 0.86602539 0,
                    -0.34202015 0.93969262 0,
                    -0.17364818 0.98480773 0,
                    0 1 0,
                    0.17364818 0.98480773 0,
                    0.34202015 0.93969262 0,
                    0.5 0.86602539 0,
                    0.64278764 0.76604444 0,
                    0.76604444 0.64278764 0,
                    0.86602539 0.5 0,
                    0.93969262 0.34202015 0,
                    0.98480773 0.17364818 0,
                    1 0 0,
                    1 0 0,
                    0.98480773 0.17364818 0,
                    0.93969262 0.34202015 0,
                    0.86602539 0.5 0,
                    0.76604444 0.64278764 0,
                    0.64278764 0.76604444 0,
                    0.5 0.86602539 0,
                    0.34202015 0.93969262 0,
                    0.17364818 0.98480773 0,
                    0 1 0,
                    -0.17364818 0.98480773 0,
                    -0.34202015 0.93969262 0,
                    -0.5 0.86602539 0,
                    -0.64278764 0.76604444 0,
                    -0.76604444 0.64278764 0,
                    -0.86602539 0.5 0,
                    -0.93969262 0.34202015 0,
                    -0.98480773 0.17364818 0,
                    -1 1.4547323e-15 0,
                    -0.98480773 -0.17364818 0,
                    -0.93969262 -0.34202015 0,
                    -0.86602539 -0.5 0,
                    -0.76604444 -0.64278764 0,
                    -0.64278764 -0.76604444 0,
                    -0.5 -0.86602539 0,
                    -0.34202015 -0.93969262 0,
                    -0.17364818 -0.98480773 0,
                    -3.5527137e-15 -1 0,
                    0.17364818 -0.98480773 0,
                    0.34202015 -0.93969262 0,
                    0.5 -0.86602539 0,
                    0.64278764 -0.76604444 0,
                    0.76604444 -0.64278764 0,
                    0.86602539 -0.5 0,
                    0.93969262 -0.34202015 0,
                    0.98480773 -0.17364818 0,
                    1 -2.4492937e-16 0,
                    0 0 1,
                    0 0 1,
                    0 0 1,
                    0 0 1,
                    0 0 1,
                    0 0 1,
                    0 0 1,
                    0 0 1,
                    0 0 1,
                    0 0 1,
                    0 0 1,
                    0 0 1,
                    0 0 1,
                    0 0 1,
                    0 0 1,
                    0 0 1,
                    0 0 1,
                    0 0 1,
                    0 0 1,
                    0 0 1,
                    0 0 1,
                    0 0 1,
                    0 0 1,
                    0 0 1,
                    0 0 1,
                    0 0 1,
                    0 0 1,
                    0 0 1,
                    0 0 1,
                    0 0 1,
                    0 0 1,
                    0 0 1,
                    0 0 1,
                    0 0 1,
                    0 0 1,
                    0 0 1,
                    -0 -0 -1,
                    -0 -0 -1,
                    -0 -0 -1,
                    -0 -0 -1,
                    -0 -0 -1,
                    -0 -0 -1,
                    -0 -0 -1,
                    -0 -0 -1,
                    -0 -0 -1,
                    -0 -0 -1,
                    -0 -0 -1,
                    -0 -0 -1,
                    -0 -0 -1,
                    -0 -0 -1,
                    -0 -0 -1,
                    -0 -0 -1,
                    -0 -0 -1,
                    -0 -0 -1,
                    -0 -0 -1,
                    -0 -0 -1,
                    -0 -0 -1,
                    -0 -0 -1,
                    -0 -0 -1,
                    -0 -0 -1,
                    -0 -0 -1,
                    -0 -0 -1,
                    -0 -0 -1,
                    -0 -0 -1,
                    -0 -0 -1,
                    -0 -0 -1,
                    -0 -0 -1,
                    -0 -0 -1,
                    -0 -0 -1,
                    -0 -0 -1,
                    -0 -0 -1,
                    -0 -0 -1

                  ]
                }
                coordIndex [
                  71 0 36 -1 
                  70 36 35 -1 
                  69 35 34 -1 
                  68 34 33 -1 
                  67 33 32 -1 
                  29 64 30 -1 
                  28 63 29 -1 
                  27 62 28 -1 
                  26 61 27 -1 
                  25 60 26 -1 
                  24 59 25 -1 
                  23 58 24 -1 
                  22 57 23 -1 
                  21 56 22 -1 
                  20 55 21 -1 
                  19 54 20 -1 
                  18 53 19 -1 
                  17 52 18 -1 
                  16 51 17 -1 
                  15 50 16 -1 
                  14 49 15 -1 
                  13 48 14 -1 
                  12 47 13 -1 
                  11 46 12 -1 
                  10 45 11 -1 
                  9 44 10 -1 
                  8 43 9 -1 
                  7 42 8 -1 
                  6 41 7 -1 
                  5 40 6 -1 
                  4 39 5 -1 
                  3 38 4 -1 
                  2 37 3 -1 
                  0 1 2 -1 
                  66 32 31 -1 
                  65 31 30 -1 
                  37 2 1 -1 
                  38 3 37 -1 
                  39 4 38 -1 
                  40 5 39 -1 
                  41 6 40 -1 
                  42 7 41 -1 
                  43 8 42 -1 
                  44 9 43 -1 
                  45 10 44 -1 
                  46 11 45 -1 
                  47 12 46 -1 
                  48 13 47 -1 
                  49 14 48 -1 
                  50 15 49 -1 
                  51 16 50 -1 
                  52 17 51 -1 
                  53 18 52 -1 
                  54 19 53 -1 
                  55 20 54 -1 
                  56 21 55 -1 
                  57 22 56 -1 
                  58 23 57 -1 
                  59 24 58 -1 
                  60 25 59 -1 
                  61 26 60 -1 
                  62 27 61 -1 
                  63 28 62 -1 
                  64 29 63 -1 
                  65 30 64 -1 
                  66 31 65 -1 
                  67 32 66 -1 
                  68 33 67 -1 
                  69 34 68 -1 
                  70 35 69 -1 
                  71 36 70 -1 
                  1 0 71 -1 
                  3 0 2 -1 
                  4 0 3 -1 
                  5 0 4 -1 
                  6 0 5 -1 
                  7 0 6 -1 
                  8 0 7 -1 
                  9 0 8 -1 
                  10 0 9 -1 
                  11 0 10 -1 
                  12 0 11 -1 
                  13 0 12 -1 
                  14 0 13 -1 
                  15 0 14 -1 
                  16 0 15 -1 
                  17 0 16 -1 
                  18 0 17 -1 
                  19 0 18 -1 
                  20 0 19 -1 
                  21 0 20 -1 
                  22 0 21 -1 
                  23 0 22 -1 
                  24 0 23 -1 
                  25 0 24 -1 
                  26 0 25 -1 
                  27 0 26 -1 
                  28 0 27 -1 
                  29 0 28 -1 
                  30 0 29 -1 
                  31 0 30 -1 
                  32 0 31 -1 
                  33 0 32 -1 
                  34 0 33 -1 
                  35 0 34 -1 
                  36 0 35 -1 
                  38 37 1 -1 
                  39 38 1 -1 
                  40 39 1 -1 
                  41 40 1 -1 
                  42 41 1 -1 
                  43 42 1 -1 
                  44 43 1 -1 
                  45 44 1 -1 
                  46 45 1 -1 
                  47 46 1 -1 
                  48 47 1 -1 
                  49 48 1 -1 
                  50 49 1 -1 
                  51 50 1 -1 
                  52 51 1 -1 
                  53 52 1 -1 
                  54 53 1 -1 
                  55 54 1 -1 
                  56 55 1 -1 
                  57 56 1 -1 
                  58 57 1 -1 
                  59 58 1 -1 
                  60 59 1 -1 
                  61 60 1 -1 
                  62 61 1 -1 
                  63 62 1 -1 
                  64 63 1 -1 
                  65 64 1 -1 
                  66 65 1 -1 
                  67 66 1 -1 
                  68 67 1 -1 
                  69 68 1 -1 
                  70 69 1 -1 
                  71 70 1 -1 
                ]
                normalIndex [
                  72 0 1 -1 
                  71 1 2 -1 
                  70 2 3 -1 
                  69 3 4 -1 
                  68 4 5 -1 
                  8 65 7 -1 
                  9 64 8 -1 
                  10 63 9 -1 
                  11 62 10 -1 
                  12 61 11 -1 
                  13 60 12 -1 
                  14 59 13 -1 
                  15 58 14 -1 
                  16 57 15 -1 
                  17 56 16 -1 
                  18 55 17 -1 
                  19 54 18 -1 
                  20 53 19 -1 
                  21 52 20 -1 
                  22 51 21 -1 
                  23 50 22 -1 
                  24 49 23 -1 
                  25 48 24 -1 
                  26 47 25 -1 
                  27 46 26 -1 
                  28 45 27 -1 
                  29 44 28 -1 
                  30 43 29 -1 
                  31 42 30 -1 
                  32 41 31 -1 
                  33 40 32 -1 
                  34 39 33 -1 
                  35 38 34 -1 
                  36 37 35 -1 
                  67 5 6 -1 
                  66 6 7 -1 
                  38 35 37 -1 
                  39 34 38 -1 
                  40 33 39 -1 
                  41 32 40 -1 
                  42 31 41 -1 
                  43 30 42 -1 
                  44 29 43 -1 
                  45 28 44 -1 
                  46 27 45 -1 
                  47 26 46 -1 
                  48 25 47 -1 
                  49 24 48 -1 
                  50 23 49 -1 
                  51 22 50 -1 
                  52 21 51 -1 
                  53 20 52 -1 
                  54 19 53 -1 
                  55 18 54 -1 
                  56 17 55 -1 
                  57 16 56 -1 
                  58 15 57 -1 
                  59 14 58 -1 
                  60 13 59 -1 
                  61 12 60 -1 
                  62 11 61 -1 
                  63 10 62 -1 
                  64 9 63 -1 
                  65 8 64 -1 
                  66 7 65 -1 
                  67 6 66 -1 
                  68 5 67 -1 
                  69 4 68 -1 
                  70 3 69 -1 
                  71 2 70 -1 
                  72 1 71 -1 
                  73 0 72 -1 
                  76 74 75 -1 
                  77 74 76 -1 
                  78 74 77 -1 
                  79 74 78 -1 
                  80 74 79 -1 
                  81 74 80 -1 
                  82 74 81 -1 
                  83 74 82 -1 
                  84 74 83 -1 
                  85 74 84 -1 
                  86 74 85 -1 
                  87 74 86 -1 
                  88 74 87 -1 
                  89 74 88 -1 
                  90 74 89 -1 
                  91 74 90 -1 
                  92 74 91 -1 
                  93 74 92 -1 
                  94 74 93 -1 
                  95 74 94 -1 
                  96 74 95 -1 
                  97 74 96 -1 
                  98 74 97 -1 
                  99 74 98 -1 
                  100 74 99 -1 
                  101 74 100 -1 
                  102 74 101 -1 
                  103 74 102 -1 
                  104 74 103 -1 
                  105 74 104 -1 
                  106 74 105 -1 
                  107 74 106 -1 
                  108 74 107 -1 
                  109 74 108 -1 
                  112 111 110 -1 
                  113 112 110 -1 
                  114 113 110 -1 
                  115 114 110 -1 
                  116 115 110 -1 
                  117 116 110 -1 
                  118 117 110 -1 
                  119 118 110 -1 
                  120 119 110 -1 
                  121 120 110 -1 
                  122 121 110 -1 
                  123 122 110 -1 
                  124 123 110 -1 
                  125 124 110 -1 
                  126 125 110 -1 
                  127 126 110 -1 
                  128 127 110 -1 
                  129 128 110 -1 
                  130 129 110 -1 
                  131 130 110 -1 
                  132 131 110 -1 
                  133 132 110 -1 
                  134 133 110 -1 
                  135 134 110 -1 
                  136 135 110 -1 
                  137 136 110 -1 
                  138 137 110 -1 
                  139 138 110 -1 
                  140 139 110 -1 
                  141 140 110 -1 
                  142 141 110 -1 
                  143 142 110 -1 
                  144 143 110 -1 
                  145 144 110 -1 
                ]
              }
            }
            DEF Leads_14 Shape {
              appearance DEF __63 Appearance {
                material DEF __64 Material {
                  ambientIntensity 0.260947436094
                  diffuseColor 0.73400002718 0.773000001907 0.79699999094
                  shininess 0
                }
              }
              geometry DEF __65 IndexedFaceSet {
                solid FALSE
                coord Coordinate {
                  point [
                    0.018105 -7.96020419446e-20 0.0001,
                    0.018105 -7.96020419446e-20 -0.005,
                    0.0181000625197 5.64356577418e-05 0.0001,
                    0.0180854001018 0.000111156546581 0.0001,
                    0.0180614582562 0.0001625 0.0001,
                    0.018028964444 0.000208905973148 0.0001,
                    0.0179889059731 0.000248964444014 0.0001,
                    0.0179425 0.00028145825623 0.0001,
                    0.0178911565466 0.000305400101755 0.0001,
                    0.0178364356577 0.000320062519729 0.0001,
                    0.01778 0.000325 0.0001,
                    0.0177235643423 0.000320062519729 0.0001,
                    0.0176688434534 0.000305400101755 0.0001,
                    0.0176175 0.00028145825623 0.0001,
                    0.0175710940269 0.000248964444014 0.0001,
                    0.017531035556 0.000208905973148 0.0001,
                    0.0174985417438 0.0001625 0.0001,
                    0.0174745998982 0.000111156546581 0.0001,
                    0.0174599374803 5.64356577418e-05 0.0001,
                    0.017455 4.72788000576e-19 0.0001,
                    0.0174599374803 -5.64356577418e-05 0.0001,
                    0.0174745998982 -0.000111156546581 0.0001,
                    0.0174985417438 -0.0001625 0.0001,
                    0.017531035556 -0.000208905973148 0.0001,
                    0.0175710940269 -0.000248964444014 0.0001,
                    0.0176175 -0.00028145825623 0.0001,
                    0.0176688434534 -0.000305400101755 0.0001,
                    0.0177235643423 -0.000320062519729 0.0001,
                    0.01778 -0.000325 0.0001,
                    0.0178364356577 -0.000320062519729 0.0001,
                    0.0178911565466 -0.000305400101755 0.0001,
                    0.0179425 -0.00028145825623 0.0001,
                    0.0179889059731 -0.000248964444014 0.0001,
                    0.018028964444 -0.000208905973148 0.0001,
                    0.0180614582562 -0.0001625 0.0001,
                    0.0180854001018 -0.000111156546581 0.0001,
                    0.0181000625197 -5.64356577418e-05 0.0001,
                    0.0181000625197 5.64356577418e-05 -0.005,
                    0.0180854001018 0.000111156546581 -0.005,
                    0.0180614582562 0.0001625 -0.005,
                    0.018028964444 0.000208905973148 -0.005,
                    0.0179889059731 0.000248964444014 -0.005,
                    0.0179425 0.00028145825623 -0.005,
                    0.0178911565466 0.000305400101755 -0.005,
                    0.0178364356577 0.000320062519729 -0.005,
                    0.01778 0.000325 -0.005,
                    0.0177235643423 0.000320062519729 -0.005,
                    0.0176688434534 0.000305400101755 -0.005,
                    0.0176175 0.00028145825623 -0.005,
                    0.0175710940269 0.000248964444014 -0.005,
                    0.017531035556 0.000208905973148 -0.005,
                    0.0174985417438 0.0001625 -0.005,
                    0.0174745998982 0.000111156546581 -0.005,
                    0.0174599374803 5.64356577418e-05 -0.005,
                    0.017455 4.72788000576e-19 -0.005,
                    0.0174599374803 -5.64356577418e-05 -0.005,
                    0.0174745998982 -0.000111156546581 -0.005,
                    0.0174985417438 -0.0001625 -0.005,
                    0.017531035556 -0.000208905973148 -0.005,
                    0.0175710940269 -0.000248964444014 -0.005,
                    0.0176175 -0.00028145825623 -0.005,
                    0.0176688434534 -0.000305400101755 -0.005,
                    0.0177235643423 -0.000320062519729 -0.005,
                    0.01778 -0.000325 -0.005,
                    0.0178364356577 -0.000320062519729 -0.005,
                    0.0178911565466 -0.000305400101755 -0.005,
                    0.0179425 -0.00028145825623 -0.005,
                    0.0179889059731 -0.000248964444014 -0.005,
                    0.018028964444 -0.000208905973148 -0.005,
                    0.0180614582562 -0.0001625 -0.005,
                    0.0180854001018 -0.000111156546581 -0.005,
                    0.0181000625197 -5.64356577418e-05 -0.005

                  ]
                }
                normal Normal {
                  vector [
                    1 -2.4492937e-16 0,
                    0.98480773 -0.17364818 0,
                    0.93969262 -0.34202015 0,
                    0.86602539 -0.5 0,
                    0.76604444 -0.64278764 0,
                    0.64278764 -0.76604444 0,
                    0.5 -0.86602539 0,
                    0.34202015 -0.93969262 0,
                    0.17364818 -0.98480773 0,
                    -3.5527137e-15 -1 0,
                    -0.17364818 -0.98480773 0,
                    -0.34202015 -0.93969262 0,
                    -0.5 -0.86602539 0,
                    -0.64278764 -0.76604444 0,
                    -0.76604444 -0.64278764 0,
                    -0.86602539 -0.5 0,
                    -0.93969262 -0.34202015 0,
                    -0.98480773 -0.17364818 0,
                    -1 1.4547323e-15 0,
                    -0.98480773 0.17364818 0,
                    -0.93969262 0.34202015 0,
                    -0.86602539 0.5 0,
                    -0.76604444 0.64278764 0,
                    -0.64278764 0.76604444 0,
                    -0.5 0.86602539 0,
                    -0.34202015 0.93969262 0,
                    -0.17364818 0.98480773 0,
                    0 1 0,
                    0.17364818 0.98480773 0,
                    0.34202015 0.93969262 0,
                    0.5 0.86602539 0,
                    0.64278764 0.76604444 0,
                    0.76604444 0.64278764 0,
                    0.86602539 0.5 0,
                    0.93969262 0.34202015 0,
                    0.98480773 0.17364818 0,
                    1 0 0,
                    1 0 0,
                    0.98480773 0.17364818 0,
                    0.93969262 0.34202015 0,
                    0.86602539 0.5 0,
                    0.76604444 0.64278764 0,
                    0.64278764 0.76604444 0,
                    0.5 0.86602539 0,
                    0.34202015 0.93969262 0,
                    0.17364818 0.98480773 0,
                    0 1 0,
                    -0.17364818 0.98480773 0,
                    -0.34202015 0.93969262 0,
                    -0.5 0.86602539 0,
                    -0.64278764 0.76604444 0,
                    -0.76604444 0.64278764 0,
                    -0.86602539 0.5 0,
                    -0.93969262 0.34202015 0,
                    -0.98480773 0.17364818 0,
                    -1 1.4547323e-15 0,
                    -0.98480773 -0.17364818 0,
                    -0.93969262 -0.34202015 0,
                    -0.86602539 -0.5 0,
                    -0.76604444 -0.64278764 0,
                    -0.64278764 -0.76604444 0,
                    -0.5 -0.86602539 0,
                    -0.34202015 -0.93969262 0,
                    -0.17364818 -0.98480773 0,
                    -3.5527137e-15 -1 0,
                    0.17364818 -0.98480773 0,
                    0.34202015 -0.93969262 0,
                    0.5 -0.86602539 0,
                    0.64278764 -0.76604444 0,
                    0.76604444 -0.64278764 0,
                    0.86602539 -0.5 0,
                    0.93969262 -0.34202015 0,
                    0.98480773 -0.17364818 0,
                    1 -2.4492937e-16 0,
                    0 0 1,
                    0 0 1,
                    0 0 1,
                    0 0 1,
                    0 0 1,
                    0 0 1,
                    0 0 1,
                    0 0 1,
                    0 0 1,
                    0 0 1,
                    0 0 1,
                    0 0 1,
                    0 0 1,
                    0 0 1,
                    0 0 1,
                    0 0 1,
                    0 0 1,
                    0 0 1,
                    0 0 1,
                    0 0 1,
                    0 0 1,
                    0 0 1,
                    0 0 1,
                    0 0 1,
                    0 0 1,
                    0 0 1,
                    0 0 1,
                    0 0 1,
                    0 0 1,
                    0 0 1,
                    0 0 1,
                    0 0 1,
                    0 0 1,
                    0 0 1,
                    0 0 1,
                    0 0 1,
                    -0 -0 -1,
                    -0 -0 -1,
                    -0 -0 -1,
                    -0 -0 -1,
                    -0 -0 -1,
                    -0 -0 -1,
                    -0 -0 -1,
                    -0 -0 -1,
                    -0 -0 -1,
                    -0 -0 -1,
                    -0 -0 -1,
                    -0 -0 -1,
                    -0 -0 -1,
                    -0 -0 -1,
                    -0 -0 -1,
                    -0 -0 -1,
                    -0 -0 -1,
                    -0 -0 -1,
                    -0 -0 -1,
                    -0 -0 -1,
                    -0 -0 -1,
                    -0 -0 -1,
                    -0 -0 -1,
                    -0 -0 -1,
                    -0 -0 -1,
                    -0 -0 -1,
                    -0 -0 -1,
                    -0 -0 -1,
                    -0 -0 -1,
                    -0 -0 -1,
                    -0 -0 -1,
                    -0 -0 -1,
                    -0 -0 -1,
                    -0 -0 -1,
                    -0 -0 -1,
                    -0 -0 -1

                  ]
                }
                coordIndex [
                  71 0 36 -1 
                  70 36 35 -1 
                  69 35 34 -1 
                  68 34 33 -1 
                  67 33 32 -1 
                  29 64 30 -1 
                  28 63 29 -1 
                  27 62 28 -1 
                  26 61 27 -1 
                  25 60 26 -1 
                  24 59 25 -1 
                  23 58 24 -1 
                  22 57 23 -1 
                  21 56 22 -1 
                  20 55 21 -1 
                  19 54 20 -1 
                  18 53 19 -1 
                  17 52 18 -1 
                  16 51 17 -1 
                  15 50 16 -1 
                  14 49 15 -1 
                  13 48 14 -1 
                  12 47 13 -1 
                  11 46 12 -1 
                  10 45 11 -1 
                  9 44 10 -1 
                  8 43 9 -1 
                  7 42 8 -1 
                  6 41 7 -1 
                  5 40 6 -1 
                  4 39 5 -1 
                  3 38 4 -1 
                  2 37 3 -1 
                  0 1 2 -1 
                  66 32 31 -1 
                  65 31 30 -1 
                  37 2 1 -1 
                  38 3 37 -1 
                  39 4 38 -1 
                  40 5 39 -1 
                  41 6 40 -1 
                  42 7 41 -1 
                  43 8 42 -1 
                  44 9 43 -1 
                  45 10 44 -1 
                  46 11 45 -1 
                  47 12 46 -1 
                  48 13 47 -1 
                  49 14 48 -1 
                  50 15 49 -1 
                  51 16 50 -1 
                  52 17 51 -1 
                  53 18 52 -1 
                  54 19 53 -1 
                  55 20 54 -1 
                  56 21 55 -1 
                  57 22 56 -1 
                  58 23 57 -1 
                  59 24 58 -1 
                  60 25 59 -1 
                  61 26 60 -1 
                  62 27 61 -1 
                  63 28 62 -1 
                  64 29 63 -1 
                  65 30 64 -1 
                  66 31 65 -1 
                  67 32 66 -1 
                  68 33 67 -1 
                  69 34 68 -1 
                  70 35 69 -1 
                  71 36 70 -1 
                  1 0 71 -1 
                  3 0 2 -1 
                  4 0 3 -1 
                  5 0 4 -1 
                  6 0 5 -1 
                  7 0 6 -1 
                  8 0 7 -1 
                  9 0 8 -1 
                  10 0 9 -1 
                  11 0 10 -1 
                  12 0 11 -1 
                  13 0 12 -1 
                  14 0 13 -1 
                  15 0 14 -1 
                  16 0 15 -1 
                  17 0 16 -1 
                  18 0 17 -1 
                  19 0 18 -1 
                  20 0 19 -1 
                  21 0 20 -1 
                  22 0 21 -1 
                  23 0 22 -1 
                  24 0 23 -1 
                  25 0 24 -1 
                  26 0 25 -1 
                  27 0 26 -1 
                  28 0 27 -1 
                  29 0 28 -1 
                  30 0 29 -1 
                  31 0 30 -1 
                  32 0 31 -1 
                  33 0 32 -1 
                  34 0 33 -1 
                  35 0 34 -1 
                  36 0 35 -1 
                  38 37 1 -1 
                  39 38 1 -1 
                  40 39 1 -1 
                  41 40 1 -1 
                  42 41 1 -1 
                  43 42 1 -1 
                  44 43 1 -1 
                  45 44 1 -1 
                  46 45 1 -1 
                  47 46 1 -1 
                  48 47 1 -1 
                  49 48 1 -1 
                  50 49 1 -1 
                  51 50 1 -1 
                  52 51 1 -1 
                  53 52 1 -1 
                  54 53 1 -1 
                  55 54 1 -1 
                  56 55 1 -1 
                  57 56 1 -1 
                  58 57 1 -1 
                  59 58 1 -1 
                  60 59 1 -1 
                  61 60 1 -1 
                  62 61 1 -1 
                  63 62 1 -1 
                  64 63 1 -1 
                  65 64 1 -1 
                  66 65 1 -1 
                  67 66 1 -1 
                  68 67 1 -1 
                  69 68 1 -1 
                  70 69 1 -1 
                  71 70 1 -1 
                ]
                normalIndex [
                  72 0 1 -1 
                  71 1 2 -1 
                  70 2 3 -1 
                  69 3 4 -1 
                  68 4 5 -1 
                  8 65 7 -1 
                  9 64 8 -1 
                  10 63 9 -1 
                  11 62 10 -1 
                  12 61 11 -1 
                  13 60 12 -1 
                  14 59 13 -1 
                  15 58 14 -1 
                  16 57 15 -1 
                  17 56 16 -1 
                  18 55 17 -1 
                  19 54 18 -1 
                  20 53 19 -1 
                  21 52 20 -1 
                  22 51 21 -1 
                  23 50 22 -1 
                  24 49 23 -1 
                  25 48 24 -1 
                  26 47 25 -1 
                  27 46 26 -1 
                  28 45 27 -1 
                  29 44 28 -1 
                  30 43 29 -1 
                  31 42 30 -1 
                  32 41 31 -1 
                  33 40 32 -1 
                  34 39 33 -1 
                  35 38 34 -1 
                  36 37 35 -1 
                  67 5 6 -1 
                  66 6 7 -1 
                  38 35 37 -1 
                  39 34 38 -1 
                  40 33 39 -1 
                  41 32 40 -1 
                  42 31 41 -1 
                  43 30 42 -1 
                  44 29 43 -1 
                  45 28 44 -1 
                  46 27 45 -1 
                  47 26 46 -1 
                  48 25 47 -1 
                  49 24 48 -1 
                  50 23 49 -1 
                  51 22 50 -1 
                  52 21 51 -1 
                  53 20 52 -1 
                  54 19 53 -1 
                  55 18 54 -1 
                  56 17 55 -1 
                  57 16 56 -1 
                  58 15 57 -1 
                  59 14 58 -1 
                  60 13 59 -1 
                  61 12 60 -1 
                  62 11 61 -1 
                  63 10 62 -1 
                  64 9 63 -1 
                  65 8 64 -1 
                  66 7 65 -1 
                  67 6 66 -1 
                  68 5 67 -1 
                  69 4 68 -1 
                  70 3 69 -1 
                  71 2 70 -1 
                  72 1 71 -1 
                  73 0 72 -1 
                  76 74 75 -1 
                  77 74 76 -1 
                  78 74 77 -1 
                  79 74 78 -1 
                  80 74 79 -1 
                  81 74 80 -1 
                  82 74 81 -1 
                  83 74 82 -1 
                  84 74 83 -1 
                  85 74 84 -1 
                  86 74 85 -1 
                  87 74 86 -1 
                  88 74 87 -1 
                  89 74 88 -1 
                  90 74 89 -1 
                  91 74 90 -1 
                  92 74 91 -1 
                  93 74 92 -1 
                  94 74 93 -1 
                  95 74 94 -1 
                  96 74 95 -1 
                  97 74 96 -1 
                  98 74 97 -1 
                  99 74 98 -1 
                  100 74 99 -1 
                  101 74 100 -1 
                  102 74 101 -1 
                  103 74 102 -1 
                  104 74 103 -1 
                  105 74 104 -1 
                  106 74 105 -1 
                  107 74 106 -1 
                  108 74 107 -1 
                  109 74 108 -1 
                  112 111 110 -1 
                  113 112 110 -1 
                  114 113 110 -1 
                  115 114 110 -1 
                  116 115 110 -1 
                  117 116 110 -1 
                  118 117 110 -1 
                  119 118 110 -1 
                  120 119 110 -1 
                  121 120 110 -1 
                  122 121 110 -1 
                  123 122 110 -1 
                  124 123 110 -1 
                  125 124 110 -1 
                  126 125 110 -1 
                  127 126 110 -1 
                  128 127 110 -1 
                  129 128 110 -1 
                  130 129 110 -1 
                  131 130 110 -1 
                  132 131 110 -1 
                  133 132 110 -1 
                  134 133 110 -1 
                  135 134 110 -1 
                  136 135 110 -1 
                  137 136 110 -1 
                  138 137 110 -1 
                  139 138 110 -1 
                  140 139 110 -1 
                  141 140 110 -1 
                  142 141 110 -1 
                  143 142 110 -1 
                  144 143 110 -1 
                  145 144 110 -1 
                ]
              }
            }
            DEF Leads_15 Shape {
              appearance DEF __67 Appearance {
                material DEF __68 Material {
                  ambientIntensity 0.260947436094
                  diffuseColor 0.73400002718 0.773000001907 0.79699999094
                  shininess 0
                }
              }
              geometry DEF __69 IndexedFaceSet {
                solid FALSE
                coord Coordinate {
                  point [
                    0.015565 0.00762 0.0001,
                    0.015565 0.00762 -0.005,
                    0.0155600625197 0.00767643565774 0.0001,
                    0.0155454001018 0.00773115654658 0.0001,
                    0.0155214582562 0.0077825 0.0001,
                    0.015488964444 0.00782890597315 0.0001,
                    0.0154489059731 0.00786896444401 0.0001,
                    0.0154025 0.00790145825623 0.0001,
                    0.0153511565466 0.00792540010176 0.0001,
                    0.0152964356577 0.00794006251973 0.0001,
                    0.01524 0.007945 0.0001,
                    0.0151835643423 0.00794006251973 0.0001,
                    0.0151288434534 0.00792540010176 0.0001,
                    0.0150775 0.00790145825623 0.0001,
                    0.0150310940269 0.00786896444401 0.0001,
                    0.014991035556 0.00782890597315 0.0001,
                    0.0149585417438 0.0077825 0.0001,
                    0.0149345998982 0.00773115654658 0.0001,
                    0.0149199374803 0.00767643565774 0.0001,
                    0.014915 0.00762 0.0001,
                    0.0149199374803 0.00756356434226 0.0001,
                    0.0149345998982 0.00750884345342 0.0001,
                    0.0149585417438 0.0074575 0.0001,
                    0.014991035556 0.00741109402685 0.0001,
                    0.0150310940269 0.00737103555599 0.0001,
                    0.0150775 0.00733854174377 0.0001,
                    0.0151288434534 0.00731459989824 0.0001,
                    0.0151835643423 0.00729993748027 0.0001,
                    0.01524 0.007295 0.0001,
                    0.0152964356577 0.00729993748027 0.0001,
                    0.0153511565466 0.00731459989824 0.0001,
                    0.0154025 0.00733854174377 0.0001,
                    0.0154489059731 0.00737103555599 0.0001,
                    0.015488964444 0.00741109402685 0.0001,
                    0.0155214582562 0.0074575 0.0001,
                    0.0155454001018 0.00750884345342 0.0001,
                    0.0155600625197 0.00756356434226 0.0001,
                    0.0155600625197 0.00767643565774 -0.005,
                    0.0155454001018 0.00773115654658 -0.005,
                    0.0155214582562 0.0077825 -0.005,
                    0.015488964444 0.00782890597315 -0.005,
                    0.0154489059731 0.00786896444401 -0.005,
                    0.0154025 0.00790145825623 -0.005,
                    0.0153511565466 0.00792540010176 -0.005,
                    0.0152964356577 0.00794006251973 -0.005,
                    0.01524 0.007945 -0.005,
                    0.0151835643423 0.00794006251973 -0.005,
                    0.0151288434534 0.00792540010176 -0.005,
                    0.0150775 0.00790145825623 -0.005,
                    0.0150310940269 0.00786896444401 -0.005,
                    0.014991035556 0.00782890597315 -0.005,
                    0.0149585417438 0.0077825 -0.005,
                    0.0149345998982 0.00773115654658 -0.005,
                    0.0149199374803 0.00767643565774 -0.005,
                    0.014915 0.00762 -0.005,
                    0.0149199374803 0.00756356434226 -0.005,
                    0.0149345998982 0.00750884345342 -0.005,
                    0.0149585417438 0.0074575 -0.005,
                    0.014991035556 0.00741109402685 -0.005,
                    0.0150310940269 0.00737103555599 -0.005,
                    0.0150775 0.00733854174377 -0.005,
                    0.0151288434534 0.00731459989824 -0.005,
                    0.0151835643423 0.00729993748027 -0.005,
                    0.01524 0.007295 -0.005,
                    0.0152964356577 0.00729993748027 -0.005,
                    0.0153511565466 0.00731459989824 -0.005,
                    0.0154025 0.00733854174377 -0.005,
                    0.0154489059731 0.00737103555599 -0.005,
                    0.015488964444 0.00741109402685 -0.005,
                    0.0155214582562 0.0074575 -0.005,
                    0.0155454001018 0.00750884345342 -0.005,
                    0.0155600625197 0.00756356434226 -0.005

                  ]
                }
                normal Normal {
                  vector [
                    1 0 0,
                    0.98480773 -0.17364818 0,
                    0.93969262 -0.34202015 0,
                    0.86602539 -0.5 0,
                    0.76604444 -0.64278764 0,
                    0.64278764 -0.76604444 0,
                    0.5 -0.86602539 0,
                    0.34202015 -0.93969262 0,
                    0.17364818 -0.98480773 0,
                    -3.5527137e-15 -1 0,
                    -0.17364818 -0.98480773 0,
                    -0.34202015 -0.93969262 0,
                    -0.5 -0.86602539 0,
                    -0.64278764 -0.76604444 0,
                    -0.76604444 -0.64278764 0,
                    -0.86602539 -0.5 0,
                    -0.93969262 -0.34202015 0,
                    -0.98480773 -0.17364818 0,
                    -1 1.7763568e-15 0,
                    -0.98480773 0.17364818 0,
                    -0.93969262 0.34202015 0,
                    -0.86602539 0.5 0,
                    -0.76604444 0.64278764 0,
                    -0.64278764 0.76604444 0,
                    -0.5 0.86602539 0,
                    -0.34202015 0.93969262 0,
                    -0.17364818 0.98480773 0,
                    0 1 0,
                    0.17364818 0.98480773 0,
                    0.34202015 0.93969262 0,
                    0.5 0.86602539 0,
                    0.64278764 0.76604444 0,
                    0.76604444 0.64278764 0,
                    0.86602539 0.5 0,
                    0.93969262 0.34202015 0,
                    0.98480773 0.17364818 0,
                    1 0 0,
                    1 0 0,
                    0.98480773 0.17364818 0,
                    0.93969262 0.34202015 0,
                    0.86602539 0.5 0,
                    0.76604444 0.64278764 0,
                    0.64278764 0.76604444 0,
                    0.5 0.86602539 0,
                    0.34202015 0.93969262 0,
                    0.17364818 0.98480773 0,
                    0 1 0,
                    -0.17364818 0.98480773 0,
                    -0.34202015 0.93969262 0,
                    -0.5 0.86602539 0,
                    -0.64278764 0.76604444 0,
                    -0.76604444 0.64278764 0,
                    -0.86602539 0.5 0,
                    -0.93969262 0.34202015 0,
                    -0.98480773 0.17364818 0,
                    -1 1.7763568e-15 0,
                    -0.98480773 -0.17364818 0,
                    -0.93969262 -0.34202015 0,
                    -0.86602539 -0.5 0,
                    -0.76604444 -0.64278764 0,
                    -0.64278764 -0.76604444 0,
                    -0.5 -0.86602539 0,
                    -0.34202015 -0.93969262 0,
                    -0.17364818 -0.98480773 0,
                    -3.5527137e-15 -1 0,
                    0.17364818 -0.98480773 0,
                    0.34202015 -0.93969262 0,
                    0.5 -0.86602539 0,
                    0.64278764 -0.76604444 0,
                    0.76604444 -0.64278764 0,
                    0.86602539 -0.5 0,
                    0.93969262 -0.34202015 0,
                    0.98480773 -0.17364818 0,
                    1 0 0,
                    0 0 1,
                    0 0 1,
                    0 0 1,
                    0 0 1,
                    0 0 1,
                    0 0 1,
                    0 0 1,
                    0 0 1,
                    0 0 1,
                    0 0 1,
                    0 0 1,
                    0 0 1,
                    0 0 1,
                    0 0 1,
                    0 0 1,
                    0 0 1,
                    0 0 1,
                    0 0 1,
                    0 0 1,
                    0 0 1,
                    0 0 1,
                    0 0 1,
                    0 0 1,
                    0 0 1,
                    0 0 1,
                    0 0 1,
                    0 0 1,
                    0 0 1,
                    0 0 1,
                    0 0 1,
                    0 0 1,
                    0 0 1,
                    0 0 1,
                    0 0 1,
                    0 0 1,
                    0 0 1,
                    -0 -0 -1,
                    -0 -0 -1,
                    -0 -0 -1,
                    -0 -0 -1,
                    -0 -0 -1,
                    -0 -0 -1,
                    -0 -0 -1,
                    -0 -0 -1,
                    -0 -0 -1,
                    -0 -0 -1,
                    -0 -0 -1,
                    -0 -0 -1,
                    -0 -0 -1,
                    -0 -0 -1,
                    -0 -0 -1,
                    -0 -0 -1,
                    -0 -0 -1,
                    -0 -0 -1,
                    -0 -0 -1,
                    -0 -0 -1,
                    -0 -0 -1,
                    -0 -0 -1,
                    -0 -0 -1,
                    -0 -0 -1,
                    -0 -0 -1,
                    -0 -0 -1,
                    -0 -0 -1,
                    -0 -0 -1,
                    -0 -0 -1,
                    -0 -0 -1,
                    -0 -0 -1,
                    -0 -0 -1,
                    -0 -0 -1,
                    -0 -0 -1,
                    -0 -0 -1,
                    -0 -0 -1

                  ]
                }
                coordIndex [
                  71 0 36 -1 
                  70 36 35 -1 
                  69 35 34 -1 
                  68 34 33 -1 
                  67 33 32 -1 
                  29 64 30 -1 
                  28 63 29 -1 
                  27 62 28 -1 
                  26 61 27 -1 
                  25 60 26 -1 
                  24 59 25 -1 
                  23 58 24 -1 
                  22 57 23 -1 
                  21 56 22 -1 
                  20 55 21 -1 
                  19 54 20 -1 
                  18 53 19 -1 
                  17 52 18 -1 
                  16 51 17 -1 
                  15 50 16 -1 
                  14 49 15 -1 
                  13 48 14 -1 
                  12 47 13 -1 
                  11 46 12 -1 
                  10 45 11 -1 
                  9 44 10 -1 
                  8 43 9 -1 
                  7 42 8 -1 
                  6 41 7 -1 
                  5 40 6 -1 
                  4 39 5 -1 
                  3 38 4 -1 
                  2 37 3 -1 
                  0 1 2 -1 
                  66 32 31 -1 
                  65 31 30 -1 
                  37 2 1 -1 
                  38 3 37 -1 
                  39 4 38 -1 
                  40 5 39 -1 
                  41 6 40 -1 
                  42 7 41 -1 
                  43 8 42 -1 
                  44 9 43 -1 
                  45 10 44 -1 
                  46 11 45 -1 
                  47 12 46 -1 
                  48 13 47 -1 
                  49 14 48 -1 
                  50 15 49 -1 
                  51 16 50 -1 
                  52 17 51 -1 
                  53 18 52 -1 
                  54 19 53 -1 
                  55 20 54 -1 
                  56 21 55 -1 
                  57 22 56 -1 
                  58 23 57 -1 
                  59 24 58 -1 
                  60 25 59 -1 
                  61 26 60 -1 
                  62 27 61 -1 
                  63 28 62 -1 
                  64 29 63 -1 
                  65 30 64 -1 
                  66 31 65 -1 
                  67 32 66 -1 
                  68 33 67 -1 
                  69 34 68 -1 
                  70 35 69 -1 
                  71 36 70 -1 
                  1 0 71 -1 
                  3 0 2 -1 
                  4 0 3 -1 
                  5 0 4 -1 
                  6 0 5 -1 
                  7 0 6 -1 
                  8 0 7 -1 
                  9 0 8 -1 
                  10 0 9 -1 
                  11 0 10 -1 
                  12 0 11 -1 
                  13 0 12 -1 
                  14 0 13 -1 
                  15 0 14 -1 
                  16 0 15 -1 
                  17 0 16 -1 
                  18 0 17 -1 
                  19 0 18 -1 
                  20 0 19 -1 
                  21 0 20 -1 
                  22 0 21 -1 
                  23 0 22 -1 
                  24 0 23 -1 
                  25 0 24 -1 
                  26 0 25 -1 
                  27 0 26 -1 
                  28 0 27 -1 
                  29 0 28 -1 
                  30 0 29 -1 
                  31 0 30 -1 
                  32 0 31 -1 
                  33 0 32 -1 
                  34 0 33 -1 
                  35 0 34 -1 
                  36 0 35 -1 
                  38 37 1 -1 
                  39 38 1 -1 
                  40 39 1 -1 
                  41 40 1 -1 
                  42 41 1 -1 
                  43 42 1 -1 
                  44 43 1 -1 
                  45 44 1 -1 
                  46 45 1 -1 
                  47 46 1 -1 
                  48 47 1 -1 
                  49 48 1 -1 
                  50 49 1 -1 
                  51 50 1 -1 
                  52 51 1 -1 
                  53 52 1 -1 
                  54 53 1 -1 
                  55 54 1 -1 
                  56 55 1 -1 
                  57 56 1 -1 
                  58 57 1 -1 
                  59 58 1 -1 
                  60 59 1 -1 
                  61 60 1 -1 
                  62 61 1 -1 
                  63 62 1 -1 
                  64 63 1 -1 
                  65 64 1 -1 
                  66 65 1 -1 
                  67 66 1 -1 
                  68 67 1 -1 
                  69 68 1 -1 
                  70 69 1 -1 
                  71 70 1 -1 
                ]
                normalIndex [
                  72 0 1 -1 
                  71 1 2 -1 
                  70 2 3 -1 
                  69 3 4 -1 
                  68 4 5 -1 
                  8 65 7 -1 
                  9 64 8 -1 
                  10 63 9 -1 
                  11 62 10 -1 
                  12 61 11 -1 
                  13 60 12 -1 
                  14 59 13 -1 
                  15 58 14 -1 
                  16 57 15 -1 
                  17 56 16 -1 
                  18 55 17 -1 
                  19 54 18 -1 
                  20 53 19 -1 
                  21 52 20 -1 
                  22 51 21 -1 
                  23 50 22 -1 
                  24 49 23 -1 
                  25 48 24 -1 
                  26 47 25 -1 
                  27 46 26 -1 
                  28 45 27 -1 
                  29 44 28 -1 
                  30 43 29 -1 
                  31 42 30 -1 
                  32 41 31 -1 
                  33 40 32 -1 
                  34 39 33 -1 
                  35 38 34 -1 
                  36 37 35 -1 
                  67 5 6 -1 
                  66 6 7 -1 
                  38 35 37 -1 
                  39 34 38 -1 
                  40 33 39 -1 
                  41 32 40 -1 
                  42 31 41 -1 
                  43 30 42 -1 
                  44 29 43 -1 
                  45 28 44 -1 
                  46 27 45 -1 
                  47 26 46 -1 
                  48 25 47 -1 
                  49 24 48 -1 
                  50 23 49 -1 
                  51 22 50 -1 
                  52 21 51 -1 
                  53 20 52 -1 
                  54 19 53 -1 
                  55 18 54 -1 
                  56 17 55 -1 
                  57 16 56 -1 
                  58 15 57 -1 
                  59 14 58 -1 
                  60 13 59 -1 
                  61 12 60 -1 
                  62 11 61 -1 
                  63 10 62 -1 
                  64 9 63 -1 
                  65 8 64 -1 
                  66 7 65 -1 
                  67 6 66 -1 
                  68 5 67 -1 
                  69 4 68 -1 
                  70 3 69 -1 
                  71 2 70 -1 
                  72 1 71 -1 
                  73 0 72 -1 
                  76 74 75 -1 
                  77 74 76 -1 
                  78 74 77 -1 
                  79 74 78 -1 
                  80 74 79 -1 
                  81 74 80 -1 
                  82 74 81 -1 
                  83 74 82 -1 
                  84 74 83 -1 
                  85 74 84 -1 
                  86 74 85 -1 
                  87 74 86 -1 
                  88 74 87 -1 
                  89 74 88 -1 
                  90 74 89 -1 
                  91 74 90 -1 
                  92 74 91 -1 
                  93 74 92 -1 
                  94 74 93 -1 
                  95 74 94 -1 
                  96 74 95 -1 
                  97 74 96 -1 
                  98 74 97 -1 
                  99 74 98 -1 
                  100 74 99 -1 
                  101 74 100 -1 
                  102 74 101 -1 
                  103 74 102 -1 
                  104 74 103 -1 
                  105 74 104 -1 
                  106 74 105 -1 
                  107 74 106 -1 
                  108 74 107 -1 
                  109 74 108 -1 
                  112 111 110 -1 
                  113 112 110 -1 
                  114 113 110 -1 
                  115 114 110 -1 
                  116 115 110 -1 
                  117 116 110 -1 
                  118 117 110 -1 
                  119 118 110 -1 
                  120 119 110 -1 
                  121 120 110 -1 
                  122 121 110 -1 
                  123 122 110 -1 
                  124 123 110 -1 
                  125 124 110 -1 
                  126 125 110 -1 
                  127 126 110 -1 
                  128 127 110 -1 
                  129 128 110 -1 
                  130 129 110 -1 
                  131 130 110 -1 
                  132 131 110 -1 
                  133 132 110 -1 
                  134 133 110 -1 
                  135 134 110 -1 
                  136 135 110 -1 
                  137 136 110 -1 
                  138 137 110 -1 
                  139 138 110 -1 
                  140 139 110 -1 
                  141 140 110 -1 
                  142 141 110 -1 
                  143 142 110 -1 
                  144 143 110 -1 
                  145 144 110 -1 
                ]
              }
            }
            DEF Leads_16 Shape {
              appearance DEF __71 Appearance {
                material DEF __72 Material {
                  ambientIntensity 0.260947436094
                  diffuseColor 0.73400002718 0.773000001907 0.79699999094
                  shininess 0
                }
              }
              geometry DEF __73 IndexedFaceSet {
                solid FALSE
                coord Coordinate {
                  point [
                    0.018105 0.00762 0.0001,
                    0.018105 0.00762 -0.005,
                    0.0181000625197 0.00767643565774 0.0001,
                    0.0180854001018 0.00773115654658 0.0001,
                    0.0180614582562 0.0077825 0.0001,
                    0.018028964444 0.00782890597315 0.0001,
                    0.0179889059731 0.00786896444401 0.0001,
                    0.0179425 0.00790145825623 0.0001,
                    0.0178911565466 0.00792540010176 0.0001,
                    0.0178364356577 0.00794006251973 0.0001,
                    0.01778 0.007945 0.0001,
                    0.0177235643423 0.00794006251973 0.0001,
                    0.0176688434534 0.00792540010176 0.0001,
                    0.0176175 0.00790145825623 0.0001,
                    0.0175710940269 0.00786896444401 0.0001,
                    0.017531035556 0.00782890597315 0.0001,
                    0.0174985417438 0.0077825 0.0001,
                    0.0174745998982 0.00773115654658 0.0001,
                    0.0174599374803 0.00767643565774 0.0001,
                    0.017455 0.00762 0.0001,
                    0.0174599374803 0.00756356434226 0.0001,
                    0.0174745998982 0.00750884345342 0.0001,
                    0.0174985417438 0.0074575 0.0001,
                    0.017531035556 0.00741109402685 0.0001,
                    0.0175710940269 0.00737103555599 0.0001,
                    0.0176175 0.00733854174377 0.0001,
                    0.0176688434534 0.00731459989824 0.0001,
                    0.0177235643423 0.00729993748027 0.0001,
                    0.01778 0.007295 0.0001,
                    0.0178364356577 0.00729993748027 0.0001,
                    0.0178911565466 0.00731459989824 0.0001,
                    0.0179425 0.00733854174377 0.0001,
                    0.0179889059731 0.00737103555599 0.0001,
                    0.018028964444 0.00741109402685 0.0001,
                    0.0180614582562 0.0074575 0.0001,
                    0.0180854001018 0.00750884345342 0.0001,
                    0.0181000625197 0.00756356434226 0.0001,
                    0.0181000625197 0.00767643565774 -0.005,
                    0.0180854001018 0.00773115654658 -0.005,
                    0.0180614582562 0.0077825 -0.005,
                    0.018028964444 0.00782890597315 -0.005,
                    0.0179889059731 0.00786896444401 -0.005,
                    0.0179425 0.00790145825623 -0.005,
                    0.0178911565466 0.00792540010176 -0.005,
                    0.0178364356577 0.00794006251973 -0.005,
                    0.01778 0.007945 -0.005,
                    0.0177235643423 0.00794006251973 -0.005,
                    0.0176688434534 0.00792540010176 -0.005,
                    0.0176175 0.00790145825623 -0.005,
                    0.0175710940269 0.00786896444401 -0.005,
                    0.017531035556 0.00782890597315 -0.005,
                    0.0174985417438 0.0077825 -0.005,
                    0.0174745998982 0.00773115654658 -0.005,
                    0.0174599374803 0.00767643565774 -0.005,
                    0.017455 0.00762 -0.005,
                    0.0174599374803 0.00756356434226 -0.005,
                    0.0174745998982 0.00750884345342 -0.005,
                    0.0174985417438 0.0074575 -0.005,
                    0.017531035556 0.00741109402685 -0.005,
                    0.0175710940269 0.00737103555599 -0.005,
                    0.0176175 0.00733854174377 -0.005,
                    0.0176688434534 0.00731459989824 -0.005,
                    0.0177235643423 0.00729993748027 -0.005,
                    0.01778 0.007295 -0.005,
                    0.0178364356577 0.00729993748027 -0.005,
                    0.0178911565466 0.00731459989824 -0.005,
                    0.0179425 0.00733854174377 -0.005,
                    0.0179889059731 0.00737103555599 -0.005,
                    0.018028964444 0.00741109402685 -0.005,
                    0.0180614582562 0.0074575 -0.005,
                    0.0180854001018 0.00750884345342 -0.005,
                    0.0181000625197 0.00756356434226 -0.005

                  ]
                }
                normal Normal {
                  vector [
                    1 0 0,
                    0.98480773 -0.17364818 0,
                    0.93969262 -0.34202015 0,
                    0.86602539 -0.5 0,
                    0.76604444 -0.64278764 0,
                    0.64278764 -0.76604444 0,
                    0.5 -0.86602539 0,
                    0.34202015 -0.93969262 0,
                    0.17364818 -0.98480773 0,
                    -3.5527137e-15 -1 0,
                    -0.17364818 -0.98480773 0,
                    -0.34202015 -0.93969262 0,
                    -0.5 -0.86602539 0,
                    -0.64278764 -0.76604444 0,
                    -0.76604444 -0.64278764 0,
                    -0.86602539 -0.5 0,
                    -0.93969262 -0.34202015 0,
                    -0.98480773 -0.17364818 0,
                    -1 1.7763568e-15 0,
                    -0.98480773 0.17364818 0,
                    -0.93969262 0.34202015 0,
                    -0.86602539 0.5 0,
                    -0.76604444 0.64278764 0,
                    -0.64278764 0.76604444 0,
                    -0.5 0.86602539 0,
                    -0.34202015 0.93969262 0,
                    -0.17364818 0.98480773 0,
                    0 1 0,
                    0.17364818 0.98480773 0,
                    0.34202015 0.93969262 0,
                    0.5 0.86602539 0,
                    0.64278764 0.76604444 0,
                    0.76604444 0.64278764 0,
                    0.86602539 0.5 0,
                    0.93969262 0.34202015 0,
                    0.98480773 0.17364818 0,
                    1 0 0,
                    1 0 0,
                    0.98480773 0.17364818 0,
                    0.93969262 0.34202015 0,
                    0.86602539 0.5 0,
                    0.76604444 0.64278764 0,
                    0.64278764 0.76604444 0,
                    0.5 0.86602539 0,
                    0.34202015 0.93969262 0,
                    0.17364818 0.98480773 0,
                    0 1 0,
                    -0.17364818 0.98480773 0,
                    -0.34202015 0.93969262 0,
                    -0.5 0.86602539 0,
                    -0.64278764 0.76604444 0,
                    -0.76604444 0.64278764 0,
                    -0.86602539 0.5 0,
                    -0.93969262 0.34202015 0,
                    -0.98480773 0.17364818 0,
                    -1 1.7763568e-15 0,
                    -0.98480773 -0.17364818 0,
                    -0.93969262 -0.34202015 0,
                    -0.86602539 -0.5 0,
                    -0.76604444 -0.64278764 0,
                    -0.64278764 -0.76604444 0,
                    -0.5 -0.86602539 0,
                    -0.34202015 -0.93969262 0,
                    -0.17364818 -0.98480773 0,
                    -3.5527137e-15 -1 0,
                    0.17364818 -0.98480773 0,
                    0.34202015 -0.93969262 0,
                    0.5 -0.86602539 0,
                    0.64278764 -0.76604444 0,
                    0.76604444 -0.64278764 0,
                    0.86602539 -0.5 0,
                    0.93969262 -0.34202015 0,
                    0.98480773 -0.17364818 0,
                    1 0 0,
                    0 0 1,
                    0 0 1,
                    0 0 1,
                    0 0 1,
                    0 0 1,
                    0 0 1,
                    0 0 1,
                    0 0 1,
                    0 0 1,
                    0 0 1,
                    0 0 1,
                    0 0 1,
                    0 0 1,
                    0 0 1,
                    0 0 1,
                    0 0 1,
                    0 0 1,
                    0 0 1,
                    0 0 1,
                    0 0 1,
                    0 0 1,
                    0 0 1,
                    0 0 1,
                    0 0 1,
                    0 0 1,
                    0 0 1,
                    0 0 1,
                    0 0 1,
                    0 0 1,
                    0 0 1,
                    0 0 1,
                    0 0 1,
                    0 0 1,
                    0 0 1,
                    0 0 1,
                    0 0 1,
                    -0 -0 -1,
                    -0 -0 -1,
                    -0 -0 -1,
                    -0 -0 -1,
                    -0 -0 -1,
                    -0 -0 -1,
                    -0 -0 -1,
                    -0 -0 -1,
                    -0 -0 -1,
                    -0 -0 -1,
                    -0 -0 -1,
                    -0 -0 -1,
                    -0 -0 -1,
                    -0 -0 -1,
                    -0 -0 -1,
                    -0 -0 -1,
                    -0 -0 -1,
                    -0 -0 -1,
                    -0 -0 -1,
                    -0 -0 -1,
                    -0 -0 -1,
                    -0 -0 -1,
                    -0 -0 -1,
                    -0 -0 -1,
                    -0 -0 -1,
                    -0 -0 -1,
                    -0 -0 -1,
                    -0 -0 -1,
                    -0 -0 -1,
                    -0 -0 -1,
                    -0 -0 -1,
                    -0 -0 -1,
                    -0 -0 -1,
                    -0 -0 -1,
                    -0 -0 -1,
                    -0 -0 -1

                  ]
                }
                coordIndex [
                  71 0 36 -1 
                  70 36 35 -1 
                  69 35 34 -1 
                  68 34 33 -1 
                  67 33 32 -1 
                  29 64 30 -1 
                  28 63 29 -1 
                  27 62 28 -1 
                  26 61 27 -1 
                  25 60 26 -1 
                  24 59 25 -1 
                  23 58 24 -1 
                  22 57 23 -1 
                  21 56 22 -1 
                  20 55 21 -1 
                  19 54 20 -1 
                  18 53 19 -1 
                  17 52 18 -1 
                  16 51 17 -1 
                  15 50 16 -1 
                  14 49 15 -1 
                  13 48 14 -1 
                  12 47 13 -1 
                  11 46 12 -1 
                  10 45 11 -1 
                  9 44 10 -1 
                  8 43 9 -1 
                  7 42 8 -1 
                  6 41 7 -1 
                  5 40 6 -1 
                  4 39 5 -1 
                  3 38 4 -1 
                  2 37 3 -1 
                  0 1 2 -1 
                  66 32 31 -1 
                  65 31 30 -1 
                  37 2 1 -1 
                  38 3 37 -1 
                  39 4 38 -1 
                  40 5 39 -1 
                  41 6 40 -1 
                  42 7 41 -1 
                  43 8 42 -1 
                  44 9 43 -1 
                  45 10 44 -1 
                  46 11 45 -1 
                  47 12 46 -1 
                  48 13 47 -1 
                  49 14 48 -1 
                  50 15 49 -1 
                  51 16 50 -1 
                  52 17 51 -1 
                  53 18 52 -1 
                  54 19 53 -1 
                  55 20 54 -1 
                  56 21 55 -1 
                  57 22 56 -1 
                  58 23 57 -1 
                  59 24 58 -1 
                  60 25 59 -1 
                  61 26 60 -1 
                  62 27 61 -1 
                  63 28 62 -1 
                  64 29 63 -1 
                  65 30 64 -1 
                  66 31 65 -1 
                  67 32 66 -1 
                  68 33 67 -1 
                  69 34 68 -1 
                  70 35 69 -1 
                  71 36 70 -1 
                  1 0 71 -1 
                  3 0 2 -1 
                  4 0 3 -1 
                  5 0 4 -1 
                  6 0 5 -1 
                  7 0 6 -1 
                  8 0 7 -1 
                  9 0 8 -1 
                  10 0 9 -1 
                  11 0 10 -1 
                  12 0 11 -1 
                  13 0 12 -1 
                  14 0 13 -1 
                  15 0 14 -1 
                  16 0 15 -1 
                  17 0 16 -1 
                  18 0 17 -1 
                  19 0 18 -1 
                  20 0 19 -1 
                  21 0 20 -1 
                  22 0 21 -1 
                  23 0 22 -1 
                  24 0 23 -1 
                  25 0 24 -1 
                  26 0 25 -1 
                  27 0 26 -1 
                  28 0 27 -1 
                  29 0 28 -1 
                  30 0 29 -1 
                  31 0 30 -1 
                  32 0 31 -1 
                  33 0 32 -1 
                  34 0 33 -1 
                  35 0 34 -1 
                  36 0 35 -1 
                  38 37 1 -1 
                  39 38 1 -1 
                  40 39 1 -1 
                  41 40 1 -1 
                  42 41 1 -1 
                  43 42 1 -1 
                  44 43 1 -1 
                  45 44 1 -1 
                  46 45 1 -1 
                  47 46 1 -1 
                  48 47 1 -1 
                  49 48 1 -1 
                  50 49 1 -1 
                  51 50 1 -1 
                  52 51 1 -1 
                  53 52 1 -1 
                  54 53 1 -1 
                  55 54 1 -1 
                  56 55 1 -1 
                  57 56 1 -1 
                  58 57 1 -1 
                  59 58 1 -1 
                  60 59 1 -1 
                  61 60 1 -1 
                  62 61 1 -1 
                  63 62 1 -1 
                  64 63 1 -1 
                  65 64 1 -1 
                  66 65 1 -1 
                  67 66 1 -1 
                  68 67 1 -1 
                  69 68 1 -1 
                  70 69 1 -1 
                  71 70 1 -1 
                ]
                normalIndex [
                  72 0 1 -1 
                  71 1 2 -1 
                  70 2 3 -1 
                  69 3 4 -1 
                  68 4 5 -1 
                  8 65 7 -1 
                  9 64 8 -1 
                  10 63 9 -1 
                  11 62 10 -1 
                  12 61 11 -1 
                  13 60 12 -1 
                  14 59 13 -1 
                  15 58 14 -1 
                  16 57 15 -1 
                  17 56 16 -1 
                  18 55 17 -1 
                  19 54 18 -1 
                  20 53 19 -1 
                  21 52 20 -1 
                  22 51 21 -1 
                  23 50 22 -1 
                  24 49 23 -1 
                  25 48 24 -1 
                  26 47 25 -1 
                  27 46 26 -1 
                  28 45 27 -1 
                  29 44 28 -1 
                  30 43 29 -1 
                  31 42 30 -1 
                  32 41 31 -1 
                  33 40 32 -1 
                  34 39 33 -1 
                  35 38 34 -1 
                  36 37 35 -1 
                  67 5 6 -1 
                  66 6 7 -1 
                  38 35 37 -1 
                  39 34 38 -1 
                  40 33 39 -1 
                  41 32 40 -1 
                  42 31 41 -1 
                  43 30 42 -1 
                  44 29 43 -1 
                  45 28 44 -1 
                  46 27 45 -1 
                  47 26 46 -1 
                  48 25 47 -1 
                  49 24 48 -1 
                  50 23 49 -1 
                  51 22 50 -1 
                  52 21 51 -1 
                  53 20 52 -1 
                  54 19 53 -1 
                  55 18 54 -1 
                  56 17 55 -1 
                  57 16 56 -1 
                  58 15 57 -1 
                  59 14 58 -1 
                  60 13 59 -1 
                  61 12 60 -1 
                  62 11 61 -1 
                  63 10 62 -1 
                  64 9 63 -1 
                  65 8 64 -1 
                  66 7 65 -1 
                  67 6 66 -1 
                  68 5 67 -1 
                  69 4 68 -1 
                  70 3 69 -1 
                  71 2 70 -1 
                  72 1 71 -1 
                  73 0 72 -1 
                  76 74 75 -1 
                  77 74 76 -1 
                  78 74 77 -1 
                  79 74 78 -1 
                  80 74 79 -1 
                  81 74 80 -1 
                  82 74 81 -1 
                  83 74 82 -1 
                  84 74 83 -1 
                  85 74 84 -1 
                  86 74 85 -1 
                  87 74 86 -1 
                  88 74 87 -1 
                  89 74 88 -1 
                  90 74 89 -1 
                  91 74 90 -1 
                  92 74 91 -1 
                  93 74 92 -1 
                  94 74 93 -1 
                  95 74 94 -1 
                  96 74 95 -1 
                  97 74 96 -1 
                  98 74 97 -1 
                  99 74 98 -1 
                  100 74 99 -1 
                  101 74 100 -1 
                  102 74 101 -1 
                  103 74 102 -1 
                  104 74 103 -1 
                  105 74 104 -1 
                  106 74 105 -1 
                  107 74 106 -1 
                  108 74 107 -1 
                  109 74 108 -1 
                  112 111 110 -1 
                  113 112 110 -1 
                  114 113 110 -1 
                  115 114 110 -1 
                  116 115 110 -1 
                  117 116 110 -1 
                  118 117 110 -1 
                  119 118 110 -1 
                  120 119 110 -1 
                  121 120 110 -1 
                  122 121 110 -1 
                  123 122 110 -1 
                  124 123 110 -1 
                  125 124 110 -1 
                  126 125 110 -1 
                  127 126 110 -1 
                  128 127 110 -1 
                  129 128 110 -1 
                  130 129 110 -1 
                  131 130 110 -1 
                  132 131 110 -1 
                  133 132 110 -1 
                  134 133 110 -1 
                  135 134 110 -1 
                  136 135 110 -1 
                  137 136 110 -1 
                  138 137 110 -1 
                  139 138 110 -1 
                  140 139 110 -1 
                  141 140 110 -1 
                  142 141 110 -1 
                  143 142 110 -1 
                  144 143 110 -1 
                  145 144 110 -1 
                ]
              }
            }
            DEF Leads_17 Shape {
              appearance DEF __75 Appearance {
                material DEF __76 Material {
                  ambientIntensity 0.260947436094
                  diffuseColor 0.73400002718 0.773000001907 0.79699999094
                  shininess 0
                }
              }
              geometry DEF __77 IndexedFaceSet {
                solid FALSE
                coord Coordinate {
                  point [
                    0.020645 -7.96020419446e-20 0.0001,
                    0.020645 -7.96020419446e-20 -0.005,
                    0.0206400625197 5.64356577418e-05 0.0001,
                    0.0206254001018 0.000111156546581 0.0001,
                    0.0206014582562 0.0001625 0.0001,
                    0.020568964444 0.000208905973148 0.0001,
                    0.0205289059731 0.000248964444014 0.0001,
                    0.0204825 0.00028145825623 0.0001,
                    0.0204311565466 0.000305400101755 0.0001,
                    0.0203764356577 0.000320062519729 0.0001,
                    0.02032 0.000325 0.0001,
                    0.0202635643423 0.000320062519729 0.0001,
                    0.0202088434534 0.000305400101755 0.0001,
                    0.0201575 0.00028145825623 0.0001,
                    0.0201110940269 0.000248964444014 0.0001,
                    0.020071035556 0.000208905973148 0.0001,
                    0.0200385417438 0.0001625 0.0001,
                    0.0200145998982 0.000111156546581 0.0001,
                    0.0199999374803 5.64356577418e-05 0.0001,
                    0.019995 4.72788000576e-19 0.0001,
                    0.0199999374803 -5.64356577418e-05 0.0001,
                    0.0200145998982 -0.000111156546581 0.0001,
                    0.0200385417438 -0.0001625 0.0001,
                    0.020071035556 -0.000208905973148 0.0001,
                    0.0201110940269 -0.000248964444014 0.0001,
                    0.0201575 -0.00028145825623 0.0001,
                    0.0202088434534 -0.000305400101755 0.0001,
                    0.0202635643423 -0.000320062519729 0.0001,
                    0.02032 -0.000325 0.0001,
                    0.0203764356577 -0.000320062519729 0.0001,
                    0.0204311565466 -0.000305400101755 0.0001,
                    0.0204825 -0.00028145825623 0.0001,
                    0.0205289059731 -0.000248964444014 0.0001,
                    0.020568964444 -0.000208905973148 0.0001,
                    0.0206014582562 -0.0001625 0.0001,
                    0.0206254001018 -0.000111156546581 0.0001,
                    0.0206400625197 -5.64356577418e-05 0.0001,
                    0.0206400625197 5.64356577418e-05 -0.005,
                    0.0206254001018 0.000111156546581 -0.005,
                    0.0206014582562 0.0001625 -0.005,
                    0.020568964444 0.000208905973148 -0.005,
                    0.0205289059731 0.000248964444014 -0.005,
                    0.0204825 0.00028145825623 -0.005,
                    0.0204311565466 0.000305400101755 -0.005,
                    0.0203764356577 0.000320062519729 -0.005,
                    0.02032 0.000325 -0.005,
                    0.0202635643423 0.000320062519729 -0.005,
                    0.0202088434534 0.000305400101755 -0.005,
                    0.0201575 0.00028145825623 -0.005,
                    0.0201110940269 0.000248964444014 -0.005,
                    0.020071035556 0.000208905973148 -0.005,
                    0.0200385417438 0.0001625 -0.005,
                    0.0200145998982 0.000111156546581 -0.005,
                    0.0199999374803 5.64356577418e-05 -0.005,
                    0.019995 4.72788000576e-19 -0.005,
                    0.0199999374803 -5.64356577418e-05 -0.005,
                    0.0200145998982 -0.000111156546581 -0.005,
                    0.0200385417438 -0.0001625 -0.005,
                    0.020071035556 -0.000208905973148 -0.005,
                    0.0201110940269 -0.000248964444014 -0.005,
                    0.0201575 -0.00028145825623 -0.005,
                    0.0202088434534 -0.000305400101755 -0.005,
                    0.0202635643423 -0.000320062519729 -0.005,
                    0.02032 -0.000325 -0.005,
                    0.0203764356577 -0.000320062519729 -0.005,
                    0.0204311565466 -0.000305400101755 -0.005,
                    0.0204825 -0.00028145825623 -0.005,
                    0.0205289059731 -0.000248964444014 -0.005,
                    0.020568964444 -0.000208905973148 -0.005,
                    0.0206014582562 -0.0001625 -0.005,
                    0.0206254001018 -0.000111156546581 -0.005,
                    0.0206400625197 -5.64356577418e-05 -0.005

                  ]
                }
                normal Normal {
                  vector [
                    1 -2.4492937e-16 0,
                    0.98480773 -0.17364818 0,
                    0.93969262 -0.34202015 0,
                    0.86602539 -0.5 0,
                    0.76604444 -0.64278764 0,
                    0.64278764 -0.76604444 0,
                    0.5 -0.86602539 0,
                    0.34202015 -0.93969262 0,
                    0.17364818 -0.98480773 0,
                    -3.5527137e-15 -1 0,
                    -0.17364818 -0.98480773 0,
                    -0.34202015 -0.93969262 0,
                    -0.5 -0.86602539 0,
                    -0.64278764 -0.76604444 0,
                    -0.76604444 -0.64278764 0,
                    -0.86602539 -0.5 0,
                    -0.93969262 -0.34202015 0,
                    -0.98480773 -0.17364818 0,
                    -1 1.4547323e-15 0,
                    -0.98480773 0.17364818 0,
                    -0.93969262 0.34202015 0,
                    -0.86602539 0.5 0,
                    -0.76604444 0.64278764 0,
                    -0.64278764 0.76604444 0,
                    -0.5 0.86602539 0,
                    -0.34202015 0.93969262 0,
                    -0.17364818 0.98480773 0,
                    0 1 0,
                    0.17364818 0.98480773 0,
                    0.34202015 0.93969262 0,
                    0.5 0.86602539 0,
                    0.64278764 0.76604444 0,
                    0.76604444 0.64278764 0,
                    0.86602539 0.5 0,
                    0.93969262 0.34202015 0,
                    0.98480773 0.17364818 0,
                    1 0 0,
                    1 0 0,
                    0.98480773 0.17364818 0,
                    0.93969262 0.34202015 0,
                    0.86602539 0.5 0,
                    0.76604444 0.64278764 0,
                    0.64278764 0.76604444 0,
                    0.5 0.86602539 0,
                    0.34202015 0.93969262 0,
                    0.17364818 0.98480773 0,
                    0 1 0,
                    -0.17364818 0.98480773 0,
                    -0.34202015 0.93969262 0,
                    -0.5 0.86602539 0,
                    -0.64278764 0.76604444 0,
                    -0.76604444 0.64278764 0,
                    -0.86602539 0.5 0,
                    -0.93969262 0.34202015 0,
                    -0.98480773 0.17364818 0,
                    -1 1.4547323e-15 0,
                    -0.98480773 -0.17364818 0,
                    -0.93969262 -0.34202015 0,
                    -0.86602539 -0.5 0,
                    -0.76604444 -0.64278764 0,
                    -0.64278764 -0.76604444 0,
                    -0.5 -0.86602539 0,
                    -0.34202015 -0.93969262 0,
                    -0.17364818 -0.98480773 0,
                    -3.5527137e-15 -1 0,
                    0.17364818 -0.98480773 0,
                    0.34202015 -0.93969262 0,
                    0.5 -0.86602539 0,
                    0.64278764 -0.76604444 0,
                    0.76604444 -0.64278764 0,
                    0.86602539 -0.5 0,
                    0.93969262 -0.34202015 0,
                    0.98480773 -0.17364818 0,
                    1 -2.4492937e-16 0,
                    0 0 1,
                    0 0 1,
                    0 0 1,
                    0 0 1,
                    0 0 1,
                    0 0 1,
                    0 0 1,
                    0 0 1,
                    0 0 1,
                    0 0 1,
                    0 0 1,
                    0 0 1,
                    0 0 1,
                    0 0 1,
                    0 0 1,
                    0 0 1,
                    0 0 1,
                    0 0 1,
                    0 0 1,
                    0 0 1,
                    0 0 1,
                    0 0 1,
                    0 0 1,
                    0 0 1,
                    0 0 1,
                    0 0 1,
                    0 0 1,
                    0 0 1,
                    0 0 1,
                    0 0 1,
                    0 0 1,
                    0 0 1,
                    0 0 1,
                    0 0 1,
                    0 0 1,
                    0 0 1,
                    -0 -0 -1,
                    -0 -0 -1,
                    -0 -0 -1,
                    -0 -0 -1,
                    -0 -0 -1,
                    -0 -0 -1,
                    -0 -0 -1,
                    -0 -0 -1,
                    -0 -0 -1,
                    -0 -0 -1,
                    -0 -0 -1,
                    -0 -0 -1,
                    -0 -0 -1,
                    -0 -0 -1,
                    -0 -0 -1,
                    -0 -0 -1,
                    -0 -0 -1,
                    -0 -0 -1,
                    -0 -0 -1,
                    -0 -0 -1,
                    -0 -0 -1,
                    -0 -0 -1,
                    -0 -0 -1,
                    -0 -0 -1,
                    -0 -0 -1,
                    -0 -0 -1,
                    -0 -0 -1,
                    -0 -0 -1,
                    -0 -0 -1,
                    -0 -0 -1,
                    -0 -0 -1,
                    -0 -0 -1,
                    -0 -0 -1,
                    -0 -0 -1,
                    -0 -0 -1,
                    -0 -0 -1

                  ]
                }
                coordIndex [
                  71 0 36 -1 
                  70 36 35 -1 
                  69 35 34 -1 
                  68 34 33 -1 
                  67 33 32 -1 
                  29 64 30 -1 
                  28 63 29 -1 
                  27 62 28 -1 
                  26 61 27 -1 
                  25 60 26 -1 
                  24 59 25 -1 
                  23 58 24 -1 
                  22 57 23 -1 
                  21 56 22 -1 
                  20 55 21 -1 
                  19 54 20 -1 
                  18 53 19 -1 
                  17 52 18 -1 
                  16 51 17 -1 
                  15 50 16 -1 
                  14 49 15 -1 
                  13 48 14 -1 
                  12 47 13 -1 
                  11 46 12 -1 
                  10 45 11 -1 
                  9 44 10 -1 
                  8 43 9 -1 
                  7 42 8 -1 
                  6 41 7 -1 
                  5 40 6 -1 
                  4 39 5 -1 
                  3 38 4 -1 
                  2 37 3 -1 
                  0 1 2 -1 
                  66 32 31 -1 
                  65 31 30 -1 
                  37 2 1 -1 
                  38 3 37 -1 
                  39 4 38 -1 
                  40 5 39 -1 
                  41 6 40 -1 
                  42 7 41 -1 
                  43 8 42 -1 
                  44 9 43 -1 
                  45 10 44 -1 
                  46 11 45 -1 
                  47 12 46 -1 
                  48 13 47 -1 
                  49 14 48 -1 
                  50 15 49 -1 
                  51 16 50 -1 
                  52 17 51 -1 
                  53 18 52 -1 
                  54 19 53 -1 
                  55 20 54 -1 
                  56 21 55 -1 
                  57 22 56 -1 
                  58 23 57 -1 
                  59 24 58 -1 
                  60 25 59 -1 
                  61 26 60 -1 
                  62 27 61 -1 
                  63 28 62 -1 
                  64 29 63 -1 
                  65 30 64 -1 
                  66 31 65 -1 
                  67 32 66 -1 
                  68 33 67 -1 
                  69 34 68 -1 
                  70 35 69 -1 
                  71 36 70 -1 
                  1 0 71 -1 
                  3 0 2 -1 
                  4 0 3 -1 
                  5 0 4 -1 
                  6 0 5 -1 
                  7 0 6 -1 
                  8 0 7 -1 
                  9 0 8 -1 
                  10 0 9 -1 
                  11 0 10 -1 
                  12 0 11 -1 
                  13 0 12 -1 
                  14 0 13 -1 
                  15 0 14 -1 
                  16 0 15 -1 
                  17 0 16 -1 
                  18 0 17 -1 
                  19 0 18 -1 
                  20 0 19 -1 
                  21 0 20 -1 
                  22 0 21 -1 
                  23 0 22 -1 
                  24 0 23 -1 
                  25 0 24 -1 
                  26 0 25 -1 
                  27 0 26 -1 
                  28 0 27 -1 
                  29 0 28 -1 
                  30 0 29 -1 
                  31 0 30 -1 
                  32 0 31 -1 
                  33 0 32 -1 
                  34 0 33 -1 
                  35 0 34 -1 
                  36 0 35 -1 
                  38 37 1 -1 
                  39 38 1 -1 
                  40 39 1 -1 
                  41 40 1 -1 
                  42 41 1 -1 
                  43 42 1 -1 
                  44 43 1 -1 
                  45 44 1 -1 
                  46 45 1 -1 
                  47 46 1 -1 
                  48 47 1 -1 
                  49 48 1 -1 
                  50 49 1 -1 
                  51 50 1 -1 
                  52 51 1 -1 
                  53 52 1 -1 
                  54 53 1 -1 
                  55 54 1 -1 
                  56 55 1 -1 
                  57 56 1 -1 
                  58 57 1 -1 
                  59 58 1 -1 
                  60 59 1 -1 
                  61 60 1 -1 
                  62 61 1 -1 
                  63 62 1 -1 
                  64 63 1 -1 
                  65 64 1 -1 
                  66 65 1 -1 
                  67 66 1 -1 
                  68 67 1 -1 
                  69 68 1 -1 
                  70 69 1 -1 
                  71 70 1 -1 
                ]
                normalIndex [
                  72 0 1 -1 
                  71 1 2 -1 
                  70 2 3 -1 
                  69 3 4 -1 
                  68 4 5 -1 
                  8 65 7 -1 
                  9 64 8 -1 
                  10 63 9 -1 
                  11 62 10 -1 
                  12 61 11 -1 
                  13 60 12 -1 
                  14 59 13 -1 
                  15 58 14 -1 
                  16 57 15 -1 
                  17 56 16 -1 
                  18 55 17 -1 
                  19 54 18 -1 
                  20 53 19 -1 
                  21 52 20 -1 
                  22 51 21 -1 
                  23 50 22 -1 
                  24 49 23 -1 
                  25 48 24 -1 
                  26 47 25 -1 
                  27 46 26 -1 
                  28 45 27 -1 
                  29 44 28 -1 
                  30 43 29 -1 
                  31 42 30 -1 
                  32 41 31 -1 
                  33 40 32 -1 
                  34 39 33 -1 
                  35 38 34 -1 
                  36 37 35 -1 
                  67 5 6 -1 
                  66 6 7 -1 
                  38 35 37 -1 
                  39 34 38 -1 
                  40 33 39 -1 
                  41 32 40 -1 
                  42 31 41 -1 
                  43 30 42 -1 
                  44 29 43 -1 
                  45 28 44 -1 
                  46 27 45 -1 
                  47 26 46 -1 
                  48 25 47 -1 
                  49 24 48 -1 
                  50 23 49 -1 
                  51 22 50 -1 
                  52 21 51 -1 
                  53 20 52 -1 
                  54 19 53 -1 
                  55 18 54 -1 
                  56 17 55 -1 
                  57 16 56 -1 
                  58 15 57 -1 
                  59 14 58 -1 
                  60 13 59 -1 
                  61 12 60 -1 
                  62 11 61 -1 
                  63 10 62 -1 
                  64 9 63 -1 
                  65 8 64 -1 
                  66 7 65 -1 
                  67 6 66 -1 
                  68 5 67 -1 
                  69 4 68 -1 
                  70 3 69 -1 
                  71 2 70 -1 
                  72 1 71 -1 
                  73 0 72 -1 
                  76 74 75 -1 
                  77 74 76 -1 
                  78 74 77 -1 
                  79 74 78 -1 
                  80 74 79 -1 
                  81 74 80 -1 
                  82 74 81 -1 
                  83 74 82 -1 
                  84 74 83 -1 
                  85 74 84 -1 
                  86 74 85 -1 
                  87 74 86 -1 
                  88 74 87 -1 
                  89 74 88 -1 
                  90 74 89 -1 
                  91 74 90 -1 
                  92 74 91 -1 
                  93 74 92 -1 
                  94 74 93 -1 
                  95 74 94 -1 
                  96 74 95 -1 
                  97 74 96 -1 
                  98 74 97 -1 
                  99 74 98 -1 
                  100 74 99 -1 
                  101 74 100 -1 
                  102 74 101 -1 
                  103 74 102 -1 
                  104 74 103 -1 
                  105 74 104 -1 
                  106 74 105 -1 
                  107 74 106 -1 
                  108 74 107 -1 
                  109 74 108 -1 
                  112 111 110 -1 
                  113 112 110 -1 
                  114 113 110 -1 
                  115 114 110 -1 
                  116 115 110 -1 
                  117 116 110 -1 
                  118 117 110 -1 
                  119 118 110 -1 
                  120 119 110 -1 
                  121 120 110 -1 
                  122 121 110 -1 
                  123 122 110 -1 
                  124 123 110 -1 
                  125 124 110 -1 
                  126 125 110 -1 
                  127 126 110 -1 
                  128 127 110 -1 
                  129 128 110 -1 
                  130 129 110 -1 
                  131 130 110 -1 
                  132 131 110 -1 
                  133 132 110 -1 
                  134 133 110 -1 
                  135 134 110 -1 
                  136 135 110 -1 
                  137 136 110 -1 
                  138 137 110 -1 
                  139 138 110 -1 
                  140 139 110 -1 
                  141 140 110 -1 
                  142 141 110 -1 
                  143 142 110 -1 
                  144 143 110 -1 
                  145 144 110 -1 
                ]
              }
            }
            DEF Leads_18 Shape {
              appearance DEF __79 Appearance {
                material DEF __80 Material {
                  ambientIntensity 0.260947436094
                  diffuseColor 0.73400002718 0.773000001907 0.79699999094
                  shininess 0
                }
              }
              geometry DEF __81 IndexedFaceSet {
                solid FALSE
                coord Coordinate {
                  point [
                    0.023185 -7.96020419446e-20 0.0001,
                    0.023185 -7.96020419446e-20 -0.005,
                    0.0231800625197 5.64356577418e-05 0.0001,
                    0.0231654001018 0.000111156546581 0.0001,
                    0.0231414582562 0.0001625 0.0001,
                    0.023108964444 0.000208905973148 0.0001,
                    0.0230689059731 0.000248964444014 0.0001,
                    0.0230225 0.00028145825623 0.0001,
                    0.0229711565466 0.000305400101755 0.0001,
                    0.0229164356577 0.000320062519729 0.0001,
                    0.02286 0.000325 0.0001,
                    0.0228035643423 0.000320062519729 0.0001,
                    0.0227488434534 0.000305400101755 0.0001,
                    0.0226975 0.00028145825623 0.0001,
                    0.0226510940269 0.000248964444014 0.0001,
                    0.022611035556 0.000208905973148 0.0001,
                    0.0225785417438 0.0001625 0.0001,
                    0.0225545998982 0.000111156546581 0.0001,
                    0.0225399374803 5.64356577418e-05 0.0001,
                    0.022535 4.72788000576e-19 0.0001,
                    0.0225399374803 -5.64356577418e-05 0.0001,
                    0.0225545998982 -0.000111156546581 0.0001,
                    0.0225785417438 -0.0001625 0.0001,
                    0.022611035556 -0.000208905973148 0.0001,
                    0.0226510940269 -0.000248964444014 0.0001,
                    0.0226975 -0.00028145825623 0.0001,
                    0.0227488434534 -0.000305400101755 0.0001,
                    0.0228035643423 -0.000320062519729 0.0001,
                    0.02286 -0.000325 0.0001,
                    0.0229164356577 -0.000320062519729 0.0001,
                    0.0229711565466 -0.000305400101755 0.0001,
                    0.0230225 -0.00028145825623 0.0001,
                    0.0230689059731 -0.000248964444014 0.0001,
                    0.023108964444 -0.000208905973148 0.0001,
                    0.0231414582562 -0.0001625 0.0001,
                    0.0231654001018 -0.000111156546581 0.0001,
                    0.0231800625197 -5.64356577418e-05 0.0001,
                    0.0231800625197 5.64356577418e-05 -0.005,
                    0.0231654001018 0.000111156546581 -0.005,
                    0.0231414582562 0.0001625 -0.005,
                    0.023108964444 0.000208905973148 -0.005,
                    0.0230689059731 0.000248964444014 -0.005,
                    0.0230225 0.00028145825623 -0.005,
                    0.0229711565466 0.000305400101755 -0.005,
                    0.0229164356577 0.000320062519729 -0.005,
                    0.02286 0.000325 -0.005,
                    0.0228035643423 0.000320062519729 -0.005,
                    0.0227488434534 0.000305400101755 -0.005,
                    0.0226975 0.00028145825623 -0.005,
                    0.0226510940269 0.000248964444014 -0.005,
                    0.022611035556 0.000208905973148 -0.005,
                    0.0225785417438 0.0001625 -0.005,
                    0.0225545998982 0.000111156546581 -0.005,
                    0.0225399374803 5.64356577418e-05 -0.005,
                    0.022535 4.72788000576e-19 -0.005,
                    0.0225399374803 -5.64356577418e-05 -0.005,
                    0.0225545998982 -0.000111156546581 -0.005,
                    0.0225785417438 -0.0001625 -0.005,
                    0.022611035556 -0.000208905973148 -0.005,
                    0.0226510940269 -0.000248964444014 -0.005,
                    0.0226975 -0.00028145825623 -0.005,
                    0.0227488434534 -0.000305400101755 -0.005,
                    0.0228035643423 -0.000320062519729 -0.005,
                    0.02286 -0.000325 -0.005,
                    0.0229164356577 -0.000320062519729 -0.005,
                    0.0229711565466 -0.000305400101755 -0.005,
                    0.0230225 -0.00028145825623 -0.005,
                    0.0230689059731 -0.000248964444014 -0.005,
                    0.023108964444 -0.000208905973148 -0.005,
                    0.0231414582562 -0.0001625 -0.005,
                    0.0231654001018 -0.000111156546581 -0.005,
                    0.0231800625197 -5.64356577418e-05 -0.005

                  ]
                }
                normal Normal {
                  vector [
                    1 -2.4492937e-16 0,
                    0.98480773 -0.17364818 0,
                    0.93969262 -0.34202015 0,
                    0.86602539 -0.5 0,
                    0.76604444 -0.64278764 0,
                    0.64278764 -0.76604444 0,
                    0.5 -0.86602539 0,
                    0.34202015 -0.93969262 0,
                    0.17364818 -0.98480773 0,
                    -3.5527137e-15 -1 0,
                    -0.17364818 -0.98480773 0,
                    -0.34202015 -0.93969262 0,
                    -0.5 -0.86602539 0,
                    -0.64278764 -0.76604444 0,
                    -0.76604444 -0.64278764 0,
                    -0.86602539 -0.5 0,
                    -0.93969262 -0.34202015 0,
                    -0.98480773 -0.17364818 0,
                    -1 1.4547323e-15 0,
                    -0.98480773 0.17364818 0,
                    -0.93969262 0.34202015 0,
                    -0.86602539 0.5 0,
                    -0.76604444 0.64278764 0,
                    -0.64278764 0.76604444 0,
                    -0.5 0.86602539 0,
                    -0.34202015 0.93969262 0,
                    -0.17364818 0.98480773 0,
                    0 1 0,
                    0.17364818 0.98480773 0,
                    0.34202015 0.93969262 0,
                    0.5 0.86602539 0,
                    0.64278764 0.76604444 0,
                    0.76604444 0.64278764 0,
                    0.86602539 0.5 0,
                    0.93969262 0.34202015 0,
                    0.98480773 0.17364818 0,
                    1 0 0,
                    1 0 0,
                    0.98480773 0.17364818 0,
                    0.93969262 0.34202015 0,
                    0.86602539 0.5 0,
                    0.76604444 0.64278764 0,
                    0.64278764 0.76604444 0,
                    0.5 0.86602539 0,
                    0.34202015 0.93969262 0,
                    0.17364818 0.98480773 0,
                    0 1 0,
                    -0.17364818 0.98480773 0,
                    -0.34202015 0.93969262 0,
                    -0.5 0.86602539 0,
                    -0.64278764 0.76604444 0,
                    -0.76604444 0.64278764 0,
                    -0.86602539 0.5 0,
                    -0.93969262 0.34202015 0,
                    -0.98480773 0.17364818 0,
                    -1 1.4547323e-15 0,
                    -0.98480773 -0.17364818 0,
                    -0.93969262 -0.34202015 0,
                    -0.86602539 -0.5 0,
                    -0.76604444 -0.64278764 0,
                    -0.64278764 -0.76604444 0,
                    -0.5 -0.86602539 0,
                    -0.34202015 -0.93969262 0,
                    -0.17364818 -0.98480773 0,
                    -3.5527137e-15 -1 0,
                    0.17364818 -0.98480773 0,
                    0.34202015 -0.93969262 0,
                    0.5 -0.86602539 0,
                    0.64278764 -0.76604444 0,
                    0.76604444 -0.64278764 0,
                    0.86602539 -0.5 0,
                    0.93969262 -0.34202015 0,
                    0.98480773 -0.17364818 0,
                    1 -2.4492937e-16 0,
                    0 0 1,
                    0 0 1,
                    0 0 1,
                    0 0 1,
                    0 0 1,
                    0 0 1,
                    0 0 1,
                    0 0 1,
                    0 0 1,
                    0 0 1,
                    0 0 1,
                    0 0 1,
                    0 0 1,
                    0 0 1,
                    0 0 1,
                    0 0 1,
                    0 0 1,
                    0 0 1,
                    0 0 1,
                    0 0 1,
                    0 0 1,
                    0 0 1,
                    0 0 1,
                    0 0 1,
                    0 0 1,
                    0 0 1,
                    0 0 1,
                    0 0 1,
                    0 0 1,
                    0 0 1,
                    0 0 1,
                    0 0 1,
                    0 0 1,
                    0 0 1,
                    0 0 1,
                    0 0 1,
                    -0 -0 -1,
                    -0 -0 -1,
                    -0 -0 -1,
                    -0 -0 -1,
                    -0 -0 -1,
                    -0 -0 -1,
                    -0 -0 -1,
                    -0 -0 -1,
                    -0 -0 -1,
                    -0 -0 -1,
                    -0 -0 -1,
                    -0 -0 -1,
                    -0 -0 -1,
                    -0 -0 -1,
                    -0 -0 -1,
                    -0 -0 -1,
                    -0 -0 -1,
                    -0 -0 -1,
                    -0 -0 -1,
                    -0 -0 -1,
                    -0 -0 -1,
                    -0 -0 -1,
                    -0 -0 -1,
                    -0 -0 -1,
                    -0 -0 -1,
                    -0 -0 -1,
                    -0 -0 -1,
                    -0 -0 -1,
                    -0 -0 -1,
                    -0 -0 -1,
                    -0 -0 -1,
                    -0 -0 -1,
                    -0 -0 -1,
                    -0 -0 -1,
                    -0 -0 -1,
                    -0 -0 -1

                  ]
                }
                coordIndex [
                  71 0 36 -1 
                  70 36 35 -1 
                  69 35 34 -1 
                  68 34 33 -1 
                  67 33 32 -1 
                  29 64 30 -1 
                  28 63 29 -1 
                  27 62 28 -1 
                  26 61 27 -1 
                  25 60 26 -1 
                  24 59 25 -1 
                  23 58 24 -1 
                  22 57 23 -1 
                  21 56 22 -1 
                  20 55 21 -1 
                  19 54 20 -1 
                  18 53 19 -1 
                  17 52 18 -1 
                  16 51 17 -1 
                  15 50 16 -1 
                  14 49 15 -1 
                  13 48 14 -1 
                  12 47 13 -1 
                  11 46 12 -1 
                  10 45 11 -1 
                  9 44 10 -1 
                  8 43 9 -1 
                  7 42 8 -1 
                  6 41 7 -1 
                  5 40 6 -1 
                  4 39 5 -1 
                  3 38 4 -1 
                  2 37 3 -1 
                  0 1 2 -1 
                  66 32 31 -1 
                  65 31 30 -1 
                  37 2 1 -1 
                  38 3 37 -1 
                  39 4 38 -1 
                  40 5 39 -1 
                  41 6 40 -1 
                  42 7 41 -1 
                  43 8 42 -1 
                  44 9 43 -1 
                  45 10 44 -1 
                  46 11 45 -1 
                  47 12 46 -1 
                  48 13 47 -1 
                  49 14 48 -1 
                  50 15 49 -1 
                  51 16 50 -1 
                  52 17 51 -1 
                  53 18 52 -1 
                  54 19 53 -1 
                  55 20 54 -1 
                  56 21 55 -1 
                  57 22 56 -1 
                  58 23 57 -1 
                  59 24 58 -1 
                  60 25 59 -1 
                  61 26 60 -1 
                  62 27 61 -1 
                  63 28 62 -1 
                  64 29 63 -1 
                  65 30 64 -1 
                  66 31 65 -1 
                  67 32 66 -1 
                  68 33 67 -1 
                  69 34 68 -1 
                  70 35 69 -1 
                  71 36 70 -1 
                  1 0 71 -1 
                  3 0 2 -1 
                  4 0 3 -1 
                  5 0 4 -1 
                  6 0 5 -1 
                  7 0 6 -1 
                  8 0 7 -1 
                  9 0 8 -1 
                  10 0 9 -1 
                  11 0 10 -1 
                  12 0 11 -1 
                  13 0 12 -1 
                  14 0 13 -1 
                  15 0 14 -1 
                  16 0 15 -1 
                  17 0 16 -1 
                  18 0 17 -1 
                  19 0 18 -1 
                  20 0 19 -1 
                  21 0 20 -1 
                  22 0 21 -1 
                  23 0 22 -1 
                  24 0 23 -1 
                  25 0 24 -1 
                  26 0 25 -1 
                  27 0 26 -1 
                  28 0 27 -1 
                  29 0 28 -1 
                  30 0 29 -1 
                  31 0 30 -1 
                  32 0 31 -1 
                  33 0 32 -1 
                  34 0 33 -1 
                  35 0 34 -1 
                  36 0 35 -1 
                  38 37 1 -1 
                  39 38 1 -1 
                  40 39 1 -1 
                  41 40 1 -1 
                  42 41 1 -1 
                  43 42 1 -1 
                  44 43 1 -1 
                  45 44 1 -1 
                  46 45 1 -1 
                  47 46 1 -1 
                  48 47 1 -1 
                  49 48 1 -1 
                  50 49 1 -1 
                  51 50 1 -1 
                  52 51 1 -1 
                  53 52 1 -1 
                  54 53 1 -1 
                  55 54 1 -1 
                  56 55 1 -1 
                  57 56 1 -1 
                  58 57 1 -1 
                  59 58 1 -1 
                  60 59 1 -1 
                  61 60 1 -1 
                  62 61 1 -1 
                  63 62 1 -1 
                  64 63 1 -1 
                  65 64 1 -1 
                  66 65 1 -1 
                  67 66 1 -1 
                  68 67 1 -1 
                  69 68 1 -1 
                  70 69 1 -1 
                  71 70 1 -1 
                ]
                normalIndex [
                  72 0 1 -1 
                  71 1 2 -1 
                  70 2 3 -1 
                  69 3 4 -1 
                  68 4 5 -1 
                  8 65 7 -1 
                  9 64 8 -1 
                  10 63 9 -1 
                  11 62 10 -1 
                  12 61 11 -1 
                  13 60 12 -1 
                  14 59 13 -1 
                  15 58 14 -1 
                  16 57 15 -1 
                  17 56 16 -1 
                  18 55 17 -1 
                  19 54 18 -1 
                  20 53 19 -1 
                  21 52 20 -1 
                  22 51 21 -1 
                  23 50 22 -1 
                  24 49 23 -1 
                  25 48 24 -1 
                  26 47 25 -1 
                  27 46 26 -1 
                  28 45 27 -1 
                  29 44 28 -1 
                  30 43 29 -1 
                  31 42 30 -1 
                  32 41 31 -1 
                  33 40 32 -1 
                  34 39 33 -1 
                  35 38 34 -1 
                  36 37 35 -1 
                  67 5 6 -1 
                  66 6 7 -1 
                  38 35 37 -1 
                  39 34 38 -1 
                  40 33 39 -1 
                  41 32 40 -1 
                  42 31 41 -1 
                  43 30 42 -1 
                  44 29 43 -1 
                  45 28 44 -1 
                  46 27 45 -1 
                  47 26 46 -1 
                  48 25 47 -1 
                  49 24 48 -1 
                  50 23 49 -1 
                  51 22 50 -1 
                  52 21 51 -1 
                  53 20 52 -1 
                  54 19 53 -1 
                  55 18 54 -1 
                  56 17 55 -1 
                  57 16 56 -1 
                  58 15 57 -1 
                  59 14 58 -1 
                  60 13 59 -1 
                  61 12 60 -1 
                  62 11 61 -1 
                  63 10 62 -1 
                  64 9 63 -1 
                  65 8 64 -1 
                  66 7 65 -1 
                  67 6 66 -1 
                  68 5 67 -1 
                  69 4 68 -1 
                  70 3 69 -1 
                  71 2 70 -1 
                  72 1 71 -1 
                  73 0 72 -1 
                  76 74 75 -1 
                  77 74 76 -1 
                  78 74 77 -1 
                  79 74 78 -1 
                  80 74 79 -1 
                  81 74 80 -1 
                  82 74 81 -1 
                  83 74 82 -1 
                  84 74 83 -1 
                  85 74 84 -1 
                  86 74 85 -1 
                  87 74 86 -1 
                  88 74 87 -1 
                  89 74 88 -1 
                  90 74 89 -1 
                  91 74 90 -1 
                  92 74 91 -1 
                  93 74 92 -1 
                  94 74 93 -1 
                  95 74 94 -1 
                  96 74 95 -1 
                  97 74 96 -1 
                  98 74 97 -1 
                  99 74 98 -1 
                  100 74 99 -1 
                  101 74 100 -1 
                  102 74 101 -1 
                  103 74 102 -1 
                  104 74 103 -1 
                  105 74 104 -1 
                  106 74 105 -1 
                  107 74 106 -1 
                  108 74 107 -1 
                  109 74 108 -1 
                  112 111 110 -1 
                  113 112 110 -1 
                  114 113 110 -1 
                  115 114 110 -1 
                  116 115 110 -1 
                  117 116 110 -1 
                  118 117 110 -1 
                  119 118 110 -1 
                  120 119 110 -1 
                  121 120 110 -1 
                  122 121 110 -1 
                  123 122 110 -1 
                  124 123 110 -1 
                  125 124 110 -1 
                  126 125 110 -1 
                  127 126 110 -1 
                  128 127 110 -1 
                  129 128 110 -1 
                  130 129 110 -1 
                  131 130 110 -1 
                  132 131 110 -1 
                  133 132 110 -1 
                  134 133 110 -1 
                  135 134 110 -1 
                  136 135 110 -1 
                  137 136 110 -1 
                  138 137 110 -1 
                  139 138 110 -1 
                  140 139 110 -1 
                  141 140 110 -1 
                  142 141 110 -1 
                  143 142 110 -1 
                  144 143 110 -1 
                  145 144 110 -1 
                ]
              }
            }
            DEF Leads_19 Shape {
              appearance DEF __83 Appearance {
                material DEF __84 Material {
                  ambientIntensity 0.260947436094
                  diffuseColor 0.73400002718 0.773000001907 0.79699999094
                  shininess 0
                }
              }
              geometry DEF __85 IndexedFaceSet {
                solid FALSE
                coord Coordinate {
                  point [
                    0.020645 0.00762 0.0001,
                    0.020645 0.00762 -0.005,
                    0.0206400625197 0.00767643565774 0.0001,
                    0.0206254001018 0.00773115654658 0.0001,
                    0.0206014582562 0.0077825 0.0001,
                    0.020568964444 0.00782890597315 0.0001,
                    0.0205289059731 0.00786896444401 0.0001,
                    0.0204825 0.00790145825623 0.0001,
                    0.0204311565466 0.00792540010176 0.0001,
                    0.0203764356577 0.00794006251973 0.0001,
                    0.02032 0.007945 0.0001,
                    0.0202635643423 0.00794006251973 0.0001,
                    0.0202088434534 0.00792540010176 0.0001,
                    0.0201575 0.00790145825623 0.0001,
                    0.0201110940269 0.00786896444401 0.0001,
                    0.020071035556 0.00782890597315 0.0001,
                    0.0200385417438 0.0077825 0.0001,
                    0.0200145998982 0.00773115654658 0.0001,
                    0.0199999374803 0.00767643565774 0.0001,
                    0.019995 0.00762 0.0001,
                    0.0199999374803 0.00756356434226 0.0001,
                    0.0200145998982 0.00750884345342 0.0001,
                    0.0200385417438 0.0074575 0.0001,
                    0.020071035556 0.00741109402685 0.0001,
                    0.0201110940269 0.00737103555599 0.0001,
                    0.0201575 0.00733854174377 0.0001,
                    0.0202088434534 0.00731459989824 0.0001,
                    0.0202635643423 0.00729993748027 0.0001,
                    0.02032 0.007295 0.0001,
                    0.0203764356577 0.00729993748027 0.0001,
                    0.0204311565466 0.00731459989824 0.0001,
                    0.0204825 0.00733854174377 0.0001,
                    0.0205289059731 0.00737103555599 0.0001,
                    0.020568964444 0.00741109402685 0.0001,
                    0.0206014582562 0.0074575 0.0001,
                    0.0206254001018 0.00750884345342 0.0001,
                    0.0206400625197 0.00756356434226 0.0001,
                    0.0206400625197 0.00767643565774 -0.005,
                    0.0206254001018 0.00773115654658 -0.005,
                    0.0206014582562 0.0077825 -0.005,
                    0.020568964444 0.00782890597315 -0.005,
                    0.0205289059731 0.00786896444401 -0.005,
                    0.0204825 0.00790145825623 -0.005,
                    0.0204311565466 0.00792540010176 -0.005,
                    0.0203764356577 0.00794006251973 -0.005,
                    0.02032 0.007945 -0.005,
                    0.0202635643423 0.00794006251973 -0.005,
                    0.0202088434534 0.00792540010176 -0.005,
                    0.0201575 0.00790145825623 -0.005,
                    0.0201110940269 0.00786896444401 -0.005,
                    0.020071035556 0.00782890597315 -0.005,
                    0.0200385417438 0.0077825 -0.005,
                    0.0200145998982 0.00773115654658 -0.005,
                    0.0199999374803 0.00767643565774 -0.005,
                    0.019995 0.00762 -0.005,
                    0.0199999374803 0.00756356434226 -0.005,
                    0.0200145998982 0.00750884345342 -0.005,
                    0.0200385417438 0.0074575 -0.005,
                    0.020071035556 0.00741109402685 -0.005,
                    0.0201110940269 0.00737103555599 -0.005,
                    0.0201575 0.00733854174377 -0.005,
                    0.0202088434534 0.00731459989824 -0.005,
                    0.0202635643423 0.00729993748027 -0.005,
                    0.02032 0.007295 -0.005,
                    0.0203764356577 0.00729993748027 -0.005,
                    0.0204311565466 0.00731459989824 -0.005,
                    0.0204825 0.00733854174377 -0.005,
                    0.0205289059731 0.00737103555599 -0.005,
                    0.020568964444 0.00741109402685 -0.005,
                    0.0206014582562 0.0074575 -0.005,
                    0.0206254001018 0.00750884345342 -0.005,
                    0.0206400625197 0.00756356434226 -0.005

                  ]
                }
                normal Normal {
                  vector [
                    1 0 0,
                    0.98480773 -0.17364818 0,
                    0.93969262 -0.34202015 0,
                    0.86602539 -0.5 0,
                    0.76604444 -0.64278764 0,
                    0.64278764 -0.76604444 0,
                    0.5 -0.86602539 0,
                    0.34202015 -0.93969262 0,
                    0.17364818 -0.98480773 0,
                    -3.5527137e-15 -1 0,
                    -0.17364818 -0.98480773 0,
                    -0.34202015 -0.93969262 0,
                    -0.5 -0.86602539 0,
                    -0.64278764 -0.76604444 0,
                    -0.76604444 -0.64278764 0,
                    -0.86602539 -0.5 0,
                    -0.93969262 -0.34202015 0,
                    -0.98480773 -0.17364818 0,
                    -1 1.7763568e-15 0,
                    -0.98480773 0.17364818 0,
                    -0.93969262 0.34202015 0,
                    -0.86602539 0.5 0,
                    -0.76604444 0.64278764 0,
                    -0.64278764 0.76604444 0,
                    -0.5 0.86602539 0,
                    -0.34202015 0.93969262 0,
                    -0.17364818 0.98480773 0,
                    0 1 0,
                    0.17364818 0.98480773 0,
                    0.34202015 0.93969262 0,
                    0.5 0.86602539 0,
                    0.64278764 0.76604444 0,
                    0.76604444 0.64278764 0,
                    0.86602539 0.5 0,
                    0.93969262 0.34202015 0,
                    0.98480773 0.17364818 0,
                    1 0 0,
                    1 0 0,
                    0.98480773 0.17364818 0,
                    0.93969262 0.34202015 0,
                    0.86602539 0.5 0,
                    0.76604444 0.64278764 0,
                    0.64278764 0.76604444 0,
                    0.5 0.86602539 0,
                    0.34202015 0.93969262 0,
                    0.17364818 0.98480773 0,
                    0 1 0,
                    -0.17364818 0.98480773 0,
                    -0.34202015 0.93969262 0,
                    -0.5 0.86602539 0,
                    -0.64278764 0.76604444 0,
                    -0.76604444 0.64278764 0,
                    -0.86602539 0.5 0,
                    -0.93969262 0.34202015 0,
                    -0.98480773 0.17364818 0,
                    -1 1.7763568e-15 0,
                    -0.98480773 -0.17364818 0,
                    -0.93969262 -0.34202015 0,
                    -0.86602539 -0.5 0,
                    -0.76604444 -0.64278764 0,
                    -0.64278764 -0.76604444 0,
                    -0.5 -0.86602539 0,
                    -0.34202015 -0.93969262 0,
                    -0.17364818 -0.98480773 0,
                    -3.5527137e-15 -1 0,
                    0.17364818 -0.98480773 0,
                    0.34202015 -0.93969262 0,
                    0.5 -0.86602539 0,
                    0.64278764 -0.76604444 0,
                    0.76604444 -0.64278764 0,
                    0.86602539 -0.5 0,
                    0.93969262 -0.34202015 0,
                    0.98480773 -0.17364818 0,
                    1 0 0,
                    0 0 1,
                    0 0 1,
                    0 0 1,
                    0 0 1,
                    0 0 1,
                    0 0 1,
                    0 0 1,
                    0 0 1,
                    0 0 1,
                    0 0 1,
                    0 0 1,
                    0 0 1,
                    0 0 1,
                    0 0 1,
                    0 0 1,
                    0 0 1,
                    0 0 1,
                    0 0 1,
                    0 0 1,
                    0 0 1,
                    0 0 1,
                    0 0 1,
                    0 0 1,
                    0 0 1,
                    0 0 1,
                    0 0 1,
                    0 0 1,
                    0 0 1,
                    0 0 1,
                    0 0 1,
                    0 0 1,
                    0 0 1,
                    0 0 1,
                    0 0 1,
                    0 0 1,
                    0 0 1,
                    -0 -0 -1,
                    -0 -0 -1,
                    -0 -0 -1,
                    -0 -0 -1,
                    -0 -0 -1,
                    -0 -0 -1,
                    -0 -0 -1,
                    -0 -0 -1,
                    -0 -0 -1,
                    -0 -0 -1,
                    -0 -0 -1,
                    -0 -0 -1,
                    -0 -0 -1,
                    -0 -0 -1,
                    -0 -0 -1,
                    -0 -0 -1,
                    -0 -0 -1,
                    -0 -0 -1,
                    -0 -0 -1,
                    -0 -0 -1,
                    -0 -0 -1,
                    -0 -0 -1,
                    -0 -0 -1,
                    -0 -0 -1,
                    -0 -0 -1,
                    -0 -0 -1,
                    -0 -0 -1,
                    -0 -0 -1,
                    -0 -0 -1,
                    -0 -0 -1,
                    -0 -0 -1,
                    -0 -0 -1,
                    -0 -0 -1,
                    -0 -0 -1,
                    -0 -0 -1,
                    -0 -0 -1

                  ]
                }
                coordIndex [
                  71 0 36 -1 
                  70 36 35 -1 
                  69 35 34 -1 
                  68 34 33 -1 
                  67 33 32 -1 
                  29 64 30 -1 
                  28 63 29 -1 
                  27 62 28 -1 
                  26 61 27 -1 
                  25 60 26 -1 
                  24 59 25 -1 
                  23 58 24 -1 
                  22 57 23 -1 
                  21 56 22 -1 
                  20 55 21 -1 
                  19 54 20 -1 
                  18 53 19 -1 
                  17 52 18 -1 
                  16 51 17 -1 
                  15 50 16 -1 
                  14 49 15 -1 
                  13 48 14 -1 
                  12 47 13 -1 
                  11 46 12 -1 
                  10 45 11 -1 
                  9 44 10 -1 
                  8 43 9 -1 
                  7 42 8 -1 
                  6 41 7 -1 
                  5 40 6 -1 
                  4 39 5 -1 
                  3 38 4 -1 
                  2 37 3 -1 
                  0 1 2 -1 
                  66 32 31 -1 
                  65 31 30 -1 
                  37 2 1 -1 
                  38 3 37 -1 
                  39 4 38 -1 
                  40 5 39 -1 
                  41 6 40 -1 
                  42 7 41 -1 
                  43 8 42 -1 
                  44 9 43 -1 
                  45 10 44 -1 
                  46 11 45 -1 
                  47 12 46 -1 
                  48 13 47 -1 
                  49 14 48 -1 
                  50 15 49 -1 
                  51 16 50 -1 
                  52 17 51 -1 
                  53 18 52 -1 
                  54 19 53 -1 
                  55 20 54 -1 
                  56 21 55 -1 
                  57 22 56 -1 
                  58 23 57 -1 
                  59 24 58 -1 
                  60 25 59 -1 
                  61 26 60 -1 
                  62 27 61 -1 
                  63 28 62 -1 
                  64 29 63 -1 
                  65 30 64 -1 
                  66 31 65 -1 
                  67 32 66 -1 
                  68 33 67 -1 
                  69 34 68 -1 
                  70 35 69 -1 
                  71 36 70 -1 
                  1 0 71 -1 
                  3 0 2 -1 
                  4 0 3 -1 
                  5 0 4 -1 
                  6 0 5 -1 
                  7 0 6 -1 
                  8 0 7 -1 
                  9 0 8 -1 
                  10 0 9 -1 
                  11 0 10 -1 
                  12 0 11 -1 
                  13 0 12 -1 
                  14 0 13 -1 
                  15 0 14 -1 
                  16 0 15 -1 
                  17 0 16 -1 
                  18 0 17 -1 
                  19 0 18 -1 
                  20 0 19 -1 
                  21 0 20 -1 
                  22 0 21 -1 
                  23 0 22 -1 
                  24 0 23 -1 
                  25 0 24 -1 
                  26 0 25 -1 
                  27 0 26 -1 
                  28 0 27 -1 
                  29 0 28 -1 
                  30 0 29 -1 
                  31 0 30 -1 
                  32 0 31 -1 
                  33 0 32 -1 
                  34 0 33 -1 
                  35 0 34 -1 
                  36 0 35 -1 
                  38 37 1 -1 
                  39 38 1 -1 
                  40 39 1 -1 
                  41 40 1 -1 
                  42 41 1 -1 
                  43 42 1 -1 
                  44 43 1 -1 
                  45 44 1 -1 
                  46 45 1 -1 
                  47 46 1 -1 
                  48 47 1 -1 
                  49 48 1 -1 
                  50 49 1 -1 
                  51 50 1 -1 
                  52 51 1 -1 
                  53 52 1 -1 
                  54 53 1 -1 
                  55 54 1 -1 
                  56 55 1 -1 
                  57 56 1 -1 
                  58 57 1 -1 
                  59 58 1 -1 
                  60 59 1 -1 
                  61 60 1 -1 
                  62 61 1 -1 
                  63 62 1 -1 
                  64 63 1 -1 
                  65 64 1 -1 
                  66 65 1 -1 
                  67 66 1 -1 
                  68 67 1 -1 
                  69 68 1 -1 
                  70 69 1 -1 
                  71 70 1 -1 
                ]
                normalIndex [
                  72 0 1 -1 
                  71 1 2 -1 
                  70 2 3 -1 
                  69 3 4 -1 
                  68 4 5 -1 
                  8 65 7 -1 
                  9 64 8 -1 
                  10 63 9 -1 
                  11 62 10 -1 
                  12 61 11 -1 
                  13 60 12 -1 
                  14 59 13 -1 
                  15 58 14 -1 
                  16 57 15 -1 
                  17 56 16 -1 
                  18 55 17 -1 
                  19 54 18 -1 
                  20 53 19 -1 
                  21 52 20 -1 
                  22 51 21 -1 
                  23 50 22 -1 
                  24 49 23 -1 
                  25 48 24 -1 
                  26 47 25 -1 
                  27 46 26 -1 
                  28 45 27 -1 
                  29 44 28 -1 
                  30 43 29 -1 
                  31 42 30 -1 
                  32 41 31 -1 
                  33 40 32 -1 
                  34 39 33 -1 
                  35 38 34 -1 
                  36 37 35 -1 
                  67 5 6 -1 
                  66 6 7 -1 
                  38 35 37 -1 
                  39 34 38 -1 
                  40 33 39 -1 
                  41 32 40 -1 
                  42 31 41 -1 
                  43 30 42 -1 
                  44 29 43 -1 
                  45 28 44 -1 
                  46 27 45 -1 
                  47 26 46 -1 
                  48 25 47 -1 
                  49 24 48 -1 
                  50 23 49 -1 
                  51 22 50 -1 
                  52 21 51 -1 
                  53 20 52 -1 
                  54 19 53 -1 
                  55 18 54 -1 
                  56 17 55 -1 
                  57 16 56 -1 
                  58 15 57 -1 
                  59 14 58 -1 
                  60 13 59 -1 
                  61 12 60 -1 
                  62 11 61 -1 
                  63 10 62 -1 
                  64 9 63 -1 
                  65 8 64 -1 
                  66 7 65 -1 
                  67 6 66 -1 
                  68 5 67 -1 
                  69 4 68 -1 
                  70 3 69 -1 
                  71 2 70 -1 
                  72 1 71 -1 
                  73 0 72 -1 
                  76 74 75 -1 
                  77 74 76 -1 
                  78 74 77 -1 
                  79 74 78 -1 
                  80 74 79 -1 
                  81 74 80 -1 
                  82 74 81 -1 
                  83 74 82 -1 
                  84 74 83 -1 
                  85 74 84 -1 
                  86 74 85 -1 
                  87 74 86 -1 
                  88 74 87 -1 
                  89 74 88 -1 
                  90 74 89 -1 
                  91 74 90 -1 
                  92 74 91 -1 
                  93 74 92 -1 
                  94 74 93 -1 
                  95 74 94 -1 
                  96 74 95 -1 
                  97 74 96 -1 
                  98 74 97 -1 
                  99 74 98 -1 
                  100 74 99 -1 
                  101 74 100 -1 
                  102 74 101 -1 
                  103 74 102 -1 
                  104 74 103 -1 
                  105 74 104 -1 
                  106 74 105 -1 
                  107 74 106 -1 
                  108 74 107 -1 
                  109 74 108 -1 
                  112 111 110 -1 
                  113 112 110 -1 
                  114 113 110 -1 
                  115 114 110 -1 
                  116 115 110 -1 
                  117 116 110 -1 
                  118 117 110 -1 
                  119 118 110 -1 
                  120 119 110 -1 
                  121 120 110 -1 
                  122 121 110 -1 
                  123 122 110 -1 
                  124 123 110 -1 
                  125 124 110 -1 
                  126 125 110 -1 
                  127 126 110 -1 
                  128 127 110 -1 
                  129 128 110 -1 
                  130 129 110 -1 
                  131 130 110 -1 
                  132 131 110 -1 
                  133 132 110 -1 
                  134 133 110 -1 
                  135 134 110 -1 
                  136 135 110 -1 
                  137 136 110 -1 
                  138 137 110 -1 
                  139 138 110 -1 
                  140 139 110 -1 
                  141 140 110 -1 
                  142 141 110 -1 
                  143 142 110 -1 
                  144 143 110 -1 
                  145 144 110 -1 
                ]
              }
            }
            DEF Leads_20 Shape {
              appearance DEF __87 Appearance {
                material DEF __88 Material {
                  ambientIntensity 0.260947436094
                  diffuseColor 0.73400002718 0.773000001907 0.79699999094
                  shininess 0
                }
              }
              geometry DEF __89 IndexedFaceSet {
                solid FALSE
                coord Coordinate {
                  point [
                    0.023185 0.00762 0.0001,
                    0.023185 0.00762 -0.005,
                    0.0231800625197 0.00767643565774 0.0001,
                    0.0231654001018 0.00773115654658 0.0001,
                    0.0231414582562 0.0077825 0.0001,
                    0.023108964444 0.00782890597315 0.0001,
                    0.0230689059731 0.00786896444401 0.0001,
                    0.0230225 0.00790145825623 0.0001,
                    0.0229711565466 0.00792540010176 0.0001,
                    0.0229164356577 0.00794006251973 0.0001,
                    0.02286 0.007945 0.0001,
                    0.0228035643423 0.00794006251973 0.0001,
                    0.0227488434534 0.00792540010176 0.0001,
                    0.0226975 0.00790145825623 0.0001,
                    0.0226510940269 0.00786896444401 0.0001,
                    0.022611035556 0.00782890597315 0.0001,
                    0.0225785417438 0.0077825 0.0001,
                    0.0225545998982 0.00773115654658 0.0001,
                    0.0225399374803 0.00767643565774 0.0001,
                    0.022535 0.00762 0.0001,
                    0.0225399374803 0.00756356434226 0.0001,
                    0.0225545998982 0.00750884345342 0.0001,
                    0.0225785417438 0.0074575 0.0001,
                    0.022611035556 0.00741109402685 0.0001,
                    0.0226510940269 0.00737103555599 0.0001,
                    0.0226975 0.00733854174377 0.0001,
                    0.0227488434534 0.00731459989824 0.0001,
                    0.0228035643423 0.00729993748027 0.0001,
                    0.02286 0.007295 0.0001,
                    0.0229164356577 0.00729993748027 0.0001,
                    0.0229711565466 0.00731459989824 0.0001,
                    0.0230225 0.00733854174377 0.0001,
                    0.0230689059731 0.00737103555599 0.0001,
                    0.023108964444 0.00741109402685 0.0001,
                    0.0231414582562 0.0074575 0.0001,
                    0.0231654001018 0.00750884345342 0.0001,
                    0.0231800625197 0.00756356434226 0.0001,
                    0.0231800625197 0.00767643565774 -0.005,
                    0.0231654001018 0.00773115654658 -0.005,
                    0.0231414582562 0.0077825 -0.005,
                    0.023108964444 0.00782890597315 -0.005,
                    0.0230689059731 0.00786896444401 -0.005,
                    0.0230225 0.00790145825623 -0.005,
                    0.0229711565466 0.00792540010176 -0.005,
                    0.0229164356577 0.00794006251973 -0.005,
                    0.02286 0.007945 -0.005,
                    0.0228035643423 0.00794006251973 -0.005,
                    0.0227488434534 0.00792540010176 -0.005,
                    0.0226975 0.00790145825623 -0.005,
                    0.0226510940269 0.00786896444401 -0.005,
                    0.022611035556 0.00782890597315 -0.005,
                    0.0225785417438 0.0077825 -0.005,
                    0.0225545998982 0.00773115654658 -0.005,
                    0.0225399374803 0.00767643565774 -0.005,
                    0.022535 0.00762 -0.005,
                    0.0225399374803 0.00756356434226 -0.005,
                    0.0225545998982 0.00750884345342 -0.005,
                    0.0225785417438 0.0074575 -0.005,
                    0.022611035556 0.00741109402685 -0.005,
                    0.0226510940269 0.00737103555599 -0.005,
                    0.0226975 0.00733854174377 -0.005,
                    0.0227488434534 0.00731459989824 -0.005,
                    0.0228035643423 0.00729993748027 -0.005,
                    0.02286 0.007295 -0.005,
                    0.0229164356577 0.00729993748027 -0.005,
                    0.0229711565466 0.00731459989824 -0.005,
                    0.0230225 0.00733854174377 -0.005,
                    0.0230689059731 0.00737103555599 -0.005,
                    0.023108964444 0.00741109402685 -0.005,
                    0.0231414582562 0.0074575 -0.005,
                    0.0231654001018 0.00750884345342 -0.005,
                    0.0231800625197 0.00756356434226 -0.005

                  ]
                }
                normal Normal {
                  vector [
                    1 0 0,
                    0.98480773 -0.17364818 0,
                    0.93969262 -0.34202015 0,
                    0.86602539 -0.5 0,
                    0.76604444 -0.64278764 0,
                    0.64278764 -0.76604444 0,
                    0.5 -0.86602539 0,
                    0.34202015 -0.93969262 0,
                    0.17364818 -0.98480773 0,
                    -3.5527137e-15 -1 0,
                    -0.17364818 -0.98480773 0,
                    -0.34202015 -0.93969262 0,
                    -0.5 -0.86602539 0,
                    -0.64278764 -0.76604444 0,
                    -0.76604444 -0.64278764 0,
                    -0.86602539 -0.5 0,
                    -0.93969262 -0.34202015 0,
                    -0.98480773 -0.17364818 0,
                    -1 1.7763568e-15 0,
                    -0.98480773 0.17364818 0,
                    -0.93969262 0.34202015 0,
                    -0.86602539 0.5 0,
                    -0.76604444 0.64278764 0,
                    -0.64278764 0.76604444 0,
                    -0.5 0.86602539 0,
                    -0.34202015 0.93969262 0,
                    -0.17364818 0.98480773 0,
                    0 1 0,
                    0.17364818 0.98480773 0,
                    0.34202015 0.93969262 0,
                    0.5 0.86602539 0,
                    0.64278764 0.76604444 0,
                    0.76604444 0.64278764 0,
                    0.86602539 0.5 0,
                    0.93969262 0.34202015 0,
                    0.98480773 0.17364818 0,
                    1 0 0,
                    1 0 0,
                    0.98480773 0.17364818 0,
                    0.93969262 0.34202015 0,
                    0.86602539 0.5 0,
                    0.76604444 0.64278764 0,
                    0.64278764 0.76604444 0,
                    0.5 0.86602539 0,
                    0.34202015 0.93969262 0,
                    0.17364818 0.98480773 0,
                    0 1 0,
                    -0.17364818 0.98480773 0,
                    -0.34202015 0.93969262 0,
                    -0.5 0.86602539 0,
                    -0.64278764 0.76604444 0,
                    -0.76604444 0.64278764 0,
                    -0.86602539 0.5 0,
                    -0.93969262 0.34202015 0,
                    -0.98480773 0.17364818 0,
                    -1 1.7763568e-15 0,
                    -0.98480773 -0.17364818 0,
                    -0.93969262 -0.34202015 0,
                    -0.86602539 -0.5 0,
                    -0.76604444 -0.64278764 0,
                    -0.64278764 -0.76604444 0,
                    -0.5 -0.86602539 0,
                    -0.34202015 -0.93969262 0,
                    -0.17364818 -0.98480773 0,
                    -3.5527137e-15 -1 0,
                    0.17364818 -0.98480773 0,
                    0.34202015 -0.93969262 0,
                    0.5 -0.86602539 0,
                    0.64278764 -0.76604444 0,
                    0.76604444 -0.64278764 0,
                    0.86602539 -0.5 0,
                    0.93969262 -0.34202015 0,
                    0.98480773 -0.17364818 0,
                    1 0 0,
                    0 0 1,
                    0 0 1,
                    0 0 1,
                    0 0 1,
                    0 0 1,
                    0 0 1,
                    0 0 1,
                    0 0 1,
                    0 0 1,
                    0 0 1,
                    0 0 1,
                    0 0 1,
                    0 0 1,
                    0 0 1,
                    0 0 1,
                    0 0 1,
                    0 0 1,
                    0 0 1,
                    0 0 1,
                    0 0 1,
                    0 0 1,
                    0 0 1,
                    0 0 1,
                    0 0 1,
                    0 0 1,
                    0 0 1,
                    0 0 1,
                    0 0 1,
                    0 0 1,
                    0 0 1,
                    0 0 1,
                    0 0 1,
                    0 0 1,
                    0 0 1,
                    0 0 1,
                    0 0 1,
                    -0 -0 -1,
                    -0 -0 -1,
                    -0 -0 -1,
                    -0 -0 -1,
                    -0 -0 -1,
                    -0 -0 -1,
                    -0 -0 -1,
                    -0 -0 -1,
                    -0 -0 -1,
                    -0 -0 -1,
                    -0 -0 -1,
                    -0 -0 -1,
                    -0 -0 -1,
                    -0 -0 -1,
                    -0 -0 -1,
                    -0 -0 -1,
                    -0 -0 -1,
                    -0 -0 -1,
                    -0 -0 -1,
                    -0 -0 -1,
                    -0 -0 -1,
                    -0 -0 -1,
                    -0 -0 -1,
                    -0 -0 -1,
                    -0 -0 -1,
                    -0 -0 -1,
                    -0 -0 -1,
                    -0 -0 -1,
                    -0 -0 -1,
                    -0 -0 -1,
                    -0 -0 -1,
                    -0 -0 -1,
                    -0 -0 -1,
                    -0 -0 -1,
                    -0 -0 -1,
                    -0 -0 -1

                  ]
                }
                coordIndex [
                  71 0 36 -1 
                  70 36 35 -1 
                  69 35 34 -1 
                  68 34 33 -1 
                  67 33 32 -1 
                  29 64 30 -1 
                  28 63 29 -1 
                  27 62 28 -1 
                  26 61 27 -1 
                  25 60 26 -1 
                  24 59 25 -1 
                  23 58 24 -1 
                  22 57 23 -1 
                  21 56 22 -1 
                  20 55 21 -1 
                  19 54 20 -1 
                  18 53 19 -1 
                  17 52 18 -1 
                  16 51 17 -1 
                  15 50 16 -1 
                  14 49 15 -1 
                  13 48 14 -1 
                  12 47 13 -1 
                  11 46 12 -1 
                  10 45 11 -1 
                  9 44 10 -1 
                  8 43 9 -1 
                  7 42 8 -1 
                  6 41 7 -1 
                  5 40 6 -1 
                  4 39 5 -1 
                  3 38 4 -1 
                  2 37 3 -1 
                  0 1 2 -1 
                  66 32 31 -1 
                  65 31 30 -1 
                  37 2 1 -1 
                  38 3 37 -1 
                  39 4 38 -1 
                  40 5 39 -1 
                  41 6 40 -1 
                  42 7 41 -1 
                  43 8 42 -1 
                  44 9 43 -1 
                  45 10 44 -1 
                  46 11 45 -1 
                  47 12 46 -1 
                  48 13 47 -1 
                  49 14 48 -1 
                  50 15 49 -1 
                  51 16 50 -1 
                  52 17 51 -1 
                  53 18 52 -1 
                  54 19 53 -1 
                  55 20 54 -1 
                  56 21 55 -1 
                  57 22 56 -1 
                  58 23 57 -1 
                  59 24 58 -1 
                  60 25 59 -1 
                  61 26 60 -1 
                  62 27 61 -1 
                  63 28 62 -1 
                  64 29 63 -1 
                  65 30 64 -1 
                  66 31 65 -1 
                  67 32 66 -1 
                  68 33 67 -1 
                  69 34 68 -1 
                  70 35 69 -1 
                  71 36 70 -1 
                  1 0 71 -1 
                  3 0 2 -1 
                  4 0 3 -1 
                  5 0 4 -1 
                  6 0 5 -1 
                  7 0 6 -1 
                  8 0 7 -1 
                  9 0 8 -1 
                  10 0 9 -1 
                  11 0 10 -1 
                  12 0 11 -1 
                  13 0 12 -1 
                  14 0 13 -1 
                  15 0 14 -1 
                  16 0 15 -1 
                  17 0 16 -1 
                  18 0 17 -1 
                  19 0 18 -1 
                  20 0 19 -1 
                  21 0 20 -1 
                  22 0 21 -1 
                  23 0 22 -1 
                  24 0 23 -1 
                  25 0 24 -1 
                  26 0 25 -1 
                  27 0 26 -1 
                  28 0 27 -1 
                  29 0 28 -1 
                  30 0 29 -1 
                  31 0 30 -1 
                  32 0 31 -1 
                  33 0 32 -1 
                  34 0 33 -1 
                  35 0 34 -1 
                  36 0 35 -1 
                  38 37 1 -1 
                  39 38 1 -1 
                  40 39 1 -1 
                  41 40 1 -1 
                  42 41 1 -1 
                  43 42 1 -1 
                  44 43 1 -1 
                  45 44 1 -1 
                  46 45 1 -1 
                  47 46 1 -1 
                  48 47 1 -1 
                  49 48 1 -1 
                  50 49 1 -1 
                  51 50 1 -1 
                  52 51 1 -1 
                  53 52 1 -1 
                  54 53 1 -1 
                  55 54 1 -1 
                  56 55 1 -1 
                  57 56 1 -1 
                  58 57 1 -1 
                  59 58 1 -1 
                  60 59 1 -1 
                  61 60 1 -1 
                  62 61 1 -1 
                  63 62 1 -1 
                  64 63 1 -1 
                  65 64 1 -1 
                  66 65 1 -1 
                  67 66 1 -1 
                  68 67 1 -1 
                  69 68 1 -1 
                  70 69 1 -1 
                  71 70 1 -1 
                ]
                normalIndex [
                  72 0 1 -1 
                  71 1 2 -1 
                  70 2 3 -1 
                  69 3 4 -1 
                  68 4 5 -1 
                  8 65 7 -1 
                  9 64 8 -1 
                  10 63 9 -1 
                  11 62 10 -1 
                  12 61 11 -1 
                  13 60 12 -1 
                  14 59 13 -1 
                  15 58 14 -1 
                  16 57 15 -1 
                  17 56 16 -1 
                  18 55 17 -1 
                  19 54 18 -1 
                  20 53 19 -1 
                  21 52 20 -1 
                  22 51 21 -1 
                  23 50 22 -1 
                  24 49 23 -1 
                  25 48 24 -1 
                  26 47 25 -1 
                  27 46 26 -1 
                  28 45 27 -1 
                  29 44 28 -1 
                  30 43 29 -1 
                  31 42 30 -1 
                  32 41 31 -1 
                  33 40 32 -1 
                  34 39 33 -1 
                  35 38 34 -1 
                  36 37 35 -1 
                  67 5 6 -1 
                  66 6 7 -1 
                  38 35 37 -1 
                  39 34 38 -1 
                  40 33 39 -1 
                  41 32 40 -1 
                  42 31 41 -1 
                  43 30 42 -1 
                  44 29 43 -1 
                  45 28 44 -1 
                  46 27 45 -1 
                  47 26 46 -1 
                  48 25 47 -1 
                  49 24 48 -1 
                  50 23 49 -1 
                  51 22 50 -1 
                  52 21 51 -1 
                  53 20 52 -1 
                  54 19 53 -1 
                  55 18 54 -1 
                  56 17 55 -1 
                  57 16 56 -1 
                  58 15 57 -1 
                  59 14 58 -1 
                  60 13 59 -1 
                  61 12 60 -1 
                  62 11 61 -1 
                  63 10 62 -1 
                  64 9 63 -1 
                  65 8 64 -1 
                  66 7 65 -1 
                  67 6 66 -1 
                  68 5 67 -1 
                  69 4 68 -1 
                  70 3 69 -1 
                  71 2 70 -1 
                  72 1 71 -1 
                  73 0 72 -1 
                  76 74 75 -1 
                  77 74 76 -1 
                  78 74 77 -1 
                  79 74 78 -1 
                  80 74 79 -1 
                  81 74 80 -1 
                  82 74 81 -1 
                  83 74 82 -1 
                  84 74 83 -1 
                  85 74 84 -1 
                  86 74 85 -1 
                  87 74 86 -1 
                  88 74 87 -1 
                  89 74 88 -1 
                  90 74 89 -1 
                  91 74 90 -1 
                  92 74 91 -1 
                  93 74 92 -1 
                  94 74 93 -1 
                  95 74 94 -1 
                  96 74 95 -1 
                  97 74 96 -1 
                  98 74 97 -1 
                  99 74 98 -1 
                  100 74 99 -1 
                  101 74 100 -1 
                  102 74 101 -1 
                  103 74 102 -1 
                  104 74 103 -1 
                  105 74 104 -1 
                  106 74 105 -1 
                  107 74 106 -1 
                  108 74 107 -1 
                  109 74 108 -1 
                  112 111 110 -1 
                  113 112 110 -1 
                  114 113 110 -1 
                  115 114 110 -1 
                  116 115 110 -1 
                  117 116 110 -1 
                  118 117 110 -1 
                  119 118 110 -1 
                  120 119 110 -1 
                  121 120 110 -1 
                  122 121 110 -1 
                  123 122 110 -1 
                  124 123 110 -1 
                  125 124 110 -1 
                  126 125 110 -1 
                  127 126 110 -1 
                  128 127 110 -1 
                  129 128 110 -1 
                  130 129 110 -1 
                  131 130 110 -1 
                  132 131 110 -1 
                  133 132 110 -1 
                  134 133 110 -1 
                  135 134 110 -1 
                  136 135 110 -1 
                  137 136 110 -1 
                  138 137 110 -1 
                  139 138 110 -1 
                  140 139 110 -1 
                  141 140 110 -1 
                  142 141 110 -1 
                  143 142 110 -1 
                  144 143 110 -1 
                  145 144 110 -1 
                ]
              }
            }
            DEF Leads_21 Shape {
              appearance DEF __91 Appearance {
                material DEF __92 Material {
                  ambientIntensity 0.260947436094
                  diffuseColor 0.73400002718 0.773000001907 0.79699999094
                  shininess 0
                }
              }
              geometry DEF __93 IndexedFaceSet {
                solid FALSE
                coord Coordinate {
                  point [
                    0.025725 -7.96020419446e-20 0.0001,
                    0.025725 -7.96020419446e-20 -0.005,
                    0.0257200625197 5.64356577418e-05 0.0001,
                    0.0257054001018 0.000111156546581 0.0001,
                    0.0256814582562 0.0001625 0.0001,
                    0.025648964444 0.000208905973148 0.0001,
                    0.0256089059731 0.000248964444014 0.0001,
                    0.0255625 0.00028145825623 0.0001,
                    0.0255111565466 0.000305400101755 0.0001,
                    0.0254564356577 0.000320062519729 0.0001,
                    0.0254 0.000325 0.0001,
                    0.0253435643423 0.000320062519729 0.0001,
                    0.0252888434534 0.000305400101755 0.0001,
                    0.0252375 0.00028145825623 0.0001,
                    0.0251910940269 0.000248964444014 0.0001,
                    0.025151035556 0.000208905973148 0.0001,
                    0.0251185417438 0.0001625 0.0001,
                    0.0250945998982 0.000111156546581 0.0001,
                    0.0250799374803 5.64356577418e-05 0.0001,
                    0.025075 4.72788000576e-19 0.0001,
                    0.0250799374803 -5.64356577418e-05 0.0001,
                    0.0250945998982 -0.000111156546581 0.0001,
                    0.0251185417438 -0.0001625 0.0001,
                    0.025151035556 -0.000208905973148 0.0001,
                    0.0251910940269 -0.000248964444014 0.0001,
                    0.0252375 -0.00028145825623 0.0001,
                    0.0252888434534 -0.000305400101755 0.0001,
                    0.0253435643423 -0.000320062519729 0.0001,
                    0.0254 -0.000325 0.0001,
                    0.0254564356577 -0.000320062519729 0.0001,
                    0.0255111565466 -0.000305400101755 0.0001,
                    0.0255625 -0.00028145825623 0.0001,
                    0.0256089059731 -0.000248964444014 0.0001,
                    0.025648964444 -0.000208905973148 0.0001,
                    0.0256814582562 -0.0001625 0.0001,
                    0.0257054001018 -0.000111156546581 0.0001,
                    0.0257200625197 -5.64356577418e-05 0.0001,
                    0.0257200625197 5.64356577418e-05 -0.005,
                    0.0257054001018 0.000111156546581 -0.005,
                    0.0256814582562 0.0001625 -0.005,
                    0.025648964444 0.000208905973148 -0.005,
                    0.0256089059731 0.000248964444014 -0.005,
                    0.0255625 0.00028145825623 -0.005,
                    0.0255111565466 0.000305400101755 -0.005,
                    0.0254564356577 0.000320062519729 -0.005,
                    0.0254 0.000325 -0.005,
                    0.0253435643423 0.000320062519729 -0.005,
                    0.0252888434534 0.000305400101755 -0.005,
                    0.0252375 0.00028145825623 -0.005,
                    0.0251910940269 0.000248964444014 -0.005,
                    0.025151035556 0.000208905973148 -0.005,
                    0.0251185417438 0.0001625 -0.005,
                    0.0250945998982 0.000111156546581 -0.005,
                    0.0250799374803 5.64356577418e-05 -0.005,
                    0.025075 4.72788000576e-19 -0.005,
                    0.0250799374803 -5.64356577418e-05 -0.005,
                    0.0250945998982 -0.000111156546581 -0.005,
                    0.0251185417438 -0.0001625 -0.005,
                    0.025151035556 -0.000208905973148 -0.005,
                    0.0251910940269 -0.000248964444014 -0.005,
                    0.0252375 -0.00028145825623 -0.005,
                    0.0252888434534 -0.000305400101755 -0.005,
                    0.0253435643423 -0.000320062519729 -0.005,
                    0.0254 -0.000325 -0.005,
                    0.0254564356577 -0.000320062519729 -0.005,
                    0.0255111565466 -0.000305400101755 -0.005,
                    0.0255625 -0.00028145825623 -0.005,
                    0.0256089059731 -0.000248964444014 -0.005,
                    0.025648964444 -0.000208905973148 -0.005,
                    0.0256814582562 -0.0001625 -0.005,
                    0.0257054001018 -0.000111156546581 -0.005,
                    0.0257200625197 -5.64356577418e-05 -0.005

                  ]
                }
                normal Normal {
                  vector [
                    1 -2.4492937e-16 0,
                    0.98480773 -0.17364818 0,
                    0.93969262 -0.34202015 0,
                    0.86602539 -0.5 0,
                    0.76604444 -0.64278764 0,
                    0.64278764 -0.76604444 0,
                    0.5 -0.86602539 0,
                    0.34202015 -0.93969262 0,
                    0.17364818 -0.98480773 0,
                    -3.5527137e-15 -1 0,
                    -0.17364818 -0.98480773 0,
                    -0.34202015 -0.93969262 0,
                    -0.5 -0.86602539 0,
                    -0.64278764 -0.76604444 0,
                    -0.76604444 -0.64278764 0,
                    -0.86602539 -0.5 0,
                    -0.93969262 -0.34202015 0,
                    -0.98480773 -0.17364818 0,
                    -1 1.4547323e-15 0,
                    -0.98480773 0.17364818 0,
                    -0.93969262 0.34202015 0,
                    -0.86602539 0.5 0,
                    -0.76604444 0.64278764 0,
                    -0.64278764 0.76604444 0,
                    -0.5 0.86602539 0,
                    -0.34202015 0.93969262 0,
                    -0.17364818 0.98480773 0,
                    0 1 0,
                    0.17364818 0.98480773 0,
                    0.34202015 0.93969262 0,
                    0.5 0.86602539 0,
                    0.64278764 0.76604444 0,
                    0.76604444 0.64278764 0,
                    0.86602539 0.5 0,
                    0.93969262 0.34202015 0,
                    0.98480773 0.17364818 0,
                    1 0 0,
                    1 0 0,
                    0.98480773 0.17364818 0,
                    0.93969262 0.34202015 0,
                    0.86602539 0.5 0,
                    0.76604444 0.64278764 0,
                    0.64278764 0.76604444 0,
                    0.5 0.86602539 0,
                    0.34202015 0.93969262 0,
                    0.17364818 0.98480773 0,
                    0 1 0,
                    -0.17364818 0.98480773 0,
                    -0.34202015 0.93969262 0,
                    -0.5 0.86602539 0,
                    -0.64278764 0.76604444 0,
                    -0.76604444 0.64278764 0,
                    -0.86602539 0.5 0,
                    -0.93969262 0.34202015 0,
                    -0.98480773 0.17364818 0,
                    -1 1.4547323e-15 0,
                    -0.98480773 -0.17364818 0,
                    -0.93969262 -0.34202015 0,
                    -0.86602539 -0.5 0,
                    -0.76604444 -0.64278764 0,
                    -0.64278764 -0.76604444 0,
                    -0.5 -0.86602539 0,
                    -0.34202015 -0.93969262 0,
                    -0.17364818 -0.98480773 0,
                    -3.5527137e-15 -1 0,
                    0.17364818 -0.98480773 0,
                    0.34202015 -0.93969262 0,
                    0.5 -0.86602539 0,
                    0.64278764 -0.76604444 0,
                    0.76604444 -0.64278764 0,
                    0.86602539 -0.5 0,
                    0.93969262 -0.34202015 0,
                    0.98480773 -0.17364818 0,
                    1 -2.4492937e-16 0,
                    0 0 1,
                    0 0 1,
                    0 0 1,
                    0 0 1,
                    0 0 1,
                    0 0 1,
                    0 0 1,
                    0 0 1,
                    0 0 1,
                    0 0 1,
                    0 0 1,
                    0 0 1,
                    0 0 1,
                    0 0 1,
                    0 0 1,
                    0 0 1,
                    0 0 1,
                    0 0 1,
                    0 0 1,
                    0 0 1,
                    0 0 1,
                    0 0 1,
                    0 0 1,
                    0 0 1,
                    0 0 1,
                    0 0 1,
                    0 0 1,
                    0 0 1,
                    0 0 1,
                    0 0 1,
                    0 0 1,
                    0 0 1,
                    0 0 1,
                    0 0 1,
                    0 0 1,
                    0 0 1,
                    -0 -0 -1,
                    -0 -0 -1,
                    -0 -0 -1,
                    -0 -0 -1,
                    -0 -0 -1,
                    -0 -0 -1,
                    -0 -0 -1,
                    -0 -0 -1,
                    -0 -0 -1,
                    -0 -0 -1,
                    -0 -0 -1,
                    -0 -0 -1,
                    -0 -0 -1,
                    -0 -0 -1,
                    -0 -0 -1,
                    -0 -0 -1,
                    -0 -0 -1,
                    -0 -0 -1,
                    -0 -0 -1,
                    -0 -0 -1,
                    -0 -0 -1,
                    -0 -0 -1,
                    -0 -0 -1,
                    -0 -0 -1,
                    -0 -0 -1,
                    -0 -0 -1,
                    -0 -0 -1,
                    -0 -0 -1,
                    -0 -0 -1,
                    -0 -0 -1,
                    -0 -0 -1,
                    -0 -0 -1,
                    -0 -0 -1,
                    -0 -0 -1,
                    -0 -0 -1,
                    -0 -0 -1

                  ]
                }
                coordIndex [
                  71 0 36 -1 
                  70 36 35 -1 
                  69 35 34 -1 
                  68 34 33 -1 
                  67 33 32 -1 
                  29 64 30 -1 
                  28 63 29 -1 
                  27 62 28 -1 
                  26 61 27 -1 
                  25 60 26 -1 
                  24 59 25 -1 
                  23 58 24 -1 
                  22 57 23 -1 
                  21 56 22 -1 
                  20 55 21 -1 
                  19 54 20 -1 
                  18 53 19 -1 
                  17 52 18 -1 
                  16 51 17 -1 
                  15 50 16 -1 
                  14 49 15 -1 
                  13 48 14 -1 
                  12 47 13 -1 
                  11 46 12 -1 
                  10 45 11 -1 
                  9 44 10 -1 
                  8 43 9 -1 
                  7 42 8 -1 
                  6 41 7 -1 
                  5 40 6 -1 
                  4 39 5 -1 
                  3 38 4 -1 
                  2 37 3 -1 
                  0 1 2 -1 
                  66 32 31 -1 
                  65 31 30 -1 
                  37 2 1 -1 
                  38 3 37 -1 
                  39 4 38 -1 
                  40 5 39 -1 
                  41 6 40 -1 
                  42 7 41 -1 
                  43 8 42 -1 
                  44 9 43 -1 
                  45 10 44 -1 
                  46 11 45 -1 
                  47 12 46 -1 
                  48 13 47 -1 
                  49 14 48 -1 
                  50 15 49 -1 
                  51 16 50 -1 
                  52 17 51 -1 
                  53 18 52 -1 
                  54 19 53 -1 
                  55 20 54 -1 
                  56 21 55 -1 
                  57 22 56 -1 
                  58 23 57 -1 
                  59 24 58 -1 
                  60 25 59 -1 
                  61 26 60 -1 
                  62 27 61 -1 
                  63 28 62 -1 
                  64 29 63 -1 
                  65 30 64 -1 
                  66 31 65 -1 
                  67 32 66 -1 
                  68 33 67 -1 
                  69 34 68 -1 
                  70 35 69 -1 
                  71 36 70 -1 
                  1 0 71 -1 
                  3 0 2 -1 
                  4 0 3 -1 
                  5 0 4 -1 
                  6 0 5 -1 
                  7 0 6 -1 
                  8 0 7 -1 
                  9 0 8 -1 
                  10 0 9 -1 
                  11 0 10 -1 
                  12 0 11 -1 
                  13 0 12 -1 
                  14 0 13 -1 
                  15 0 14 -1 
                  16 0 15 -1 
                  17 0 16 -1 
                  18 0 17 -1 
                  19 0 18 -1 
                  20 0 19 -1 
                  21 0 20 -1 
                  22 0 21 -1 
                  23 0 22 -1 
                  24 0 23 -1 
                  25 0 24 -1 
                  26 0 25 -1 
                  27 0 26 -1 
                  28 0 27 -1 
                  29 0 28 -1 
                  30 0 29 -1 
                  31 0 30 -1 
                  32 0 31 -1 
                  33 0 32 -1 
                  34 0 33 -1 
                  35 0 34 -1 
                  36 0 35 -1 
                  38 37 1 -1 
                  39 38 1 -1 
                  40 39 1 -1 
                  41 40 1 -1 
                  42 41 1 -1 
                  43 42 1 -1 
                  44 43 1 -1 
                  45 44 1 -1 
                  46 45 1 -1 
                  47 46 1 -1 
                  48 47 1 -1 
                  49 48 1 -1 
                  50 49 1 -1 
                  51 50 1 -1 
                  52 51 1 -1 
                  53 52 1 -1 
                  54 53 1 -1 
                  55 54 1 -1 
                  56 55 1 -1 
                  57 56 1 -1 
                  58 57 1 -1 
                  59 58 1 -1 
                  60 59 1 -1 
                  61 60 1 -1 
                  62 61 1 -1 
                  63 62 1 -1 
                  64 63 1 -1 
                  65 64 1 -1 
                  66 65 1 -1 
                  67 66 1 -1 
                  68 67 1 -1 
                  69 68 1 -1 
                  70 69 1 -1 
                  71 70 1 -1 
                ]
                normalIndex [
                  72 0 1 -1 
                  71 1 2 -1 
                  70 2 3 -1 
                  69 3 4 -1 
                  68 4 5 -1 
                  8 65 7 -1 
                  9 64 8 -1 
                  10 63 9 -1 
                  11 62 10 -1 
                  12 61 11 -1 
                  13 60 12 -1 
                  14 59 13 -1 
                  15 58 14 -1 
                  16 57 15 -1 
                  17 56 16 -1 
                  18 55 17 -1 
                  19 54 18 -1 
                  20 53 19 -1 
                  21 52 20 -1 
                  22 51 21 -1 
                  23 50 22 -1 
                  24 49 23 -1 
                  25 48 24 -1 
                  26 47 25 -1 
                  27 46 26 -1 
                  28 45 27 -1 
                  29 44 28 -1 
                  30 43 29 -1 
                  31 42 30 -1 
                  32 41 31 -1 
                  33 40 32 -1 
                  34 39 33 -1 
                  35 38 34 -1 
                  36 37 35 -1 
                  67 5 6 -1 
                  66 6 7 -1 
                  38 35 37 -1 
                  39 34 38 -1 
                  40 33 39 -1 
                  41 32 40 -1 
                  42 31 41 -1 
                  43 30 42 -1 
                  44 29 43 -1 
                  45 28 44 -1 
                  46 27 45 -1 
                  47 26 46 -1 
                  48 25 47 -1 
                  49 24 48 -1 
                  50 23 49 -1 
                  51 22 50 -1 
                  52 21 51 -1 
                  53 20 52 -1 
                  54 19 53 -1 
                  55 18 54 -1 
                  56 17 55 -1 
                  57 16 56 -1 
                  58 15 57 -1 
                  59 14 58 -1 
                  60 13 59 -1 
                  61 12 60 -1 
                  62 11 61 -1 
                  63 10 62 -1 
                  64 9 63 -1 
                  65 8 64 -1 
                  66 7 65 -1 
                  67 6 66 -1 
                  68 5 67 -1 
                  69 4 68 -1 
                  70 3 69 -1 
                  71 2 70 -1 
                  72 1 71 -1 
                  73 0 72 -1 
                  76 74 75 -1 
                  77 74 76 -1 
                  78 74 77 -1 
                  79 74 78 -1 
                  80 74 79 -1 
                  81 74 80 -1 
                  82 74 81 -1 
                  83 74 82 -1 
                  84 74 83 -1 
                  85 74 84 -1 
                  86 74 85 -1 
                  87 74 86 -1 
                  88 74 87 -1 
                  89 74 88 -1 
                  90 74 89 -1 
                  91 74 90 -1 
                  92 74 91 -1 
                  93 74 92 -1 
                  94 74 93 -1 
                  95 74 94 -1 
                  96 74 95 -1 
                  97 74 96 -1 
                  98 74 97 -1 
                  99 74 98 -1 
                  100 74 99 -1 
                  101 74 100 -1 
                  102 74 101 -1 
                  103 74 102 -1 
                  104 74 103 -1 
                  105 74 104 -1 
                  106 74 105 -1 
                  107 74 106 -1 
                  108 74 107 -1 
                  109 74 108 -1 
                  112 111 110 -1 
                  113 112 110 -1 
                  114 113 110 -1 
                  115 114 110 -1 
                  116 115 110 -1 
                  117 116 110 -1 
                  118 117 110 -1 
                  119 118 110 -1 
                  120 119 110 -1 
                  121 120 110 -1 
                  122 121 110 -1 
                  123 122 110 -1 
                  124 123 110 -1 
                  125 124 110 -1 
                  126 125 110 -1 
                  127 126 110 -1 
                  128 127 110 -1 
                  129 128 110 -1 
                  130 129 110 -1 
                  131 130 110 -1 
                  132 131 110 -1 
                  133 132 110 -1 
                  134 133 110 -1 
                  135 134 110 -1 
                  136 135 110 -1 
                  137 136 110 -1 
                  138 137 110 -1 
                  139 138 110 -1 
                  140 139 110 -1 
                  141 140 110 -1 
                  142 141 110 -1 
                  143 142 110 -1 
                  144 143 110 -1 
                  145 144 110 -1 
                ]
              }
            }
            DEF Leads_22 Shape {
              appearance DEF __95 Appearance {
                material DEF __96 Material {
                  ambientIntensity 0.260947436094
                  diffuseColor 0.73400002718 0.773000001907 0.79699999094
                  shininess 0
                }
              }
              geometry DEF __97 IndexedFaceSet {
                solid FALSE
                coord Coordinate {
                  point [
                    0.028265 -7.96020419446e-20 0.0001,
                    0.028265 -7.96020419446e-20 -0.005,
                    0.0282600625197 5.64356577418e-05 0.0001,
                    0.0282454001018 0.000111156546581 0.0001,
                    0.0282214582562 0.0001625 0.0001,
                    0.028188964444 0.000208905973148 0.0001,
                    0.0281489059731 0.000248964444014 0.0001,
                    0.0281025 0.00028145825623 0.0001,
                    0.0280511565466 0.000305400101755 0.0001,
                    0.0279964356577 0.000320062519729 0.0001,
                    0.02794 0.000325 0.0001,
                    0.0278835643423 0.000320062519729 0.0001,
                    0.0278288434534 0.000305400101755 0.0001,
                    0.0277775 0.00028145825623 0.0001,
                    0.0277310940269 0.000248964444014 0.0001,
                    0.027691035556 0.000208905973148 0.0001,
                    0.0276585417438 0.0001625 0.0001,
                    0.0276345998982 0.000111156546581 0.0001,
                    0.0276199374803 5.64356577418e-05 0.0001,
                    0.027615 4.72788000576e-19 0.0001,
                    0.0276199374803 -5.64356577418e-05 0.0001,
                    0.0276345998982 -0.000111156546581 0.0001,
                    0.0276585417438 -0.0001625 0.0001,
                    0.027691035556 -0.000208905973148 0.0001,
                    0.0277310940269 -0.000248964444014 0.0001,
                    0.0277775 -0.00028145825623 0.0001,
                    0.0278288434534 -0.000305400101755 0.0001,
                    0.0278835643423 -0.000320062519729 0.0001,
                    0.02794 -0.000325 0.0001,
                    0.0279964356577 -0.000320062519729 0.0001,
                    0.0280511565466 -0.000305400101755 0.0001,
                    0.0281025 -0.00028145825623 0.0001,
                    0.0281489059731 -0.000248964444014 0.0001,
                    0.028188964444 -0.000208905973148 0.0001,
                    0.0282214582562 -0.0001625 0.0001,
                    0.0282454001018 -0.000111156546581 0.0001,
                    0.0282600625197 -5.64356577418e-05 0.0001,
                    0.0282600625197 5.64356577418e-05 -0.005,
                    0.0282454001018 0.000111156546581 -0.005,
                    0.0282214582562 0.0001625 -0.005,
                    0.028188964444 0.000208905973148 -0.005,
                    0.0281489059731 0.000248964444014 -0.005,
                    0.0281025 0.00028145825623 -0.005,
                    0.0280511565466 0.000305400101755 -0.005,
                    0.0279964356577 0.000320062519729 -0.005,
                    0.02794 0.000325 -0.005,
                    0.0278835643423 0.000320062519729 -0.005,
                    0.0278288434534 0.000305400101755 -0.005,
                    0.0277775 0.00028145825623 -0.005,
                    0.0277310940269 0.000248964444014 -0.005,
                    0.027691035556 0.000208905973148 -0.005,
                    0.0276585417438 0.0001625 -0.005,
                    0.0276345998982 0.000111156546581 -0.005,
                    0.0276199374803 5.64356577418e-05 -0.005,
                    0.027615 4.72788000576e-19 -0.005,
                    0.0276199374803 -5.64356577418e-05 -0.005,
                    0.0276345998982 -0.000111156546581 -0.005,
                    0.0276585417438 -0.0001625 -0.005,
                    0.027691035556 -0.000208905973148 -0.005,
                    0.0277310940269 -0.000248964444014 -0.005,
                    0.0277775 -0.00028145825623 -0.005,
                    0.0278288434534 -0.000305400101755 -0.005,
                    0.0278835643423 -0.000320062519729 -0.005,
                    0.02794 -0.000325 -0.005,
                    0.0279964356577 -0.000320062519729 -0.005,
                    0.0280511565466 -0.000305400101755 -0.005,
                    0.0281025 -0.00028145825623 -0.005,
                    0.0281489059731 -0.000248964444014 -0.005,
                    0.028188964444 -0.000208905973148 -0.005,
                    0.0282214582562 -0.0001625 -0.005,
                    0.0282454001018 -0.000111156546581 -0.005,
                    0.0282600625197 -5.64356577418e-05 -0.005

                  ]
                }
                normal Normal {
                  vector [
                    1 -2.4492937e-16 0,
                    0.98480773 -0.17364818 0,
                    0.93969262 -0.34202015 0,
                    0.86602539 -0.5 0,
                    0.76604444 -0.64278764 0,
                    0.64278764 -0.76604444 0,
                    0.5 -0.86602539 0,
                    0.34202015 -0.93969262 0,
                    0.17364818 -0.98480773 0,
                    -3.5527137e-15 -1 0,
                    -0.17364818 -0.98480773 0,
                    -0.34202015 -0.93969262 0,
                    -0.5 -0.86602539 0,
                    -0.64278764 -0.76604444 0,
                    -0.76604444 -0.64278764 0,
                    -0.86602539 -0.5 0,
                    -0.93969262 -0.34202015 0,
                    -0.98480773 -0.17364818 0,
                    -1 1.4547323e-15 0,
                    -0.98480773 0.17364818 0,
                    -0.93969262 0.34202015 0,
                    -0.86602539 0.5 0,
                    -0.76604444 0.64278764 0,
                    -0.64278764 0.76604444 0,
                    -0.5 0.86602539 0,
                    -0.34202015 0.93969262 0,
                    -0.17364818 0.98480773 0,
                    0 1 0,
                    0.17364818 0.98480773 0,
                    0.34202015 0.93969262 0,
                    0.5 0.86602539 0,
                    0.64278764 0.76604444 0,
                    0.76604444 0.64278764 0,
                    0.86602539 0.5 0,
                    0.93969262 0.34202015 0,
                    0.98480773 0.17364818 0,
                    1 0 0,
                    1 0 0,
                    0.98480773 0.17364818 0,
                    0.93969262 0.34202015 0,
                    0.86602539 0.5 0,
                    0.76604444 0.64278764 0,
                    0.64278764 0.76604444 0,
                    0.5 0.86602539 0,
                    0.34202015 0.93969262 0,
                    0.17364818 0.98480773 0,
                    0 1 0,
                    -0.17364818 0.98480773 0,
                    -0.34202015 0.93969262 0,
                    -0.5 0.86602539 0,
                    -0.64278764 0.76604444 0,
                    -0.76604444 0.64278764 0,
                    -0.86602539 0.5 0,
                    -0.93969262 0.34202015 0,
                    -0.98480773 0.17364818 0,
                    -1 1.4547323e-15 0,
                    -0.98480773 -0.17364818 0,
                    -0.93969262 -0.34202015 0,
                    -0.86602539 -0.5 0,
                    -0.76604444 -0.64278764 0,
                    -0.64278764 -0.76604444 0,
                    -0.5 -0.86602539 0,
                    -0.34202015 -0.93969262 0,
                    -0.17364818 -0.98480773 0,
                    -3.5527137e-15 -1 0,
                    0.17364818 -0.98480773 0,
                    0.34202015 -0.93969262 0,
                    0.5 -0.86602539 0,
                    0.64278764 -0.76604444 0,
                    0.76604444 -0.64278764 0,
                    0.86602539 -0.5 0,
                    0.93969262 -0.34202015 0,
                    0.98480773 -0.17364818 0,
                    1 -2.4492937e-16 0,
                    0 0 1,
                    0 0 1,
                    0 0 1,
                    0 0 1,
                    0 0 1,
                    0 0 1,
                    0 0 1,
                    0 0 1,
                    0 0 1,
                    0 0 1,
                    0 0 1,
                    0 0 1,
                    0 0 1,
                    0 0 1,
                    0 0 1,
                    0 0 1,
                    0 0 1,
                    0 0 1,
                    0 0 1,
                    0 0 1,
                    0 0 1,
                    0 0 1,
                    0 0 1,
                    0 0 1,
                    0 0 1,
                    0 0 1,
                    0 0 1,
                    0 0 1,
                    0 0 1,
                    0 0 1,
                    0 0 1,
                    0 0 1,
                    0 0 1,
                    0 0 1,
                    0 0 1,
                    0 0 1,
                    -0 -0 -1,
                    -0 -0 -1,
                    -0 -0 -1,
                    -0 -0 -1,
                    -0 -0 -1,
                    -0 -0 -1,
                    -0 -0 -1,
                    -0 -0 -1,
                    -0 -0 -1,
                    -0 -0 -1,
                    -0 -0 -1,
                    -0 -0 -1,
                    -0 -0 -1,
                    -0 -0 -1,
                    -0 -0 -1,
                    -0 -0 -1,
                    -0 -0 -1,
                    -0 -0 -1,
                    -0 -0 -1,
                    -0 -0 -1,
                    -0 -0 -1,
                    -0 -0 -1,
                    -0 -0 -1,
                    -0 -0 -1,
                    -0 -0 -1,
                    -0 -0 -1,
                    -0 -0 -1,
                    -0 -0 -1,
                    -0 -0 -1,
                    -0 -0 -1,
                    -0 -0 -1,
                    -0 -0 -1,
                    -0 -0 -1,
                    -0 -0 -1,
                    -0 -0 -1,
                    -0 -0 -1

                  ]
                }
                coordIndex [
                  71 0 36 -1 
                  70 36 35 -1 
                  69 35 34 -1 
                  68 34 33 -1 
                  67 33 32 -1 
                  29 64 30 -1 
                  28 63 29 -1 
                  27 62 28 -1 
                  26 61 27 -1 
                  25 60 26 -1 
                  24 59 25 -1 
                  23 58 24 -1 
                  22 57 23 -1 
                  21 56 22 -1 
                  20 55 21 -1 
                  19 54 20 -1 
                  18 53 19 -1 
                  17 52 18 -1 
                  16 51 17 -1 
                  15 50 16 -1 
                  14 49 15 -1 
                  13 48 14 -1 
                  12 47 13 -1 
                  11 46 12 -1 
                  10 45 11 -1 
                  9 44 10 -1 
                  8 43 9 -1 
                  7 42 8 -1 
                  6 41 7 -1 
                  5 40 6 -1 
                  4 39 5 -1 
                  3 38 4 -1 
                  2 37 3 -1 
                  0 1 2 -1 
                  66 32 31 -1 
                  65 31 30 -1 
                  37 2 1 -1 
                  38 3 37 -1 
                  39 4 38 -1 
                  40 5 39 -1 
                  41 6 40 -1 
                  42 7 41 -1 
                  43 8 42 -1 
                  44 9 43 -1 
                  45 10 44 -1 
                  46 11 45 -1 
                  47 12 46 -1 
                  48 13 47 -1 
                  49 14 48 -1 
                  50 15 49 -1 
                  51 16 50 -1 
                  52 17 51 -1 
                  53 18 52 -1 
                  54 19 53 -1 
                  55 20 54 -1 
                  56 21 55 -1 
                  57 22 56 -1 
                  58 23 57 -1 
                  59 24 58 -1 
                  60 25 59 -1 
                  61 26 60 -1 
                  62 27 61 -1 
                  63 28 62 -1 
                  64 29 63 -1 
                  65 30 64 -1 
                  66 31 65 -1 
                  67 32 66 -1 
                  68 33 67 -1 
                  69 34 68 -1 
                  70 35 69 -1 
                  71 36 70 -1 
                  1 0 71 -1 
                  3 0 2 -1 
                  4 0 3 -1 
                  5 0 4 -1 
                  6 0 5 -1 
                  7 0 6 -1 
                  8 0 7 -1 
                  9 0 8 -1 
                  10 0 9 -1 
                  11 0 10 -1 
                  12 0 11 -1 
                  13 0 12 -1 
                  14 0 13 -1 
                  15 0 14 -1 
                  16 0 15 -1 
                  17 0 16 -1 
                  18 0 17 -1 
                  19 0 18 -1 
                  20 0 19 -1 
                  21 0 20 -1 
                  22 0 21 -1 
                  23 0 22 -1 
                  24 0 23 -1 
                  25 0 24 -1 
                  26 0 25 -1 
                  27 0 26 -1 
                  28 0 27 -1 
                  29 0 28 -1 
                  30 0 29 -1 
                  31 0 30 -1 
                  32 0 31 -1 
                  33 0 32 -1 
                  34 0 33 -1 
                  35 0 34 -1 
                  36 0 35 -1 
                  38 37 1 -1 
                  39 38 1 -1 
                  40 39 1 -1 
                  41 40 1 -1 
                  42 41 1 -1 
                  43 42 1 -1 
                  44 43 1 -1 
                  45 44 1 -1 
                  46 45 1 -1 
                  47 46 1 -1 
                  48 47 1 -1 
                  49 48 1 -1 
                  50 49 1 -1 
                  51 50 1 -1 
                  52 51 1 -1 
                  53 52 1 -1 
                  54 53 1 -1 
                  55 54 1 -1 
                  56 55 1 -1 
                  57 56 1 -1 
                  58 57 1 -1 
                  59 58 1 -1 
                  60 59 1 -1 
                  61 60 1 -1 
                  62 61 1 -1 
                  63 62 1 -1 
                  64 63 1 -1 
                  65 64 1 -1 
                  66 65 1 -1 
                  67 66 1 -1 
                  68 67 1 -1 
                  69 68 1 -1 
                  70 69 1 -1 
                  71 70 1 -1 
                ]
                normalIndex [
                  72 0 1 -1 
                  71 1 2 -1 
                  70 2 3 -1 
                  69 3 4 -1 
                  68 4 5 -1 
                  8 65 7 -1 
                  9 64 8 -1 
                  10 63 9 -1 
                  11 62 10 -1 
                  12 61 11 -1 
                  13 60 12 -1 
                  14 59 13 -1 
                  15 58 14 -1 
                  16 57 15 -1 
                  17 56 16 -1 
                  18 55 17 -1 
                  19 54 18 -1 
                  20 53 19 -1 
                  21 52 20 -1 
                  22 51 21 -1 
                  23 50 22 -1 
                  24 49 23 -1 
                  25 48 24 -1 
                  26 47 25 -1 
                  27 46 26 -1 
                  28 45 27 -1 
                  29 44 28 -1 
                  30 43 29 -1 
                  31 42 30 -1 
                  32 41 31 -1 
                  33 40 32 -1 
                  34 39 33 -1 
                  35 38 34 -1 
                  36 37 35 -1 
                  67 5 6 -1 
                  66 6 7 -1 
                  38 35 37 -1 
                  39 34 38 -1 
                  40 33 39 -1 
                  41 32 40 -1 
                  42 31 41 -1 
                  43 30 42 -1 
                  44 29 43 -1 
                  45 28 44 -1 
                  46 27 45 -1 
                  47 26 46 -1 
                  48 25 47 -1 
                  49 24 48 -1 
                  50 23 49 -1 
                  51 22 50 -1 
                  52 21 51 -1 
                  53 20 52 -1 
                  54 19 53 -1 
                  55 18 54 -1 
                  56 17 55 -1 
                  57 16 56 -1 
                  58 15 57 -1 
                  59 14 58 -1 
                  60 13 59 -1 
                  61 12 60 -1 
                  62 11 61 -1 
                  63 10 62 -1 
                  64 9 63 -1 
                  65 8 64 -1 
                  66 7 65 -1 
                  67 6 66 -1 
                  68 5 67 -1 
                  69 4 68 -1 
                  70 3 69 -1 
                  71 2 70 -1 
                  72 1 71 -1 
                  73 0 72 -1 
                  76 74 75 -1 
                  77 74 76 -1 
                  78 74 77 -1 
                  79 74 78 -1 
                  80 74 79 -1 
                  81 74 80 -1 
                  82 74 81 -1 
                  83 74 82 -1 
                  84 74 83 -1 
                  85 74 84 -1 
                  86 74 85 -1 
                  87 74 86 -1 
                  88 74 87 -1 
                  89 74 88 -1 
                  90 74 89 -1 
                  91 74 90 -1 
                  92 74 91 -1 
                  93 74 92 -1 
                  94 74 93 -1 
                  95 74 94 -1 
                  96 74 95 -1 
                  97 74 96 -1 
                  98 74 97 -1 
                  99 74 98 -1 
                  100 74 99 -1 
                  101 74 100 -1 
                  102 74 101 -1 
                  103 74 102 -1 
                  104 74 103 -1 
                  105 74 104 -1 
                  106 74 105 -1 
                  107 74 106 -1 
                  108 74 107 -1 
                  109 74 108 -1 
                  112 111 110 -1 
                  113 112 110 -1 
                  114 113 110 -1 
                  115 114 110 -1 
                  116 115 110 -1 
                  117 116 110 -1 
                  118 117 110 -1 
                  119 118 110 -1 
                  120 119 110 -1 
                  121 120 110 -1 
                  122 121 110 -1 
                  123 122 110 -1 
                  124 123 110 -1 
                  125 124 110 -1 
                  126 125 110 -1 
                  127 126 110 -1 
                  128 127 110 -1 
                  129 128 110 -1 
                  130 129 110 -1 
                  131 130 110 -1 
                  132 131 110 -1 
                  133 132 110 -1 
                  134 133 110 -1 
                  135 134 110 -1 
                  136 135 110 -1 
                  137 136 110 -1 
                  138 137 110 -1 
                  139 138 110 -1 
                  140 139 110 -1 
                  141 140 110 -1 
                  142 141 110 -1 
                  143 142 110 -1 
                  144 143 110 -1 
                  145 144 110 -1 
                ]
              }
            }
            DEF Leads_23 Shape {
              appearance DEF __99 Appearance {
                material DEF __100 Material {
                  ambientIntensity 0.260947436094
                  diffuseColor 0.73400002718 0.773000001907 0.79699999094
                  shininess 0
                }
              }
              geometry DEF __101 IndexedFaceSet {
                solid FALSE
                coord Coordinate {
                  point [
                    0.025725 0.00762 0.0001,
                    0.025725 0.00762 -0.005,
                    0.0257200625197 0.00767643565774 0.0001,
                    0.0257054001018 0.00773115654658 0.0001,
                    0.0256814582562 0.0077825 0.0001,
                    0.025648964444 0.00782890597315 0.0001,
                    0.0256089059731 0.00786896444401 0.0001,
                    0.0255625 0.00790145825623 0.0001,
                    0.0255111565466 0.00792540010176 0.0001,
                    0.0254564356577 0.00794006251973 0.0001,
                    0.0254 0.007945 0.0001,
                    0.0253435643423 0.00794006251973 0.0001,
                    0.0252888434534 0.00792540010176 0.0001,
                    0.0252375 0.00790145825623 0.0001,
                    0.0251910940269 0.00786896444401 0.0001,
                    0.025151035556 0.00782890597315 0.0001,
                    0.0251185417438 0.0077825 0.0001,
                    0.0250945998982 0.00773115654658 0.0001,
                    0.0250799374803 0.00767643565774 0.0001,
                    0.025075 0.00762 0.0001,
                    0.0250799374803 0.00756356434226 0.0001,
                    0.0250945998982 0.00750884345342 0.0001,
                    0.0251185417438 0.0074575 0.0001,
                    0.025151035556 0.00741109402685 0.0001,
                    0.0251910940269 0.00737103555599 0.0001,
                    0.0252375 0.00733854174377 0.0001,
                    0.0252888434534 0.00731459989824 0.0001,
                    0.0253435643423 0.00729993748027 0.0001,
                    0.0254 0.007295 0.0001,
                    0.0254564356577 0.00729993748027 0.0001,
                    0.0255111565466 0.00731459989824 0.0001,
                    0.0255625 0.00733854174377 0.0001,
                    0.0256089059731 0.00737103555599 0.0001,
                    0.025648964444 0.00741109402685 0.0001,
                    0.0256814582562 0.0074575 0.0001,
                    0.0257054001018 0.00750884345342 0.0001,
                    0.0257200625197 0.00756356434226 0.0001,
                    0.0257200625197 0.00767643565774 -0.005,
                    0.0257054001018 0.00773115654658 -0.005,
                    0.0256814582562 0.0077825 -0.005,
                    0.025648964444 0.00782890597315 -0.005,
                    0.0256089059731 0.00786896444401 -0.005,
                    0.0255625 0.00790145825623 -0.005,
                    0.0255111565466 0.00792540010176 -0.005,
                    0.0254564356577 0.00794006251973 -0.005,
                    0.0254 0.007945 -0.005,
                    0.0253435643423 0.00794006251973 -0.005,
                    0.0252888434534 0.00792540010176 -0.005,
                    0.0252375 0.00790145825623 -0.005,
                    0.0251910940269 0.00786896444401 -0.005,
                    0.025151035556 0.00782890597315 -0.005,
                    0.0251185417438 0.0077825 -0.005,
                    0.0250945998982 0.00773115654658 -0.005,
                    0.0250799374803 0.00767643565774 -0.005,
                    0.025075 0.00762 -0.005,
                    0.0250799374803 0.00756356434226 -0.005,
                    0.0250945998982 0.00750884345342 -0.005,
                    0.0251185417438 0.0074575 -0.005,
                    0.025151035556 0.00741109402685 -0.005,
                    0.0251910940269 0.00737103555599 -0.005,
                    0.0252375 0.00733854174377 -0.005,
                    0.0252888434534 0.00731459989824 -0.005,
                    0.0253435643423 0.00729993748027 -0.005,
                    0.0254 0.007295 -0.005,
                    0.0254564356577 0.00729993748027 -0.005,
                    0.0255111565466 0.00731459989824 -0.005,
                    0.0255625 0.00733854174377 -0.005,
                    0.0256089059731 0.00737103555599 -0.005,
                    0.025648964444 0.00741109402685 -0.005,
                    0.0256814582562 0.0074575 -0.005,
                    0.0257054001018 0.00750884345342 -0.005,
                    0.0257200625197 0.00756356434226 -0.005

                  ]
                }
                normal Normal {
                  vector [
                    1 0 0,
                    0.98480773 -0.17364818 0,
                    0.93969262 -0.34202015 0,
                    0.86602539 -0.5 0,
                    0.76604444 -0.64278764 0,
                    0.64278764 -0.76604444 0,
                    0.5 -0.86602539 0,
                    0.34202015 -0.93969262 0,
                    0.17364818 -0.98480773 0,
                    -3.5527137e-15 -1 0,
                    -0.17364818 -0.98480773 0,
                    -0.34202015 -0.93969262 0,
                    -0.5 -0.86602539 0,
                    -0.64278764 -0.76604444 0,
                    -0.76604444 -0.64278764 0,
                    -0.86602539 -0.5 0,
                    -0.93969262 -0.34202015 0,
                    -0.98480773 -0.17364818 0,
                    -1 1.7763568e-15 0,
                    -0.98480773 0.17364818 0,
                    -0.93969262 0.34202015 0,
                    -0.86602539 0.5 0,
                    -0.76604444 0.64278764 0,
                    -0.64278764 0.76604444 0,
                    -0.5 0.86602539 0,
                    -0.34202015 0.93969262 0,
                    -0.17364818 0.98480773 0,
                    0 1 0,
                    0.17364818 0.98480773 0,
                    0.34202015 0.93969262 0,
                    0.5 0.86602539 0,
                    0.64278764 0.76604444 0,
                    0.76604444 0.64278764 0,
                    0.86602539 0.5 0,
                    0.93969262 0.34202015 0,
                    0.98480773 0.17364818 0,
                    1 0 0,
                    1 0 0,
                    0.98480773 0.17364818 0,
                    0.93969262 0.34202015 0,
                    0.86602539 0.5 0,
                    0.76604444 0.64278764 0,
                    0.64278764 0.76604444 0,
                    0.5 0.86602539 0,
                    0.34202015 0.93969262 0,
                    0.17364818 0.98480773 0,
                    0 1 0,
                    -0.17364818 0.98480773 0,
                    -0.34202015 0.93969262 0,
                    -0.5 0.86602539 0,
                    -0.64278764 0.76604444 0,
                    -0.76604444 0.64278764 0,
                    -0.86602539 0.5 0,
                    -0.93969262 0.34202015 0,
                    -0.98480773 0.17364818 0,
                    -1 1.7763568e-15 0,
                    -0.98480773 -0.17364818 0,
                    -0.93969262 -0.34202015 0,
                    -0.86602539 -0.5 0,
                    -0.76604444 -0.64278764 0,
                    -0.64278764 -0.76604444 0,
                    -0.5 -0.86602539 0,
                    -0.34202015 -0.93969262 0,
                    -0.17364818 -0.98480773 0,
                    -3.5527137e-15 -1 0,
                    0.17364818 -0.98480773 0,
                    0.34202015 -0.93969262 0,
                    0.5 -0.86602539 0,
                    0.64278764 -0.76604444 0,
                    0.76604444 -0.64278764 0,
                    0.86602539 -0.5 0,
                    0.93969262 -0.34202015 0,
                    0.98480773 -0.17364818 0,
                    1 0 0,
                    0 0 1,
                    0 0 1,
                    0 0 1,
                    0 0 1,
                    0 0 1,
                    0 0 1,
                    0 0 1,
                    0 0 1,
                    0 0 1,
                    0 0 1,
                    0 0 1,
                    0 0 1,
                    0 0 1,
                    0 0 1,
                    0 0 1,
                    0 0 1,
                    0 0 1,
                    0 0 1,
                    0 0 1,
                    0 0 1,
                    0 0 1,
                    0 0 1,
                    0 0 1,
                    0 0 1,
                    0 0 1,
                    0 0 1,
                    0 0 1,
                    0 0 1,
                    0 0 1,
                    0 0 1,
                    0 0 1,
                    0 0 1,
                    0 0 1,
                    0 0 1,
                    0 0 1,
                    0 0 1,
                    -0 -0 -1,
                    -0 -0 -1,
                    -0 -0 -1,
                    -0 -0 -1,
                    -0 -0 -1,
                    -0 -0 -1,
                    -0 -0 -1,
                    -0 -0 -1,
                    -0 -0 -1,
                    -0 -0 -1,
                    -0 -0 -1,
                    -0 -0 -1,
                    -0 -0 -1,
                    -0 -0 -1,
                    -0 -0 -1,
                    -0 -0 -1,
                    -0 -0 -1,
                    -0 -0 -1,
                    -0 -0 -1,
                    -0 -0 -1,
                    -0 -0 -1,
                    -0 -0 -1,
                    -0 -0 -1,
                    -0 -0 -1,
                    -0 -0 -1,
                    -0 -0 -1,
                    -0 -0 -1,
                    -0 -0 -1,
                    -0 -0 -1,
                    -0 -0 -1,
                    -0 -0 -1,
                    -0 -0 -1,
                    -0 -0 -1,
                    -0 -0 -1,
                    -0 -0 -1,
                    -0 -0 -1

                  ]
                }
                coordIndex [
                  71 0 36 -1 
                  70 36 35 -1 
                  69 35 34 -1 
                  68 34 33 -1 
                  67 33 32 -1 
                  29 64 30 -1 
                  28 63 29 -1 
                  27 62 28 -1 
                  26 61 27 -1 
                  25 60 26 -1 
                  24 59 25 -1 
                  23 58 24 -1 
                  22 57 23 -1 
                  21 56 22 -1 
                  20 55 21 -1 
                  19 54 20 -1 
                  18 53 19 -1 
                  17 52 18 -1 
                  16 51 17 -1 
                  15 50 16 -1 
                  14 49 15 -1 
                  13 48 14 -1 
                  12 47 13 -1 
                  11 46 12 -1 
                  10 45 11 -1 
                  9 44 10 -1 
                  8 43 9 -1 
                  7 42 8 -1 
                  6 41 7 -1 
                  5 40 6 -1 
                  4 39 5 -1 
                  3 38 4 -1 
                  2 37 3 -1 
                  0 1 2 -1 
                  66 32 31 -1 
                  65 31 30 -1 
                  37 2 1 -1 
                  38 3 37 -1 
                  39 4 38 -1 
                  40 5 39 -1 
                  41 6 40 -1 
                  42 7 41 -1 
                  43 8 42 -1 
                  44 9 43 -1 
                  45 10 44 -1 
                  46 11 45 -1 
                  47 12 46 -1 
                  48 13 47 -1 
                  49 14 48 -1 
                  50 15 49 -1 
                  51 16 50 -1 
                  52 17 51 -1 
                  53 18 52 -1 
                  54 19 53 -1 
                  55 20 54 -1 
                  56 21 55 -1 
                  57 22 56 -1 
                  58 23 57 -1 
                  59 24 58 -1 
                  60 25 59 -1 
                  61 26 60 -1 
                  62 27 61 -1 
                  63 28 62 -1 
                  64 29 63 -1 
                  65 30 64 -1 
                  66 31 65 -1 
                  67 32 66 -1 
                  68 33 67 -1 
                  69 34 68 -1 
                  70 35 69 -1 
                  71 36 70 -1 
                  1 0 71 -1 
                  3 0 2 -1 
                  4 0 3 -1 
                  5 0 4 -1 
                  6 0 5 -1 
                  7 0 6 -1 
                  8 0 7 -1 
                  9 0 8 -1 
                  10 0 9 -1 
                  11 0 10 -1 
                  12 0 11 -1 
                  13 0 12 -1 
                  14 0 13 -1 
                  15 0 14 -1 
                  16 0 15 -1 
                  17 0 16 -1 
                  18 0 17 -1 
                  19 0 18 -1 
                  20 0 19 -1 
                  21 0 20 -1 
                  22 0 21 -1 
                  23 0 22 -1 
                  24 0 23 -1 
                  25 0 24 -1 
                  26 0 25 -1 
                  27 0 26 -1 
                  28 0 27 -1 
                  29 0 28 -1 
                  30 0 29 -1 
                  31 0 30 -1 
                  32 0 31 -1 
                  33 0 32 -1 
                  34 0 33 -1 
                  35 0 34 -1 
                  36 0 35 -1 
                  38 37 1 -1 
                  39 38 1 -1 
                  40 39 1 -1 
                  41 40 1 -1 
                  42 41 1 -1 
                  43 42 1 -1 
                  44 43 1 -1 
                  45 44 1 -1 
                  46 45 1 -1 
                  47 46 1 -1 
                  48 47 1 -1 
                  49 48 1 -1 
                  50 49 1 -1 
                  51 50 1 -1 
                  52 51 1 -1 
                  53 52 1 -1 
                  54 53 1 -1 
                  55 54 1 -1 
                  56 55 1 -1 
                  57 56 1 -1 
                  58 57 1 -1 
                  59 58 1 -1 
                  60 59 1 -1 
                  61 60 1 -1 
                  62 61 1 -1 
                  63 62 1 -1 
                  64 63 1 -1 
                  65 64 1 -1 
                  66 65 1 -1 
                  67 66 1 -1 
                  68 67 1 -1 
                  69 68 1 -1 
                  70 69 1 -1 
                  71 70 1 -1 
                ]
                normalIndex [
                  72 0 1 -1 
                  71 1 2 -1 
                  70 2 3 -1 
                  69 3 4 -1 
                  68 4 5 -1 
                  8 65 7 -1 
                  9 64 8 -1 
                  10 63 9 -1 
                  11 62 10 -1 
                  12 61 11 -1 
                  13 60 12 -1 
                  14 59 13 -1 
                  15 58 14 -1 
                  16 57 15 -1 
                  17 56 16 -1 
                  18 55 17 -1 
                  19 54 18 -1 
                  20 53 19 -1 
                  21 52 20 -1 
                  22 51 21 -1 
                  23 50 22 -1 
                  24 49 23 -1 
                  25 48 24 -1 
                  26 47 25 -1 
                  27 46 26 -1 
                  28 45 27 -1 
                  29 44 28 -1 
                  30 43 29 -1 
                  31 42 30 -1 
                  32 41 31 -1 
                  33 40 32 -1 
                  34 39 33 -1 
                  35 38 34 -1 
                  36 37 35 -1 
                  67 5 6 -1 
                  66 6 7 -1 
                  38 35 37 -1 
                  39 34 38 -1 
                  40 33 39 -1 
                  41 32 40 -1 
                  42 31 41 -1 
                  43 30 42 -1 
                  44 29 43 -1 
                  45 28 44 -1 
                  46 27 45 -1 
                  47 26 46 -1 
                  48 25 47 -1 
                  49 24 48 -1 
                  50 23 49 -1 
                  51 22 50 -1 
                  52 21 51 -1 
                  53 20 52 -1 
                  54 19 53 -1 
                  55 18 54 -1 
                  56 17 55 -1 
                  57 16 56 -1 
                  58 15 57 -1 
                  59 14 58 -1 
                  60 13 59 -1 
                  61 12 60 -1 
                  62 11 61 -1 
                  63 10 62 -1 
                  64 9 63 -1 
                  65 8 64 -1 
                  66 7 65 -1 
                  67 6 66 -1 
                  68 5 67 -1 
                  69 4 68 -1 
                  70 3 69 -1 
                  71 2 70 -1 
                  72 1 71 -1 
                  73 0 72 -1 
                  76 74 75 -1 
                  77 74 76 -1 
                  78 74 77 -1 
                  79 74 78 -1 
                  80 74 79 -1 
                  81 74 80 -1 
                  82 74 81 -1 
                  83 74 82 -1 
                  84 74 83 -1 
                  85 74 84 -1 
                  86 74 85 -1 
                  87 74 86 -1 
                  88 74 87 -1 
                  89 74 88 -1 
                  90 74 89 -1 
                  91 74 90 -1 
                  92 74 91 -1 
                  93 74 92 -1 
                  94 74 93 -1 
                  95 74 94 -1 
                  96 74 95 -1 
                  97 74 96 -1 
                  98 74 97 -1 
                  99 74 98 -1 
                  100 74 99 -1 
                  101 74 100 -1 
                  102 74 101 -1 
                  103 74 102 -1 
                  104 74 103 -1 
                  105 74 104 -1 
                  106 74 105 -1 
                  107 74 106 -1 
                  108 74 107 -1 
                  109 74 108 -1 
                  112 111 110 -1 
                  113 112 110 -1 
                  114 113 110 -1 
                  115 114 110 -1 
                  116 115 110 -1 
                  117 116 110 -1 
                  118 117 110 -1 
                  119 118 110 -1 
                  120 119 110 -1 
                  121 120 110 -1 
                  122 121 110 -1 
                  123 122 110 -1 
                  124 123 110 -1 
                  125 124 110 -1 
                  126 125 110 -1 
                  127 126 110 -1 
                  128 127 110 -1 
                  129 128 110 -1 
                  130 129 110 -1 
                  131 130 110 -1 
                  132 131 110 -1 
                  133 132 110 -1 
                  134 133 110 -1 
                  135 134 110 -1 
                  136 135 110 -1 
                  137 136 110 -1 
                  138 137 110 -1 
                  139 138 110 -1 
                  140 139 110 -1 
                  141 140 110 -1 
                  142 141 110 -1 
                  143 142 110 -1 
                  144 143 110 -1 
                  145 144 110 -1 
                ]
              }
            }
            DEF Leads_24 Shape {
              appearance DEF __103 Appearance {
                material DEF __104 Material {
                  ambientIntensity 0.260947436094
                  diffuseColor 0.73400002718 0.773000001907 0.79699999094
                  shininess 0
                }
              }
              geometry DEF __105 IndexedFaceSet {
                solid FALSE
                coord Coordinate {
                  point [
                    0.028265 0.00762 0.0001,
                    0.028265 0.00762 -0.005,
                    0.0282600625197 0.00767643565774 0.0001,
                    0.0282454001018 0.00773115654658 0.0001,
                    0.0282214582562 0.0077825 0.0001,
                    0.028188964444 0.00782890597315 0.0001,
                    0.0281489059731 0.00786896444401 0.0001,
                    0.0281025 0.00790145825623 0.0001,
                    0.0280511565466 0.00792540010176 0.0001,
                    0.0279964356577 0.00794006251973 0.0001,
                    0.02794 0.007945 0.0001,
                    0.0278835643423 0.00794006251973 0.0001,
                    0.0278288434534 0.00792540010176 0.0001,
                    0.0277775 0.00790145825623 0.0001,
                    0.0277310940269 0.00786896444401 0.0001,
                    0.027691035556 0.00782890597315 0.0001,
                    0.0276585417438 0.0077825 0.0001,
                    0.0276345998982 0.00773115654658 0.0001,
                    0.0276199374803 0.00767643565774 0.0001,
                    0.027615 0.00762 0.0001,
                    0.0276199374803 0.00756356434226 0.0001,
                    0.0276345998982 0.00750884345342 0.0001,
                    0.0276585417438 0.0074575 0.0001,
                    0.027691035556 0.00741109402685 0.0001,
                    0.0277310940269 0.00737103555599 0.0001,
                    0.0277775 0.00733854174377 0.0001,
                    0.0278288434534 0.00731459989824 0.0001,
                    0.0278835643423 0.00729993748027 0.0001,
                    0.02794 0.007295 0.0001,
                    0.0279964356577 0.00729993748027 0.0001,
                    0.0280511565466 0.00731459989824 0.0001,
                    0.0281025 0.00733854174377 0.0001,
                    0.0281489059731 0.00737103555599 0.0001,
                    0.028188964444 0.00741109402685 0.0001,
                    0.0282214582562 0.0074575 0.0001,
                    0.0282454001018 0.00750884345342 0.0001,
                    0.0282600625197 0.00756356434226 0.0001,
                    0.0282600625197 0.00767643565774 -0.005,
                    0.0282454001018 0.00773115654658 -0.005,
                    0.0282214582562 0.0077825 -0.005,
                    0.028188964444 0.00782890597315 -0.005,
                    0.0281489059731 0.00786896444401 -0.005,
                    0.0281025 0.00790145825623 -0.005,
                    0.0280511565466 0.00792540010176 -0.005,
                    0.0279964356577 0.00794006251973 -0.005,
                    0.02794 0.007945 -0.005,
                    0.0278835643423 0.00794006251973 -0.005,
                    0.0278288434534 0.00792540010176 -0.005,
                    0.0277775 0.00790145825623 -0.005,
                    0.0277310940269 0.00786896444401 -0.005,
                    0.027691035556 0.00782890597315 -0.005,
                    0.0276585417438 0.0077825 -0.005,
                    0.0276345998982 0.00773115654658 -0.005,
                    0.0276199374803 0.00767643565774 -0.005,
                    0.027615 0.00762 -0.005,
                    0.0276199374803 0.00756356434226 -0.005,
                    0.0276345998982 0.00750884345342 -0.005,
                    0.0276585417438 0.0074575 -0.005,
                    0.027691035556 0.00741109402685 -0.005,
                    0.0277310940269 0.00737103555599 -0.005,
                    0.0277775 0.00733854174377 -0.005,
                    0.0278288434534 0.00731459989824 -0.005,
                    0.0278835643423 0.00729993748027 -0.005,
                    0.02794 0.007295 -0.005,
                    0.0279964356577 0.00729993748027 -0.005,
                    0.0280511565466 0.00731459989824 -0.005,
                    0.0281025 0.00733854174377 -0.005,
                    0.0281489059731 0.00737103555599 -0.005,
                    0.028188964444 0.00741109402685 -0.005,
                    0.0282214582562 0.0074575 -0.005,
                    0.0282454001018 0.00750884345342 -0.005,
                    0.0282600625197 0.00756356434226 -0.005

                  ]
                }
                normal Normal {
                  vector [
                    1 0 0,
                    0.98480773 -0.17364818 0,
                    0.93969262 -0.34202015 0,
                    0.86602539 -0.5 0,
                    0.76604444 -0.64278764 0,
                    0.64278764 -0.76604444 0,
                    0.5 -0.86602539 0,
                    0.34202015 -0.93969262 0,
                    0.17364818 -0.98480773 0,
                    -3.5527137e-15 -1 0,
                    -0.17364818 -0.98480773 0,
                    -0.34202015 -0.93969262 0,
                    -0.5 -0.86602539 0,
                    -0.64278764 -0.76604444 0,
                    -0.76604444 -0.64278764 0,
                    -0.86602539 -0.5 0,
                    -0.93969262 -0.34202015 0,
                    -0.98480773 -0.17364818 0,
                    -1 1.7763568e-15 0,
                    -0.98480773 0.17364818 0,
                    -0.93969262 0.34202015 0,
                    -0.86602539 0.5 0,
                    -0.76604444 0.64278764 0,
                    -0.64278764 0.76604444 0,
                    -0.5 0.86602539 0,
                    -0.34202015 0.93969262 0,
                    -0.17364818 0.98480773 0,
                    0 1 0,
                    0.17364818 0.98480773 0,
                    0.34202015 0.93969262 0,
                    0.5 0.86602539 0,
                    0.64278764 0.76604444 0,
                    0.76604444 0.64278764 0,
                    0.86602539 0.5 0,
                    0.93969262 0.34202015 0,
                    0.98480773 0.17364818 0,
                    1 0 0,
                    1 0 0,
                    0.98480773 0.17364818 0,
                    0.93969262 0.34202015 0,
                    0.86602539 0.5 0,
                    0.76604444 0.64278764 0,
                    0.64278764 0.76604444 0,
                    0.5 0.86602539 0,
                    0.34202015 0.93969262 0,
                    0.17364818 0.98480773 0,
                    0 1 0,
                    -0.17364818 0.98480773 0,
                    -0.34202015 0.93969262 0,
                    -0.5 0.86602539 0,
                    -0.64278764 0.76604444 0,
                    -0.76604444 0.64278764 0,
                    -0.86602539 0.5 0,
                    -0.93969262 0.34202015 0,
                    -0.98480773 0.17364818 0,
                    -1 1.7763568e-15 0,
                    -0.98480773 -0.17364818 0,
                    -0.93969262 -0.34202015 0,
                    -0.86602539 -0.5 0,
                    -0.76604444 -0.64278764 0,
                    -0.64278764 -0.76604444 0,
                    -0.5 -0.86602539 0,
                    -0.34202015 -0.93969262 0,
                    -0.17364818 -0.98480773 0,
                    -3.5527137e-15 -1 0,
                    0.17364818 -0.98480773 0,
                    0.34202015 -0.93969262 0,
                    0.5 -0.86602539 0,
                    0.64278764 -0.76604444 0,
                    0.76604444 -0.64278764 0,
                    0.86602539 -0.5 0,
                    0.93969262 -0.34202015 0,
                    0.98480773 -0.17364818 0,
                    1 0 0,
                    0 0 1,
                    0 0 1,
                    0 0 1,
                    0 0 1,
                    0 0 1,
                    0 0 1,
                    0 0 1,
                    0 0 1,
                    0 0 1,
                    0 0 1,
                    0 0 1,
                    0 0 1,
                    0 0 1,
                    0 0 1,
                    0 0 1,
                    0 0 1,
                    0 0 1,
                    0 0 1,
                    0 0 1,
                    0 0 1,
                    0 0 1,
                    0 0 1,
                    0 0 1,
                    0 0 1,
                    0 0 1,
                    0 0 1,
                    0 0 1,
                    0 0 1,
                    0 0 1,
                    0 0 1,
                    0 0 1,
                    0 0 1,
                    0 0 1,
                    0 0 1,
                    0 0 1,
                    0 0 1,
                    -0 -0 -1,
                    -0 -0 -1,
                    -0 -0 -1,
                    -0 -0 -1,
                    -0 -0 -1,
                    -0 -0 -1,
                    -0 -0 -1,
                    -0 -0 -1,
                    -0 -0 -1,
                    -0 -0 -1,
                    -0 -0 -1,
                    -0 -0 -1,
                    -0 -0 -1,
                    -0 -0 -1,
                    -0 -0 -1,
                    -0 -0 -1,
                    -0 -0 -1,
                    -0 -0 -1,
                    -0 -0 -1,
                    -0 -0 -1,
                    -0 -0 -1,
                    -0 -0 -1,
                    -0 -0 -1,
                    -0 -0 -1,
                    -0 -0 -1,
                    -0 -0 -1,
                    -0 -0 -1,
                    -0 -0 -1,
                    -0 -0 -1,
                    -0 -0 -1,
                    -0 -0 -1,
                    -0 -0 -1,
                    -0 -0 -1,
                    -0 -0 -1,
                    -0 -0 -1,
                    -0 -0 -1

                  ]
                }
                coordIndex [
                  71 0 36 -1 
                  70 36 35 -1 
                  69 35 34 -1 
                  68 34 33 -1 
                  67 33 32 -1 
                  29 64 30 -1 
                  28 63 29 -1 
                  27 62 28 -1 
                  26 61 27 -1 
                  25 60 26 -1 
                  24 59 25 -1 
                  23 58 24 -1 
                  22 57 23 -1 
                  21 56 22 -1 
                  20 55 21 -1 
                  19 54 20 -1 
                  18 53 19 -1 
                  17 52 18 -1 
                  16 51 17 -1 
                  15 50 16 -1 
                  14 49 15 -1 
                  13 48 14 -1 
                  12 47 13 -1 
                  11 46 12 -1 
                  10 45 11 -1 
                  9 44 10 -1 
                  8 43 9 -1 
                  7 42 8 -1 
                  6 41 7 -1 
                  5 40 6 -1 
                  4 39 5 -1 
                  3 38 4 -1 
                  2 37 3 -1 
                  0 1 2 -1 
                  66 32 31 -1 
                  65 31 30 -1 
                  37 2 1 -1 
                  38 3 37 -1 
                  39 4 38 -1 
                  40 5 39 -1 
                  41 6 40 -1 
                  42 7 41 -1 
                  43 8 42 -1 
                  44 9 43 -1 
                  45 10 44 -1 
                  46 11 45 -1 
                  47 12 46 -1 
                  48 13 47 -1 
                  49 14 48 -1 
                  50 15 49 -1 
                  51 16 50 -1 
                  52 17 51 -1 
                  53 18 52 -1 
                  54 19 53 -1 
                  55 20 54 -1 
                  56 21 55 -1 
                  57 22 56 -1 
                  58 23 57 -1 
                  59 24 58 -1 
                  60 25 59 -1 
                  61 26 60 -1 
                  62 27 61 -1 
                  63 28 62 -1 
                  64 29 63 -1 
                  65 30 64 -1 
                  66 31 65 -1 
                  67 32 66 -1 
                  68 33 67 -1 
                  69 34 68 -1 
                  70 35 69 -1 
                  71 36 70 -1 
                  1 0 71 -1 
                  3 0 2 -1 
                  4 0 3 -1 
                  5 0 4 -1 
                  6 0 5 -1 
                  7 0 6 -1 
                  8 0 7 -1 
                  9 0 8 -1 
                  10 0 9 -1 
                  11 0 10 -1 
                  12 0 11 -1 
                  13 0 12 -1 
                  14 0 13 -1 
                  15 0 14 -1 
                  16 0 15 -1 
                  17 0 16 -1 
                  18 0 17 -1 
                  19 0 18 -1 
                  20 0 19 -1 
                  21 0 20 -1 
                  22 0 21 -1 
                  23 0 22 -1 
                  24 0 23 -1 
                  25 0 24 -1 
                  26 0 25 -1 
                  27 0 26 -1 
                  28 0 27 -1 
                  29 0 28 -1 
                  30 0 29 -1 
                  31 0 30 -1 
                  32 0 31 -1 
                  33 0 32 -1 
                  34 0 33 -1 
                  35 0 34 -1 
                  36 0 35 -1 
                  38 37 1 -1 
                  39 38 1 -1 
                  40 39 1 -1 
                  41 40 1 -1 
                  42 41 1 -1 
                  43 42 1 -1 
                  44 43 1 -1 
                  45 44 1 -1 
                  46 45 1 -1 
                  47 46 1 -1 
                  48 47 1 -1 
                  49 48 1 -1 
                  50 49 1 -1 
                  51 50 1 -1 
                  52 51 1 -1 
                  53 52 1 -1 
                  54 53 1 -1 
                  55 54 1 -1 
                  56 55 1 -1 
                  57 56 1 -1 
                  58 57 1 -1 
                  59 58 1 -1 
                  60 59 1 -1 
                  61 60 1 -1 
                  62 61 1 -1 
                  63 62 1 -1 
                  64 63 1 -1 
                  65 64 1 -1 
                  66 65 1 -1 
                  67 66 1 -1 
                  68 67 1 -1 
                  69 68 1 -1 
                  70 69 1 -1 
                  71 70 1 -1 
                ]
                normalIndex [
                  72 0 1 -1 
                  71 1 2 -1 
                  70 2 3 -1 
                  69 3 4 -1 
                  68 4 5 -1 
                  8 65 7 -1 
                  9 64 8 -1 
                  10 63 9 -1 
                  11 62 10 -1 
                  12 61 11 -1 
                  13 60 12 -1 
                  14 59 13 -1 
                  15 58 14 -1 
                  16 57 15 -1 
                  17 56 16 -1 
                  18 55 17 -1 
                  19 54 18 -1 
                  20 53 19 -1 
                  21 52 20 -1 
                  22 51 21 -1 
                  23 50 22 -1 
                  24 49 23 -1 
                  25 48 24 -1 
                  26 47 25 -1 
                  27 46 26 -1 
                  28 45 27 -1 
                  29 44 28 -1 
                  30 43 29 -1 
                  31 42 30 -1 
                  32 41 31 -1 
                  33 40 32 -1 
                  34 39 33 -1 
                  35 38 34 -1 
                  36 37 35 -1 
                  67 5 6 -1 
                  66 6 7 -1 
                  38 35 37 -1 
                  39 34 38 -1 
                  40 33 39 -1 
                  41 32 40 -1 
                  42 31 41 -1 
                  43 30 42 -1 
                  44 29 43 -1 
                  45 28 44 -1 
                  46 27 45 -1 
                  47 26 46 -1 
                  48 25 47 -1 
                  49 24 48 -1 
                  50 23 49 -1 
                  51 22 50 -1 
                  52 21 51 -1 
                  53 20 52 -1 
                  54 19 53 -1 
                  55 18 54 -1 
                  56 17 55 -1 
                  57 16 56 -1 
                  58 15 57 -1 
                  59 14 58 -1 
                  60 13 59 -1 
                  61 12 60 -1 
                  62 11 61 -1 
                  63 10 62 -1 
                  64 9 63 -1 
                  65 8 64 -1 
                  66 7 65 -1 
                  67 6 66 -1 
                  68 5 67 -1 
                  69 4 68 -1 
                  70 3 69 -1 
                  71 2 70 -1 
                  72 1 71 -1 
                  73 0 72 -1 
                  76 74 75 -1 
                  77 74 76 -1 
                  78 74 77 -1 
                  79 74 78 -1 
                  80 74 79 -1 
                  81 74 80 -1 
                  82 74 81 -1 
                  83 74 82 -1 
                  84 74 83 -1 
                  85 74 84 -1 
                  86 74 85 -1 
                  87 74 86 -1 
                  88 74 87 -1 
                  89 74 88 -1 
                  90 74 89 -1 
                  91 74 90 -1 
                  92 74 91 -1 
                  93 74 92 -1 
                  94 74 93 -1 
                  95 74 94 -1 
                  96 74 95 -1 
                  97 74 96 -1 
                  98 74 97 -1 
                  99 74 98 -1 
                  100 74 99 -1 
                  101 74 100 -1 
                  102 74 101 -1 
                  103 74 102 -1 
                  104 74 103 -1 
                  105 74 104 -1 
                  106 74 105 -1 
                  107 74 106 -1 
                  108 74 107 -1 
                  109 74 108 -1 
                  112 111 110 -1 
                  113 112 110 -1 
                  114 113 110 -1 
                  115 114 110 -1 
                  116 115 110 -1 
                  117 116 110 -1 
                  118 117 110 -1 
                  119 118 110 -1 
                  120 119 110 -1 
                  121 120 110 -1 
                  122 121 110 -1 
                  123 122 110 -1 
                  124 123 110 -1 
                  125 124 110 -1 
                  126 125 110 -1 
                  127 126 110 -1 
                  128 127 110 -1 
                  129 128 110 -1 
                  130 129 110 -1 
                  131 130 110 -1 
                  132 131 110 -1 
                  133 132 110 -1 
                  134 133 110 -1 
                  135 134 110 -1 
                  136 135 110 -1 
                  137 136 110 -1 
                  138 137 110 -1 
                  139 138 110 -1 
                  140 139 110 -1 
                  141 140 110 -1 
                  142 141 110 -1 
                  143 142 110 -1 
                  144 143 110 -1 
                  145 144 110 -1 
                ]
              }
            }
          ]
        }
        USE Leads
        USE Leads
        USE Leads
        USE Leads
        USE Leads
        USE Leads
        USE Leads
        USE Leads
        USE Leads
        USE Leads
        USE Leads
        USE Leads
        USE Leads
        USE Leads
        USE Leads
        USE Leads
        USE Leads
        USE Leads
        USE Leads
        USE Leads
        USE Leads
        USE Leads
        USE Leads
      ]
    }
  ]
}
