#VRML V2.0 utf8
# META "generator" "CAD Exchanger 3.10.2 (cadexchanger.com)"
DEF __1 Transform {
  children [
    DEF ASSEMBLY Group {
      children [
        DEF __3 Transform {
          translation 0 0 0.0001
          children [
            DEF Body Group {
              children [
                DEF Body_1 Shape {
                  appearance DEF __6 Appearance {
                    material DEF __7 Material {
                      ambientIntensity 0.66666662693
                      diffuseColor 0.300000011921 0.300000011921 0.300000011921
                      shininess 0
                    }
                  }
                  geometry DEF __8 IndexedFaceSet {
                    solid FALSE
                    coord Coordinate {
                      point [
                        -0.002235 -0.01778 0,
                        -0.002235 -0.01778 0.01365,
                        0.013665 -0.01778 0.01365,
                        0.013665 -0.01778 0,
                        0.013665 0.00357 0.01365,
                        0.013665 0.00357 0,
                        -0.002235 0.00357 0.01365,
                        -0.002235 0.00357 0

                      ]
                    }
                    normal Normal {
                      vector [
                        -0 -1 -0,
                        -0 -1 -0,
                        -0 -1 -0,
                        -0 -1 -0,
                        1 -0 -0,
                        1 -0 -0,
                        1 -0 -0,
                        1 -0 -0,
                        -0 1 -0,
                        -0 1 -0,
                        -0 1 -0,
                        -0 1 -0,
                        -1 -0 0,
                        -1 -0 0,
                        -1 -0 0,
                        -1 -0 0,
                        1.6766757e-34 -1.2398989e-34 -1,
                        1.6766757e-34 -1.2398989e-34 -1,
                        1.6766757e-34 -1.2398989e-34 -1,
                        1.6766757e-34 -1.2398989e-34 -1,
                        -1.6766757e-34 1.2398989e-34 1,
                        -1.6766757e-34 1.2398989e-34 1,
                        -1.6766757e-34 1.2398989e-34 1,
                        -1.6766757e-34 1.2398989e-34 1

                      ]
                    }
                    coordIndex [
                      2 1 0 -1 
                      3 2 0 -1 
                      4 2 3 -1 
                      5 4 3 -1 
                      6 4 5 -1 
                      7 6 5 -1 
                      1 6 7 -1 
                      0 1 7 -1 
                      5 3 0 -1 
                      7 5 0 -1 
                      4 1 2 -1 
                      6 1 4 -1 
                    ]
                    normalIndex [
                      2 1 0 -1 
                      3 2 0 -1 
                      6 5 4 -1 
                      7 6 4 -1 
                      10 9 8 -1 
                      11 10 8 -1 
                      14 13 12 -1 
                      15 14 12 -1 
                      18 17 16 -1 
                      19 18 16 -1 
                      22 20 21 -1 
                      23 20 22 -1 
                    ]
                  }
                }
              ]
            }
          ]
        }
        DEF Lugs Group {
          children [
            DEF Lugs_1 Shape {
              appearance DEF __11 Appearance {
                material DEF __12 Material {
                  ambientIntensity 0.66666662693
                  diffuseColor 0.300000011921 0.300000011921 0.300000011921
                  shininess 0
                }
              }
              geometry DEF __13 IndexedFaceSet {
                solid FALSE
                coord Coordinate {
                  point [
                    0.001525 -0.00889 0.0001,
                    0.001525 -0.00889 -0.0017,
                    0.00150183182334 -0.00862518652906 0.0001,
                    0.0014330312467 -0.00836841928143 0.0001,
                    0.00132068874077 -0.0081275 0.0001,
                    0.00116821777576 -0.00790974889523 0.0001,
                    0.000980251104772 -0.00772178222424 0.0001,
                    0.0007625 -0.00756931125923 0.0001,
                    0.000521580718572 -0.0074569687533 0.0001,
                    0.000264813470942 -0.00738816817666 0.0001,
                    9.3379318435e-20 -0.007365 0.0001,
                    -0.000264813470942 -0.00738816817666 0.0001,
                    -0.000521580718572 -0.0074569687533 0.0001,
                    -0.0007625 -0.00756931125923 0.0001,
                    -0.000980251104772 -0.00772178222424 0.0001,
                    -0.00116821777576 -0.00790974889523 0.0001,
                    -0.00132068874077 -0.0081275 0.0001,
                    -0.0014330312467 -0.00836841928143 0.0001,
                    -0.00150183182334 -0.00862518652906 0.0001,
                    -0.001525 -0.00889 0.0001,
                    -0.00150183182334 -0.00915481347094 0.0001,
                    -0.0014330312467 -0.00941158071857 0.0001,
                    -0.00132068874077 -0.0096525 0.0001,
                    -0.00116821777576 -0.00987025110477 0.0001,
                    -0.000980251104772 -0.0100582177758 0.0001,
                    -0.0007625 -0.0102106887408 0.0001,
                    -0.000521580718572 -0.0103230312467 0.0001,
                    -0.000264813470942 -0.0103918318233 0.0001,
                    -2.80137955305e-19 -0.010415 0.0001,
                    0.000264813470942 -0.0103918318233 0.0001,
                    0.000521580718572 -0.0103230312467 0.0001,
                    0.0007625 -0.0102106887408 0.0001,
                    0.000980251104772 -0.0100582177758 0.0001,
                    0.00116821777576 -0.00987025110477 0.0001,
                    0.00132068874077 -0.0096525 0.0001,
                    0.0014330312467 -0.00941158071857 0.0001,
                    0.00150183182334 -0.00915481347094 0.0001,
                    0.00150183182334 -0.00862518652906 -0.0017,
                    0.0014330312467 -0.00836841928143 -0.0017,
                    0.00132068874077 -0.0081275 -0.0017,
                    0.00116821777576 -0.00790974889523 -0.0017,
                    0.000980251104772 -0.00772178222424 -0.0017,
                    0.0007625 -0.00756931125923 -0.0017,
                    0.000521580718572 -0.0074569687533 -0.0017,
                    0.000264813470942 -0.00738816817666 -0.0017,
                    9.3379318435e-20 -0.007365 -0.0017,
                    -0.000264813470942 -0.00738816817666 -0.0017,
                    -0.000521580718572 -0.0074569687533 -0.0017,
                    -0.0007625 -0.00756931125923 -0.0017,
                    -0.000980251104772 -0.00772178222424 -0.0017,
                    -0.00116821777576 -0.00790974889523 -0.0017,
                    -0.00132068874077 -0.0081275 -0.0017,
                    -0.0014330312467 -0.00836841928143 -0.0017,
                    -0.00150183182334 -0.00862518652906 -0.0017,
                    -0.001525 -0.00889 -0.0017,
                    -0.00150183182334 -0.00915481347094 -0.0017,
                    -0.0014330312467 -0.00941158071857 -0.0017,
                    -0.00132068874077 -0.0096525 -0.0017,
                    -0.00116821777576 -0.00987025110477 -0.0017,
                    -0.000980251104772 -0.0100582177758 -0.0017,
                    -0.0007625 -0.0102106887408 -0.0017,
                    -0.000521580718572 -0.0103230312467 -0.0017,
                    -0.000264813470942 -0.0103918318233 -0.0017,
                    -2.80137955305e-19 -0.010415 -0.0017,
                    0.000264813470942 -0.0103918318233 -0.0017,
                    0.000521580718572 -0.0103230312467 -0.0017,
                    0.0007625 -0.0102106887408 -0.0017,
                    0.000980251104772 -0.0100582177758 -0.0017,
                    0.00116821777576 -0.00987025110477 -0.0017,
                    0.00132068874077 -0.0096525 -0.0017,
                    0.0014330312467 -0.00941158071857 -0.0017,
                    0.00150183182334 -0.00915481347094 -0.0017

                  ]
                }
                normal Normal {
                  vector [
                    1 0 0,
                    0.98480773 -0.17364818 0,
                    0.93969262 -0.34202015 0,
                    0.86602539 -0.5 0,
                    0.76604444 -0.64278764 0,
                    0.64278764 -0.76604444 0,
                    0.5 -0.86602539 0,
                    0.34202015 -0.93969262 0,
                    0.17364818 -0.98480773 0,
                    -1.8369701e-16 -1 0,
                    -0.17364818 -0.98480773 0,
                    -0.34202015 -0.93969262 0,
                    -0.5 -0.86602539 0,
                    -0.64278764 -0.76604444 0,
                    -0.76604444 -0.64278764 0,
                    -0.86602539 -0.5 0,
                    -0.93969262 -0.34202015 0,
                    -0.98480773 -0.17364818 0,
                    -1 0 0,
                    -0.98480773 0.17364818 0,
                    -0.93969262 0.34202015 0,
                    -0.86602539 0.5 0,
                    -0.76604444 0.64278764 0,
                    -0.64278764 0.76604444 0,
                    -0.5 0.86602539 0,
                    -0.34202015 0.93969262 0,
                    -0.17364818 0.98480773 0,
                    6.1232343e-17 1 0,
                    0.17364818 0.98480773 0,
                    0.34202015 0.93969262 0,
                    0.5 0.86602539 0,
                    0.64278764 0.76604444 0,
                    0.76604444 0.64278764 0,
                    0.86602539 0.5 0,
                    0.93969262 0.34202015 0,
                    0.98480773 0.17364818 0,
                    1 0 0,
                    1 0 0,
                    0.98480773 0.17364818 0,
                    0.93969262 0.34202015 0,
                    0.86602539 0.5 0,
                    0.76604444 0.64278764 0,
                    0.64278764 0.76604444 0,
                    0.5 0.86602539 0,
                    0.34202015 0.93969262 0,
                    0.17364818 0.98480773 0,
                    6.1232343e-17 1 0,
                    -0.17364818 0.98480773 0,
                    -0.34202015 0.93969262 0,
                    -0.5 0.86602539 0,
                    -0.64278764 0.76604444 0,
                    -0.76604444 0.64278764 0,
                    -0.86602539 0.5 0,
                    -0.93969262 0.34202015 0,
                    -0.98480773 0.17364818 0,
                    -1 0 0,
                    -0.98480773 -0.17364818 0,
                    -0.93969262 -0.34202015 0,
                    -0.86602539 -0.5 0,
                    -0.76604444 -0.64278764 0,
                    -0.64278764 -0.76604444 0,
                    -0.5 -0.86602539 0,
                    -0.34202015 -0.93969262 0,
                    -0.17364818 -0.98480773 0,
                    -1.8369701e-16 -1 0,
                    0.17364818 -0.98480773 0,
                    0.34202015 -0.93969262 0,
                    0.5 -0.86602539 0,
                    0.64278764 -0.76604444 0,
                    0.76604444 -0.64278764 0,
                    0.86602539 -0.5 0,
                    0.93969262 -0.34202015 0,
                    0.98480773 -0.17364818 0,
                    1 0 0,
                    0 0 1,
                    0 0 1,
                    0 0 1,
                    0 0 1,
                    0 0 1,
                    0 0 1,
                    0 0 1,
                    0 0 1,
                    0 0 1,
                    0 0 1,
                    0 0 1,
                    0 0 1,
                    0 0 1,
                    0 0 1,
                    0 0 1,
                    0 0 1,
                    0 0 1,
                    0 0 1,
                    0 0 1,
                    0 0 1,
                    0 0 1,
                    0 0 1,
                    0 0 1,
                    0 0 1,
                    0 0 1,
                    0 0 1,
                    0 0 1,
                    0 0 1,
                    0 0 1,
                    0 0 1,
                    0 0 1,
                    0 0 1,
                    0 0 1,
                    0 0 1,
                    0 0 1,
                    0 0 1,
                    -0 -0 -1,
                    -0 -0 -1,
                    -0 -0 -1,
                    -0 -0 -1,
                    -0 -0 -1,
                    -0 -0 -1,
                    -0 -0 -1,
                    -0 -0 -1,
                    -0 -0 -1,
                    -0 -0 -1,
                    -0 -0 -1,
                    -0 -0 -1,
                    -0 -0 -1,
                    -0 -0 -1,
                    -0 -0 -1,
                    -0 -0 -1,
                    -0 -0 -1,
                    -0 -0 -1,
                    -0 -0 -1,
                    -0 -0 -1,
                    -0 -0 -1,
                    -0 -0 -1,
                    -0 -0 -1,
                    -0 -0 -1,
                    -0 -0 -1,
                    -0 -0 -1,
                    -0 -0 -1,
                    -0 -0 -1,
                    -0 -0 -1,
                    -0 -0 -1,
                    -0 -0 -1,
                    -0 -0 -1,
                    -0 -0 -1,
                    -0 -0 -1,
                    -0 -0 -1,
                    -0 -0 -1

                  ]
                }
                coordIndex [
                  71 0 36 -1 
                  70 36 35 -1 
                  68 34 33 -1 
                  67 33 32 -1 
                  66 32 31 -1 
                  65 31 30 -1 
                  63 29 28 -1 
                  62 28 27 -1 
                  61 27 26 -1 
                  60 26 25 -1 
                  59 25 24 -1 
                  58 24 23 -1 
                  57 23 22 -1 
                  56 22 21 -1 
                  55 21 20 -1 
                  54 20 19 -1 
                  53 19 18 -1 
                  52 18 17 -1 
                  51 17 16 -1 
                  50 16 15 -1 
                  49 15 14 -1 
                  48 14 13 -1 
                  10 45 11 -1 
                  9 44 10 -1 
                  8 43 9 -1 
                  7 42 8 -1 
                  6 41 7 -1 
                  5 40 6 -1 
                  4 39 5 -1 
                  3 38 4 -1 
                  2 37 3 -1 
                  0 1 2 -1 
                  47 13 12 -1 
                  46 12 11 -1 
                  64 30 29 -1 
                  37 2 1 -1 
                  69 35 34 -1 
                  38 3 37 -1 
                  39 4 38 -1 
                  40 5 39 -1 
                  41 6 40 -1 
                  42 7 41 -1 
                  43 8 42 -1 
                  44 9 43 -1 
                  45 10 44 -1 
                  46 11 45 -1 
                  47 12 46 -1 
                  48 13 47 -1 
                  49 14 48 -1 
                  50 15 49 -1 
                  51 16 50 -1 
                  52 17 51 -1 
                  53 18 52 -1 
                  54 19 53 -1 
                  55 20 54 -1 
                  56 21 55 -1 
                  57 22 56 -1 
                  58 23 57 -1 
                  59 24 58 -1 
                  60 25 59 -1 
                  61 26 60 -1 
                  62 27 61 -1 
                  63 28 62 -1 
                  64 29 63 -1 
                  65 30 64 -1 
                  66 31 65 -1 
                  67 32 66 -1 
                  68 33 67 -1 
                  69 34 68 -1 
                  70 35 69 -1 
                  71 36 70 -1 
                  1 0 71 -1 
                  3 0 2 -1 
                  4 0 3 -1 
                  5 0 4 -1 
                  6 0 5 -1 
                  7 0 6 -1 
                  8 0 7 -1 
                  9 0 8 -1 
                  10 0 9 -1 
                  11 0 10 -1 
                  12 0 11 -1 
                  13 0 12 -1 
                  14 0 13 -1 
                  15 0 14 -1 
                  16 0 15 -1 
                  17 0 16 -1 
                  18 0 17 -1 
                  19 0 18 -1 
                  20 0 19 -1 
                  21 0 20 -1 
                  22 0 21 -1 
                  23 0 22 -1 
                  24 0 23 -1 
                  25 0 24 -1 
                  26 0 25 -1 
                  27 0 26 -1 
                  28 0 27 -1 
                  29 0 28 -1 
                  30 0 29 -1 
                  31 0 30 -1 
                  32 0 31 -1 
                  33 0 32 -1 
                  34 0 33 -1 
                  35 0 34 -1 
                  36 0 35 -1 
                  38 37 1 -1 
                  39 38 1 -1 
                  40 39 1 -1 
                  41 40 1 -1 
                  42 41 1 -1 
                  43 42 1 -1 
                  44 43 1 -1 
                  45 44 1 -1 
                  46 45 1 -1 
                  47 46 1 -1 
                  48 47 1 -1 
                  49 48 1 -1 
                  50 49 1 -1 
                  51 50 1 -1 
                  52 51 1 -1 
                  53 52 1 -1 
                  54 53 1 -1 
                  55 54 1 -1 
                  56 55 1 -1 
                  57 56 1 -1 
                  58 57 1 -1 
                  59 58 1 -1 
                  60 59 1 -1 
                  61 60 1 -1 
                  62 61 1 -1 
                  63 62 1 -1 
                  64 63 1 -1 
                  65 64 1 -1 
                  66 65 1 -1 
                  67 66 1 -1 
                  68 67 1 -1 
                  69 68 1 -1 
                  70 69 1 -1 
                  71 70 1 -1 
                ]
                normalIndex [
                  72 0 1 -1 
                  71 1 2 -1 
                  69 3 4 -1 
                  68 4 5 -1 
                  67 5 6 -1 
                  66 6 7 -1 
                  64 8 9 -1 
                  63 9 10 -1 
                  62 10 11 -1 
                  61 11 12 -1 
                  60 12 13 -1 
                  59 13 14 -1 
                  58 14 15 -1 
                  57 15 16 -1 
                  56 16 17 -1 
                  55 17 18 -1 
                  54 18 19 -1 
                  53 19 20 -1 
                  52 20 21 -1 
                  51 21 22 -1 
                  50 22 23 -1 
                  49 23 24 -1 
                  27 46 26 -1 
                  28 45 27 -1 
                  29 44 28 -1 
                  30 43 29 -1 
                  31 42 30 -1 
                  32 41 31 -1 
                  33 40 32 -1 
                  34 39 33 -1 
                  35 38 34 -1 
                  36 37 35 -1 
                  48 24 25 -1 
                  47 25 26 -1 
                  65 7 8 -1 
                  38 35 37 -1 
                  70 2 3 -1 
                  39 34 38 -1 
                  40 33 39 -1 
                  41 32 40 -1 
                  42 31 41 -1 
                  43 30 42 -1 
                  44 29 43 -1 
                  45 28 44 -1 
                  46 27 45 -1 
                  47 26 46 -1 
                  48 25 47 -1 
                  49 24 48 -1 
                  50 23 49 -1 
                  51 22 50 -1 
                  52 21 51 -1 
                  53 20 52 -1 
                  54 19 53 -1 
                  55 18 54 -1 
                  56 17 55 -1 
                  57 16 56 -1 
                  58 15 57 -1 
                  59 14 58 -1 
                  60 13 59 -1 
                  61 12 60 -1 
                  62 11 61 -1 
                  63 10 62 -1 
                  64 9 63 -1 
                  65 8 64 -1 
                  66 7 65 -1 
                  67 6 66 -1 
                  68 5 67 -1 
                  69 4 68 -1 
                  70 3 69 -1 
                  71 2 70 -1 
                  72 1 71 -1 
                  73 0 72 -1 
                  76 74 75 -1 
                  77 74 76 -1 
                  78 74 77 -1 
                  79 74 78 -1 
                  80 74 79 -1 
                  81 74 80 -1 
                  82 74 81 -1 
                  83 74 82 -1 
                  84 74 83 -1 
                  85 74 84 -1 
                  86 74 85 -1 
                  87 74 86 -1 
                  88 74 87 -1 
                  89 74 88 -1 
                  90 74 89 -1 
                  91 74 90 -1 
                  92 74 91 -1 
                  93 74 92 -1 
                  94 74 93 -1 
                  95 74 94 -1 
                  96 74 95 -1 
                  97 74 96 -1 
                  98 74 97 -1 
                  99 74 98 -1 
                  100 74 99 -1 
                  101 74 100 -1 
                  102 74 101 -1 
                  103 74 102 -1 
                  104 74 103 -1 
                  105 74 104 -1 
                  106 74 105 -1 
                  107 74 106 -1 
                  108 74 107 -1 
                  109 74 108 -1 
                  112 111 110 -1 
                  113 112 110 -1 
                  114 113 110 -1 
                  115 114 110 -1 
                  116 115 110 -1 
                  117 116 110 -1 
                  118 117 110 -1 
                  119 118 110 -1 
                  120 119 110 -1 
                  121 120 110 -1 
                  122 121 110 -1 
                  123 122 110 -1 
                  124 123 110 -1 
                  125 124 110 -1 
                  126 125 110 -1 
                  127 126 110 -1 
                  128 127 110 -1 
                  129 128 110 -1 
                  130 129 110 -1 
                  131 130 110 -1 
                  132 131 110 -1 
                  133 132 110 -1 
                  134 133 110 -1 
                  135 134 110 -1 
                  136 135 110 -1 
                  137 136 110 -1 
                  138 137 110 -1 
                  139 138 110 -1 
                  140 139 110 -1 
                  141 140 110 -1 
                  142 141 110 -1 
                  143 142 110 -1 
                  144 143 110 -1 
                  145 144 110 -1 
                ]
              }
            }
            DEF Lugs_2 Shape {
              appearance DEF __15 Appearance {
                material DEF __16 Material {
                  ambientIntensity 0.66666662693
                  diffuseColor 0.300000011921 0.300000011921 0.300000011921
                  shininess 0
                }
              }
              geometry DEF __17 IndexedFaceSet {
                solid FALSE
                coord Coordinate {
                  point [
                    0.012955 -0.00889 0.0001,
                    0.012955 -0.00889 -0.0017,
                    0.0129318318233 -0.00862518652906 0.0001,
                    0.0128630312467 -0.00836841928143 0.0001,
                    0.0127506887408 -0.0081275 0.0001,
                    0.0125982177758 -0.00790974889523 0.0001,
                    0.0124102511048 -0.00772178222424 0.0001,
                    0.0121925 -0.00756931125923 0.0001,
                    0.0119515807186 -0.0074569687533 0.0001,
                    0.0116948134709 -0.00738816817666 0.0001,
                    0.01143 -0.007365 0.0001,
                    0.0111651865291 -0.00738816817666 0.0001,
                    0.0109084192814 -0.0074569687533 0.0001,
                    0.0106675 -0.00756931125923 0.0001,
                    0.0104497488952 -0.00772178222424 0.0001,
                    0.0102617822242 -0.00790974889523 0.0001,
                    0.0101093112592 -0.0081275 0.0001,
                    0.0099969687533 -0.00836841928143 0.0001,
                    0.00992816817666 -0.00862518652906 0.0001,
                    0.009905 -0.00889 0.0001,
                    0.00992816817666 -0.00915481347094 0.0001,
                    0.0099969687533 -0.00941158071857 0.0001,
                    0.0101093112592 -0.0096525 0.0001,
                    0.0102617822242 -0.00987025110477 0.0001,
                    0.0104497488952 -0.0100582177758 0.0001,
                    0.0106675 -0.0102106887408 0.0001,
                    0.0109084192814 -0.0103230312467 0.0001,
                    0.0111651865291 -0.0103918318233 0.0001,
                    0.01143 -0.010415 0.0001,
                    0.0116948134709 -0.0103918318233 0.0001,
                    0.0119515807186 -0.0103230312467 0.0001,
                    0.0121925 -0.0102106887408 0.0001,
                    0.0124102511048 -0.0100582177758 0.0001,
                    0.0125982177758 -0.00987025110477 0.0001,
                    0.0127506887408 -0.0096525 0.0001,
                    0.0128630312467 -0.00941158071857 0.0001,
                    0.0129318318233 -0.00915481347094 0.0001,
                    0.0129318318233 -0.00862518652906 -0.0017,
                    0.0128630312467 -0.00836841928143 -0.0017,
                    0.0127506887408 -0.0081275 -0.0017,
                    0.0125982177758 -0.00790974889523 -0.0017,
                    0.0124102511048 -0.00772178222424 -0.0017,
                    0.0121925 -0.00756931125923 -0.0017,
                    0.0119515807186 -0.0074569687533 -0.0017,
                    0.0116948134709 -0.00738816817666 -0.0017,
                    0.01143 -0.007365 -0.0017,
                    0.0111651865291 -0.00738816817666 -0.0017,
                    0.0109084192814 -0.0074569687533 -0.0017,
                    0.0106675 -0.00756931125923 -0.0017,
                    0.0104497488952 -0.00772178222424 -0.0017,
                    0.0102617822242 -0.00790974889523 -0.0017,
                    0.0101093112592 -0.0081275 -0.0017,
                    0.0099969687533 -0.00836841928143 -0.0017,
                    0.00992816817666 -0.00862518652906 -0.0017,
                    0.009905 -0.00889 -0.0017,
                    0.00992816817666 -0.00915481347094 -0.0017,
                    0.0099969687533 -0.00941158071857 -0.0017,
                    0.0101093112592 -0.0096525 -0.0017,
                    0.0102617822242 -0.00987025110477 -0.0017,
                    0.0104497488952 -0.0100582177758 -0.0017,
                    0.0106675 -0.0102106887408 -0.0017,
                    0.0109084192814 -0.0103230312467 -0.0017,
                    0.0111651865291 -0.0103918318233 -0.0017,
                    0.01143 -0.010415 -0.0017,
                    0.0116948134709 -0.0103918318233 -0.0017,
                    0.0119515807186 -0.0103230312467 -0.0017,
                    0.0121925 -0.0102106887408 -0.0017,
                    0.0124102511048 -0.0100582177758 -0.0017,
                    0.0125982177758 -0.00987025110477 -0.0017,
                    0.0127506887408 -0.0096525 -0.0017,
                    0.0128630312467 -0.00941158071857 -0.0017,
                    0.0129318318233 -0.00915481347094 -0.0017

                  ]
                }
                normal Normal {
                  vector [
                    1 0 0,
                    0.98480773 -0.17364818 0,
                    0.93969262 -0.34202015 0,
                    0.86602539 -0.5 0,
                    0.76604444 -0.64278764 0,
                    0.64278764 -0.76604444 0,
                    0.5 -0.86602539 0,
                    0.34202015 -0.93969262 0,
                    0.17364818 -0.98480773 0,
                    0 -1 0,
                    -0.17364818 -0.98480773 0,
                    -0.34202015 -0.93969262 0,
                    -0.5 -0.86602539 0,
                    -0.64278764 -0.76604444 0,
                    -0.76604444 -0.64278764 0,
                    -0.86602539 -0.5 0,
                    -0.93969262 -0.34202015 0,
                    -0.98480773 -0.17364818 0,
                    -1 0 0,
                    -0.98480773 0.17364818 0,
                    -0.93969262 0.34202015 0,
                    -0.86602539 0.5 0,
                    -0.76604444 0.64278764 0,
                    -0.64278764 0.76604444 0,
                    -0.5 0.86602539 0,
                    -0.34202015 0.93969262 0,
                    -0.17364818 0.98480773 0,
                    0 1 0,
                    0.17364818 0.98480773 0,
                    0.34202015 0.93969262 0,
                    0.5 0.86602539 0,
                    0.64278764 0.76604444 0,
                    0.76604444 0.64278764 0,
                    0.86602539 0.5 0,
                    0.93969262 0.34202015 0,
                    0.98480773 0.17364818 0,
                    1 0 0,
                    1 0 0,
                    0.98480773 0.17364818 0,
                    0.93969262 0.34202015 0,
                    0.86602539 0.5 0,
                    0.76604444 0.64278764 0,
                    0.64278764 0.76604444 0,
                    0.5 0.86602539 0,
                    0.34202015 0.93969262 0,
                    0.17364818 0.98480773 0,
                    0 1 0,
                    -0.17364818 0.98480773 0,
                    -0.34202015 0.93969262 0,
                    -0.5 0.86602539 0,
                    -0.64278764 0.76604444 0,
                    -0.76604444 0.64278764 0,
                    -0.86602539 0.5 0,
                    -0.93969262 0.34202015 0,
                    -0.98480773 0.17364818 0,
                    -1 0 0,
                    -0.98480773 -0.17364818 0,
                    -0.93969262 -0.34202015 0,
                    -0.86602539 -0.5 0,
                    -0.76604444 -0.64278764 0,
                    -0.64278764 -0.76604444 0,
                    -0.5 -0.86602539 0,
                    -0.34202015 -0.93969262 0,
                    -0.17364818 -0.98480773 0,
                    0 -1 0,
                    0.17364818 -0.98480773 0,
                    0.34202015 -0.93969262 0,
                    0.5 -0.86602539 0,
                    0.64278764 -0.76604444 0,
                    0.76604444 -0.64278764 0,
                    0.86602539 -0.5 0,
                    0.93969262 -0.34202015 0,
                    0.98480773 -0.17364818 0,
                    1 0 0,
                    0 0 1,
                    0 0 1,
                    0 0 1,
                    0 0 1,
                    0 0 1,
                    0 0 1,
                    0 0 1,
                    0 0 1,
                    0 0 1,
                    0 0 1,
                    0 0 1,
                    0 0 1,
                    0 0 1,
                    0 0 1,
                    0 0 1,
                    0 0 1,
                    0 0 1,
                    0 0 1,
                    0 0 1,
                    0 0 1,
                    0 0 1,
                    0 0 1,
                    0 0 1,
                    0 0 1,
                    0 0 1,
                    0 0 1,
                    0 0 1,
                    0 0 1,
                    0 0 1,
                    0 0 1,
                    0 0 1,
                    0 0 1,
                    0 0 1,
                    0 0 1,
                    0 0 1,
                    0 0 1,
                    -0 -0 -1,
                    -0 -0 -1,
                    -0 -0 -1,
                    -0 -0 -1,
                    -0 -0 -1,
                    -0 -0 -1,
                    -0 -0 -1,
                    -0 -0 -1,
                    -0 -0 -1,
                    -0 -0 -1,
                    -0 -0 -1,
                    -0 -0 -1,
                    -0 -0 -1,
                    -0 -0 -1,
                    -0 -0 -1,
                    -0 -0 -1,
                    -0 -0 -1,
                    -0 -0 -1,
                    -0 -0 -1,
                    -0 -0 -1,
                    -0 -0 -1,
                    -0 -0 -1,
                    -0 -0 -1,
                    -0 -0 -1,
                    -0 -0 -1,
                    -0 -0 -1,
                    -0 -0 -1,
                    -0 -0 -1,
                    -0 -0 -1,
                    -0 -0 -1,
                    -0 -0 -1,
                    -0 -0 -1,
                    -0 -0 -1,
                    -0 -0 -1,
                    -0 -0 -1,
                    -0 -0 -1

                  ]
                }
                coordIndex [
                  71 0 36 -1 
                  70 36 35 -1 
                  68 34 33 -1 
                  67 33 32 -1 
                  66 32 31 -1 
                  65 31 30 -1 
                  63 29 28 -1 
                  62 28 27 -1 
                  61 27 26 -1 
                  60 26 25 -1 
                  59 25 24 -1 
                  58 24 23 -1 
                  57 23 22 -1 
                  56 22 21 -1 
                  55 21 20 -1 
                  54 20 19 -1 
                  53 19 18 -1 
                  52 18 17 -1 
                  51 17 16 -1 
                  50 16 15 -1 
                  49 15 14 -1 
                  48 14 13 -1 
                  10 45 11 -1 
                  9 44 10 -1 
                  8 43 9 -1 
                  7 42 8 -1 
                  6 41 7 -1 
                  5 40 6 -1 
                  4 39 5 -1 
                  3 38 4 -1 
                  2 37 3 -1 
                  0 1 2 -1 
                  47 13 12 -1 
                  46 12 11 -1 
                  64 30 29 -1 
                  37 2 1 -1 
                  69 35 34 -1 
                  38 3 37 -1 
                  39 4 38 -1 
                  40 5 39 -1 
                  41 6 40 -1 
                  42 7 41 -1 
                  43 8 42 -1 
                  44 9 43 -1 
                  45 10 44 -1 
                  46 11 45 -1 
                  47 12 46 -1 
                  48 13 47 -1 
                  49 14 48 -1 
                  50 15 49 -1 
                  51 16 50 -1 
                  52 17 51 -1 
                  53 18 52 -1 
                  54 19 53 -1 
                  55 20 54 -1 
                  56 21 55 -1 
                  57 22 56 -1 
                  58 23 57 -1 
                  59 24 58 -1 
                  60 25 59 -1 
                  61 26 60 -1 
                  62 27 61 -1 
                  63 28 62 -1 
                  64 29 63 -1 
                  65 30 64 -1 
                  66 31 65 -1 
                  67 32 66 -1 
                  68 33 67 -1 
                  69 34 68 -1 
                  70 35 69 -1 
                  71 36 70 -1 
                  1 0 71 -1 
                  3 0 2 -1 
                  4 0 3 -1 
                  5 0 4 -1 
                  6 0 5 -1 
                  7 0 6 -1 
                  8 0 7 -1 
                  9 0 8 -1 
                  10 0 9 -1 
                  11 0 10 -1 
                  12 0 11 -1 
                  13 0 12 -1 
                  14 0 13 -1 
                  15 0 14 -1 
                  16 0 15 -1 
                  17 0 16 -1 
                  18 0 17 -1 
                  19 0 18 -1 
                  20 0 19 -1 
                  21 0 20 -1 
                  22 0 21 -1 
                  23 0 22 -1 
                  24 0 23 -1 
                  25 0 24 -1 
                  26 0 25 -1 
                  27 0 26 -1 
                  28 0 27 -1 
                  29 0 28 -1 
                  30 0 29 -1 
                  31 0 30 -1 
                  32 0 31 -1 
                  33 0 32 -1 
                  34 0 33 -1 
                  35 0 34 -1 
                  36 0 35 -1 
                  38 37 1 -1 
                  39 38 1 -1 
                  40 39 1 -1 
                  41 40 1 -1 
                  42 41 1 -1 
                  43 42 1 -1 
                  44 43 1 -1 
                  45 44 1 -1 
                  46 45 1 -1 
                  47 46 1 -1 
                  48 47 1 -1 
                  49 48 1 -1 
                  50 49 1 -1 
                  51 50 1 -1 
                  52 51 1 -1 
                  53 52 1 -1 
                  54 53 1 -1 
                  55 54 1 -1 
                  56 55 1 -1 
                  57 56 1 -1 
                  58 57 1 -1 
                  59 58 1 -1 
                  60 59 1 -1 
                  61 60 1 -1 
                  62 61 1 -1 
                  63 62 1 -1 
                  64 63 1 -1 
                  65 64 1 -1 
                  66 65 1 -1 
                  67 66 1 -1 
                  68 67 1 -1 
                  69 68 1 -1 
                  70 69 1 -1 
                  71 70 1 -1 
                ]
                normalIndex [
                  72 0 1 -1 
                  71 1 2 -1 
                  69 3 4 -1 
                  68 4 5 -1 
                  67 5 6 -1 
                  66 6 7 -1 
                  64 8 9 -1 
                  63 9 10 -1 
                  62 10 11 -1 
                  61 11 12 -1 
                  60 12 13 -1 
                  59 13 14 -1 
                  58 14 15 -1 
                  57 15 16 -1 
                  56 16 17 -1 
                  55 17 18 -1 
                  54 18 19 -1 
                  53 19 20 -1 
                  52 20 21 -1 
                  51 21 22 -1 
                  50 22 23 -1 
                  49 23 24 -1 
                  27 46 26 -1 
                  28 45 27 -1 
                  29 44 28 -1 
                  30 43 29 -1 
                  31 42 30 -1 
                  32 41 31 -1 
                  33 40 32 -1 
                  34 39 33 -1 
                  35 38 34 -1 
                  36 37 35 -1 
                  48 24 25 -1 
                  47 25 26 -1 
                  65 7 8 -1 
                  38 35 37 -1 
                  70 2 3 -1 
                  39 34 38 -1 
                  40 33 39 -1 
                  41 32 40 -1 
                  42 31 41 -1 
                  43 30 42 -1 
                  44 29 43 -1 
                  45 28 44 -1 
                  46 27 45 -1 
                  47 26 46 -1 
                  48 25 47 -1 
                  49 24 48 -1 
                  50 23 49 -1 
                  51 22 50 -1 
                  52 21 51 -1 
                  53 20 52 -1 
                  54 19 53 -1 
                  55 18 54 -1 
                  56 17 55 -1 
                  57 16 56 -1 
                  58 15 57 -1 
                  59 14 58 -1 
                  60 13 59 -1 
                  61 12 60 -1 
                  62 11 61 -1 
                  63 10 62 -1 
                  64 9 63 -1 
                  65 8 64 -1 
                  66 7 65 -1 
                  67 6 66 -1 
                  68 5 67 -1 
                  69 4 68 -1 
                  70 3 69 -1 
                  71 2 70 -1 
                  72 1 71 -1 
                  73 0 72 -1 
                  76 74 75 -1 
                  77 74 76 -1 
                  78 74 77 -1 
                  79 74 78 -1 
                  80 74 79 -1 
                  81 74 80 -1 
                  82 74 81 -1 
                  83 74 82 -1 
                  84 74 83 -1 
                  85 74 84 -1 
                  86 74 85 -1 
                  87 74 86 -1 
                  88 74 87 -1 
                  89 74 88 -1 
                  90 74 89 -1 
                  91 74 90 -1 
                  92 74 91 -1 
                  93 74 92 -1 
                  94 74 93 -1 
                  95 74 94 -1 
                  96 74 95 -1 
                  97 74 96 -1 
                  98 74 97 -1 
                  99 74 98 -1 
                  100 74 99 -1 
                  101 74 100 -1 
                  102 74 101 -1 
                  103 74 102 -1 
                  104 74 103 -1 
                  105 74 104 -1 
                  106 74 105 -1 
                  107 74 106 -1 
                  108 74 107 -1 
                  109 74 108 -1 
                  112 111 110 -1 
                  113 112 110 -1 
                  114 113 110 -1 
                  115 114 110 -1 
                  116 115 110 -1 
                  117 116 110 -1 
                  118 117 110 -1 
                  119 118 110 -1 
                  120 119 110 -1 
                  121 120 110 -1 
                  122 121 110 -1 
                  123 122 110 -1 
                  124 123 110 -1 
                  125 124 110 -1 
                  126 125 110 -1 
                  127 126 110 -1 
                  128 127 110 -1 
                  129 128 110 -1 
                  130 129 110 -1 
                  131 130 110 -1 
                  132 131 110 -1 
                  133 132 110 -1 
                  134 133 110 -1 
                  135 134 110 -1 
                  136 135 110 -1 
                  137 136 110 -1 
                  138 137 110 -1 
                  139 138 110 -1 
                  140 139 110 -1 
                  141 140 110 -1 
                  142 141 110 -1 
                  143 142 110 -1 
                  144 143 110 -1 
                  145 144 110 -1 
                ]
              }
            }
          ]
        }
        DEF Leads Group {
          children [
            DEF Leads_1 Shape {
              appearance DEF __20 Appearance {
                material DEF __21 Material {
                  ambientIntensity 0.260947436094
                  diffuseColor 0.73400002718 0.773000001907 0.79699999094
                  shininess 0
                }
              }
              geometry DEF __22 IndexedFaceSet {
                solid FALSE
                coord Coordinate {
                  point [
                    0.00035 -8.57252759403e-20 0.0001,
                    0.00035 -8.57252759403e-20 -0.005,
                    0.000344682713554 6.07768621834e-05 0.0001,
                    0.000328892417275 0.000119707050164 0.0001,
                    0.000303108891325 0.000175 0.0001,
                    0.000268115555092 0.00022497566339 0.0001,
                    0.00022497566339 0.000268115555092 0.0001,
                    0.000175 0.000303108891325 0.0001,
                    0.000119707050164 0.000328892417275 0.0001,
                    6.07768621834e-05 0.000344682713554 0.0001,
                    2.14313189851e-20 0.00035 0.0001,
                    -6.07768621834e-05 0.000344682713554 0.0001,
                    -0.000119707050164 0.000328892417275 0.0001,
                    -0.000175 0.000303108891325 0.0001,
                    -0.00022497566339 0.000268115555092 0.0001,
                    -0.000268115555092 0.00022497566339 0.0001,
                    -0.000303108891325 0.000175 0.0001,
                    -0.000328892417275 0.000119707050164 0.0001,
                    -0.000344682713554 6.07768621834e-05 0.0001,
                    -0.00035 4.28626379702e-20 0.0001,
                    -0.000344682713554 -6.07768621834e-05 0.0001,
                    -0.000328892417275 -0.000119707050164 0.0001,
                    -0.000303108891325 -0.000175 0.0001,
                    -0.000268115555092 -0.00022497566339 0.0001,
                    -0.00022497566339 -0.000268115555092 0.0001,
                    -0.000175 -0.000303108891325 0.0001,
                    -0.000119707050164 -0.000328892417275 0.0001,
                    -6.07768621834e-05 -0.000344682713554 0.0001,
                    -6.42939569552e-20 -0.00035 0.0001,
                    6.07768621834e-05 -0.000344682713554 0.0001,
                    0.000119707050164 -0.000328892417275 0.0001,
                    0.000175 -0.000303108891325 0.0001,
                    0.00022497566339 -0.000268115555092 0.0001,
                    0.000268115555092 -0.00022497566339 0.0001,
                    0.000303108891325 -0.000175 0.0001,
                    0.000328892417275 -0.000119707050164 0.0001,
                    0.000344682713554 -6.07768621834e-05 0.0001,
                    0.000344682713554 6.07768621834e-05 -0.005,
                    0.000328892417275 0.000119707050164 -0.005,
                    0.000303108891325 0.000175 -0.005,
                    0.000268115555092 0.00022497566339 -0.005,
                    0.00022497566339 0.000268115555092 -0.005,
                    0.000175 0.000303108891325 -0.005,
                    0.000119707050164 0.000328892417275 -0.005,
                    6.07768621834e-05 0.000344682713554 -0.005,
                    2.14313189851e-20 0.00035 -0.005,
                    -6.07768621834e-05 0.000344682713554 -0.005,
                    -0.000119707050164 0.000328892417275 -0.005,
                    -0.000175 0.000303108891325 -0.005,
                    -0.00022497566339 0.000268115555092 -0.005,
                    -0.000268115555092 0.00022497566339 -0.005,
                    -0.000303108891325 0.000175 -0.005,
                    -0.000328892417275 0.000119707050164 -0.005,
                    -0.000344682713554 6.07768621834e-05 -0.005,
                    -0.00035 4.28626379702e-20 -0.005,
                    -0.000344682713554 -6.07768621834e-05 -0.005,
                    -0.000328892417275 -0.000119707050164 -0.005,
                    -0.000303108891325 -0.000175 -0.005,
                    -0.000268115555092 -0.00022497566339 -0.005,
                    -0.00022497566339 -0.000268115555092 -0.005,
                    -0.000175 -0.000303108891325 -0.005,
                    -0.000119707050164 -0.000328892417275 -0.005,
                    -6.07768621834e-05 -0.000344682713554 -0.005,
                    -6.42939569552e-20 -0.00035 -0.005,
                    6.07768621834e-05 -0.000344682713554 -0.005,
                    0.000119707050164 -0.000328892417275 -0.005,
                    0.000175 -0.000303108891325 -0.005,
                    0.00022497566339 -0.000268115555092 -0.005,
                    0.000268115555092 -0.00022497566339 -0.005,
                    0.000303108891325 -0.000175 -0.005,
                    0.000328892417275 -0.000119707050164 -0.005,
                    0.000344682713554 -6.07768621834e-05 -0.005

                  ]
                }
                normal Normal {
                  vector [
                    1 -2.4492937e-16 0,
                    0.98480773 -0.17364818 0,
                    0.93969262 -0.34202015 0,
                    0.86602539 -0.5 0,
                    0.76604444 -0.64278764 0,
                    0.64278764 -0.76604444 0,
                    0.5 -0.86602539 0,
                    0.34202015 -0.93969262 0,
                    0.17364818 -0.98480773 0,
                    -1.8369701e-16 -1 0,
                    -0.17364818 -0.98480773 0,
                    -0.34202015 -0.93969262 0,
                    -0.5 -0.86602539 0,
                    -0.64278764 -0.76604444 0,
                    -0.76604444 -0.64278764 0,
                    -0.86602539 -0.5 0,
                    -0.93969262 -0.34202015 0,
                    -0.98480773 -0.17364818 0,
                    -1 1.2246469e-16 0,
                    -0.98480773 0.17364818 0,
                    -0.93969262 0.34202015 0,
                    -0.86602539 0.5 0,
                    -0.76604444 0.64278764 0,
                    -0.64278764 0.76604444 0,
                    -0.5 0.86602539 0,
                    -0.34202015 0.93969262 0,
                    -0.17364818 0.98480773 0,
                    6.1232343e-17 1 0,
                    0.17364818 0.98480773 0,
                    0.34202015 0.93969262 0,
                    0.5 0.86602539 0,
                    0.64278764 0.76604444 0,
                    0.76604444 0.64278764 0,
                    0.86602539 0.5 0,
                    0.93969262 0.34202015 0,
                    0.98480773 0.17364818 0,
                    1 0 0,
                    1 0 0,
                    0.98480773 0.17364818 0,
                    0.93969262 0.34202015 0,
                    0.86602539 0.5 0,
                    0.76604444 0.64278764 0,
                    0.64278764 0.76604444 0,
                    0.5 0.86602539 0,
                    0.34202015 0.93969262 0,
                    0.17364818 0.98480773 0,
                    6.1232343e-17 1 0,
                    -0.17364818 0.98480773 0,
                    -0.34202015 0.93969262 0,
                    -0.5 0.86602539 0,
                    -0.64278764 0.76604444 0,
                    -0.76604444 0.64278764 0,
                    -0.86602539 0.5 0,
                    -0.93969262 0.34202015 0,
                    -0.98480773 0.17364818 0,
                    -1 1.2246469e-16 0,
                    -0.98480773 -0.17364818 0,
                    -0.93969262 -0.34202015 0,
                    -0.86602539 -0.5 0,
                    -0.76604444 -0.64278764 0,
                    -0.64278764 -0.76604444 0,
                    -0.5 -0.86602539 0,
                    -0.34202015 -0.93969262 0,
                    -0.17364818 -0.98480773 0,
                    -1.8369701e-16 -1 0,
                    0.17364818 -0.98480773 0,
                    0.34202015 -0.93969262 0,
                    0.5 -0.86602539 0,
                    0.64278764 -0.76604444 0,
                    0.76604444 -0.64278764 0,
                    0.86602539 -0.5 0,
                    0.93969262 -0.34202015 0,
                    0.98480773 -0.17364818 0,
                    1 -2.4492937e-16 0,
                    0 0 1,
                    0 0 1,
                    0 0 1,
                    0 0 1,
                    0 0 1,
                    0 0 1,
                    0 0 1,
                    0 0 1,
                    0 0 1,
                    0 0 1,
                    0 0 1,
                    0 0 1,
                    0 0 1,
                    0 0 1,
                    0 0 1,
                    0 0 1,
                    0 0 1,
                    0 0 1,
                    0 0 1,
                    0 0 1,
                    0 0 1,
                    0 0 1,
                    0 0 1,
                    0 0 1,
                    0 0 1,
                    0 0 1,
                    0 0 1,
                    0 0 1,
                    0 0 1,
                    0 0 1,
                    0 0 1,
                    0 0 1,
                    0 0 1,
                    0 0 1,
                    0 0 1,
                    0 0 1,
                    -0 -0 -1,
                    -0 -0 -1,
                    -0 -0 -1,
                    -0 -0 -1,
                    -0 -0 -1,
                    -0 -0 -1,
                    -0 -0 -1,
                    -0 -0 -1,
                    -0 -0 -1,
                    -0 -0 -1,
                    -0 -0 -1,
                    -0 -0 -1,
                    -0 -0 -1,
                    -0 -0 -1,
                    -0 -0 -1,
                    -0 -0 -1,
                    -0 -0 -1,
                    -0 -0 -1,
                    -0 -0 -1,
                    -0 -0 -1,
                    -0 -0 -1,
                    -0 -0 -1,
                    -0 -0 -1,
                    -0 -0 -1,
                    -0 -0 -1,
                    -0 -0 -1,
                    -0 -0 -1,
                    -0 -0 -1,
                    -0 -0 -1,
                    -0 -0 -1,
                    -0 -0 -1,
                    -0 -0 -1,
                    -0 -0 -1,
                    -0 -0 -1,
                    -0 -0 -1,
                    -0 -0 -1

                  ]
                }
                coordIndex [
                  71 0 36 -1 
                  70 36 35 -1 
                  69 35 34 -1 
                  68 34 33 -1 
                  67 33 32 -1 
                  29 64 30 -1 
                  28 63 29 -1 
                  27 62 28 -1 
                  26 61 27 -1 
                  25 60 26 -1 
                  24 59 25 -1 
                  23 58 24 -1 
                  22 57 23 -1 
                  21 56 22 -1 
                  20 55 21 -1 
                  19 54 20 -1 
                  18 53 19 -1 
                  17 52 18 -1 
                  16 51 17 -1 
                  15 50 16 -1 
                  14 49 15 -1 
                  13 48 14 -1 
                  12 47 13 -1 
                  11 46 12 -1 
                  10 45 11 -1 
                  9 44 10 -1 
                  8 43 9 -1 
                  7 42 8 -1 
                  6 41 7 -1 
                  5 40 6 -1 
                  4 39 5 -1 
                  3 38 4 -1 
                  2 37 3 -1 
                  0 1 2 -1 
                  66 32 31 -1 
                  65 31 30 -1 
                  37 2 1 -1 
                  38 3 37 -1 
                  39 4 38 -1 
                  40 5 39 -1 
                  41 6 40 -1 
                  42 7 41 -1 
                  43 8 42 -1 
                  44 9 43 -1 
                  45 10 44 -1 
                  46 11 45 -1 
                  47 12 46 -1 
                  48 13 47 -1 
                  49 14 48 -1 
                  50 15 49 -1 
                  51 16 50 -1 
                  52 17 51 -1 
                  53 18 52 -1 
                  54 19 53 -1 
                  55 20 54 -1 
                  56 21 55 -1 
                  57 22 56 -1 
                  58 23 57 -1 
                  59 24 58 -1 
                  60 25 59 -1 
                  61 26 60 -1 
                  62 27 61 -1 
                  63 28 62 -1 
                  64 29 63 -1 
                  65 30 64 -1 
                  66 31 65 -1 
                  67 32 66 -1 
                  68 33 67 -1 
                  69 34 68 -1 
                  70 35 69 -1 
                  71 36 70 -1 
                  1 0 71 -1 
                  3 0 2 -1 
                  4 0 3 -1 
                  5 0 4 -1 
                  6 0 5 -1 
                  7 0 6 -1 
                  8 0 7 -1 
                  9 0 8 -1 
                  10 0 9 -1 
                  11 0 10 -1 
                  12 0 11 -1 
                  13 0 12 -1 
                  14 0 13 -1 
                  15 0 14 -1 
                  16 0 15 -1 
                  17 0 16 -1 
                  18 0 17 -1 
                  19 0 18 -1 
                  20 0 19 -1 
                  21 0 20 -1 
                  22 0 21 -1 
                  23 0 22 -1 
                  24 0 23 -1 
                  25 0 24 -1 
                  26 0 25 -1 
                  27 0 26 -1 
                  28 0 27 -1 
                  29 0 28 -1 
                  30 0 29 -1 
                  31 0 30 -1 
                  32 0 31 -1 
                  33 0 32 -1 
                  34 0 33 -1 
                  35 0 34 -1 
                  36 0 35 -1 
                  38 37 1 -1 
                  39 38 1 -1 
                  40 39 1 -1 
                  41 40 1 -1 
                  42 41 1 -1 
                  43 42 1 -1 
                  44 43 1 -1 
                  45 44 1 -1 
                  46 45 1 -1 
                  47 46 1 -1 
                  48 47 1 -1 
                  49 48 1 -1 
                  50 49 1 -1 
                  51 50 1 -1 
                  52 51 1 -1 
                  53 52 1 -1 
                  54 53 1 -1 
                  55 54 1 -1 
                  56 55 1 -1 
                  57 56 1 -1 
                  58 57 1 -1 
                  59 58 1 -1 
                  60 59 1 -1 
                  61 60 1 -1 
                  62 61 1 -1 
                  63 62 1 -1 
                  64 63 1 -1 
                  65 64 1 -1 
                  66 65 1 -1 
                  67 66 1 -1 
                  68 67 1 -1 
                  69 68 1 -1 
                  70 69 1 -1 
                  71 70 1 -1 
                ]
                normalIndex [
                  72 0 1 -1 
                  71 1 2 -1 
                  70 2 3 -1 
                  69 3 4 -1 
                  68 4 5 -1 
                  8 65 7 -1 
                  9 64 8 -1 
                  10 63 9 -1 
                  11 62 10 -1 
                  12 61 11 -1 
                  13 60 12 -1 
                  14 59 13 -1 
                  15 58 14 -1 
                  16 57 15 -1 
                  17 56 16 -1 
                  18 55 17 -1 
                  19 54 18 -1 
                  20 53 19 -1 
                  21 52 20 -1 
                  22 51 21 -1 
                  23 50 22 -1 
                  24 49 23 -1 
                  25 48 24 -1 
                  26 47 25 -1 
                  27 46 26 -1 
                  28 45 27 -1 
                  29 44 28 -1 
                  30 43 29 -1 
                  31 42 30 -1 
                  32 41 31 -1 
                  33 40 32 -1 
                  34 39 33 -1 
                  35 38 34 -1 
                  36 37 35 -1 
                  67 5 6 -1 
                  66 6 7 -1 
                  38 35 37 -1 
                  39 34 38 -1 
                  40 33 39 -1 
                  41 32 40 -1 
                  42 31 41 -1 
                  43 30 42 -1 
                  44 29 43 -1 
                  45 28 44 -1 
                  46 27 45 -1 
                  47 26 46 -1 
                  48 25 47 -1 
                  49 24 48 -1 
                  50 23 49 -1 
                  51 22 50 -1 
                  52 21 51 -1 
                  53 20 52 -1 
                  54 19 53 -1 
                  55 18 54 -1 
                  56 17 55 -1 
                  57 16 56 -1 
                  58 15 57 -1 
                  59 14 58 -1 
                  60 13 59 -1 
                  61 12 60 -1 
                  62 11 61 -1 
                  63 10 62 -1 
                  64 9 63 -1 
                  65 8 64 -1 
                  66 7 65 -1 
                  67 6 66 -1 
                  68 5 67 -1 
                  69 4 68 -1 
                  70 3 69 -1 
                  71 2 70 -1 
                  72 1 71 -1 
                  73 0 72 -1 
                  76 74 75 -1 
                  77 74 76 -1 
                  78 74 77 -1 
                  79 74 78 -1 
                  80 74 79 -1 
                  81 74 80 -1 
                  82 74 81 -1 
                  83 74 82 -1 
                  84 74 83 -1 
                  85 74 84 -1 
                  86 74 85 -1 
                  87 74 86 -1 
                  88 74 87 -1 
                  89 74 88 -1 
                  90 74 89 -1 
                  91 74 90 -1 
                  92 74 91 -1 
                  93 74 92 -1 
                  94 74 93 -1 
                  95 74 94 -1 
                  96 74 95 -1 
                  97 74 96 -1 
                  98 74 97 -1 
                  99 74 98 -1 
                  100 74 99 -1 
                  101 74 100 -1 
                  102 74 101 -1 
                  103 74 102 -1 
                  104 74 103 -1 
                  105 74 104 -1 
                  106 74 105 -1 
                  107 74 106 -1 
                  108 74 107 -1 
                  109 74 108 -1 
                  112 111 110 -1 
                  113 112 110 -1 
                  114 113 110 -1 
                  115 114 110 -1 
                  116 115 110 -1 
                  117 116 110 -1 
                  118 117 110 -1 
                  119 118 110 -1 
                  120 119 110 -1 
                  121 120 110 -1 
                  122 121 110 -1 
                  123 122 110 -1 
                  124 123 110 -1 
                  125 124 110 -1 
                  126 125 110 -1 
                  127 126 110 -1 
                  128 127 110 -1 
                  129 128 110 -1 
                  130 129 110 -1 
                  131 130 110 -1 
                  132 131 110 -1 
                  133 132 110 -1 
                  134 133 110 -1 
                  135 134 110 -1 
                  136 135 110 -1 
                  137 136 110 -1 
                  138 137 110 -1 
                  139 138 110 -1 
                  140 139 110 -1 
                  141 140 110 -1 
                  142 141 110 -1 
                  143 142 110 -1 
                  144 143 110 -1 
                  145 144 110 -1 
                ]
              }
            }
            DEF Leads_2 Shape {
              appearance DEF __24 Appearance {
                material DEF __25 Material {
                  ambientIntensity 0.260947436094
                  diffuseColor 0.73400002718 0.773000001907 0.79699999094
                  shininess 0
                }
              }
              geometry DEF __26 IndexedFaceSet {
                solid FALSE
                coord Coordinate {
                  point [
                    0.00162 -0.00254 0.0001,
                    0.00162 -0.00254 -0.005,
                    0.00161468271355 -0.00247922313782 0.0001,
                    0.00159889241728 -0.00242029294984 0.0001,
                    0.00157310889132 -0.002365 0.0001,
                    0.00153811555509 -0.00231502433661 0.0001,
                    0.00149497566339 -0.00227188444491 0.0001,
                    0.001445 -0.00223689110868 0.0001,
                    0.00138970705016 -0.00221110758272 0.0001,
                    0.00133077686218 -0.00219531728645 0.0001,
                    0.00127 -0.00219 0.0001,
                    0.00120922313782 -0.00219531728645 0.0001,
                    0.00115029294984 -0.00221110758272 0.0001,
                    0.001095 -0.00223689110868 0.0001,
                    0.00104502433661 -0.00227188444491 0.0001,
                    0.00100188444491 -0.00231502433661 0.0001,
                    0.000966891108675 -0.002365 0.0001,
                    0.000941107582725 -0.00242029294984 0.0001,
                    0.000925317286446 -0.00247922313782 0.0001,
                    0.00092 -0.00254 0.0001,
                    0.000925317286446 -0.00260077686218 0.0001,
                    0.000941107582725 -0.00265970705016 0.0001,
                    0.000966891108675 -0.002715 0.0001,
                    0.00100188444491 -0.00276497566339 0.0001,
                    0.00104502433661 -0.00280811555509 0.0001,
                    0.001095 -0.00284310889132 0.0001,
                    0.00115029294984 -0.00286889241728 0.0001,
                    0.00120922313782 -0.00288468271355 0.0001,
                    0.00127 -0.00289 0.0001,
                    0.00133077686218 -0.00288468271355 0.0001,
                    0.00138970705016 -0.00286889241728 0.0001,
                    0.001445 -0.00284310889132 0.0001,
                    0.00149497566339 -0.00280811555509 0.0001,
                    0.00153811555509 -0.00276497566339 0.0001,
                    0.00157310889132 -0.002715 0.0001,
                    0.00159889241728 -0.00265970705016 0.0001,
                    0.00161468271355 -0.00260077686218 0.0001,
                    0.00161468271355 -0.00247922313782 -0.005,
                    0.00159889241728 -0.00242029294984 -0.005,
                    0.00157310889132 -0.002365 -0.005,
                    0.00153811555509 -0.00231502433661 -0.005,
                    0.00149497566339 -0.00227188444491 -0.005,
                    0.001445 -0.00223689110868 -0.005,
                    0.00138970705016 -0.00221110758272 -0.005,
                    0.00133077686218 -0.00219531728645 -0.005,
                    0.00127 -0.00219 -0.005,
                    0.00120922313782 -0.00219531728645 -0.005,
                    0.00115029294984 -0.00221110758272 -0.005,
                    0.001095 -0.00223689110868 -0.005,
                    0.00104502433661 -0.00227188444491 -0.005,
                    0.00100188444491 -0.00231502433661 -0.005,
                    0.000966891108675 -0.002365 -0.005,
                    0.000941107582725 -0.00242029294984 -0.005,
                    0.000925317286446 -0.00247922313782 -0.005,
                    0.00092 -0.00254 -0.005,
                    0.000925317286446 -0.00260077686218 -0.005,
                    0.000941107582725 -0.00265970705016 -0.005,
                    0.000966891108675 -0.002715 -0.005,
                    0.00100188444491 -0.00276497566339 -0.005,
                    0.00104502433661 -0.00280811555509 -0.005,
                    0.001095 -0.00284310889132 -0.005,
                    0.00115029294984 -0.00286889241728 -0.005,
                    0.00120922313782 -0.00288468271355 -0.005,
                    0.00127 -0.00289 -0.005,
                    0.00133077686218 -0.00288468271355 -0.005,
                    0.00138970705016 -0.00286889241728 -0.005,
                    0.001445 -0.00284310889132 -0.005,
                    0.00149497566339 -0.00280811555509 -0.005,
                    0.00153811555509 -0.00276497566339 -0.005,
                    0.00157310889132 -0.002715 -0.005,
                    0.00159889241728 -0.00265970705016 -0.005,
                    0.00161468271355 -0.00260077686218 -0.005

                  ]
                }
                normal Normal {
                  vector [
                    1 -4.4408921e-16 0,
                    0.98480773 -0.17364818 0,
                    0.93969262 -0.34202015 0,
                    0.86602539 -0.5 0,
                    0.76604444 -0.64278764 0,
                    0.64278764 -0.76604444 0,
                    0.5 -0.86602539 0,
                    0.34202015 -0.93969262 0,
                    0.17364818 -0.98480773 0,
                    -2.220446e-16 -1 0,
                    -0.17364818 -0.98480773 0,
                    -0.34202015 -0.93969262 0,
                    -0.5 -0.86602539 0,
                    -0.64278764 -0.76604444 0,
                    -0.76604444 -0.64278764 0,
                    -0.86602539 -0.5 0,
                    -0.93969262 -0.34202015 0,
                    -0.98480773 -0.17364818 0,
                    -1 0 0,
                    -0.98480773 0.17364818 0,
                    -0.93969262 0.34202015 0,
                    -0.86602539 0.5 0,
                    -0.76604444 0.64278764 0,
                    -0.64278764 0.76604444 0,
                    -0.5 0.86602539 0,
                    -0.34202015 0.93969262 0,
                    -0.17364818 0.98480773 0,
                    0 1 0,
                    0.17364818 0.98480773 0,
                    0.34202015 0.93969262 0,
                    0.5 0.86602539 0,
                    0.64278764 0.76604444 0,
                    0.76604444 0.64278764 0,
                    0.86602539 0.5 0,
                    0.93969262 0.34202015 0,
                    0.98480773 0.17364818 0,
                    1 0 0,
                    1 0 0,
                    0.98480773 0.17364818 0,
                    0.93969262 0.34202015 0,
                    0.86602539 0.5 0,
                    0.76604444 0.64278764 0,
                    0.64278764 0.76604444 0,
                    0.5 0.86602539 0,
                    0.34202015 0.93969262 0,
                    0.17364818 0.98480773 0,
                    0 1 0,
                    -0.17364818 0.98480773 0,
                    -0.34202015 0.93969262 0,
                    -0.5 0.86602539 0,
                    -0.64278764 0.76604444 0,
                    -0.76604444 0.64278764 0,
                    -0.86602539 0.5 0,
                    -0.93969262 0.34202015 0,
                    -0.98480773 0.17364818 0,
                    -1 0 0,
                    -0.98480773 -0.17364818 0,
                    -0.93969262 -0.34202015 0,
                    -0.86602539 -0.5 0,
                    -0.76604444 -0.64278764 0,
                    -0.64278764 -0.76604444 0,
                    -0.5 -0.86602539 0,
                    -0.34202015 -0.93969262 0,
                    -0.17364818 -0.98480773 0,
                    -2.220446e-16 -1 0,
                    0.17364818 -0.98480773 0,
                    0.34202015 -0.93969262 0,
                    0.5 -0.86602539 0,
                    0.64278764 -0.76604444 0,
                    0.76604444 -0.64278764 0,
                    0.86602539 -0.5 0,
                    0.93969262 -0.34202015 0,
                    0.98480773 -0.17364818 0,
                    1 -4.4408921e-16 0,
                    0 0 1,
                    0 0 1,
                    0 0 1,
                    0 0 1,
                    0 0 1,
                    0 0 1,
                    0 0 1,
                    0 0 1,
                    0 0 1,
                    0 0 1,
                    0 0 1,
                    0 0 1,
                    0 0 1,
                    0 0 1,
                    0 0 1,
                    0 0 1,
                    0 0 1,
                    0 0 1,
                    0 0 1,
                    0 0 1,
                    0 0 1,
                    0 0 1,
                    0 0 1,
                    0 0 1,
                    0 0 1,
                    0 0 1,
                    0 0 1,
                    0 0 1,
                    0 0 1,
                    0 0 1,
                    0 0 1,
                    0 0 1,
                    0 0 1,
                    0 0 1,
                    0 0 1,
                    0 0 1,
                    -0 -0 -1,
                    -0 -0 -1,
                    -0 -0 -1,
                    -0 -0 -1,
                    -0 -0 -1,
                    -0 -0 -1,
                    -0 -0 -1,
                    -0 -0 -1,
                    -0 -0 -1,
                    -0 -0 -1,
                    -0 -0 -1,
                    -0 -0 -1,
                    -0 -0 -1,
                    -0 -0 -1,
                    -0 -0 -1,
                    -0 -0 -1,
                    -0 -0 -1,
                    -0 -0 -1,
                    -0 -0 -1,
                    -0 -0 -1,
                    -0 -0 -1,
                    -0 -0 -1,
                    -0 -0 -1,
                    -0 -0 -1,
                    -0 -0 -1,
                    -0 -0 -1,
                    -0 -0 -1,
                    -0 -0 -1,
                    -0 -0 -1,
                    -0 -0 -1,
                    -0 -0 -1,
                    -0 -0 -1,
                    -0 -0 -1,
                    -0 -0 -1,
                    -0 -0 -1,
                    -0 -0 -1

                  ]
                }
                coordIndex [
                  71 0 36 -1 
                  70 36 35 -1 
                  69 35 34 -1 
                  68 34 33 -1 
                  67 33 32 -1 
                  29 64 30 -1 
                  28 63 29 -1 
                  27 62 28 -1 
                  26 61 27 -1 
                  25 60 26 -1 
                  24 59 25 -1 
                  23 58 24 -1 
                  22 57 23 -1 
                  21 56 22 -1 
                  20 55 21 -1 
                  19 54 20 -1 
                  18 53 19 -1 
                  17 52 18 -1 
                  16 51 17 -1 
                  15 50 16 -1 
                  14 49 15 -1 
                  13 48 14 -1 
                  12 47 13 -1 
                  11 46 12 -1 
                  10 45 11 -1 
                  9 44 10 -1 
                  8 43 9 -1 
                  7 42 8 -1 
                  6 41 7 -1 
                  5 40 6 -1 
                  4 39 5 -1 
                  3 38 4 -1 
                  2 37 3 -1 
                  0 1 2 -1 
                  66 32 31 -1 
                  65 31 30 -1 
                  37 2 1 -1 
                  38 3 37 -1 
                  39 4 38 -1 
                  40 5 39 -1 
                  41 6 40 -1 
                  42 7 41 -1 
                  43 8 42 -1 
                  44 9 43 -1 
                  45 10 44 -1 
                  46 11 45 -1 
                  47 12 46 -1 
                  48 13 47 -1 
                  49 14 48 -1 
                  50 15 49 -1 
                  51 16 50 -1 
                  52 17 51 -1 
                  53 18 52 -1 
                  54 19 53 -1 
                  55 20 54 -1 
                  56 21 55 -1 
                  57 22 56 -1 
                  58 23 57 -1 
                  59 24 58 -1 
                  60 25 59 -1 
                  61 26 60 -1 
                  62 27 61 -1 
                  63 28 62 -1 
                  64 29 63 -1 
                  65 30 64 -1 
                  66 31 65 -1 
                  67 32 66 -1 
                  68 33 67 -1 
                  69 34 68 -1 
                  70 35 69 -1 
                  71 36 70 -1 
                  1 0 71 -1 
                  3 0 2 -1 
                  4 0 3 -1 
                  5 0 4 -1 
                  6 0 5 -1 
                  7 0 6 -1 
                  8 0 7 -1 
                  9 0 8 -1 
                  10 0 9 -1 
                  11 0 10 -1 
                  12 0 11 -1 
                  13 0 12 -1 
                  14 0 13 -1 
                  15 0 14 -1 
                  16 0 15 -1 
                  17 0 16 -1 
                  18 0 17 -1 
                  19 0 18 -1 
                  20 0 19 -1 
                  21 0 20 -1 
                  22 0 21 -1 
                  23 0 22 -1 
                  24 0 23 -1 
                  25 0 24 -1 
                  26 0 25 -1 
                  27 0 26 -1 
                  28 0 27 -1 
                  29 0 28 -1 
                  30 0 29 -1 
                  31 0 30 -1 
                  32 0 31 -1 
                  33 0 32 -1 
                  34 0 33 -1 
                  35 0 34 -1 
                  36 0 35 -1 
                  38 37 1 -1 
                  39 38 1 -1 
                  40 39 1 -1 
                  41 40 1 -1 
                  42 41 1 -1 
                  43 42 1 -1 
                  44 43 1 -1 
                  45 44 1 -1 
                  46 45 1 -1 
                  47 46 1 -1 
                  48 47 1 -1 
                  49 48 1 -1 
                  50 49 1 -1 
                  51 50 1 -1 
                  52 51 1 -1 
                  53 52 1 -1 
                  54 53 1 -1 
                  55 54 1 -1 
                  56 55 1 -1 
                  57 56 1 -1 
                  58 57 1 -1 
                  59 58 1 -1 
                  60 59 1 -1 
                  61 60 1 -1 
                  62 61 1 -1 
                  63 62 1 -1 
                  64 63 1 -1 
                  65 64 1 -1 
                  66 65 1 -1 
                  67 66 1 -1 
                  68 67 1 -1 
                  69 68 1 -1 
                  70 69 1 -1 
                  71 70 1 -1 
                ]
                normalIndex [
                  72 0 1 -1 
                  71 1 2 -1 
                  70 2 3 -1 
                  69 3 4 -1 
                  68 4 5 -1 
                  8 65 7 -1 
                  9 64 8 -1 
                  10 63 9 -1 
                  11 62 10 -1 
                  12 61 11 -1 
                  13 60 12 -1 
                  14 59 13 -1 
                  15 58 14 -1 
                  16 57 15 -1 
                  17 56 16 -1 
                  18 55 17 -1 
                  19 54 18 -1 
                  20 53 19 -1 
                  21 52 20 -1 
                  22 51 21 -1 
                  23 50 22 -1 
                  24 49 23 -1 
                  25 48 24 -1 
                  26 47 25 -1 
                  27 46 26 -1 
                  28 45 27 -1 
                  29 44 28 -1 
                  30 43 29 -1 
                  31 42 30 -1 
                  32 41 31 -1 
                  33 40 32 -1 
                  34 39 33 -1 
                  35 38 34 -1 
                  36 37 35 -1 
                  67 5 6 -1 
                  66 6 7 -1 
                  38 35 37 -1 
                  39 34 38 -1 
                  40 33 39 -1 
                  41 32 40 -1 
                  42 31 41 -1 
                  43 30 42 -1 
                  44 29 43 -1 
                  45 28 44 -1 
                  46 27 45 -1 
                  47 26 46 -1 
                  48 25 47 -1 
                  49 24 48 -1 
                  50 23 49 -1 
                  51 22 50 -1 
                  52 21 51 -1 
                  53 20 52 -1 
                  54 19 53 -1 
                  55 18 54 -1 
                  56 17 55 -1 
                  57 16 56 -1 
                  58 15 57 -1 
                  59 14 58 -1 
                  60 13 59 -1 
                  61 12 60 -1 
                  62 11 61 -1 
                  63 10 62 -1 
                  64 9 63 -1 
                  65 8 64 -1 
                  66 7 65 -1 
                  67 6 66 -1 
                  68 5 67 -1 
                  69 4 68 -1 
                  70 3 69 -1 
                  71 2 70 -1 
                  72 1 71 -1 
                  73 0 72 -1 
                  76 74 75 -1 
                  77 74 76 -1 
                  78 74 77 -1 
                  79 74 78 -1 
                  80 74 79 -1 
                  81 74 80 -1 
                  82 74 81 -1 
                  83 74 82 -1 
                  84 74 83 -1 
                  85 74 84 -1 
                  86 74 85 -1 
                  87 74 86 -1 
                  88 74 87 -1 
                  89 74 88 -1 
                  90 74 89 -1 
                  91 74 90 -1 
                  92 74 91 -1 
                  93 74 92 -1 
                  94 74 93 -1 
                  95 74 94 -1 
                  96 74 95 -1 
                  97 74 96 -1 
                  98 74 97 -1 
                  99 74 98 -1 
                  100 74 99 -1 
                  101 74 100 -1 
                  102 74 101 -1 
                  103 74 102 -1 
                  104 74 103 -1 
                  105 74 104 -1 
                  106 74 105 -1 
                  107 74 106 -1 
                  108 74 107 -1 
                  109 74 108 -1 
                  112 111 110 -1 
                  113 112 110 -1 
                  114 113 110 -1 
                  115 114 110 -1 
                  116 115 110 -1 
                  117 116 110 -1 
                  118 117 110 -1 
                  119 118 110 -1 
                  120 119 110 -1 
                  121 120 110 -1 
                  122 121 110 -1 
                  123 122 110 -1 
                  124 123 110 -1 
                  125 124 110 -1 
                  126 125 110 -1 
                  127 126 110 -1 
                  128 127 110 -1 
                  129 128 110 -1 
                  130 129 110 -1 
                  131 130 110 -1 
                  132 131 110 -1 
                  133 132 110 -1 
                  134 133 110 -1 
                  135 134 110 -1 
                  136 135 110 -1 
                  137 136 110 -1 
                  138 137 110 -1 
                  139 138 110 -1 
                  140 139 110 -1 
                  141 140 110 -1 
                  142 141 110 -1 
                  143 142 110 -1 
                  144 143 110 -1 
                  145 144 110 -1 
                ]
              }
            }
            DEF Leads_3 Shape {
              appearance DEF __28 Appearance {
                material DEF __29 Material {
                  ambientIntensity 0.260947436094
                  diffuseColor 0.73400002718 0.773000001907 0.79699999094
                  shininess 0
                }
              }
              geometry DEF __30 IndexedFaceSet {
                solid FALSE
                coord Coordinate {
                  point [
                    0.00289 -8.57252759403e-20 0.0001,
                    0.00289 -8.57252759403e-20 -0.005,
                    0.00288468271355 6.07768621834e-05 0.0001,
                    0.00286889241728 0.000119707050164 0.0001,
                    0.00284310889132 0.000175 0.0001,
                    0.00280811555509 0.00022497566339 0.0001,
                    0.00276497566339 0.000268115555092 0.0001,
                    0.002715 0.000303108891325 0.0001,
                    0.00265970705016 0.000328892417275 0.0001,
                    0.00260077686218 0.000344682713554 0.0001,
                    0.00254 0.00035 0.0001,
                    0.00247922313782 0.000344682713554 0.0001,
                    0.00242029294984 0.000328892417275 0.0001,
                    0.002365 0.000303108891325 0.0001,
                    0.00231502433661 0.000268115555092 0.0001,
                    0.00227188444491 0.00022497566339 0.0001,
                    0.00223689110868 0.000175 0.0001,
                    0.00221110758272 0.000119707050164 0.0001,
                    0.00219531728645 6.07768621834e-05 0.0001,
                    0.00219 4.28626379702e-20 0.0001,
                    0.00219531728645 -6.07768621834e-05 0.0001,
                    0.00221110758272 -0.000119707050164 0.0001,
                    0.00223689110868 -0.000175 0.0001,
                    0.00227188444491 -0.00022497566339 0.0001,
                    0.00231502433661 -0.000268115555092 0.0001,
                    0.002365 -0.000303108891325 0.0001,
                    0.00242029294984 -0.000328892417275 0.0001,
                    0.00247922313782 -0.000344682713554 0.0001,
                    0.00254 -0.00035 0.0001,
                    0.00260077686218 -0.000344682713554 0.0001,
                    0.00265970705016 -0.000328892417275 0.0001,
                    0.002715 -0.000303108891325 0.0001,
                    0.00276497566339 -0.000268115555092 0.0001,
                    0.00280811555509 -0.00022497566339 0.0001,
                    0.00284310889132 -0.000175 0.0001,
                    0.00286889241728 -0.000119707050164 0.0001,
                    0.00288468271355 -6.07768621834e-05 0.0001,
                    0.00288468271355 6.07768621834e-05 -0.005,
                    0.00286889241728 0.000119707050164 -0.005,
                    0.00284310889132 0.000175 -0.005,
                    0.00280811555509 0.00022497566339 -0.005,
                    0.00276497566339 0.000268115555092 -0.005,
                    0.002715 0.000303108891325 -0.005,
                    0.00265970705016 0.000328892417275 -0.005,
                    0.00260077686218 0.000344682713554 -0.005,
                    0.00254 0.00035 -0.005,
                    0.00247922313782 0.000344682713554 -0.005,
                    0.00242029294984 0.000328892417275 -0.005,
                    0.002365 0.000303108891325 -0.005,
                    0.00231502433661 0.000268115555092 -0.005,
                    0.00227188444491 0.00022497566339 -0.005,
                    0.00223689110868 0.000175 -0.005,
                    0.00221110758272 0.000119707050164 -0.005,
                    0.00219531728645 6.07768621834e-05 -0.005,
                    0.00219 4.28626379702e-20 -0.005,
                    0.00219531728645 -6.07768621834e-05 -0.005,
                    0.00221110758272 -0.000119707050164 -0.005,
                    0.00223689110868 -0.000175 -0.005,
                    0.00227188444491 -0.00022497566339 -0.005,
                    0.00231502433661 -0.000268115555092 -0.005,
                    0.002365 -0.000303108891325 -0.005,
                    0.00242029294984 -0.000328892417275 -0.005,
                    0.00247922313782 -0.000344682713554 -0.005,
                    0.00254 -0.00035 -0.005,
                    0.00260077686218 -0.000344682713554 -0.005,
                    0.00265970705016 -0.000328892417275 -0.005,
                    0.002715 -0.000303108891325 -0.005,
                    0.00276497566339 -0.000268115555092 -0.005,
                    0.00280811555509 -0.00022497566339 -0.005,
                    0.00284310889132 -0.000175 -0.005,
                    0.00286889241728 -0.000119707050164 -0.005,
                    0.00288468271355 -6.07768621834e-05 -0.005

                  ]
                }
                normal Normal {
                  vector [
                    1 -2.4492937e-16 0,
                    0.98480773 -0.17364818 0,
                    0.93969262 -0.34202015 0,
                    0.86602539 -0.5 0,
                    0.76604444 -0.64278764 0,
                    0.64278764 -0.76604444 0,
                    0.5 -0.86602539 0,
                    0.34202015 -0.93969262 0,
                    0.17364818 -0.98480773 0,
                    0 -1 0,
                    -0.17364818 -0.98480773 0,
                    -0.34202015 -0.93969262 0,
                    -0.5 -0.86602539 0,
                    -0.64278764 -0.76604444 0,
                    -0.76604444 -0.64278764 0,
                    -0.86602539 -0.5 0,
                    -0.93969262 -0.34202015 0,
                    -0.98480773 -0.17364818 0,
                    -1 1.2246469e-16 0,
                    -0.98480773 0.17364818 0,
                    -0.93969262 0.34202015 0,
                    -0.86602539 0.5 0,
                    -0.76604444 0.64278764 0,
                    -0.64278764 0.76604444 0,
                    -0.5 0.86602539 0,
                    -0.34202015 0.93969262 0,
                    -0.17364818 0.98480773 0,
                    0 1 0,
                    0.17364818 0.98480773 0,
                    0.34202015 0.93969262 0,
                    0.5 0.86602539 0,
                    0.64278764 0.76604444 0,
                    0.76604444 0.64278764 0,
                    0.86602539 0.5 0,
                    0.93969262 0.34202015 0,
                    0.98480773 0.17364818 0,
                    1 0 0,
                    1 0 0,
                    0.98480773 0.17364818 0,
                    0.93969262 0.34202015 0,
                    0.86602539 0.5 0,
                    0.76604444 0.64278764 0,
                    0.64278764 0.76604444 0,
                    0.5 0.86602539 0,
                    0.34202015 0.93969262 0,
                    0.17364818 0.98480773 0,
                    0 1 0,
                    -0.17364818 0.98480773 0,
                    -0.34202015 0.93969262 0,
                    -0.5 0.86602539 0,
                    -0.64278764 0.76604444 0,
                    -0.76604444 0.64278764 0,
                    -0.86602539 0.5 0,
                    -0.93969262 0.34202015 0,
                    -0.98480773 0.17364818 0,
                    -1 1.2246469e-16 0,
                    -0.98480773 -0.17364818 0,
                    -0.93969262 -0.34202015 0,
                    -0.86602539 -0.5 0,
                    -0.76604444 -0.64278764 0,
                    -0.64278764 -0.76604444 0,
                    -0.5 -0.86602539 0,
                    -0.34202015 -0.93969262 0,
                    -0.17364818 -0.98480773 0,
                    0 -1 0,
                    0.17364818 -0.98480773 0,
                    0.34202015 -0.93969262 0,
                    0.5 -0.86602539 0,
                    0.64278764 -0.76604444 0,
                    0.76604444 -0.64278764 0,
                    0.86602539 -0.5 0,
                    0.93969262 -0.34202015 0,
                    0.98480773 -0.17364818 0,
                    1 -2.4492937e-16 0,
                    0 0 1,
                    0 0 1,
                    0 0 1,
                    0 0 1,
                    0 0 1,
                    0 0 1,
                    0 0 1,
                    0 0 1,
                    0 0 1,
                    0 0 1,
                    0 0 1,
                    0 0 1,
                    0 0 1,
                    0 0 1,
                    0 0 1,
                    0 0 1,
                    0 0 1,
                    0 0 1,
                    0 0 1,
                    0 0 1,
                    0 0 1,
                    0 0 1,
                    0 0 1,
                    0 0 1,
                    0 0 1,
                    0 0 1,
                    0 0 1,
                    0 0 1,
                    0 0 1,
                    0 0 1,
                    0 0 1,
                    0 0 1,
                    0 0 1,
                    0 0 1,
                    0 0 1,
                    0 0 1,
                    -0 -0 -1,
                    -0 -0 -1,
                    -0 -0 -1,
                    -0 -0 -1,
                    -0 -0 -1,
                    -0 -0 -1,
                    -0 -0 -1,
                    -0 -0 -1,
                    -0 -0 -1,
                    -0 -0 -1,
                    -0 -0 -1,
                    -0 -0 -1,
                    -0 -0 -1,
                    -0 -0 -1,
                    -0 -0 -1,
                    -0 -0 -1,
                    -0 -0 -1,
                    -0 -0 -1,
                    -0 -0 -1,
                    -0 -0 -1,
                    -0 -0 -1,
                    -0 -0 -1,
                    -0 -0 -1,
                    -0 -0 -1,
                    -0 -0 -1,
                    -0 -0 -1,
                    -0 -0 -1,
                    -0 -0 -1,
                    -0 -0 -1,
                    -0 -0 -1,
                    -0 -0 -1,
                    -0 -0 -1,
                    -0 -0 -1,
                    -0 -0 -1,
                    -0 -0 -1,
                    -0 -0 -1

                  ]
                }
                coordIndex [
                  71 0 36 -1 
                  70 36 35 -1 
                  69 35 34 -1 
                  68 34 33 -1 
                  67 33 32 -1 
                  29 64 30 -1 
                  28 63 29 -1 
                  27 62 28 -1 
                  26 61 27 -1 
                  25 60 26 -1 
                  24 59 25 -1 
                  23 58 24 -1 
                  22 57 23 -1 
                  21 56 22 -1 
                  20 55 21 -1 
                  19 54 20 -1 
                  18 53 19 -1 
                  17 52 18 -1 
                  16 51 17 -1 
                  15 50 16 -1 
                  14 49 15 -1 
                  13 48 14 -1 
                  12 47 13 -1 
                  11 46 12 -1 
                  10 45 11 -1 
                  9 44 10 -1 
                  8 43 9 -1 
                  7 42 8 -1 
                  6 41 7 -1 
                  5 40 6 -1 
                  4 39 5 -1 
                  3 38 4 -1 
                  2 37 3 -1 
                  0 1 2 -1 
                  66 32 31 -1 
                  65 31 30 -1 
                  37 2 1 -1 
                  38 3 37 -1 
                  39 4 38 -1 
                  40 5 39 -1 
                  41 6 40 -1 
                  42 7 41 -1 
                  43 8 42 -1 
                  44 9 43 -1 
                  45 10 44 -1 
                  46 11 45 -1 
                  47 12 46 -1 
                  48 13 47 -1 
                  49 14 48 -1 
                  50 15 49 -1 
                  51 16 50 -1 
                  52 17 51 -1 
                  53 18 52 -1 
                  54 19 53 -1 
                  55 20 54 -1 
                  56 21 55 -1 
                  57 22 56 -1 
                  58 23 57 -1 
                  59 24 58 -1 
                  60 25 59 -1 
                  61 26 60 -1 
                  62 27 61 -1 
                  63 28 62 -1 
                  64 29 63 -1 
                  65 30 64 -1 
                  66 31 65 -1 
                  67 32 66 -1 
                  68 33 67 -1 
                  69 34 68 -1 
                  70 35 69 -1 
                  71 36 70 -1 
                  1 0 71 -1 
                  3 0 2 -1 
                  4 0 3 -1 
                  5 0 4 -1 
                  6 0 5 -1 
                  7 0 6 -1 
                  8 0 7 -1 
                  9 0 8 -1 
                  10 0 9 -1 
                  11 0 10 -1 
                  12 0 11 -1 
                  13 0 12 -1 
                  14 0 13 -1 
                  15 0 14 -1 
                  16 0 15 -1 
                  17 0 16 -1 
                  18 0 17 -1 
                  19 0 18 -1 
                  20 0 19 -1 
                  21 0 20 -1 
                  22 0 21 -1 
                  23 0 22 -1 
                  24 0 23 -1 
                  25 0 24 -1 
                  26 0 25 -1 
                  27 0 26 -1 
                  28 0 27 -1 
                  29 0 28 -1 
                  30 0 29 -1 
                  31 0 30 -1 
                  32 0 31 -1 
                  33 0 32 -1 
                  34 0 33 -1 
                  35 0 34 -1 
                  36 0 35 -1 
                  38 37 1 -1 
                  39 38 1 -1 
                  40 39 1 -1 
                  41 40 1 -1 
                  42 41 1 -1 
                  43 42 1 -1 
                  44 43 1 -1 
                  45 44 1 -1 
                  46 45 1 -1 
                  47 46 1 -1 
                  48 47 1 -1 
                  49 48 1 -1 
                  50 49 1 -1 
                  51 50 1 -1 
                  52 51 1 -1 
                  53 52 1 -1 
                  54 53 1 -1 
                  55 54 1 -1 
                  56 55 1 -1 
                  57 56 1 -1 
                  58 57 1 -1 
                  59 58 1 -1 
                  60 59 1 -1 
                  61 60 1 -1 
                  62 61 1 -1 
                  63 62 1 -1 
                  64 63 1 -1 
                  65 64 1 -1 
                  66 65 1 -1 
                  67 66 1 -1 
                  68 67 1 -1 
                  69 68 1 -1 
                  70 69 1 -1 
                  71 70 1 -1 
                ]
                normalIndex [
                  72 0 1 -1 
                  71 1 2 -1 
                  70 2 3 -1 
                  69 3 4 -1 
                  68 4 5 -1 
                  8 65 7 -1 
                  9 64 8 -1 
                  10 63 9 -1 
                  11 62 10 -1 
                  12 61 11 -1 
                  13 60 12 -1 
                  14 59 13 -1 
                  15 58 14 -1 
                  16 57 15 -1 
                  17 56 16 -1 
                  18 55 17 -1 
                  19 54 18 -1 
                  20 53 19 -1 
                  21 52 20 -1 
                  22 51 21 -1 
                  23 50 22 -1 
                  24 49 23 -1 
                  25 48 24 -1 
                  26 47 25 -1 
                  27 46 26 -1 
                  28 45 27 -1 
                  29 44 28 -1 
                  30 43 29 -1 
                  31 42 30 -1 
                  32 41 31 -1 
                  33 40 32 -1 
                  34 39 33 -1 
                  35 38 34 -1 
                  36 37 35 -1 
                  67 5 6 -1 
                  66 6 7 -1 
                  38 35 37 -1 
                  39 34 38 -1 
                  40 33 39 -1 
                  41 32 40 -1 
                  42 31 41 -1 
                  43 30 42 -1 
                  44 29 43 -1 
                  45 28 44 -1 
                  46 27 45 -1 
                  47 26 46 -1 
                  48 25 47 -1 
                  49 24 48 -1 
                  50 23 49 -1 
                  51 22 50 -1 
                  52 21 51 -1 
                  53 20 52 -1 
                  54 19 53 -1 
                  55 18 54 -1 
                  56 17 55 -1 
                  57 16 56 -1 
                  58 15 57 -1 
                  59 14 58 -1 
                  60 13 59 -1 
                  61 12 60 -1 
                  62 11 61 -1 
                  63 10 62 -1 
                  64 9 63 -1 
                  65 8 64 -1 
                  66 7 65 -1 
                  67 6 66 -1 
                  68 5 67 -1 
                  69 4 68 -1 
                  70 3 69 -1 
                  71 2 70 -1 
                  72 1 71 -1 
                  73 0 72 -1 
                  76 74 75 -1 
                  77 74 76 -1 
                  78 74 77 -1 
                  79 74 78 -1 
                  80 74 79 -1 
                  81 74 80 -1 
                  82 74 81 -1 
                  83 74 82 -1 
                  84 74 83 -1 
                  85 74 84 -1 
                  86 74 85 -1 
                  87 74 86 -1 
                  88 74 87 -1 
                  89 74 88 -1 
                  90 74 89 -1 
                  91 74 90 -1 
                  92 74 91 -1 
                  93 74 92 -1 
                  94 74 93 -1 
                  95 74 94 -1 
                  96 74 95 -1 
                  97 74 96 -1 
                  98 74 97 -1 
                  99 74 98 -1 
                  100 74 99 -1 
                  101 74 100 -1 
                  102 74 101 -1 
                  103 74 102 -1 
                  104 74 103 -1 
                  105 74 104 -1 
                  106 74 105 -1 
                  107 74 106 -1 
                  108 74 107 -1 
                  109 74 108 -1 
                  112 111 110 -1 
                  113 112 110 -1 
                  114 113 110 -1 
                  115 114 110 -1 
                  116 115 110 -1 
                  117 116 110 -1 
                  118 117 110 -1 
                  119 118 110 -1 
                  120 119 110 -1 
                  121 120 110 -1 
                  122 121 110 -1 
                  123 122 110 -1 
                  124 123 110 -1 
                  125 124 110 -1 
                  126 125 110 -1 
                  127 126 110 -1 
                  128 127 110 -1 
                  129 128 110 -1 
                  130 129 110 -1 
                  131 130 110 -1 
                  132 131 110 -1 
                  133 132 110 -1 
                  134 133 110 -1 
                  135 134 110 -1 
                  136 135 110 -1 
                  137 136 110 -1 
                  138 137 110 -1 
                  139 138 110 -1 
                  140 139 110 -1 
                  141 140 110 -1 
                  142 141 110 -1 
                  143 142 110 -1 
                  144 143 110 -1 
                  145 144 110 -1 
                ]
              }
            }
            DEF Leads_4 Shape {
              appearance DEF __32 Appearance {
                material DEF __33 Material {
                  ambientIntensity 0.260947436094
                  diffuseColor 0.73400002718 0.773000001907 0.79699999094
                  shininess 0
                }
              }
              geometry DEF __34 IndexedFaceSet {
                solid FALSE
                coord Coordinate {
                  point [
                    0.00416 -0.00254 0.0001,
                    0.00416 -0.00254 -0.005,
                    0.00415468271355 -0.00247922313782 0.0001,
                    0.00413889241728 -0.00242029294984 0.0001,
                    0.00411310889132 -0.002365 0.0001,
                    0.00407811555509 -0.00231502433661 0.0001,
                    0.00403497566339 -0.00227188444491 0.0001,
                    0.003985 -0.00223689110868 0.0001,
                    0.00392970705016 -0.00221110758272 0.0001,
                    0.00387077686218 -0.00219531728645 0.0001,
                    0.00381 -0.00219 0.0001,
                    0.00374922313782 -0.00219531728645 0.0001,
                    0.00369029294984 -0.00221110758272 0.0001,
                    0.003635 -0.00223689110868 0.0001,
                    0.00358502433661 -0.00227188444491 0.0001,
                    0.00354188444491 -0.00231502433661 0.0001,
                    0.00350689110868 -0.002365 0.0001,
                    0.00348110758272 -0.00242029294984 0.0001,
                    0.00346531728645 -0.00247922313782 0.0001,
                    0.00346 -0.00254 0.0001,
                    0.00346531728645 -0.00260077686218 0.0001,
                    0.00348110758272 -0.00265970705016 0.0001,
                    0.00350689110868 -0.002715 0.0001,
                    0.00354188444491 -0.00276497566339 0.0001,
                    0.00358502433661 -0.00280811555509 0.0001,
                    0.003635 -0.00284310889132 0.0001,
                    0.00369029294984 -0.00286889241728 0.0001,
                    0.00374922313782 -0.00288468271355 0.0001,
                    0.00381 -0.00289 0.0001,
                    0.00387077686218 -0.00288468271355 0.0001,
                    0.00392970705016 -0.00286889241728 0.0001,
                    0.003985 -0.00284310889132 0.0001,
                    0.00403497566339 -0.00280811555509 0.0001,
                    0.00407811555509 -0.00276497566339 0.0001,
                    0.00411310889132 -0.002715 0.0001,
                    0.00413889241728 -0.00265970705016 0.0001,
                    0.00415468271355 -0.00260077686218 0.0001,
                    0.00415468271355 -0.00247922313782 -0.005,
                    0.00413889241728 -0.00242029294984 -0.005,
                    0.00411310889132 -0.002365 -0.005,
                    0.00407811555509 -0.00231502433661 -0.005,
                    0.00403497566339 -0.00227188444491 -0.005,
                    0.003985 -0.00223689110868 -0.005,
                    0.00392970705016 -0.00221110758272 -0.005,
                    0.00387077686218 -0.00219531728645 -0.005,
                    0.00381 -0.00219 -0.005,
                    0.00374922313782 -0.00219531728645 -0.005,
                    0.00369029294984 -0.00221110758272 -0.005,
                    0.003635 -0.00223689110868 -0.005,
                    0.00358502433661 -0.00227188444491 -0.005,
                    0.00354188444491 -0.00231502433661 -0.005,
                    0.00350689110868 -0.002365 -0.005,
                    0.00348110758272 -0.00242029294984 -0.005,
                    0.00346531728645 -0.00247922313782 -0.005,
                    0.00346 -0.00254 -0.005,
                    0.00346531728645 -0.00260077686218 -0.005,
                    0.00348110758272 -0.00265970705016 -0.005,
                    0.00350689110868 -0.002715 -0.005,
                    0.00354188444491 -0.00276497566339 -0.005,
                    0.00358502433661 -0.00280811555509 -0.005,
                    0.003635 -0.00284310889132 -0.005,
                    0.00369029294984 -0.00286889241728 -0.005,
                    0.00374922313782 -0.00288468271355 -0.005,
                    0.00381 -0.00289 -0.005,
                    0.00387077686218 -0.00288468271355 -0.005,
                    0.00392970705016 -0.00286889241728 -0.005,
                    0.003985 -0.00284310889132 -0.005,
                    0.00403497566339 -0.00280811555509 -0.005,
                    0.00407811555509 -0.00276497566339 -0.005,
                    0.00411310889132 -0.002715 -0.005,
                    0.00413889241728 -0.00265970705016 -0.005,
                    0.00415468271355 -0.00260077686218 -0.005

                  ]
                }
                normal Normal {
                  vector [
                    1 -4.4408921e-16 0,
                    0.98480773 -0.17364818 0,
                    0.93969262 -0.34202015 0,
                    0.86602539 -0.5 0,
                    0.76604444 -0.64278764 0,
                    0.64278764 -0.76604444 0,
                    0.5 -0.86602539 0,
                    0.34202015 -0.93969262 0,
                    0.17364818 -0.98480773 0,
                    0 -1 0,
                    -0.17364818 -0.98480773 0,
                    -0.34202015 -0.93969262 0,
                    -0.5 -0.86602539 0,
                    -0.64278764 -0.76604444 0,
                    -0.76604444 -0.64278764 0,
                    -0.86602539 -0.5 0,
                    -0.93969262 -0.34202015 0,
                    -0.98480773 -0.17364818 0,
                    -1 0 0,
                    -0.98480773 0.17364818 0,
                    -0.93969262 0.34202015 0,
                    -0.86602539 0.5 0,
                    -0.76604444 0.64278764 0,
                    -0.64278764 0.76604444 0,
                    -0.5 0.86602539 0,
                    -0.34202015 0.93969262 0,
                    -0.17364818 0.98480773 0,
                    0 1 0,
                    0.17364818 0.98480773 0,
                    0.34202015 0.93969262 0,
                    0.5 0.86602539 0,
                    0.64278764 0.76604444 0,
                    0.76604444 0.64278764 0,
                    0.86602539 0.5 0,
                    0.93969262 0.34202015 0,
                    0.98480773 0.17364818 0,
                    1 0 0,
                    1 0 0,
                    0.98480773 0.17364818 0,
                    0.93969262 0.34202015 0,
                    0.86602539 0.5 0,
                    0.76604444 0.64278764 0,
                    0.64278764 0.76604444 0,
                    0.5 0.86602539 0,
                    0.34202015 0.93969262 0,
                    0.17364818 0.98480773 0,
                    0 1 0,
                    -0.17364818 0.98480773 0,
                    -0.34202015 0.93969262 0,
                    -0.5 0.86602539 0,
                    -0.64278764 0.76604444 0,
                    -0.76604444 0.64278764 0,
                    -0.86602539 0.5 0,
                    -0.93969262 0.34202015 0,
                    -0.98480773 0.17364818 0,
                    -1 0 0,
                    -0.98480773 -0.17364818 0,
                    -0.93969262 -0.34202015 0,
                    -0.86602539 -0.5 0,
                    -0.76604444 -0.64278764 0,
                    -0.64278764 -0.76604444 0,
                    -0.5 -0.86602539 0,
                    -0.34202015 -0.93969262 0,
                    -0.17364818 -0.98480773 0,
                    0 -1 0,
                    0.17364818 -0.98480773 0,
                    0.34202015 -0.93969262 0,
                    0.5 -0.86602539 0,
                    0.64278764 -0.76604444 0,
                    0.76604444 -0.64278764 0,
                    0.86602539 -0.5 0,
                    0.93969262 -0.34202015 0,
                    0.98480773 -0.17364818 0,
                    1 -4.4408921e-16 0,
                    0 0 1,
                    0 0 1,
                    0 0 1,
                    0 0 1,
                    0 0 1,
                    0 0 1,
                    0 0 1,
                    0 0 1,
                    0 0 1,
                    0 0 1,
                    0 0 1,
                    0 0 1,
                    0 0 1,
                    0 0 1,
                    0 0 1,
                    0 0 1,
                    0 0 1,
                    0 0 1,
                    0 0 1,
                    0 0 1,
                    0 0 1,
                    0 0 1,
                    0 0 1,
                    0 0 1,
                    0 0 1,
                    0 0 1,
                    0 0 1,
                    0 0 1,
                    0 0 1,
                    0 0 1,
                    0 0 1,
                    0 0 1,
                    0 0 1,
                    0 0 1,
                    0 0 1,
                    0 0 1,
                    -0 -0 -1,
                    -0 -0 -1,
                    -0 -0 -1,
                    -0 -0 -1,
                    -0 -0 -1,
                    -0 -0 -1,
                    -0 -0 -1,
                    -0 -0 -1,
                    -0 -0 -1,
                    -0 -0 -1,
                    -0 -0 -1,
                    -0 -0 -1,
                    -0 -0 -1,
                    -0 -0 -1,
                    -0 -0 -1,
                    -0 -0 -1,
                    -0 -0 -1,
                    -0 -0 -1,
                    -0 -0 -1,
                    -0 -0 -1,
                    -0 -0 -1,
                    -0 -0 -1,
                    -0 -0 -1,
                    -0 -0 -1,
                    -0 -0 -1,
                    -0 -0 -1,
                    -0 -0 -1,
                    -0 -0 -1,
                    -0 -0 -1,
                    -0 -0 -1,
                    -0 -0 -1,
                    -0 -0 -1,
                    -0 -0 -1,
                    -0 -0 -1,
                    -0 -0 -1,
                    -0 -0 -1

                  ]
                }
                coordIndex [
                  71 0 36 -1 
                  70 36 35 -1 
                  69 35 34 -1 
                  68 34 33 -1 
                  67 33 32 -1 
                  29 64 30 -1 
                  28 63 29 -1 
                  27 62 28 -1 
                  26 61 27 -1 
                  25 60 26 -1 
                  24 59 25 -1 
                  23 58 24 -1 
                  22 57 23 -1 
                  21 56 22 -1 
                  20 55 21 -1 
                  19 54 20 -1 
                  18 53 19 -1 
                  17 52 18 -1 
                  16 51 17 -1 
                  15 50 16 -1 
                  14 49 15 -1 
                  13 48 14 -1 
                  12 47 13 -1 
                  11 46 12 -1 
                  10 45 11 -1 
                  9 44 10 -1 
                  8 43 9 -1 
                  7 42 8 -1 
                  6 41 7 -1 
                  5 40 6 -1 
                  4 39 5 -1 
                  3 38 4 -1 
                  2 37 3 -1 
                  0 1 2 -1 
                  66 32 31 -1 
                  65 31 30 -1 
                  37 2 1 -1 
                  38 3 37 -1 
                  39 4 38 -1 
                  40 5 39 -1 
                  41 6 40 -1 
                  42 7 41 -1 
                  43 8 42 -1 
                  44 9 43 -1 
                  45 10 44 -1 
                  46 11 45 -1 
                  47 12 46 -1 
                  48 13 47 -1 
                  49 14 48 -1 
                  50 15 49 -1 
                  51 16 50 -1 
                  52 17 51 -1 
                  53 18 52 -1 
                  54 19 53 -1 
                  55 20 54 -1 
                  56 21 55 -1 
                  57 22 56 -1 
                  58 23 57 -1 
                  59 24 58 -1 
                  60 25 59 -1 
                  61 26 60 -1 
                  62 27 61 -1 
                  63 28 62 -1 
                  64 29 63 -1 
                  65 30 64 -1 
                  66 31 65 -1 
                  67 32 66 -1 
                  68 33 67 -1 
                  69 34 68 -1 
                  70 35 69 -1 
                  71 36 70 -1 
                  1 0 71 -1 
                  3 0 2 -1 
                  4 0 3 -1 
                  5 0 4 -1 
                  6 0 5 -1 
                  7 0 6 -1 
                  8 0 7 -1 
                  9 0 8 -1 
                  10 0 9 -1 
                  11 0 10 -1 
                  12 0 11 -1 
                  13 0 12 -1 
                  14 0 13 -1 
                  15 0 14 -1 
                  16 0 15 -1 
                  17 0 16 -1 
                  18 0 17 -1 
                  19 0 18 -1 
                  20 0 19 -1 
                  21 0 20 -1 
                  22 0 21 -1 
                  23 0 22 -1 
                  24 0 23 -1 
                  25 0 24 -1 
                  26 0 25 -1 
                  27 0 26 -1 
                  28 0 27 -1 
                  29 0 28 -1 
                  30 0 29 -1 
                  31 0 30 -1 
                  32 0 31 -1 
                  33 0 32 -1 
                  34 0 33 -1 
                  35 0 34 -1 
                  36 0 35 -1 
                  38 37 1 -1 
                  39 38 1 -1 
                  40 39 1 -1 
                  41 40 1 -1 
                  42 41 1 -1 
                  43 42 1 -1 
                  44 43 1 -1 
                  45 44 1 -1 
                  46 45 1 -1 
                  47 46 1 -1 
                  48 47 1 -1 
                  49 48 1 -1 
                  50 49 1 -1 
                  51 50 1 -1 
                  52 51 1 -1 
                  53 52 1 -1 
                  54 53 1 -1 
                  55 54 1 -1 
                  56 55 1 -1 
                  57 56 1 -1 
                  58 57 1 -1 
                  59 58 1 -1 
                  60 59 1 -1 
                  61 60 1 -1 
                  62 61 1 -1 
                  63 62 1 -1 
                  64 63 1 -1 
                  65 64 1 -1 
                  66 65 1 -1 
                  67 66 1 -1 
                  68 67 1 -1 
                  69 68 1 -1 
                  70 69 1 -1 
                  71 70 1 -1 
                ]
                normalIndex [
                  72 0 1 -1 
                  71 1 2 -1 
                  70 2 3 -1 
                  69 3 4 -1 
                  68 4 5 -1 
                  8 65 7 -1 
                  9 64 8 -1 
                  10 63 9 -1 
                  11 62 10 -1 
                  12 61 11 -1 
                  13 60 12 -1 
                  14 59 13 -1 
                  15 58 14 -1 
                  16 57 15 -1 
                  17 56 16 -1 
                  18 55 17 -1 
                  19 54 18 -1 
                  20 53 19 -1 
                  21 52 20 -1 
                  22 51 21 -1 
                  23 50 22 -1 
                  24 49 23 -1 
                  25 48 24 -1 
                  26 47 25 -1 
                  27 46 26 -1 
                  28 45 27 -1 
                  29 44 28 -1 
                  30 43 29 -1 
                  31 42 30 -1 
                  32 41 31 -1 
                  33 40 32 -1 
                  34 39 33 -1 
                  35 38 34 -1 
                  36 37 35 -1 
                  67 5 6 -1 
                  66 6 7 -1 
                  38 35 37 -1 
                  39 34 38 -1 
                  40 33 39 -1 
                  41 32 40 -1 
                  42 31 41 -1 
                  43 30 42 -1 
                  44 29 43 -1 
                  45 28 44 -1 
                  46 27 45 -1 
                  47 26 46 -1 
                  48 25 47 -1 
                  49 24 48 -1 
                  50 23 49 -1 
                  51 22 50 -1 
                  52 21 51 -1 
                  53 20 52 -1 
                  54 19 53 -1 
                  55 18 54 -1 
                  56 17 55 -1 
                  57 16 56 -1 
                  58 15 57 -1 
                  59 14 58 -1 
                  60 13 59 -1 
                  61 12 60 -1 
                  62 11 61 -1 
                  63 10 62 -1 
                  64 9 63 -1 
                  65 8 64 -1 
                  66 7 65 -1 
                  67 6 66 -1 
                  68 5 67 -1 
                  69 4 68 -1 
                  70 3 69 -1 
                  71 2 70 -1 
                  72 1 71 -1 
                  73 0 72 -1 
                  76 74 75 -1 
                  77 74 76 -1 
                  78 74 77 -1 
                  79 74 78 -1 
                  80 74 79 -1 
                  81 74 80 -1 
                  82 74 81 -1 
                  83 74 82 -1 
                  84 74 83 -1 
                  85 74 84 -1 
                  86 74 85 -1 
                  87 74 86 -1 
                  88 74 87 -1 
                  89 74 88 -1 
                  90 74 89 -1 
                  91 74 90 -1 
                  92 74 91 -1 
                  93 74 92 -1 
                  94 74 93 -1 
                  95 74 94 -1 
                  96 74 95 -1 
                  97 74 96 -1 
                  98 74 97 -1 
                  99 74 98 -1 
                  100 74 99 -1 
                  101 74 100 -1 
                  102 74 101 -1 
                  103 74 102 -1 
                  104 74 103 -1 
                  105 74 104 -1 
                  106 74 105 -1 
                  107 74 106 -1 
                  108 74 107 -1 
                  109 74 108 -1 
                  112 111 110 -1 
                  113 112 110 -1 
                  114 113 110 -1 
                  115 114 110 -1 
                  116 115 110 -1 
                  117 116 110 -1 
                  118 117 110 -1 
                  119 118 110 -1 
                  120 119 110 -1 
                  121 120 110 -1 
                  122 121 110 -1 
                  123 122 110 -1 
                  124 123 110 -1 
                  125 124 110 -1 
                  126 125 110 -1 
                  127 126 110 -1 
                  128 127 110 -1 
                  129 128 110 -1 
                  130 129 110 -1 
                  131 130 110 -1 
                  132 131 110 -1 
                  133 132 110 -1 
                  134 133 110 -1 
                  135 134 110 -1 
                  136 135 110 -1 
                  137 136 110 -1 
                  138 137 110 -1 
                  139 138 110 -1 
                  140 139 110 -1 
                  141 140 110 -1 
                  142 141 110 -1 
                  143 142 110 -1 
                  144 143 110 -1 
                  145 144 110 -1 
                ]
              }
            }
            DEF Leads_5 Shape {
              appearance DEF __36 Appearance {
                material DEF __37 Material {
                  ambientIntensity 0.260947436094
                  diffuseColor 0.73400002718 0.773000001907 0.79699999094
                  shininess 0
                }
              }
              geometry DEF __38 IndexedFaceSet {
                solid FALSE
                coord Coordinate {
                  point [
                    0.00543 -8.57252759403e-20 0.0001,
                    0.00543 -8.57252759403e-20 -0.005,
                    0.00542468271355 6.07768621834e-05 0.0001,
                    0.00540889241728 0.000119707050164 0.0001,
                    0.00538310889132 0.000175 0.0001,
                    0.00534811555509 0.00022497566339 0.0001,
                    0.00530497566339 0.000268115555092 0.0001,
                    0.005255 0.000303108891325 0.0001,
                    0.00519970705016 0.000328892417275 0.0001,
                    0.00514077686218 0.000344682713554 0.0001,
                    0.00508 0.00035 0.0001,
                    0.00501922313782 0.000344682713554 0.0001,
                    0.00496029294984 0.000328892417275 0.0001,
                    0.004905 0.000303108891325 0.0001,
                    0.00485502433661 0.000268115555092 0.0001,
                    0.00481188444491 0.00022497566339 0.0001,
                    0.00477689110868 0.000175 0.0001,
                    0.00475110758272 0.000119707050164 0.0001,
                    0.00473531728645 6.07768621834e-05 0.0001,
                    0.00473 4.28626379702e-20 0.0001,
                    0.00473531728645 -6.07768621834e-05 0.0001,
                    0.00475110758272 -0.000119707050164 0.0001,
                    0.00477689110868 -0.000175 0.0001,
                    0.00481188444491 -0.00022497566339 0.0001,
                    0.00485502433661 -0.000268115555092 0.0001,
                    0.004905 -0.000303108891325 0.0001,
                    0.00496029294984 -0.000328892417275 0.0001,
                    0.00501922313782 -0.000344682713554 0.0001,
                    0.00508 -0.00035 0.0001,
                    0.00514077686218 -0.000344682713554 0.0001,
                    0.00519970705016 -0.000328892417275 0.0001,
                    0.005255 -0.000303108891325 0.0001,
                    0.00530497566339 -0.000268115555092 0.0001,
                    0.00534811555509 -0.00022497566339 0.0001,
                    0.00538310889132 -0.000175 0.0001,
                    0.00540889241728 -0.000119707050164 0.0001,
                    0.00542468271355 -6.07768621834e-05 0.0001,
                    0.00542468271355 6.07768621834e-05 -0.005,
                    0.00540889241728 0.000119707050164 -0.005,
                    0.00538310889132 0.000175 -0.005,
                    0.00534811555509 0.00022497566339 -0.005,
                    0.00530497566339 0.000268115555092 -0.005,
                    0.005255 0.000303108891325 -0.005,
                    0.00519970705016 0.000328892417275 -0.005,
                    0.00514077686218 0.000344682713554 -0.005,
                    0.00508 0.00035 -0.005,
                    0.00501922313782 0.000344682713554 -0.005,
                    0.00496029294984 0.000328892417275 -0.005,
                    0.004905 0.000303108891325 -0.005,
                    0.00485502433661 0.000268115555092 -0.005,
                    0.00481188444491 0.00022497566339 -0.005,
                    0.00477689110868 0.000175 -0.005,
                    0.00475110758272 0.000119707050164 -0.005,
                    0.00473531728645 6.07768621834e-05 -0.005,
                    0.00473 4.28626379702e-20 -0.005,
                    0.00473531728645 -6.07768621834e-05 -0.005,
                    0.00475110758272 -0.000119707050164 -0.005,
                    0.00477689110868 -0.000175 -0.005,
                    0.00481188444491 -0.00022497566339 -0.005,
                    0.00485502433661 -0.000268115555092 -0.005,
                    0.004905 -0.000303108891325 -0.005,
                    0.00496029294984 -0.000328892417275 -0.005,
                    0.00501922313782 -0.000344682713554 -0.005,
                    0.00508 -0.00035 -0.005,
                    0.00514077686218 -0.000344682713554 -0.005,
                    0.00519970705016 -0.000328892417275 -0.005,
                    0.005255 -0.000303108891325 -0.005,
                    0.00530497566339 -0.000268115555092 -0.005,
                    0.00534811555509 -0.00022497566339 -0.005,
                    0.00538310889132 -0.000175 -0.005,
                    0.00540889241728 -0.000119707050164 -0.005,
                    0.00542468271355 -6.07768621834e-05 -0.005

                  ]
                }
                normal Normal {
                  vector [
                    1 -2.4492937e-16 0,
                    0.98480773 -0.17364818 0,
                    0.93969262 -0.34202015 0,
                    0.86602539 -0.5 0,
                    0.76604444 -0.64278764 0,
                    0.64278764 -0.76604444 0,
                    0.5 -0.86602539 0,
                    0.34202015 -0.93969262 0,
                    0.17364818 -0.98480773 0,
                    0 -1 0,
                    -0.17364818 -0.98480773 0,
                    -0.34202015 -0.93969262 0,
                    -0.5 -0.86602539 0,
                    -0.64278764 -0.76604444 0,
                    -0.76604444 -0.64278764 0,
                    -0.86602539 -0.5 0,
                    -0.93969262 -0.34202015 0,
                    -0.98480773 -0.17364818 0,
                    -1 1.2246469e-16 0,
                    -0.98480773 0.17364818 0,
                    -0.93969262 0.34202015 0,
                    -0.86602539 0.5 0,
                    -0.76604444 0.64278764 0,
                    -0.64278764 0.76604444 0,
                    -0.5 0.86602539 0,
                    -0.34202015 0.93969262 0,
                    -0.17364818 0.98480773 0,
                    0 1 0,
                    0.17364818 0.98480773 0,
                    0.34202015 0.93969262 0,
                    0.5 0.86602539 0,
                    0.64278764 0.76604444 0,
                    0.76604444 0.64278764 0,
                    0.86602539 0.5 0,
                    0.93969262 0.34202015 0,
                    0.98480773 0.17364818 0,
                    1 0 0,
                    1 0 0,
                    0.98480773 0.17364818 0,
                    0.93969262 0.34202015 0,
                    0.86602539 0.5 0,
                    0.76604444 0.64278764 0,
                    0.64278764 0.76604444 0,
                    0.5 0.86602539 0,
                    0.34202015 0.93969262 0,
                    0.17364818 0.98480773 0,
                    0 1 0,
                    -0.17364818 0.98480773 0,
                    -0.34202015 0.93969262 0,
                    -0.5 0.86602539 0,
                    -0.64278764 0.76604444 0,
                    -0.76604444 0.64278764 0,
                    -0.86602539 0.5 0,
                    -0.93969262 0.34202015 0,
                    -0.98480773 0.17364818 0,
                    -1 1.2246469e-16 0,
                    -0.98480773 -0.17364818 0,
                    -0.93969262 -0.34202015 0,
                    -0.86602539 -0.5 0,
                    -0.76604444 -0.64278764 0,
                    -0.64278764 -0.76604444 0,
                    -0.5 -0.86602539 0,
                    -0.34202015 -0.93969262 0,
                    -0.17364818 -0.98480773 0,
                    0 -1 0,
                    0.17364818 -0.98480773 0,
                    0.34202015 -0.93969262 0,
                    0.5 -0.86602539 0,
                    0.64278764 -0.76604444 0,
                    0.76604444 -0.64278764 0,
                    0.86602539 -0.5 0,
                    0.93969262 -0.34202015 0,
                    0.98480773 -0.17364818 0,
                    1 -2.4492937e-16 0,
                    0 0 1,
                    0 0 1,
                    0 0 1,
                    0 0 1,
                    0 0 1,
                    0 0 1,
                    0 0 1,
                    0 0 1,
                    0 0 1,
                    0 0 1,
                    0 0 1,
                    0 0 1,
                    0 0 1,
                    0 0 1,
                    0 0 1,
                    0 0 1,
                    0 0 1,
                    0 0 1,
                    0 0 1,
                    0 0 1,
                    0 0 1,
                    0 0 1,
                    0 0 1,
                    0 0 1,
                    0 0 1,
                    0 0 1,
                    0 0 1,
                    0 0 1,
                    0 0 1,
                    0 0 1,
                    0 0 1,
                    0 0 1,
                    0 0 1,
                    0 0 1,
                    0 0 1,
                    0 0 1,
                    -0 -0 -1,
                    -0 -0 -1,
                    -0 -0 -1,
                    -0 -0 -1,
                    -0 -0 -1,
                    -0 -0 -1,
                    -0 -0 -1,
                    -0 -0 -1,
                    -0 -0 -1,
                    -0 -0 -1,
                    -0 -0 -1,
                    -0 -0 -1,
                    -0 -0 -1,
                    -0 -0 -1,
                    -0 -0 -1,
                    -0 -0 -1,
                    -0 -0 -1,
                    -0 -0 -1,
                    -0 -0 -1,
                    -0 -0 -1,
                    -0 -0 -1,
                    -0 -0 -1,
                    -0 -0 -1,
                    -0 -0 -1,
                    -0 -0 -1,
                    -0 -0 -1,
                    -0 -0 -1,
                    -0 -0 -1,
                    -0 -0 -1,
                    -0 -0 -1,
                    -0 -0 -1,
                    -0 -0 -1,
                    -0 -0 -1,
                    -0 -0 -1,
                    -0 -0 -1,
                    -0 -0 -1

                  ]
                }
                coordIndex [
                  71 0 36 -1 
                  70 36 35 -1 
                  69 35 34 -1 
                  68 34 33 -1 
                  67 33 32 -1 
                  29 64 30 -1 
                  28 63 29 -1 
                  27 62 28 -1 
                  26 61 27 -1 
                  25 60 26 -1 
                  24 59 25 -1 
                  23 58 24 -1 
                  22 57 23 -1 
                  21 56 22 -1 
                  20 55 21 -1 
                  19 54 20 -1 
                  18 53 19 -1 
                  17 52 18 -1 
                  16 51 17 -1 
                  15 50 16 -1 
                  14 49 15 -1 
                  13 48 14 -1 
                  12 47 13 -1 
                  11 46 12 -1 
                  10 45 11 -1 
                  9 44 10 -1 
                  8 43 9 -1 
                  7 42 8 -1 
                  6 41 7 -1 
                  5 40 6 -1 
                  4 39 5 -1 
                  3 38 4 -1 
                  2 37 3 -1 
                  0 1 2 -1 
                  66 32 31 -1 
                  65 31 30 -1 
                  37 2 1 -1 
                  38 3 37 -1 
                  39 4 38 -1 
                  40 5 39 -1 
                  41 6 40 -1 
                  42 7 41 -1 
                  43 8 42 -1 
                  44 9 43 -1 
                  45 10 44 -1 
                  46 11 45 -1 
                  47 12 46 -1 
                  48 13 47 -1 
                  49 14 48 -1 
                  50 15 49 -1 
                  51 16 50 -1 
                  52 17 51 -1 
                  53 18 52 -1 
                  54 19 53 -1 
                  55 20 54 -1 
                  56 21 55 -1 
                  57 22 56 -1 
                  58 23 57 -1 
                  59 24 58 -1 
                  60 25 59 -1 
                  61 26 60 -1 
                  62 27 61 -1 
                  63 28 62 -1 
                  64 29 63 -1 
                  65 30 64 -1 
                  66 31 65 -1 
                  67 32 66 -1 
                  68 33 67 -1 
                  69 34 68 -1 
                  70 35 69 -1 
                  71 36 70 -1 
                  1 0 71 -1 
                  3 0 2 -1 
                  4 0 3 -1 
                  5 0 4 -1 
                  6 0 5 -1 
                  7 0 6 -1 
                  8 0 7 -1 
                  9 0 8 -1 
                  10 0 9 -1 
                  11 0 10 -1 
                  12 0 11 -1 
                  13 0 12 -1 
                  14 0 13 -1 
                  15 0 14 -1 
                  16 0 15 -1 
                  17 0 16 -1 
                  18 0 17 -1 
                  19 0 18 -1 
                  20 0 19 -1 
                  21 0 20 -1 
                  22 0 21 -1 
                  23 0 22 -1 
                  24 0 23 -1 
                  25 0 24 -1 
                  26 0 25 -1 
                  27 0 26 -1 
                  28 0 27 -1 
                  29 0 28 -1 
                  30 0 29 -1 
                  31 0 30 -1 
                  32 0 31 -1 
                  33 0 32 -1 
                  34 0 33 -1 
                  35 0 34 -1 
                  36 0 35 -1 
                  38 37 1 -1 
                  39 38 1 -1 
                  40 39 1 -1 
                  41 40 1 -1 
                  42 41 1 -1 
                  43 42 1 -1 
                  44 43 1 -1 
                  45 44 1 -1 
                  46 45 1 -1 
                  47 46 1 -1 
                  48 47 1 -1 
                  49 48 1 -1 
                  50 49 1 -1 
                  51 50 1 -1 
                  52 51 1 -1 
                  53 52 1 -1 
                  54 53 1 -1 
                  55 54 1 -1 
                  56 55 1 -1 
                  57 56 1 -1 
                  58 57 1 -1 
                  59 58 1 -1 
                  60 59 1 -1 
                  61 60 1 -1 
                  62 61 1 -1 
                  63 62 1 -1 
                  64 63 1 -1 
                  65 64 1 -1 
                  66 65 1 -1 
                  67 66 1 -1 
                  68 67 1 -1 
                  69 68 1 -1 
                  70 69 1 -1 
                  71 70 1 -1 
                ]
                normalIndex [
                  72 0 1 -1 
                  71 1 2 -1 
                  70 2 3 -1 
                  69 3 4 -1 
                  68 4 5 -1 
                  8 65 7 -1 
                  9 64 8 -1 
                  10 63 9 -1 
                  11 62 10 -1 
                  12 61 11 -1 
                  13 60 12 -1 
                  14 59 13 -1 
                  15 58 14 -1 
                  16 57 15 -1 
                  17 56 16 -1 
                  18 55 17 -1 
                  19 54 18 -1 
                  20 53 19 -1 
                  21 52 20 -1 
                  22 51 21 -1 
                  23 50 22 -1 
                  24 49 23 -1 
                  25 48 24 -1 
                  26 47 25 -1 
                  27 46 26 -1 
                  28 45 27 -1 
                  29 44 28 -1 
                  30 43 29 -1 
                  31 42 30 -1 
                  32 41 31 -1 
                  33 40 32 -1 
                  34 39 33 -1 
                  35 38 34 -1 
                  36 37 35 -1 
                  67 5 6 -1 
                  66 6 7 -1 
                  38 35 37 -1 
                  39 34 38 -1 
                  40 33 39 -1 
                  41 32 40 -1 
                  42 31 41 -1 
                  43 30 42 -1 
                  44 29 43 -1 
                  45 28 44 -1 
                  46 27 45 -1 
                  47 26 46 -1 
                  48 25 47 -1 
                  49 24 48 -1 
                  50 23 49 -1 
                  51 22 50 -1 
                  52 21 51 -1 
                  53 20 52 -1 
                  54 19 53 -1 
                  55 18 54 -1 
                  56 17 55 -1 
                  57 16 56 -1 
                  58 15 57 -1 
                  59 14 58 -1 
                  60 13 59 -1 
                  61 12 60 -1 
                  62 11 61 -1 
                  63 10 62 -1 
                  64 9 63 -1 
                  65 8 64 -1 
                  66 7 65 -1 
                  67 6 66 -1 
                  68 5 67 -1 
                  69 4 68 -1 
                  70 3 69 -1 
                  71 2 70 -1 
                  72 1 71 -1 
                  73 0 72 -1 
                  76 74 75 -1 
                  77 74 76 -1 
                  78 74 77 -1 
                  79 74 78 -1 
                  80 74 79 -1 
                  81 74 80 -1 
                  82 74 81 -1 
                  83 74 82 -1 
                  84 74 83 -1 
                  85 74 84 -1 
                  86 74 85 -1 
                  87 74 86 -1 
                  88 74 87 -1 
                  89 74 88 -1 
                  90 74 89 -1 
                  91 74 90 -1 
                  92 74 91 -1 
                  93 74 92 -1 
                  94 74 93 -1 
                  95 74 94 -1 
                  96 74 95 -1 
                  97 74 96 -1 
                  98 74 97 -1 
                  99 74 98 -1 
                  100 74 99 -1 
                  101 74 100 -1 
                  102 74 101 -1 
                  103 74 102 -1 
                  104 74 103 -1 
                  105 74 104 -1 
                  106 74 105 -1 
                  107 74 106 -1 
                  108 74 107 -1 
                  109 74 108 -1 
                  112 111 110 -1 
                  113 112 110 -1 
                  114 113 110 -1 
                  115 114 110 -1 
                  116 115 110 -1 
                  117 116 110 -1 
                  118 117 110 -1 
                  119 118 110 -1 
                  120 119 110 -1 
                  121 120 110 -1 
                  122 121 110 -1 
                  123 122 110 -1 
                  124 123 110 -1 
                  125 124 110 -1 
                  126 125 110 -1 
                  127 126 110 -1 
                  128 127 110 -1 
                  129 128 110 -1 
                  130 129 110 -1 
                  131 130 110 -1 
                  132 131 110 -1 
                  133 132 110 -1 
                  134 133 110 -1 
                  135 134 110 -1 
                  136 135 110 -1 
                  137 136 110 -1 
                  138 137 110 -1 
                  139 138 110 -1 
                  140 139 110 -1 
                  141 140 110 -1 
                  142 141 110 -1 
                  143 142 110 -1 
                  144 143 110 -1 
                  145 144 110 -1 
                ]
              }
            }
            DEF Leads_6 Shape {
              appearance DEF __40 Appearance {
                material DEF __41 Material {
                  ambientIntensity 0.260947436094
                  diffuseColor 0.73400002718 0.773000001907 0.79699999094
                  shininess 0
                }
              }
              geometry DEF __42 IndexedFaceSet {
                solid FALSE
                coord Coordinate {
                  point [
                    0.0067 -0.00254 0.0001,
                    0.0067 -0.00254 -0.005,
                    0.00669468271355 -0.00247922313782 0.0001,
                    0.00667889241728 -0.00242029294984 0.0001,
                    0.00665310889132 -0.002365 0.0001,
                    0.00661811555509 -0.00231502433661 0.0001,
                    0.00657497566339 -0.00227188444491 0.0001,
                    0.006525 -0.00223689110868 0.0001,
                    0.00646970705016 -0.00221110758272 0.0001,
                    0.00641077686218 -0.00219531728645 0.0001,
                    0.00635 -0.00219 0.0001,
                    0.00628922313782 -0.00219531728645 0.0001,
                    0.00623029294984 -0.00221110758272 0.0001,
                    0.006175 -0.00223689110868 0.0001,
                    0.00612502433661 -0.00227188444491 0.0001,
                    0.00608188444491 -0.00231502433661 0.0001,
                    0.00604689110868 -0.002365 0.0001,
                    0.00602110758272 -0.00242029294984 0.0001,
                    0.00600531728645 -0.00247922313782 0.0001,
                    0.006 -0.00254 0.0001,
                    0.00600531728645 -0.00260077686218 0.0001,
                    0.00602110758272 -0.00265970705016 0.0001,
                    0.00604689110868 -0.002715 0.0001,
                    0.00608188444491 -0.00276497566339 0.0001,
                    0.00612502433661 -0.00280811555509 0.0001,
                    0.006175 -0.00284310889132 0.0001,
                    0.00623029294984 -0.00286889241728 0.0001,
                    0.00628922313782 -0.00288468271355 0.0001,
                    0.00635 -0.00289 0.0001,
                    0.00641077686218 -0.00288468271355 0.0001,
                    0.00646970705016 -0.00286889241728 0.0001,
                    0.006525 -0.00284310889132 0.0001,
                    0.00657497566339 -0.00280811555509 0.0001,
                    0.00661811555509 -0.00276497566339 0.0001,
                    0.00665310889132 -0.002715 0.0001,
                    0.00667889241728 -0.00265970705016 0.0001,
                    0.00669468271355 -0.00260077686218 0.0001,
                    0.00669468271355 -0.00247922313782 -0.005,
                    0.00667889241728 -0.00242029294984 -0.005,
                    0.00665310889132 -0.002365 -0.005,
                    0.00661811555509 -0.00231502433661 -0.005,
                    0.00657497566339 -0.00227188444491 -0.005,
                    0.006525 -0.00223689110868 -0.005,
                    0.00646970705016 -0.00221110758272 -0.005,
                    0.00641077686218 -0.00219531728645 -0.005,
                    0.00635 -0.00219 -0.005,
                    0.00628922313782 -0.00219531728645 -0.005,
                    0.00623029294984 -0.00221110758272 -0.005,
                    0.006175 -0.00223689110868 -0.005,
                    0.00612502433661 -0.00227188444491 -0.005,
                    0.00608188444491 -0.00231502433661 -0.005,
                    0.00604689110868 -0.002365 -0.005,
                    0.00602110758272 -0.00242029294984 -0.005,
                    0.00600531728645 -0.00247922313782 -0.005,
                    0.006 -0.00254 -0.005,
                    0.00600531728645 -0.00260077686218 -0.005,
                    0.00602110758272 -0.00265970705016 -0.005,
                    0.00604689110868 -0.002715 -0.005,
                    0.00608188444491 -0.00276497566339 -0.005,
                    0.00612502433661 -0.00280811555509 -0.005,
                    0.006175 -0.00284310889132 -0.005,
                    0.00623029294984 -0.00286889241728 -0.005,
                    0.00628922313782 -0.00288468271355 -0.005,
                    0.00635 -0.00289 -0.005,
                    0.00641077686218 -0.00288468271355 -0.005,
                    0.00646970705016 -0.00286889241728 -0.005,
                    0.006525 -0.00284310889132 -0.005,
                    0.00657497566339 -0.00280811555509 -0.005,
                    0.00661811555509 -0.00276497566339 -0.005,
                    0.00665310889132 -0.002715 -0.005,
                    0.00667889241728 -0.00265970705016 -0.005,
                    0.00669468271355 -0.00260077686218 -0.005

                  ]
                }
                normal Normal {
                  vector [
                    1 -4.4408921e-16 0,
                    0.98480773 -0.17364818 0,
                    0.93969262 -0.34202015 0,
                    0.86602539 -0.5 0,
                    0.76604444 -0.64278764 0,
                    0.64278764 -0.76604444 0,
                    0.5 -0.86602539 0,
                    0.34202015 -0.93969262 0,
                    0.17364818 -0.98480773 0,
                    0 -1 0,
                    -0.17364818 -0.98480773 0,
                    -0.34202015 -0.93969262 0,
                    -0.5 -0.86602539 0,
                    -0.64278764 -0.76604444 0,
                    -0.76604444 -0.64278764 0,
                    -0.86602539 -0.5 0,
                    -0.93969262 -0.34202015 0,
                    -0.98480773 -0.17364818 0,
                    -1 0 0,
                    -0.98480773 0.17364818 0,
                    -0.93969262 0.34202015 0,
                    -0.86602539 0.5 0,
                    -0.76604444 0.64278764 0,
                    -0.64278764 0.76604444 0,
                    -0.5 0.86602539 0,
                    -0.34202015 0.93969262 0,
                    -0.17364818 0.98480773 0,
                    0 1 0,
                    0.17364818 0.98480773 0,
                    0.34202015 0.93969262 0,
                    0.5 0.86602539 0,
                    0.64278764 0.76604444 0,
                    0.76604444 0.64278764 0,
                    0.86602539 0.5 0,
                    0.93969262 0.34202015 0,
                    0.98480773 0.17364818 0,
                    1 0 0,
                    1 0 0,
                    0.98480773 0.17364818 0,
                    0.93969262 0.34202015 0,
                    0.86602539 0.5 0,
                    0.76604444 0.64278764 0,
                    0.64278764 0.76604444 0,
                    0.5 0.86602539 0,
                    0.34202015 0.93969262 0,
                    0.17364818 0.98480773 0,
                    0 1 0,
                    -0.17364818 0.98480773 0,
                    -0.34202015 0.93969262 0,
                    -0.5 0.86602539 0,
                    -0.64278764 0.76604444 0,
                    -0.76604444 0.64278764 0,
                    -0.86602539 0.5 0,
                    -0.93969262 0.34202015 0,
                    -0.98480773 0.17364818 0,
                    -1 0 0,
                    -0.98480773 -0.17364818 0,
                    -0.93969262 -0.34202015 0,
                    -0.86602539 -0.5 0,
                    -0.76604444 -0.64278764 0,
                    -0.64278764 -0.76604444 0,
                    -0.5 -0.86602539 0,
                    -0.34202015 -0.93969262 0,
                    -0.17364818 -0.98480773 0,
                    0 -1 0,
                    0.17364818 -0.98480773 0,
                    0.34202015 -0.93969262 0,
                    0.5 -0.86602539 0,
                    0.64278764 -0.76604444 0,
                    0.76604444 -0.64278764 0,
                    0.86602539 -0.5 0,
                    0.93969262 -0.34202015 0,
                    0.98480773 -0.17364818 0,
                    1 -4.4408921e-16 0,
                    0 0 1,
                    0 0 1,
                    0 0 1,
                    0 0 1,
                    0 0 1,
                    0 0 1,
                    0 0 1,
                    0 0 1,
                    0 0 1,
                    0 0 1,
                    0 0 1,
                    0 0 1,
                    0 0 1,
                    0 0 1,
                    0 0 1,
                    0 0 1,
                    0 0 1,
                    0 0 1,
                    0 0 1,
                    0 0 1,
                    0 0 1,
                    0 0 1,
                    0 0 1,
                    0 0 1,
                    0 0 1,
                    0 0 1,
                    0 0 1,
                    0 0 1,
                    0 0 1,
                    0 0 1,
                    0 0 1,
                    0 0 1,
                    0 0 1,
                    0 0 1,
                    0 0 1,
                    0 0 1,
                    -0 -0 -1,
                    -0 -0 -1,
                    -0 -0 -1,
                    -0 -0 -1,
                    -0 -0 -1,
                    -0 -0 -1,
                    -0 -0 -1,
                    -0 -0 -1,
                    -0 -0 -1,
                    -0 -0 -1,
                    -0 -0 -1,
                    -0 -0 -1,
                    -0 -0 -1,
                    -0 -0 -1,
                    -0 -0 -1,
                    -0 -0 -1,
                    -0 -0 -1,
                    -0 -0 -1,
                    -0 -0 -1,
                    -0 -0 -1,
                    -0 -0 -1,
                    -0 -0 -1,
                    -0 -0 -1,
                    -0 -0 -1,
                    -0 -0 -1,
                    -0 -0 -1,
                    -0 -0 -1,
                    -0 -0 -1,
                    -0 -0 -1,
                    -0 -0 -1,
                    -0 -0 -1,
                    -0 -0 -1,
                    -0 -0 -1,
                    -0 -0 -1,
                    -0 -0 -1,
                    -0 -0 -1

                  ]
                }
                coordIndex [
                  71 0 36 -1 
                  70 36 35 -1 
                  69 35 34 -1 
                  68 34 33 -1 
                  67 33 32 -1 
                  29 64 30 -1 
                  28 63 29 -1 
                  27 62 28 -1 
                  26 61 27 -1 
                  25 60 26 -1 
                  24 59 25 -1 
                  23 58 24 -1 
                  22 57 23 -1 
                  21 56 22 -1 
                  20 55 21 -1 
                  19 54 20 -1 
                  18 53 19 -1 
                  17 52 18 -1 
                  16 51 17 -1 
                  15 50 16 -1 
                  14 49 15 -1 
                  13 48 14 -1 
                  12 47 13 -1 
                  11 46 12 -1 
                  10 45 11 -1 
                  9 44 10 -1 
                  8 43 9 -1 
                  7 42 8 -1 
                  6 41 7 -1 
                  5 40 6 -1 
                  4 39 5 -1 
                  3 38 4 -1 
                  2 37 3 -1 
                  0 1 2 -1 
                  66 32 31 -1 
                  65 31 30 -1 
                  37 2 1 -1 
                  38 3 37 -1 
                  39 4 38 -1 
                  40 5 39 -1 
                  41 6 40 -1 
                  42 7 41 -1 
                  43 8 42 -1 
                  44 9 43 -1 
                  45 10 44 -1 
                  46 11 45 -1 
                  47 12 46 -1 
                  48 13 47 -1 
                  49 14 48 -1 
                  50 15 49 -1 
                  51 16 50 -1 
                  52 17 51 -1 
                  53 18 52 -1 
                  54 19 53 -1 
                  55 20 54 -1 
                  56 21 55 -1 
                  57 22 56 -1 
                  58 23 57 -1 
                  59 24 58 -1 
                  60 25 59 -1 
                  61 26 60 -1 
                  62 27 61 -1 
                  63 28 62 -1 
                  64 29 63 -1 
                  65 30 64 -1 
                  66 31 65 -1 
                  67 32 66 -1 
                  68 33 67 -1 
                  69 34 68 -1 
                  70 35 69 -1 
                  71 36 70 -1 
                  1 0 71 -1 
                  3 0 2 -1 
                  4 0 3 -1 
                  5 0 4 -1 
                  6 0 5 -1 
                  7 0 6 -1 
                  8 0 7 -1 
                  9 0 8 -1 
                  10 0 9 -1 
                  11 0 10 -1 
                  12 0 11 -1 
                  13 0 12 -1 
                  14 0 13 -1 
                  15 0 14 -1 
                  16 0 15 -1 
                  17 0 16 -1 
                  18 0 17 -1 
                  19 0 18 -1 
                  20 0 19 -1 
                  21 0 20 -1 
                  22 0 21 -1 
                  23 0 22 -1 
                  24 0 23 -1 
                  25 0 24 -1 
                  26 0 25 -1 
                  27 0 26 -1 
                  28 0 27 -1 
                  29 0 28 -1 
                  30 0 29 -1 
                  31 0 30 -1 
                  32 0 31 -1 
                  33 0 32 -1 
                  34 0 33 -1 
                  35 0 34 -1 
                  36 0 35 -1 
                  38 37 1 -1 
                  39 38 1 -1 
                  40 39 1 -1 
                  41 40 1 -1 
                  42 41 1 -1 
                  43 42 1 -1 
                  44 43 1 -1 
                  45 44 1 -1 
                  46 45 1 -1 
                  47 46 1 -1 
                  48 47 1 -1 
                  49 48 1 -1 
                  50 49 1 -1 
                  51 50 1 -1 
                  52 51 1 -1 
                  53 52 1 -1 
                  54 53 1 -1 
                  55 54 1 -1 
                  56 55 1 -1 
                  57 56 1 -1 
                  58 57 1 -1 
                  59 58 1 -1 
                  60 59 1 -1 
                  61 60 1 -1 
                  62 61 1 -1 
                  63 62 1 -1 
                  64 63 1 -1 
                  65 64 1 -1 
                  66 65 1 -1 
                  67 66 1 -1 
                  68 67 1 -1 
                  69 68 1 -1 
                  70 69 1 -1 
                  71 70 1 -1 
                ]
                normalIndex [
                  72 0 1 -1 
                  71 1 2 -1 
                  70 2 3 -1 
                  69 3 4 -1 
                  68 4 5 -1 
                  8 65 7 -1 
                  9 64 8 -1 
                  10 63 9 -1 
                  11 62 10 -1 
                  12 61 11 -1 
                  13 60 12 -1 
                  14 59 13 -1 
                  15 58 14 -1 
                  16 57 15 -1 
                  17 56 16 -1 
                  18 55 17 -1 
                  19 54 18 -1 
                  20 53 19 -1 
                  21 52 20 -1 
                  22 51 21 -1 
                  23 50 22 -1 
                  24 49 23 -1 
                  25 48 24 -1 
                  26 47 25 -1 
                  27 46 26 -1 
                  28 45 27 -1 
                  29 44 28 -1 
                  30 43 29 -1 
                  31 42 30 -1 
                  32 41 31 -1 
                  33 40 32 -1 
                  34 39 33 -1 
                  35 38 34 -1 
                  36 37 35 -1 
                  67 5 6 -1 
                  66 6 7 -1 
                  38 35 37 -1 
                  39 34 38 -1 
                  40 33 39 -1 
                  41 32 40 -1 
                  42 31 41 -1 
                  43 30 42 -1 
                  44 29 43 -1 
                  45 28 44 -1 
                  46 27 45 -1 
                  47 26 46 -1 
                  48 25 47 -1 
                  49 24 48 -1 
                  50 23 49 -1 
                  51 22 50 -1 
                  52 21 51 -1 
                  53 20 52 -1 
                  54 19 53 -1 
                  55 18 54 -1 
                  56 17 55 -1 
                  57 16 56 -1 
                  58 15 57 -1 
                  59 14 58 -1 
                  60 13 59 -1 
                  61 12 60 -1 
                  62 11 61 -1 
                  63 10 62 -1 
                  64 9 63 -1 
                  65 8 64 -1 
                  66 7 65 -1 
                  67 6 66 -1 
                  68 5 67 -1 
                  69 4 68 -1 
                  70 3 69 -1 
                  71 2 70 -1 
                  72 1 71 -1 
                  73 0 72 -1 
                  76 74 75 -1 
                  77 74 76 -1 
                  78 74 77 -1 
                  79 74 78 -1 
                  80 74 79 -1 
                  81 74 80 -1 
                  82 74 81 -1 
                  83 74 82 -1 
                  84 74 83 -1 
                  85 74 84 -1 
                  86 74 85 -1 
                  87 74 86 -1 
                  88 74 87 -1 
                  89 74 88 -1 
                  90 74 89 -1 
                  91 74 90 -1 
                  92 74 91 -1 
                  93 74 92 -1 
                  94 74 93 -1 
                  95 74 94 -1 
                  96 74 95 -1 
                  97 74 96 -1 
                  98 74 97 -1 
                  99 74 98 -1 
                  100 74 99 -1 
                  101 74 100 -1 
                  102 74 101 -1 
                  103 74 102 -1 
                  104 74 103 -1 
                  105 74 104 -1 
                  106 74 105 -1 
                  107 74 106 -1 
                  108 74 107 -1 
                  109 74 108 -1 
                  112 111 110 -1 
                  113 112 110 -1 
                  114 113 110 -1 
                  115 114 110 -1 
                  116 115 110 -1 
                  117 116 110 -1 
                  118 117 110 -1 
                  119 118 110 -1 
                  120 119 110 -1 
                  121 120 110 -1 
                  122 121 110 -1 
                  123 122 110 -1 
                  124 123 110 -1 
                  125 124 110 -1 
                  126 125 110 -1 
                  127 126 110 -1 
                  128 127 110 -1 
                  129 128 110 -1 
                  130 129 110 -1 
                  131 130 110 -1 
                  132 131 110 -1 
                  133 132 110 -1 
                  134 133 110 -1 
                  135 134 110 -1 
                  136 135 110 -1 
                  137 136 110 -1 
                  138 137 110 -1 
                  139 138 110 -1 
                  140 139 110 -1 
                  141 140 110 -1 
                  142 141 110 -1 
                  143 142 110 -1 
                  144 143 110 -1 
                  145 144 110 -1 
                ]
              }
            }
            DEF Leads_7 Shape {
              appearance DEF __44 Appearance {
                material DEF __45 Material {
                  ambientIntensity 0.260947436094
                  diffuseColor 0.73400002718 0.773000001907 0.79699999094
                  shininess 0
                }
              }
              geometry DEF __46 IndexedFaceSet {
                solid FALSE
                coord Coordinate {
                  point [
                    0.00797 -8.57252759403e-20 0.0001,
                    0.00797 -8.57252759403e-20 -0.005,
                    0.00796468271355 6.07768621834e-05 0.0001,
                    0.00794889241728 0.000119707050164 0.0001,
                    0.00792310889132 0.000175 0.0001,
                    0.00788811555509 0.00022497566339 0.0001,
                    0.00784497566339 0.000268115555092 0.0001,
                    0.007795 0.000303108891325 0.0001,
                    0.00773970705016 0.000328892417275 0.0001,
                    0.00768077686218 0.000344682713554 0.0001,
                    0.00762 0.00035 0.0001,
                    0.00755922313782 0.000344682713554 0.0001,
                    0.00750029294984 0.000328892417275 0.0001,
                    0.007445 0.000303108891325 0.0001,
                    0.00739502433661 0.000268115555092 0.0001,
                    0.00735188444491 0.00022497566339 0.0001,
                    0.00731689110868 0.000175 0.0001,
                    0.00729110758272 0.000119707050164 0.0001,
                    0.00727531728645 6.07768621834e-05 0.0001,
                    0.00727 4.28626379702e-20 0.0001,
                    0.00727531728645 -6.07768621834e-05 0.0001,
                    0.00729110758272 -0.000119707050164 0.0001,
                    0.00731689110868 -0.000175 0.0001,
                    0.00735188444491 -0.00022497566339 0.0001,
                    0.00739502433661 -0.000268115555092 0.0001,
                    0.007445 -0.000303108891325 0.0001,
                    0.00750029294984 -0.000328892417275 0.0001,
                    0.00755922313782 -0.000344682713554 0.0001,
                    0.00762 -0.00035 0.0001,
                    0.00768077686218 -0.000344682713554 0.0001,
                    0.00773970705016 -0.000328892417275 0.0001,
                    0.007795 -0.000303108891325 0.0001,
                    0.00784497566339 -0.000268115555092 0.0001,
                    0.00788811555509 -0.00022497566339 0.0001,
                    0.00792310889132 -0.000175 0.0001,
                    0.00794889241728 -0.000119707050164 0.0001,
                    0.00796468271355 -6.07768621834e-05 0.0001,
                    0.00796468271355 6.07768621834e-05 -0.005,
                    0.00794889241728 0.000119707050164 -0.005,
                    0.00792310889132 0.000175 -0.005,
                    0.00788811555509 0.00022497566339 -0.005,
                    0.00784497566339 0.000268115555092 -0.005,
                    0.007795 0.000303108891325 -0.005,
                    0.00773970705016 0.000328892417275 -0.005,
                    0.00768077686218 0.000344682713554 -0.005,
                    0.00762 0.00035 -0.005,
                    0.00755922313782 0.000344682713554 -0.005,
                    0.00750029294984 0.000328892417275 -0.005,
                    0.007445 0.000303108891325 -0.005,
                    0.00739502433661 0.000268115555092 -0.005,
                    0.00735188444491 0.00022497566339 -0.005,
                    0.00731689110868 0.000175 -0.005,
                    0.00729110758272 0.000119707050164 -0.005,
                    0.00727531728645 6.07768621834e-05 -0.005,
                    0.00727 4.28626379702e-20 -0.005,
                    0.00727531728645 -6.07768621834e-05 -0.005,
                    0.00729110758272 -0.000119707050164 -0.005,
                    0.00731689110868 -0.000175 -0.005,
                    0.00735188444491 -0.00022497566339 -0.005,
                    0.00739502433661 -0.000268115555092 -0.005,
                    0.007445 -0.000303108891325 -0.005,
                    0.00750029294984 -0.000328892417275 -0.005,
                    0.00755922313782 -0.000344682713554 -0.005,
                    0.00762 -0.00035 -0.005,
                    0.00768077686218 -0.000344682713554 -0.005,
                    0.00773970705016 -0.000328892417275 -0.005,
                    0.007795 -0.000303108891325 -0.005,
                    0.00784497566339 -0.000268115555092 -0.005,
                    0.00788811555509 -0.00022497566339 -0.005,
                    0.00792310889132 -0.000175 -0.005,
                    0.00794889241728 -0.000119707050164 -0.005,
                    0.00796468271355 -6.07768621834e-05 -0.005

                  ]
                }
                normal Normal {
                  vector [
                    1 -2.4492937e-16 0,
                    0.98480773 -0.17364818 0,
                    0.93969262 -0.34202015 0,
                    0.86602539 -0.5 0,
                    0.76604444 -0.64278764 0,
                    0.64278764 -0.76604444 0,
                    0.5 -0.86602539 0,
                    0.34202015 -0.93969262 0,
                    0.17364818 -0.98480773 0,
                    0 -1 0,
                    -0.17364818 -0.98480773 0,
                    -0.34202015 -0.93969262 0,
                    -0.5 -0.86602539 0,
                    -0.64278764 -0.76604444 0,
                    -0.76604444 -0.64278764 0,
                    -0.86602539 -0.5 0,
                    -0.93969262 -0.34202015 0,
                    -0.98480773 -0.17364818 0,
                    -1 1.2246469e-16 0,
                    -0.98480773 0.17364818 0,
                    -0.93969262 0.34202015 0,
                    -0.86602539 0.5 0,
                    -0.76604444 0.64278764 0,
                    -0.64278764 0.76604444 0,
                    -0.5 0.86602539 0,
                    -0.34202015 0.93969262 0,
                    -0.17364818 0.98480773 0,
                    0 1 0,
                    0.17364818 0.98480773 0,
                    0.34202015 0.93969262 0,
                    0.5 0.86602539 0,
                    0.64278764 0.76604444 0,
                    0.76604444 0.64278764 0,
                    0.86602539 0.5 0,
                    0.93969262 0.34202015 0,
                    0.98480773 0.17364818 0,
                    1 0 0,
                    1 0 0,
                    0.98480773 0.17364818 0,
                    0.93969262 0.34202015 0,
                    0.86602539 0.5 0,
                    0.76604444 0.64278764 0,
                    0.64278764 0.76604444 0,
                    0.5 0.86602539 0,
                    0.34202015 0.93969262 0,
                    0.17364818 0.98480773 0,
                    0 1 0,
                    -0.17364818 0.98480773 0,
                    -0.34202015 0.93969262 0,
                    -0.5 0.86602539 0,
                    -0.64278764 0.76604444 0,
                    -0.76604444 0.64278764 0,
                    -0.86602539 0.5 0,
                    -0.93969262 0.34202015 0,
                    -0.98480773 0.17364818 0,
                    -1 1.2246469e-16 0,
                    -0.98480773 -0.17364818 0,
                    -0.93969262 -0.34202015 0,
                    -0.86602539 -0.5 0,
                    -0.76604444 -0.64278764 0,
                    -0.64278764 -0.76604444 0,
                    -0.5 -0.86602539 0,
                    -0.34202015 -0.93969262 0,
                    -0.17364818 -0.98480773 0,
                    0 -1 0,
                    0.17364818 -0.98480773 0,
                    0.34202015 -0.93969262 0,
                    0.5 -0.86602539 0,
                    0.64278764 -0.76604444 0,
                    0.76604444 -0.64278764 0,
                    0.86602539 -0.5 0,
                    0.93969262 -0.34202015 0,
                    0.98480773 -0.17364818 0,
                    1 -2.4492937e-16 0,
                    0 0 1,
                    0 0 1,
                    0 0 1,
                    0 0 1,
                    0 0 1,
                    0 0 1,
                    0 0 1,
                    0 0 1,
                    0 0 1,
                    0 0 1,
                    0 0 1,
                    0 0 1,
                    0 0 1,
                    0 0 1,
                    0 0 1,
                    0 0 1,
                    0 0 1,
                    0 0 1,
                    0 0 1,
                    0 0 1,
                    0 0 1,
                    0 0 1,
                    0 0 1,
                    0 0 1,
                    0 0 1,
                    0 0 1,
                    0 0 1,
                    0 0 1,
                    0 0 1,
                    0 0 1,
                    0 0 1,
                    0 0 1,
                    0 0 1,
                    0 0 1,
                    0 0 1,
                    0 0 1,
                    -0 -0 -1,
                    -0 -0 -1,
                    -0 -0 -1,
                    -0 -0 -1,
                    -0 -0 -1,
                    -0 -0 -1,
                    -0 -0 -1,
                    -0 -0 -1,
                    -0 -0 -1,
                    -0 -0 -1,
                    -0 -0 -1,
                    -0 -0 -1,
                    -0 -0 -1,
                    -0 -0 -1,
                    -0 -0 -1,
                    -0 -0 -1,
                    -0 -0 -1,
                    -0 -0 -1,
                    -0 -0 -1,
                    -0 -0 -1,
                    -0 -0 -1,
                    -0 -0 -1,
                    -0 -0 -1,
                    -0 -0 -1,
                    -0 -0 -1,
                    -0 -0 -1,
                    -0 -0 -1,
                    -0 -0 -1,
                    -0 -0 -1,
                    -0 -0 -1,
                    -0 -0 -1,
                    -0 -0 -1,
                    -0 -0 -1,
                    -0 -0 -1,
                    -0 -0 -1,
                    -0 -0 -1

                  ]
                }
                coordIndex [
                  71 0 36 -1 
                  70 36 35 -1 
                  69 35 34 -1 
                  68 34 33 -1 
                  67 33 32 -1 
                  29 64 30 -1 
                  28 63 29 -1 
                  27 62 28 -1 
                  26 61 27 -1 
                  25 60 26 -1 
                  24 59 25 -1 
                  23 58 24 -1 
                  22 57 23 -1 
                  21 56 22 -1 
                  20 55 21 -1 
                  19 54 20 -1 
                  18 53 19 -1 
                  17 52 18 -1 
                  16 51 17 -1 
                  15 50 16 -1 
                  14 49 15 -1 
                  13 48 14 -1 
                  12 47 13 -1 
                  11 46 12 -1 
                  10 45 11 -1 
                  9 44 10 -1 
                  8 43 9 -1 
                  7 42 8 -1 
                  6 41 7 -1 
                  5 40 6 -1 
                  4 39 5 -1 
                  3 38 4 -1 
                  2 37 3 -1 
                  0 1 2 -1 
                  66 32 31 -1 
                  65 31 30 -1 
                  37 2 1 -1 
                  38 3 37 -1 
                  39 4 38 -1 
                  40 5 39 -1 
                  41 6 40 -1 
                  42 7 41 -1 
                  43 8 42 -1 
                  44 9 43 -1 
                  45 10 44 -1 
                  46 11 45 -1 
                  47 12 46 -1 
                  48 13 47 -1 
                  49 14 48 -1 
                  50 15 49 -1 
                  51 16 50 -1 
                  52 17 51 -1 
                  53 18 52 -1 
                  54 19 53 -1 
                  55 20 54 -1 
                  56 21 55 -1 
                  57 22 56 -1 
                  58 23 57 -1 
                  59 24 58 -1 
                  60 25 59 -1 
                  61 26 60 -1 
                  62 27 61 -1 
                  63 28 62 -1 
                  64 29 63 -1 
                  65 30 64 -1 
                  66 31 65 -1 
                  67 32 66 -1 
                  68 33 67 -1 
                  69 34 68 -1 
                  70 35 69 -1 
                  71 36 70 -1 
                  1 0 71 -1 
                  3 0 2 -1 
                  4 0 3 -1 
                  5 0 4 -1 
                  6 0 5 -1 
                  7 0 6 -1 
                  8 0 7 -1 
                  9 0 8 -1 
                  10 0 9 -1 
                  11 0 10 -1 
                  12 0 11 -1 
                  13 0 12 -1 
                  14 0 13 -1 
                  15 0 14 -1 
                  16 0 15 -1 
                  17 0 16 -1 
                  18 0 17 -1 
                  19 0 18 -1 
                  20 0 19 -1 
                  21 0 20 -1 
                  22 0 21 -1 
                  23 0 22 -1 
                  24 0 23 -1 
                  25 0 24 -1 
                  26 0 25 -1 
                  27 0 26 -1 
                  28 0 27 -1 
                  29 0 28 -1 
                  30 0 29 -1 
                  31 0 30 -1 
                  32 0 31 -1 
                  33 0 32 -1 
                  34 0 33 -1 
                  35 0 34 -1 
                  36 0 35 -1 
                  38 37 1 -1 
                  39 38 1 -1 
                  40 39 1 -1 
                  41 40 1 -1 
                  42 41 1 -1 
                  43 42 1 -1 
                  44 43 1 -1 
                  45 44 1 -1 
                  46 45 1 -1 
                  47 46 1 -1 
                  48 47 1 -1 
                  49 48 1 -1 
                  50 49 1 -1 
                  51 50 1 -1 
                  52 51 1 -1 
                  53 52 1 -1 
                  54 53 1 -1 
                  55 54 1 -1 
                  56 55 1 -1 
                  57 56 1 -1 
                  58 57 1 -1 
                  59 58 1 -1 
                  60 59 1 -1 
                  61 60 1 -1 
                  62 61 1 -1 
                  63 62 1 -1 
                  64 63 1 -1 
                  65 64 1 -1 
                  66 65 1 -1 
                  67 66 1 -1 
                  68 67 1 -1 
                  69 68 1 -1 
                  70 69 1 -1 
                  71 70 1 -1 
                ]
                normalIndex [
                  72 0 1 -1 
                  71 1 2 -1 
                  70 2 3 -1 
                  69 3 4 -1 
                  68 4 5 -1 
                  8 65 7 -1 
                  9 64 8 -1 
                  10 63 9 -1 
                  11 62 10 -1 
                  12 61 11 -1 
                  13 60 12 -1 
                  14 59 13 -1 
                  15 58 14 -1 
                  16 57 15 -1 
                  17 56 16 -1 
                  18 55 17 -1 
                  19 54 18 -1 
                  20 53 19 -1 
                  21 52 20 -1 
                  22 51 21 -1 
                  23 50 22 -1 
                  24 49 23 -1 
                  25 48 24 -1 
                  26 47 25 -1 
                  27 46 26 -1 
                  28 45 27 -1 
                  29 44 28 -1 
                  30 43 29 -1 
                  31 42 30 -1 
                  32 41 31 -1 
                  33 40 32 -1 
                  34 39 33 -1 
                  35 38 34 -1 
                  36 37 35 -1 
                  67 5 6 -1 
                  66 6 7 -1 
                  38 35 37 -1 
                  39 34 38 -1 
                  40 33 39 -1 
                  41 32 40 -1 
                  42 31 41 -1 
                  43 30 42 -1 
                  44 29 43 -1 
                  45 28 44 -1 
                  46 27 45 -1 
                  47 26 46 -1 
                  48 25 47 -1 
                  49 24 48 -1 
                  50 23 49 -1 
                  51 22 50 -1 
                  52 21 51 -1 
                  53 20 52 -1 
                  54 19 53 -1 
                  55 18 54 -1 
                  56 17 55 -1 
                  57 16 56 -1 
                  58 15 57 -1 
                  59 14 58 -1 
                  60 13 59 -1 
                  61 12 60 -1 
                  62 11 61 -1 
                  63 10 62 -1 
                  64 9 63 -1 
                  65 8 64 -1 
                  66 7 65 -1 
                  67 6 66 -1 
                  68 5 67 -1 
                  69 4 68 -1 
                  70 3 69 -1 
                  71 2 70 -1 
                  72 1 71 -1 
                  73 0 72 -1 
                  76 74 75 -1 
                  77 74 76 -1 
                  78 74 77 -1 
                  79 74 78 -1 
                  80 74 79 -1 
                  81 74 80 -1 
                  82 74 81 -1 
                  83 74 82 -1 
                  84 74 83 -1 
                  85 74 84 -1 
                  86 74 85 -1 
                  87 74 86 -1 
                  88 74 87 -1 
                  89 74 88 -1 
                  90 74 89 -1 
                  91 74 90 -1 
                  92 74 91 -1 
                  93 74 92 -1 
                  94 74 93 -1 
                  95 74 94 -1 
                  96 74 95 -1 
                  97 74 96 -1 
                  98 74 97 -1 
                  99 74 98 -1 
                  100 74 99 -1 
                  101 74 100 -1 
                  102 74 101 -1 
                  103 74 102 -1 
                  104 74 103 -1 
                  105 74 104 -1 
                  106 74 105 -1 
                  107 74 106 -1 
                  108 74 107 -1 
                  109 74 108 -1 
                  112 111 110 -1 
                  113 112 110 -1 
                  114 113 110 -1 
                  115 114 110 -1 
                  116 115 110 -1 
                  117 116 110 -1 
                  118 117 110 -1 
                  119 118 110 -1 
                  120 119 110 -1 
                  121 120 110 -1 
                  122 121 110 -1 
                  123 122 110 -1 
                  124 123 110 -1 
                  125 124 110 -1 
                  126 125 110 -1 
                  127 126 110 -1 
                  128 127 110 -1 
                  129 128 110 -1 
                  130 129 110 -1 
                  131 130 110 -1 
                  132 131 110 -1 
                  133 132 110 -1 
                  134 133 110 -1 
                  135 134 110 -1 
                  136 135 110 -1 
                  137 136 110 -1 
                  138 137 110 -1 
                  139 138 110 -1 
                  140 139 110 -1 
                  141 140 110 -1 
                  142 141 110 -1 
                  143 142 110 -1 
                  144 143 110 -1 
                  145 144 110 -1 
                ]
              }
            }
            DEF Leads_8 Shape {
              appearance DEF __48 Appearance {
                material DEF __49 Material {
                  ambientIntensity 0.260947436094
                  diffuseColor 0.73400002718 0.773000001907 0.79699999094
                  shininess 0
                }
              }
              geometry DEF __50 IndexedFaceSet {
                solid FALSE
                coord Coordinate {
                  point [
                    0.00924 -0.00254 0.0001,
                    0.00924 -0.00254 -0.005,
                    0.00923468271355 -0.00247922313782 0.0001,
                    0.00921889241728 -0.00242029294984 0.0001,
                    0.00919310889132 -0.002365 0.0001,
                    0.00915811555509 -0.00231502433661 0.0001,
                    0.00911497566339 -0.00227188444491 0.0001,
                    0.009065 -0.00223689110868 0.0001,
                    0.00900970705016 -0.00221110758272 0.0001,
                    0.00895077686218 -0.00219531728645 0.0001,
                    0.00889 -0.00219 0.0001,
                    0.00882922313782 -0.00219531728645 0.0001,
                    0.00877029294984 -0.00221110758272 0.0001,
                    0.008715 -0.00223689110868 0.0001,
                    0.00866502433661 -0.00227188444491 0.0001,
                    0.00862188444491 -0.00231502433661 0.0001,
                    0.00858689110868 -0.002365 0.0001,
                    0.00856110758272 -0.00242029294984 0.0001,
                    0.00854531728645 -0.00247922313782 0.0001,
                    0.00854 -0.00254 0.0001,
                    0.00854531728645 -0.00260077686218 0.0001,
                    0.00856110758272 -0.00265970705016 0.0001,
                    0.00858689110868 -0.002715 0.0001,
                    0.00862188444491 -0.00276497566339 0.0001,
                    0.00866502433661 -0.00280811555509 0.0001,
                    0.008715 -0.00284310889132 0.0001,
                    0.00877029294984 -0.00286889241728 0.0001,
                    0.00882922313782 -0.00288468271355 0.0001,
                    0.00889 -0.00289 0.0001,
                    0.00895077686218 -0.00288468271355 0.0001,
                    0.00900970705016 -0.00286889241728 0.0001,
                    0.009065 -0.00284310889132 0.0001,
                    0.00911497566339 -0.00280811555509 0.0001,
                    0.00915811555509 -0.00276497566339 0.0001,
                    0.00919310889132 -0.002715 0.0001,
                    0.00921889241728 -0.00265970705016 0.0001,
                    0.00923468271355 -0.00260077686218 0.0001,
                    0.00923468271355 -0.00247922313782 -0.005,
                    0.00921889241728 -0.00242029294984 -0.005,
                    0.00919310889132 -0.002365 -0.005,
                    0.00915811555509 -0.00231502433661 -0.005,
                    0.00911497566339 -0.00227188444491 -0.005,
                    0.009065 -0.00223689110868 -0.005,
                    0.00900970705016 -0.00221110758272 -0.005,
                    0.00895077686218 -0.00219531728645 -0.005,
                    0.00889 -0.00219 -0.005,
                    0.00882922313782 -0.00219531728645 -0.005,
                    0.00877029294984 -0.00221110758272 -0.005,
                    0.008715 -0.00223689110868 -0.005,
                    0.00866502433661 -0.00227188444491 -0.005,
                    0.00862188444491 -0.00231502433661 -0.005,
                    0.00858689110868 -0.002365 -0.005,
                    0.00856110758272 -0.00242029294984 -0.005,
                    0.00854531728645 -0.00247922313782 -0.005,
                    0.00854 -0.00254 -0.005,
                    0.00854531728645 -0.00260077686218 -0.005,
                    0.00856110758272 -0.00265970705016 -0.005,
                    0.00858689110868 -0.002715 -0.005,
                    0.00862188444491 -0.00276497566339 -0.005,
                    0.00866502433661 -0.00280811555509 -0.005,
                    0.008715 -0.00284310889132 -0.005,
                    0.00877029294984 -0.00286889241728 -0.005,
                    0.00882922313782 -0.00288468271355 -0.005,
                    0.00889 -0.00289 -0.005,
                    0.00895077686218 -0.00288468271355 -0.005,
                    0.00900970705016 -0.00286889241728 -0.005,
                    0.009065 -0.00284310889132 -0.005,
                    0.00911497566339 -0.00280811555509 -0.005,
                    0.00915811555509 -0.00276497566339 -0.005,
                    0.00919310889132 -0.002715 -0.005,
                    0.00921889241728 -0.00265970705016 -0.005,
                    0.00923468271355 -0.00260077686218 -0.005

                  ]
                }
                normal Normal {
                  vector [
                    1 -4.4408921e-16 0,
                    0.98480773 -0.17364818 0,
                    0.93969262 -0.34202015 0,
                    0.86602539 -0.5 0,
                    0.76604444 -0.64278764 0,
                    0.64278764 -0.76604444 0,
                    0.5 -0.86602539 0,
                    0.34202015 -0.93969262 0,
                    0.17364818 -0.98480773 0,
                    0 -1 0,
                    -0.17364818 -0.98480773 0,
                    -0.34202015 -0.93969262 0,
                    -0.5 -0.86602539 0,
                    -0.64278764 -0.76604444 0,
                    -0.76604444 -0.64278764 0,
                    -0.86602539 -0.5 0,
                    -0.93969262 -0.34202015 0,
                    -0.98480773 -0.17364818 0,
                    -1 0 0,
                    -0.98480773 0.17364818 0,
                    -0.93969262 0.34202015 0,
                    -0.86602539 0.5 0,
                    -0.76604444 0.64278764 0,
                    -0.64278764 0.76604444 0,
                    -0.5 0.86602539 0,
                    -0.34202015 0.93969262 0,
                    -0.17364818 0.98480773 0,
                    0 1 0,
                    0.17364818 0.98480773 0,
                    0.34202015 0.93969262 0,
                    0.5 0.86602539 0,
                    0.64278764 0.76604444 0,
                    0.76604444 0.64278764 0,
                    0.86602539 0.5 0,
                    0.93969262 0.34202015 0,
                    0.98480773 0.17364818 0,
                    1 0 0,
                    1 0 0,
                    0.98480773 0.17364818 0,
                    0.93969262 0.34202015 0,
                    0.86602539 0.5 0,
                    0.76604444 0.64278764 0,
                    0.64278764 0.76604444 0,
                    0.5 0.86602539 0,
                    0.34202015 0.93969262 0,
                    0.17364818 0.98480773 0,
                    0 1 0,
                    -0.17364818 0.98480773 0,
                    -0.34202015 0.93969262 0,
                    -0.5 0.86602539 0,
                    -0.64278764 0.76604444 0,
                    -0.76604444 0.64278764 0,
                    -0.86602539 0.5 0,
                    -0.93969262 0.34202015 0,
                    -0.98480773 0.17364818 0,
                    -1 0 0,
                    -0.98480773 -0.17364818 0,
                    -0.93969262 -0.34202015 0,
                    -0.86602539 -0.5 0,
                    -0.76604444 -0.64278764 0,
                    -0.64278764 -0.76604444 0,
                    -0.5 -0.86602539 0,
                    -0.34202015 -0.93969262 0,
                    -0.17364818 -0.98480773 0,
                    0 -1 0,
                    0.17364818 -0.98480773 0,
                    0.34202015 -0.93969262 0,
                    0.5 -0.86602539 0,
                    0.64278764 -0.76604444 0,
                    0.76604444 -0.64278764 0,
                    0.86602539 -0.5 0,
                    0.93969262 -0.34202015 0,
                    0.98480773 -0.17364818 0,
                    1 -4.4408921e-16 0,
                    0 0 1,
                    0 0 1,
                    0 0 1,
                    0 0 1,
                    0 0 1,
                    0 0 1,
                    0 0 1,
                    0 0 1,
                    0 0 1,
                    0 0 1,
                    0 0 1,
                    0 0 1,
                    0 0 1,
                    0 0 1,
                    0 0 1,
                    0 0 1,
                    0 0 1,
                    0 0 1,
                    0 0 1,
                    0 0 1,
                    0 0 1,
                    0 0 1,
                    0 0 1,
                    0 0 1,
                    0 0 1,
                    0 0 1,
                    0 0 1,
                    0 0 1,
                    0 0 1,
                    0 0 1,
                    0 0 1,
                    0 0 1,
                    0 0 1,
                    0 0 1,
                    0 0 1,
                    0 0 1,
                    -0 -0 -1,
                    -0 -0 -1,
                    -0 -0 -1,
                    -0 -0 -1,
                    -0 -0 -1,
                    -0 -0 -1,
                    -0 -0 -1,
                    -0 -0 -1,
                    -0 -0 -1,
                    -0 -0 -1,
                    -0 -0 -1,
                    -0 -0 -1,
                    -0 -0 -1,
                    -0 -0 -1,
                    -0 -0 -1,
                    -0 -0 -1,
                    -0 -0 -1,
                    -0 -0 -1,
                    -0 -0 -1,
                    -0 -0 -1,
                    -0 -0 -1,
                    -0 -0 -1,
                    -0 -0 -1,
                    -0 -0 -1,
                    -0 -0 -1,
                    -0 -0 -1,
                    -0 -0 -1,
                    -0 -0 -1,
                    -0 -0 -1,
                    -0 -0 -1,
                    -0 -0 -1,
                    -0 -0 -1,
                    -0 -0 -1,
                    -0 -0 -1,
                    -0 -0 -1,
                    -0 -0 -1

                  ]
                }
                coordIndex [
                  71 0 36 -1 
                  70 36 35 -1 
                  69 35 34 -1 
                  68 34 33 -1 
                  67 33 32 -1 
                  29 64 30 -1 
                  28 63 29 -1 
                  27 62 28 -1 
                  26 61 27 -1 
                  25 60 26 -1 
                  24 59 25 -1 
                  23 58 24 -1 
                  22 57 23 -1 
                  21 56 22 -1 
                  20 55 21 -1 
                  19 54 20 -1 
                  18 53 19 -1 
                  17 52 18 -1 
                  16 51 17 -1 
                  15 50 16 -1 
                  14 49 15 -1 
                  13 48 14 -1 
                  12 47 13 -1 
                  11 46 12 -1 
                  10 45 11 -1 
                  9 44 10 -1 
                  8 43 9 -1 
                  7 42 8 -1 
                  6 41 7 -1 
                  5 40 6 -1 
                  4 39 5 -1 
                  3 38 4 -1 
                  2 37 3 -1 
                  0 1 2 -1 
                  66 32 31 -1 
                  65 31 30 -1 
                  37 2 1 -1 
                  38 3 37 -1 
                  39 4 38 -1 
                  40 5 39 -1 
                  41 6 40 -1 
                  42 7 41 -1 
                  43 8 42 -1 
                  44 9 43 -1 
                  45 10 44 -1 
                  46 11 45 -1 
                  47 12 46 -1 
                  48 13 47 -1 
                  49 14 48 -1 
                  50 15 49 -1 
                  51 16 50 -1 
                  52 17 51 -1 
                  53 18 52 -1 
                  54 19 53 -1 
                  55 20 54 -1 
                  56 21 55 -1 
                  57 22 56 -1 
                  58 23 57 -1 
                  59 24 58 -1 
                  60 25 59 -1 
                  61 26 60 -1 
                  62 27 61 -1 
                  63 28 62 -1 
                  64 29 63 -1 
                  65 30 64 -1 
                  66 31 65 -1 
                  67 32 66 -1 
                  68 33 67 -1 
                  69 34 68 -1 
                  70 35 69 -1 
                  71 36 70 -1 
                  1 0 71 -1 
                  3 0 2 -1 
                  4 0 3 -1 
                  5 0 4 -1 
                  6 0 5 -1 
                  7 0 6 -1 
                  8 0 7 -1 
                  9 0 8 -1 
                  10 0 9 -1 
                  11 0 10 -1 
                  12 0 11 -1 
                  13 0 12 -1 
                  14 0 13 -1 
                  15 0 14 -1 
                  16 0 15 -1 
                  17 0 16 -1 
                  18 0 17 -1 
                  19 0 18 -1 
                  20 0 19 -1 
                  21 0 20 -1 
                  22 0 21 -1 
                  23 0 22 -1 
                  24 0 23 -1 
                  25 0 24 -1 
                  26 0 25 -1 
                  27 0 26 -1 
                  28 0 27 -1 
                  29 0 28 -1 
                  30 0 29 -1 
                  31 0 30 -1 
                  32 0 31 -1 
                  33 0 32 -1 
                  34 0 33 -1 
                  35 0 34 -1 
                  36 0 35 -1 
                  38 37 1 -1 
                  39 38 1 -1 
                  40 39 1 -1 
                  41 40 1 -1 
                  42 41 1 -1 
                  43 42 1 -1 
                  44 43 1 -1 
                  45 44 1 -1 
                  46 45 1 -1 
                  47 46 1 -1 
                  48 47 1 -1 
                  49 48 1 -1 
                  50 49 1 -1 
                  51 50 1 -1 
                  52 51 1 -1 
                  53 52 1 -1 
                  54 53 1 -1 
                  55 54 1 -1 
                  56 55 1 -1 
                  57 56 1 -1 
                  58 57 1 -1 
                  59 58 1 -1 
                  60 59 1 -1 
                  61 60 1 -1 
                  62 61 1 -1 
                  63 62 1 -1 
                  64 63 1 -1 
                  65 64 1 -1 
                  66 65 1 -1 
                  67 66 1 -1 
                  68 67 1 -1 
                  69 68 1 -1 
                  70 69 1 -1 
                  71 70 1 -1 
                ]
                normalIndex [
                  72 0 1 -1 
                  71 1 2 -1 
                  70 2 3 -1 
                  69 3 4 -1 
                  68 4 5 -1 
                  8 65 7 -1 
                  9 64 8 -1 
                  10 63 9 -1 
                  11 62 10 -1 
                  12 61 11 -1 
                  13 60 12 -1 
                  14 59 13 -1 
                  15 58 14 -1 
                  16 57 15 -1 
                  17 56 16 -1 
                  18 55 17 -1 
                  19 54 18 -1 
                  20 53 19 -1 
                  21 52 20 -1 
                  22 51 21 -1 
                  23 50 22 -1 
                  24 49 23 -1 
                  25 48 24 -1 
                  26 47 25 -1 
                  27 46 26 -1 
                  28 45 27 -1 
                  29 44 28 -1 
                  30 43 29 -1 
                  31 42 30 -1 
                  32 41 31 -1 
                  33 40 32 -1 
                  34 39 33 -1 
                  35 38 34 -1 
                  36 37 35 -1 
                  67 5 6 -1 
                  66 6 7 -1 
                  38 35 37 -1 
                  39 34 38 -1 
                  40 33 39 -1 
                  41 32 40 -1 
                  42 31 41 -1 
                  43 30 42 -1 
                  44 29 43 -1 
                  45 28 44 -1 
                  46 27 45 -1 
                  47 26 46 -1 
                  48 25 47 -1 
                  49 24 48 -1 
                  50 23 49 -1 
                  51 22 50 -1 
                  52 21 51 -1 
                  53 20 52 -1 
                  54 19 53 -1 
                  55 18 54 -1 
                  56 17 55 -1 
                  57 16 56 -1 
                  58 15 57 -1 
                  59 14 58 -1 
                  60 13 59 -1 
                  61 12 60 -1 
                  62 11 61 -1 
                  63 10 62 -1 
                  64 9 63 -1 
                  65 8 64 -1 
                  66 7 65 -1 
                  67 6 66 -1 
                  68 5 67 -1 
                  69 4 68 -1 
                  70 3 69 -1 
                  71 2 70 -1 
                  72 1 71 -1 
                  73 0 72 -1 
                  76 74 75 -1 
                  77 74 76 -1 
                  78 74 77 -1 
                  79 74 78 -1 
                  80 74 79 -1 
                  81 74 80 -1 
                  82 74 81 -1 
                  83 74 82 -1 
                  84 74 83 -1 
                  85 74 84 -1 
                  86 74 85 -1 
                  87 74 86 -1 
                  88 74 87 -1 
                  89 74 88 -1 
                  90 74 89 -1 
                  91 74 90 -1 
                  92 74 91 -1 
                  93 74 92 -1 
                  94 74 93 -1 
                  95 74 94 -1 
                  96 74 95 -1 
                  97 74 96 -1 
                  98 74 97 -1 
                  99 74 98 -1 
                  100 74 99 -1 
                  101 74 100 -1 
                  102 74 101 -1 
                  103 74 102 -1 
                  104 74 103 -1 
                  105 74 104 -1 
                  106 74 105 -1 
                  107 74 106 -1 
                  108 74 107 -1 
                  109 74 108 -1 
                  112 111 110 -1 
                  113 112 110 -1 
                  114 113 110 -1 
                  115 114 110 -1 
                  116 115 110 -1 
                  117 116 110 -1 
                  118 117 110 -1 
                  119 118 110 -1 
                  120 119 110 -1 
                  121 120 110 -1 
                  122 121 110 -1 
                  123 122 110 -1 
                  124 123 110 -1 
                  125 124 110 -1 
                  126 125 110 -1 
                  127 126 110 -1 
                  128 127 110 -1 
                  129 128 110 -1 
                  130 129 110 -1 
                  131 130 110 -1 
                  132 131 110 -1 
                  133 132 110 -1 
                  134 133 110 -1 
                  135 134 110 -1 
                  136 135 110 -1 
                  137 136 110 -1 
                  138 137 110 -1 
                  139 138 110 -1 
                  140 139 110 -1 
                  141 140 110 -1 
                  142 141 110 -1 
                  143 142 110 -1 
                  144 143 110 -1 
                  145 144 110 -1 
                ]
              }
            }
            DEF Leads_9 Shape {
              appearance DEF __52 Appearance {
                material DEF __53 Material {
                  ambientIntensity 0.260947436094
                  diffuseColor 0.73400002718 0.773000001907 0.79699999094
                  shininess 0
                }
              }
              geometry DEF __54 IndexedFaceSet {
                solid FALSE
                coord Coordinate {
                  point [
                    0.01051 -8.57252759403e-20 0.0001,
                    0.01051 -8.57252759403e-20 -0.005,
                    0.0105046827136 6.07768621834e-05 0.0001,
                    0.0104888924173 0.000119707050164 0.0001,
                    0.0104631088913 0.000175 0.0001,
                    0.0104281155551 0.00022497566339 0.0001,
                    0.0103849756634 0.000268115555092 0.0001,
                    0.010335 0.000303108891325 0.0001,
                    0.0102797070502 0.000328892417275 0.0001,
                    0.0102207768622 0.000344682713554 0.0001,
                    0.01016 0.00035 0.0001,
                    0.0100992231378 0.000344682713554 0.0001,
                    0.0100402929498 0.000328892417275 0.0001,
                    0.009985 0.000303108891325 0.0001,
                    0.00993502433661 0.000268115555092 0.0001,
                    0.00989188444491 0.00022497566339 0.0001,
                    0.00985689110868 0.000175 0.0001,
                    0.00983110758272 0.000119707050164 0.0001,
                    0.00981531728645 6.07768621834e-05 0.0001,
                    0.00981 4.28626379702e-20 0.0001,
                    0.00981531728645 -6.07768621834e-05 0.0001,
                    0.00983110758272 -0.000119707050164 0.0001,
                    0.00985689110868 -0.000175 0.0001,
                    0.00989188444491 -0.00022497566339 0.0001,
                    0.00993502433661 -0.000268115555092 0.0001,
                    0.009985 -0.000303108891325 0.0001,
                    0.0100402929498 -0.000328892417275 0.0001,
                    0.0100992231378 -0.000344682713554 0.0001,
                    0.01016 -0.00035 0.0001,
                    0.0102207768622 -0.000344682713554 0.0001,
                    0.0102797070502 -0.000328892417275 0.0001,
                    0.010335 -0.000303108891325 0.0001,
                    0.0103849756634 -0.000268115555092 0.0001,
                    0.0104281155551 -0.00022497566339 0.0001,
                    0.0104631088913 -0.000175 0.0001,
                    0.0104888924173 -0.000119707050164 0.0001,
                    0.0105046827136 -6.07768621834e-05 0.0001,
                    0.0105046827136 6.07768621834e-05 -0.005,
                    0.0104888924173 0.000119707050164 -0.005,
                    0.0104631088913 0.000175 -0.005,
                    0.0104281155551 0.00022497566339 -0.005,
                    0.0103849756634 0.000268115555092 -0.005,
                    0.010335 0.000303108891325 -0.005,
                    0.0102797070502 0.000328892417275 -0.005,
                    0.0102207768622 0.000344682713554 -0.005,
                    0.01016 0.00035 -0.005,
                    0.0100992231378 0.000344682713554 -0.005,
                    0.0100402929498 0.000328892417275 -0.005,
                    0.009985 0.000303108891325 -0.005,
                    0.00993502433661 0.000268115555092 -0.005,
                    0.00989188444491 0.00022497566339 -0.005,
                    0.00985689110868 0.000175 -0.005,
                    0.00983110758272 0.000119707050164 -0.005,
                    0.00981531728645 6.07768621834e-05 -0.005,
                    0.00981 4.28626379702e-20 -0.005,
                    0.00981531728645 -6.07768621834e-05 -0.005,
                    0.00983110758272 -0.000119707050164 -0.005,
                    0.00985689110868 -0.000175 -0.005,
                    0.00989188444491 -0.00022497566339 -0.005,
                    0.00993502433661 -0.000268115555092 -0.005,
                    0.009985 -0.000303108891325 -0.005,
                    0.0100402929498 -0.000328892417275 -0.005,
                    0.0100992231378 -0.000344682713554 -0.005,
                    0.01016 -0.00035 -0.005,
                    0.0102207768622 -0.000344682713554 -0.005,
                    0.0102797070502 -0.000328892417275 -0.005,
                    0.010335 -0.000303108891325 -0.005,
                    0.0103849756634 -0.000268115555092 -0.005,
                    0.0104281155551 -0.00022497566339 -0.005,
                    0.0104631088913 -0.000175 -0.005,
                    0.0104888924173 -0.000119707050164 -0.005,
                    0.0105046827136 -6.07768621834e-05 -0.005

                  ]
                }
                normal Normal {
                  vector [
                    1 -2.4492937e-16 0,
                    0.98480773 -0.17364818 0,
                    0.93969262 -0.34202015 0,
                    0.86602539 -0.5 0,
                    0.76604444 -0.64278764 0,
                    0.64278764 -0.76604444 0,
                    0.5 -0.86602539 0,
                    0.34202015 -0.93969262 0,
                    0.17364818 -0.98480773 0,
                    0 -1 0,
                    -0.17364818 -0.98480773 0,
                    -0.34202015 -0.93969262 0,
                    -0.5 -0.86602539 0,
                    -0.64278764 -0.76604444 0,
                    -0.76604444 -0.64278764 0,
                    -0.86602539 -0.5 0,
                    -0.93969262 -0.34202015 0,
                    -0.98480773 -0.17364818 0,
                    -1 1.2246469e-16 0,
                    -0.98480773 0.17364818 0,
                    -0.93969262 0.34202015 0,
                    -0.86602539 0.5 0,
                    -0.76604444 0.64278764 0,
                    -0.64278764 0.76604444 0,
                    -0.5 0.86602539 0,
                    -0.34202015 0.93969262 0,
                    -0.17364818 0.98480773 0,
                    0 1 0,
                    0.17364818 0.98480773 0,
                    0.34202015 0.93969262 0,
                    0.5 0.86602539 0,
                    0.64278764 0.76604444 0,
                    0.76604444 0.64278764 0,
                    0.86602539 0.5 0,
                    0.93969262 0.34202015 0,
                    0.98480773 0.17364818 0,
                    1 0 0,
                    1 0 0,
                    0.98480773 0.17364818 0,
                    0.93969262 0.34202015 0,
                    0.86602539 0.5 0,
                    0.76604444 0.64278764 0,
                    0.64278764 0.76604444 0,
                    0.5 0.86602539 0,
                    0.34202015 0.93969262 0,
                    0.17364818 0.98480773 0,
                    0 1 0,
                    -0.17364818 0.98480773 0,
                    -0.34202015 0.93969262 0,
                    -0.5 0.86602539 0,
                    -0.64278764 0.76604444 0,
                    -0.76604444 0.64278764 0,
                    -0.86602539 0.5 0,
                    -0.93969262 0.34202015 0,
                    -0.98480773 0.17364818 0,
                    -1 1.2246469e-16 0,
                    -0.98480773 -0.17364818 0,
                    -0.93969262 -0.34202015 0,
                    -0.86602539 -0.5 0,
                    -0.76604444 -0.64278764 0,
                    -0.64278764 -0.76604444 0,
                    -0.5 -0.86602539 0,
                    -0.34202015 -0.93969262 0,
                    -0.17364818 -0.98480773 0,
                    0 -1 0,
                    0.17364818 -0.98480773 0,
                    0.34202015 -0.93969262 0,
                    0.5 -0.86602539 0,
                    0.64278764 -0.76604444 0,
                    0.76604444 -0.64278764 0,
                    0.86602539 -0.5 0,
                    0.93969262 -0.34202015 0,
                    0.98480773 -0.17364818 0,
                    1 -2.4492937e-16 0,
                    0 0 1,
                    0 0 1,
                    0 0 1,
                    0 0 1,
                    0 0 1,
                    0 0 1,
                    0 0 1,
                    0 0 1,
                    0 0 1,
                    0 0 1,
                    0 0 1,
                    0 0 1,
                    0 0 1,
                    0 0 1,
                    0 0 1,
                    0 0 1,
                    0 0 1,
                    0 0 1,
                    0 0 1,
                    0 0 1,
                    0 0 1,
                    0 0 1,
                    0 0 1,
                    0 0 1,
                    0 0 1,
                    0 0 1,
                    0 0 1,
                    0 0 1,
                    0 0 1,
                    0 0 1,
                    0 0 1,
                    0 0 1,
                    0 0 1,
                    0 0 1,
                    0 0 1,
                    0 0 1,
                    -0 -0 -1,
                    -0 -0 -1,
                    -0 -0 -1,
                    -0 -0 -1,
                    -0 -0 -1,
                    -0 -0 -1,
                    -0 -0 -1,
                    -0 -0 -1,
                    -0 -0 -1,
                    -0 -0 -1,
                    -0 -0 -1,
                    -0 -0 -1,
                    -0 -0 -1,
                    -0 -0 -1,
                    -0 -0 -1,
                    -0 -0 -1,
                    -0 -0 -1,
                    -0 -0 -1,
                    -0 -0 -1,
                    -0 -0 -1,
                    -0 -0 -1,
                    -0 -0 -1,
                    -0 -0 -1,
                    -0 -0 -1,
                    -0 -0 -1,
                    -0 -0 -1,
                    -0 -0 -1,
                    -0 -0 -1,
                    -0 -0 -1,
                    -0 -0 -1,
                    -0 -0 -1,
                    -0 -0 -1,
                    -0 -0 -1,
                    -0 -0 -1,
                    -0 -0 -1,
                    -0 -0 -1

                  ]
                }
                coordIndex [
                  71 0 36 -1 
                  70 36 35 -1 
                  69 35 34 -1 
                  68 34 33 -1 
                  67 33 32 -1 
                  29 64 30 -1 
                  28 63 29 -1 
                  27 62 28 -1 
                  26 61 27 -1 
                  25 60 26 -1 
                  24 59 25 -1 
                  23 58 24 -1 
                  22 57 23 -1 
                  21 56 22 -1 
                  20 55 21 -1 
                  19 54 20 -1 
                  18 53 19 -1 
                  17 52 18 -1 
                  16 51 17 -1 
                  15 50 16 -1 
                  14 49 15 -1 
                  13 48 14 -1 
                  12 47 13 -1 
                  11 46 12 -1 
                  10 45 11 -1 
                  9 44 10 -1 
                  8 43 9 -1 
                  7 42 8 -1 
                  6 41 7 -1 
                  5 40 6 -1 
                  4 39 5 -1 
                  3 38 4 -1 
                  2 37 3 -1 
                  0 1 2 -1 
                  66 32 31 -1 
                  65 31 30 -1 
                  37 2 1 -1 
                  38 3 37 -1 
                  39 4 38 -1 
                  40 5 39 -1 
                  41 6 40 -1 
                  42 7 41 -1 
                  43 8 42 -1 
                  44 9 43 -1 
                  45 10 44 -1 
                  46 11 45 -1 
                  47 12 46 -1 
                  48 13 47 -1 
                  49 14 48 -1 
                  50 15 49 -1 
                  51 16 50 -1 
                  52 17 51 -1 
                  53 18 52 -1 
                  54 19 53 -1 
                  55 20 54 -1 
                  56 21 55 -1 
                  57 22 56 -1 
                  58 23 57 -1 
                  59 24 58 -1 
                  60 25 59 -1 
                  61 26 60 -1 
                  62 27 61 -1 
                  63 28 62 -1 
                  64 29 63 -1 
                  65 30 64 -1 
                  66 31 65 -1 
                  67 32 66 -1 
                  68 33 67 -1 
                  69 34 68 -1 
                  70 35 69 -1 
                  71 36 70 -1 
                  1 0 71 -1 
                  3 0 2 -1 
                  4 0 3 -1 
                  5 0 4 -1 
                  6 0 5 -1 
                  7 0 6 -1 
                  8 0 7 -1 
                  9 0 8 -1 
                  10 0 9 -1 
                  11 0 10 -1 
                  12 0 11 -1 
                  13 0 12 -1 
                  14 0 13 -1 
                  15 0 14 -1 
                  16 0 15 -1 
                  17 0 16 -1 
                  18 0 17 -1 
                  19 0 18 -1 
                  20 0 19 -1 
                  21 0 20 -1 
                  22 0 21 -1 
                  23 0 22 -1 
                  24 0 23 -1 
                  25 0 24 -1 
                  26 0 25 -1 
                  27 0 26 -1 
                  28 0 27 -1 
                  29 0 28 -1 
                  30 0 29 -1 
                  31 0 30 -1 
                  32 0 31 -1 
                  33 0 32 -1 
                  34 0 33 -1 
                  35 0 34 -1 
                  36 0 35 -1 
                  38 37 1 -1 
                  39 38 1 -1 
                  40 39 1 -1 
                  41 40 1 -1 
                  42 41 1 -1 
                  43 42 1 -1 
                  44 43 1 -1 
                  45 44 1 -1 
                  46 45 1 -1 
                  47 46 1 -1 
                  48 47 1 -1 
                  49 48 1 -1 
                  50 49 1 -1 
                  51 50 1 -1 
                  52 51 1 -1 
                  53 52 1 -1 
                  54 53 1 -1 
                  55 54 1 -1 
                  56 55 1 -1 
                  57 56 1 -1 
                  58 57 1 -1 
                  59 58 1 -1 
                  60 59 1 -1 
                  61 60 1 -1 
                  62 61 1 -1 
                  63 62 1 -1 
                  64 63 1 -1 
                  65 64 1 -1 
                  66 65 1 -1 
                  67 66 1 -1 
                  68 67 1 -1 
                  69 68 1 -1 
                  70 69 1 -1 
                  71 70 1 -1 
                ]
                normalIndex [
                  72 0 1 -1 
                  71 1 2 -1 
                  70 2 3 -1 
                  69 3 4 -1 
                  68 4 5 -1 
                  8 65 7 -1 
                  9 64 8 -1 
                  10 63 9 -1 
                  11 62 10 -1 
                  12 61 11 -1 
                  13 60 12 -1 
                  14 59 13 -1 
                  15 58 14 -1 
                  16 57 15 -1 
                  17 56 16 -1 
                  18 55 17 -1 
                  19 54 18 -1 
                  20 53 19 -1 
                  21 52 20 -1 
                  22 51 21 -1 
                  23 50 22 -1 
                  24 49 23 -1 
                  25 48 24 -1 
                  26 47 25 -1 
                  27 46 26 -1 
                  28 45 27 -1 
                  29 44 28 -1 
                  30 43 29 -1 
                  31 42 30 -1 
                  32 41 31 -1 
                  33 40 32 -1 
                  34 39 33 -1 
                  35 38 34 -1 
                  36 37 35 -1 
                  67 5 6 -1 
                  66 6 7 -1 
                  38 35 37 -1 
                  39 34 38 -1 
                  40 33 39 -1 
                  41 32 40 -1 
                  42 31 41 -1 
                  43 30 42 -1 
                  44 29 43 -1 
                  45 28 44 -1 
                  46 27 45 -1 
                  47 26 46 -1 
                  48 25 47 -1 
                  49 24 48 -1 
                  50 23 49 -1 
                  51 22 50 -1 
                  52 21 51 -1 
                  53 20 52 -1 
                  54 19 53 -1 
                  55 18 54 -1 
                  56 17 55 -1 
                  57 16 56 -1 
                  58 15 57 -1 
                  59 14 58 -1 
                  60 13 59 -1 
                  61 12 60 -1 
                  62 11 61 -1 
                  63 10 62 -1 
                  64 9 63 -1 
                  65 8 64 -1 
                  66 7 65 -1 
                  67 6 66 -1 
                  68 5 67 -1 
                  69 4 68 -1 
                  70 3 69 -1 
                  71 2 70 -1 
                  72 1 71 -1 
                  73 0 72 -1 
                  76 74 75 -1 
                  77 74 76 -1 
                  78 74 77 -1 
                  79 74 78 -1 
                  80 74 79 -1 
                  81 74 80 -1 
                  82 74 81 -1 
                  83 74 82 -1 
                  84 74 83 -1 
                  85 74 84 -1 
                  86 74 85 -1 
                  87 74 86 -1 
                  88 74 87 -1 
                  89 74 88 -1 
                  90 74 89 -1 
                  91 74 90 -1 
                  92 74 91 -1 
                  93 74 92 -1 
                  94 74 93 -1 
                  95 74 94 -1 
                  96 74 95 -1 
                  97 74 96 -1 
                  98 74 97 -1 
                  99 74 98 -1 
                  100 74 99 -1 
                  101 74 100 -1 
                  102 74 101 -1 
                  103 74 102 -1 
                  104 74 103 -1 
                  105 74 104 -1 
                  106 74 105 -1 
                  107 74 106 -1 
                  108 74 107 -1 
                  109 74 108 -1 
                  112 111 110 -1 
                  113 112 110 -1 
                  114 113 110 -1 
                  115 114 110 -1 
                  116 115 110 -1 
                  117 116 110 -1 
                  118 117 110 -1 
                  119 118 110 -1 
                  120 119 110 -1 
                  121 120 110 -1 
                  122 121 110 -1 
                  123 122 110 -1 
                  124 123 110 -1 
                  125 124 110 -1 
                  126 125 110 -1 
                  127 126 110 -1 
                  128 127 110 -1 
                  129 128 110 -1 
                  130 129 110 -1 
                  131 130 110 -1 
                  132 131 110 -1 
                  133 132 110 -1 
                  134 133 110 -1 
                  135 134 110 -1 
                  136 135 110 -1 
                  137 136 110 -1 
                  138 137 110 -1 
                  139 138 110 -1 
                  140 139 110 -1 
                  141 140 110 -1 
                  142 141 110 -1 
                  143 142 110 -1 
                  144 143 110 -1 
                  145 144 110 -1 
                ]
              }
            }
            DEF Leads_10 Shape {
              appearance DEF __56 Appearance {
                material DEF __57 Material {
                  ambientIntensity 0.260947436094
                  diffuseColor 0.73400002718 0.773000001907 0.79699999094
                  shininess 0
                }
              }
              geometry DEF __58 IndexedFaceSet {
                solid FALSE
                coord Coordinate {
                  point [
                    0.01178 -0.00254 0.0001,
                    0.01178 -0.00254 -0.005,
                    0.0117746827136 -0.00247922313782 0.0001,
                    0.0117588924173 -0.00242029294984 0.0001,
                    0.0117331088913 -0.002365 0.0001,
                    0.0116981155551 -0.00231502433661 0.0001,
                    0.0116549756634 -0.00227188444491 0.0001,
                    0.011605 -0.00223689110868 0.0001,
                    0.0115497070502 -0.00221110758272 0.0001,
                    0.0114907768622 -0.00219531728645 0.0001,
                    0.01143 -0.00219 0.0001,
                    0.0113692231378 -0.00219531728645 0.0001,
                    0.0113102929498 -0.00221110758272 0.0001,
                    0.011255 -0.00223689110868 0.0001,
                    0.0112050243366 -0.00227188444491 0.0001,
                    0.0111618844449 -0.00231502433661 0.0001,
                    0.0111268911087 -0.002365 0.0001,
                    0.0111011075827 -0.00242029294984 0.0001,
                    0.0110853172864 -0.00247922313782 0.0001,
                    0.01108 -0.00254 0.0001,
                    0.0110853172864 -0.00260077686218 0.0001,
                    0.0111011075827 -0.00265970705016 0.0001,
                    0.0111268911087 -0.002715 0.0001,
                    0.0111618844449 -0.00276497566339 0.0001,
                    0.0112050243366 -0.00280811555509 0.0001,
                    0.011255 -0.00284310889132 0.0001,
                    0.0113102929498 -0.00286889241728 0.0001,
                    0.0113692231378 -0.00288468271355 0.0001,
                    0.01143 -0.00289 0.0001,
                    0.0114907768622 -0.00288468271355 0.0001,
                    0.0115497070502 -0.00286889241728 0.0001,
                    0.011605 -0.00284310889132 0.0001,
                    0.0116549756634 -0.00280811555509 0.0001,
                    0.0116981155551 -0.00276497566339 0.0001,
                    0.0117331088913 -0.002715 0.0001,
                    0.0117588924173 -0.00265970705016 0.0001,
                    0.0117746827136 -0.00260077686218 0.0001,
                    0.0117746827136 -0.00247922313782 -0.005,
                    0.0117588924173 -0.00242029294984 -0.005,
                    0.0117331088913 -0.002365 -0.005,
                    0.0116981155551 -0.00231502433661 -0.005,
                    0.0116549756634 -0.00227188444491 -0.005,
                    0.011605 -0.00223689110868 -0.005,
                    0.0115497070502 -0.00221110758272 -0.005,
                    0.0114907768622 -0.00219531728645 -0.005,
                    0.01143 -0.00219 -0.005,
                    0.0113692231378 -0.00219531728645 -0.005,
                    0.0113102929498 -0.00221110758272 -0.005,
                    0.011255 -0.00223689110868 -0.005,
                    0.0112050243366 -0.00227188444491 -0.005,
                    0.0111618844449 -0.00231502433661 -0.005,
                    0.0111268911087 -0.002365 -0.005,
                    0.0111011075827 -0.00242029294984 -0.005,
                    0.0110853172864 -0.00247922313782 -0.005,
                    0.01108 -0.00254 -0.005,
                    0.0110853172864 -0.00260077686218 -0.005,
                    0.0111011075827 -0.00265970705016 -0.005,
                    0.0111268911087 -0.002715 -0.005,
                    0.0111618844449 -0.00276497566339 -0.005,
                    0.0112050243366 -0.00280811555509 -0.005,
                    0.011255 -0.00284310889132 -0.005,
                    0.0113102929498 -0.00286889241728 -0.005,
                    0.0113692231378 -0.00288468271355 -0.005,
                    0.01143 -0.00289 -0.005,
                    0.0114907768622 -0.00288468271355 -0.005,
                    0.0115497070502 -0.00286889241728 -0.005,
                    0.011605 -0.00284310889132 -0.005,
                    0.0116549756634 -0.00280811555509 -0.005,
                    0.0116981155551 -0.00276497566339 -0.005,
                    0.0117331088913 -0.002715 -0.005,
                    0.0117588924173 -0.00265970705016 -0.005,
                    0.0117746827136 -0.00260077686218 -0.005

                  ]
                }
                normal Normal {
                  vector [
                    1 -4.4408921e-16 0,
                    0.98480773 -0.17364818 0,
                    0.93969262 -0.34202015 0,
                    0.86602539 -0.5 0,
                    0.76604444 -0.64278764 0,
                    0.64278764 -0.76604444 0,
                    0.5 -0.86602539 0,
                    0.34202015 -0.93969262 0,
                    0.17364818 -0.98480773 0,
                    0 -1 0,
                    -0.17364818 -0.98480773 0,
                    -0.34202015 -0.93969262 0,
                    -0.5 -0.86602539 0,
                    -0.64278764 -0.76604444 0,
                    -0.76604444 -0.64278764 0,
                    -0.86602539 -0.5 0,
                    -0.93969262 -0.34202015 0,
                    -0.98480773 -0.17364818 0,
                    -1 0 0,
                    -0.98480773 0.17364818 0,
                    -0.93969262 0.34202015 0,
                    -0.86602539 0.5 0,
                    -0.76604444 0.64278764 0,
                    -0.64278764 0.76604444 0,
                    -0.5 0.86602539 0,
                    -0.34202015 0.93969262 0,
                    -0.17364818 0.98480773 0,
                    0 1 0,
                    0.17364818 0.98480773 0,
                    0.34202015 0.93969262 0,
                    0.5 0.86602539 0,
                    0.64278764 0.76604444 0,
                    0.76604444 0.64278764 0,
                    0.86602539 0.5 0,
                    0.93969262 0.34202015 0,
                    0.98480773 0.17364818 0,
                    1 0 0,
                    1 0 0,
                    0.98480773 0.17364818 0,
                    0.93969262 0.34202015 0,
                    0.86602539 0.5 0,
                    0.76604444 0.64278764 0,
                    0.64278764 0.76604444 0,
                    0.5 0.86602539 0,
                    0.34202015 0.93969262 0,
                    0.17364818 0.98480773 0,
                    0 1 0,
                    -0.17364818 0.98480773 0,
                    -0.34202015 0.93969262 0,
                    -0.5 0.86602539 0,
                    -0.64278764 0.76604444 0,
                    -0.76604444 0.64278764 0,
                    -0.86602539 0.5 0,
                    -0.93969262 0.34202015 0,
                    -0.98480773 0.17364818 0,
                    -1 0 0,
                    -0.98480773 -0.17364818 0,
                    -0.93969262 -0.34202015 0,
                    -0.86602539 -0.5 0,
                    -0.76604444 -0.64278764 0,
                    -0.64278764 -0.76604444 0,
                    -0.5 -0.86602539 0,
                    -0.34202015 -0.93969262 0,
                    -0.17364818 -0.98480773 0,
                    0 -1 0,
                    0.17364818 -0.98480773 0,
                    0.34202015 -0.93969262 0,
                    0.5 -0.86602539 0,
                    0.64278764 -0.76604444 0,
                    0.76604444 -0.64278764 0,
                    0.86602539 -0.5 0,
                    0.93969262 -0.34202015 0,
                    0.98480773 -0.17364818 0,
                    1 -4.4408921e-16 0,
                    0 0 1,
                    0 0 1,
                    0 0 1,
                    0 0 1,
                    0 0 1,
                    0 0 1,
                    0 0 1,
                    0 0 1,
                    0 0 1,
                    0 0 1,
                    0 0 1,
                    0 0 1,
                    0 0 1,
                    0 0 1,
                    0 0 1,
                    0 0 1,
                    0 0 1,
                    0 0 1,
                    0 0 1,
                    0 0 1,
                    0 0 1,
                    0 0 1,
                    0 0 1,
                    0 0 1,
                    0 0 1,
                    0 0 1,
                    0 0 1,
                    0 0 1,
                    0 0 1,
                    0 0 1,
                    0 0 1,
                    0 0 1,
                    0 0 1,
                    0 0 1,
                    0 0 1,
                    0 0 1,
                    -0 -0 -1,
                    -0 -0 -1,
                    -0 -0 -1,
                    -0 -0 -1,
                    -0 -0 -1,
                    -0 -0 -1,
                    -0 -0 -1,
                    -0 -0 -1,
                    -0 -0 -1,
                    -0 -0 -1,
                    -0 -0 -1,
                    -0 -0 -1,
                    -0 -0 -1,
                    -0 -0 -1,
                    -0 -0 -1,
                    -0 -0 -1,
                    -0 -0 -1,
                    -0 -0 -1,
                    -0 -0 -1,
                    -0 -0 -1,
                    -0 -0 -1,
                    -0 -0 -1,
                    -0 -0 -1,
                    -0 -0 -1,
                    -0 -0 -1,
                    -0 -0 -1,
                    -0 -0 -1,
                    -0 -0 -1,
                    -0 -0 -1,
                    -0 -0 -1,
                    -0 -0 -1,
                    -0 -0 -1,
                    -0 -0 -1,
                    -0 -0 -1,
                    -0 -0 -1,
                    -0 -0 -1

                  ]
                }
                coordIndex [
                  71 0 36 -1 
                  70 36 35 -1 
                  69 35 34 -1 
                  68 34 33 -1 
                  67 33 32 -1 
                  29 64 30 -1 
                  28 63 29 -1 
                  27 62 28 -1 
                  26 61 27 -1 
                  25 60 26 -1 
                  24 59 25 -1 
                  23 58 24 -1 
                  22 57 23 -1 
                  21 56 22 -1 
                  20 55 21 -1 
                  19 54 20 -1 
                  18 53 19 -1 
                  17 52 18 -1 
                  16 51 17 -1 
                  15 50 16 -1 
                  14 49 15 -1 
                  13 48 14 -1 
                  12 47 13 -1 
                  11 46 12 -1 
                  10 45 11 -1 
                  9 44 10 -1 
                  8 43 9 -1 
                  7 42 8 -1 
                  6 41 7 -1 
                  5 40 6 -1 
                  4 39 5 -1 
                  3 38 4 -1 
                  2 37 3 -1 
                  0 1 2 -1 
                  66 32 31 -1 
                  65 31 30 -1 
                  37 2 1 -1 
                  38 3 37 -1 
                  39 4 38 -1 
                  40 5 39 -1 
                  41 6 40 -1 
                  42 7 41 -1 
                  43 8 42 -1 
                  44 9 43 -1 
                  45 10 44 -1 
                  46 11 45 -1 
                  47 12 46 -1 
                  48 13 47 -1 
                  49 14 48 -1 
                  50 15 49 -1 
                  51 16 50 -1 
                  52 17 51 -1 
                  53 18 52 -1 
                  54 19 53 -1 
                  55 20 54 -1 
                  56 21 55 -1 
                  57 22 56 -1 
                  58 23 57 -1 
                  59 24 58 -1 
                  60 25 59 -1 
                  61 26 60 -1 
                  62 27 61 -1 
                  63 28 62 -1 
                  64 29 63 -1 
                  65 30 64 -1 
                  66 31 65 -1 
                  67 32 66 -1 
                  68 33 67 -1 
                  69 34 68 -1 
                  70 35 69 -1 
                  71 36 70 -1 
                  1 0 71 -1 
                  3 0 2 -1 
                  4 0 3 -1 
                  5 0 4 -1 
                  6 0 5 -1 
                  7 0 6 -1 
                  8 0 7 -1 
                  9 0 8 -1 
                  10 0 9 -1 
                  11 0 10 -1 
                  12 0 11 -1 
                  13 0 12 -1 
                  14 0 13 -1 
                  15 0 14 -1 
                  16 0 15 -1 
                  17 0 16 -1 
                  18 0 17 -1 
                  19 0 18 -1 
                  20 0 19 -1 
                  21 0 20 -1 
                  22 0 21 -1 
                  23 0 22 -1 
                  24 0 23 -1 
                  25 0 24 -1 
                  26 0 25 -1 
                  27 0 26 -1 
                  28 0 27 -1 
                  29 0 28 -1 
                  30 0 29 -1 
                  31 0 30 -1 
                  32 0 31 -1 
                  33 0 32 -1 
                  34 0 33 -1 
                  35 0 34 -1 
                  36 0 35 -1 
                  38 37 1 -1 
                  39 38 1 -1 
                  40 39 1 -1 
                  41 40 1 -1 
                  42 41 1 -1 
                  43 42 1 -1 
                  44 43 1 -1 
                  45 44 1 -1 
                  46 45 1 -1 
                  47 46 1 -1 
                  48 47 1 -1 
                  49 48 1 -1 
                  50 49 1 -1 
                  51 50 1 -1 
                  52 51 1 -1 
                  53 52 1 -1 
                  54 53 1 -1 
                  55 54 1 -1 
                  56 55 1 -1 
                  57 56 1 -1 
                  58 57 1 -1 
                  59 58 1 -1 
                  60 59 1 -1 
                  61 60 1 -1 
                  62 61 1 -1 
                  63 62 1 -1 
                  64 63 1 -1 
                  65 64 1 -1 
                  66 65 1 -1 
                  67 66 1 -1 
                  68 67 1 -1 
                  69 68 1 -1 
                  70 69 1 -1 
                  71 70 1 -1 
                ]
                normalIndex [
                  72 0 1 -1 
                  71 1 2 -1 
                  70 2 3 -1 
                  69 3 4 -1 
                  68 4 5 -1 
                  8 65 7 -1 
                  9 64 8 -1 
                  10 63 9 -1 
                  11 62 10 -1 
                  12 61 11 -1 
                  13 60 12 -1 
                  14 59 13 -1 
                  15 58 14 -1 
                  16 57 15 -1 
                  17 56 16 -1 
                  18 55 17 -1 
                  19 54 18 -1 
                  20 53 19 -1 
                  21 52 20 -1 
                  22 51 21 -1 
                  23 50 22 -1 
                  24 49 23 -1 
                  25 48 24 -1 
                  26 47 25 -1 
                  27 46 26 -1 
                  28 45 27 -1 
                  29 44 28 -1 
                  30 43 29 -1 
                  31 42 30 -1 
                  32 41 31 -1 
                  33 40 32 -1 
                  34 39 33 -1 
                  35 38 34 -1 
                  36 37 35 -1 
                  67 5 6 -1 
                  66 6 7 -1 
                  38 35 37 -1 
                  39 34 38 -1 
                  40 33 39 -1 
                  41 32 40 -1 
                  42 31 41 -1 
                  43 30 42 -1 
                  44 29 43 -1 
                  45 28 44 -1 
                  46 27 45 -1 
                  47 26 46 -1 
                  48 25 47 -1 
                  49 24 48 -1 
                  50 23 49 -1 
                  51 22 50 -1 
                  52 21 51 -1 
                  53 20 52 -1 
                  54 19 53 -1 
                  55 18 54 -1 
                  56 17 55 -1 
                  57 16 56 -1 
                  58 15 57 -1 
                  59 14 58 -1 
                  60 13 59 -1 
                  61 12 60 -1 
                  62 11 61 -1 
                  63 10 62 -1 
                  64 9 63 -1 
                  65 8 64 -1 
                  66 7 65 -1 
                  67 6 66 -1 
                  68 5 67 -1 
                  69 4 68 -1 
                  70 3 69 -1 
                  71 2 70 -1 
                  72 1 71 -1 
                  73 0 72 -1 
                  76 74 75 -1 
                  77 74 76 -1 
                  78 74 77 -1 
                  79 74 78 -1 
                  80 74 79 -1 
                  81 74 80 -1 
                  82 74 81 -1 
                  83 74 82 -1 
                  84 74 83 -1 
                  85 74 84 -1 
                  86 74 85 -1 
                  87 74 86 -1 
                  88 74 87 -1 
                  89 74 88 -1 
                  90 74 89 -1 
                  91 74 90 -1 
                  92 74 91 -1 
                  93 74 92 -1 
                  94 74 93 -1 
                  95 74 94 -1 
                  96 74 95 -1 
                  97 74 96 -1 
                  98 74 97 -1 
                  99 74 98 -1 
                  100 74 99 -1 
                  101 74 100 -1 
                  102 74 101 -1 
                  103 74 102 -1 
                  104 74 103 -1 
                  105 74 104 -1 
                  106 74 105 -1 
                  107 74 106 -1 
                  108 74 107 -1 
                  109 74 108 -1 
                  112 111 110 -1 
                  113 112 110 -1 
                  114 113 110 -1 
                  115 114 110 -1 
                  116 115 110 -1 
                  117 116 110 -1 
                  118 117 110 -1 
                  119 118 110 -1 
                  120 119 110 -1 
                  121 120 110 -1 
                  122 121 110 -1 
                  123 122 110 -1 
                  124 123 110 -1 
                  125 124 110 -1 
                  126 125 110 -1 
                  127 126 110 -1 
                  128 127 110 -1 
                  129 128 110 -1 
                  130 129 110 -1 
                  131 130 110 -1 
                  132 131 110 -1 
                  133 132 110 -1 
                  134 133 110 -1 
                  135 134 110 -1 
                  136 135 110 -1 
                  137 136 110 -1 
                  138 137 110 -1 
                  139 138 110 -1 
                  140 139 110 -1 
                  141 140 110 -1 
                  142 141 110 -1 
                  143 142 110 -1 
                  144 143 110 -1 
                  145 144 110 -1 
                ]
              }
            }
            DEF Leads_11 Shape {
              appearance DEF __60 Appearance {
                material DEF __61 Material {
                  ambientIntensity 0.260947436094
                  diffuseColor 0.73400002718 0.773000001907 0.79699999094
                  shininess 0
                }
              }
              geometry DEF __62 IndexedFaceSet {
                solid FALSE
                coord Coordinate {
                  point [
                    0.00035 -0.00506 0.0001,
                    0.00035 -0.00506 -0.005,
                    0.000344682713554 -0.00499922313782 0.0001,
                    0.000328892417275 -0.00494029294984 0.0001,
                    0.000303108891325 -0.004885 0.0001,
                    0.000268115555092 -0.00483502433661 0.0001,
                    0.00022497566339 -0.00479188444491 0.0001,
                    0.000175 -0.00475689110868 0.0001,
                    0.000119707050164 -0.00473110758272 0.0001,
                    6.07768621834e-05 -0.00471531728645 0.0001,
                    2.14313189851e-20 -0.00471 0.0001,
                    -6.07768621834e-05 -0.00471531728645 0.0001,
                    -0.000119707050164 -0.00473110758272 0.0001,
                    -0.000175 -0.00475689110868 0.0001,
                    -0.00022497566339 -0.00479188444491 0.0001,
                    -0.000268115555092 -0.00483502433661 0.0001,
                    -0.000303108891325 -0.004885 0.0001,
                    -0.000328892417275 -0.00494029294984 0.0001,
                    -0.000344682713554 -0.00499922313782 0.0001,
                    -0.00035 -0.00506 0.0001,
                    -0.000344682713554 -0.00512077686218 0.0001,
                    -0.000328892417275 -0.00517970705016 0.0001,
                    -0.000303108891325 -0.005235 0.0001,
                    -0.000268115555092 -0.00528497566339 0.0001,
                    -0.00022497566339 -0.00532811555509 0.0001,
                    -0.000175 -0.00536310889132 0.0001,
                    -0.000119707050164 -0.00538889241728 0.0001,
                    -6.07768621834e-05 -0.00540468271355 0.0001,
                    -6.42939569552e-20 -0.00541 0.0001,
                    6.07768621834e-05 -0.00540468271355 0.0001,
                    0.000119707050164 -0.00538889241728 0.0001,
                    0.000175 -0.00536310889132 0.0001,
                    0.00022497566339 -0.00532811555509 0.0001,
                    0.000268115555092 -0.00528497566339 0.0001,
                    0.000303108891325 -0.005235 0.0001,
                    0.000328892417275 -0.00517970705016 0.0001,
                    0.000344682713554 -0.00512077686218 0.0001,
                    0.000344682713554 -0.00499922313782 -0.005,
                    0.000328892417275 -0.00494029294984 -0.005,
                    0.000303108891325 -0.004885 -0.005,
                    0.000268115555092 -0.00483502433661 -0.005,
                    0.00022497566339 -0.00479188444491 -0.005,
                    0.000175 -0.00475689110868 -0.005,
                    0.000119707050164 -0.00473110758272 -0.005,
                    6.07768621834e-05 -0.00471531728645 -0.005,
                    2.14313189851e-20 -0.00471 -0.005,
                    -6.07768621834e-05 -0.00471531728645 -0.005,
                    -0.000119707050164 -0.00473110758272 -0.005,
                    -0.000175 -0.00475689110868 -0.005,
                    -0.00022497566339 -0.00479188444491 -0.005,
                    -0.000268115555092 -0.00483502433661 -0.005,
                    -0.000303108891325 -0.004885 -0.005,
                    -0.000328892417275 -0.00494029294984 -0.005,
                    -0.000344682713554 -0.00499922313782 -0.005,
                    -0.00035 -0.00506 -0.005,
                    -0.000344682713554 -0.00512077686218 -0.005,
                    -0.000328892417275 -0.00517970705016 -0.005,
                    -0.000303108891325 -0.005235 -0.005,
                    -0.000268115555092 -0.00528497566339 -0.005,
                    -0.00022497566339 -0.00532811555509 -0.005,
                    -0.000175 -0.00536310889132 -0.005,
                    -0.000119707050164 -0.00538889241728 -0.005,
                    -6.07768621834e-05 -0.00540468271355 -0.005,
                    -6.42939569552e-20 -0.00541 -0.005,
                    6.07768621834e-05 -0.00540468271355 -0.005,
                    0.000119707050164 -0.00538889241728 -0.005,
                    0.000175 -0.00536310889132 -0.005,
                    0.00022497566339 -0.00532811555509 -0.005,
                    0.000268115555092 -0.00528497566339 -0.005,
                    0.000303108891325 -0.005235 -0.005,
                    0.000328892417275 -0.00517970705016 -0.005,
                    0.000344682713554 -0.00512077686218 -0.005

                  ]
                }
                normal Normal {
                  vector [
                    1 0 0,
                    0.98480773 -0.17364818 0,
                    0.93969262 -0.34202015 0,
                    0.86602539 -0.5 0,
                    0.76604444 -0.64278764 0,
                    0.64278764 -0.76604444 0,
                    0.5 -0.86602539 0,
                    0.34202015 -0.93969262 0,
                    0.17364818 -0.98480773 0,
                    -1.8369701e-16 -1 0,
                    -0.17364818 -0.98480773 0,
                    -0.34202015 -0.93969262 0,
                    -0.5 -0.86602539 0,
                    -0.64278764 -0.76604444 0,
                    -0.76604444 -0.64278764 0,
                    -0.86602539 -0.5 0,
                    -0.93969262 -0.34202015 0,
                    -0.98480773 -0.17364818 0,
                    -1 0 0,
                    -0.98480773 0.17364818 0,
                    -0.93969262 0.34202015 0,
                    -0.86602539 0.5 0,
                    -0.76604444 0.64278764 0,
                    -0.64278764 0.76604444 0,
                    -0.5 0.86602539 0,
                    -0.34202015 0.93969262 0,
                    -0.17364818 0.98480773 0,
                    6.1232343e-17 1 0,
                    0.17364818 0.98480773 0,
                    0.34202015 0.93969262 0,
                    0.5 0.86602539 0,
                    0.64278764 0.76604444 0,
                    0.76604444 0.64278764 0,
                    0.86602539 0.5 0,
                    0.93969262 0.34202015 0,
                    0.98480773 0.17364818 0,
                    1 0 0,
                    1 0 0,
                    0.98480773 0.17364818 0,
                    0.93969262 0.34202015 0,
                    0.86602539 0.5 0,
                    0.76604444 0.64278764 0,
                    0.64278764 0.76604444 0,
                    0.5 0.86602539 0,
                    0.34202015 0.93969262 0,
                    0.17364818 0.98480773 0,
                    6.1232343e-17 1 0,
                    -0.17364818 0.98480773 0,
                    -0.34202015 0.93969262 0,
                    -0.5 0.86602539 0,
                    -0.64278764 0.76604444 0,
                    -0.76604444 0.64278764 0,
                    -0.86602539 0.5 0,
                    -0.93969262 0.34202015 0,
                    -0.98480773 0.17364818 0,
                    -1 0 0,
                    -0.98480773 -0.17364818 0,
                    -0.93969262 -0.34202015 0,
                    -0.86602539 -0.5 0,
                    -0.76604444 -0.64278764 0,
                    -0.64278764 -0.76604444 0,
                    -0.5 -0.86602539 0,
                    -0.34202015 -0.93969262 0,
                    -0.17364818 -0.98480773 0,
                    -1.8369701e-16 -1 0,
                    0.17364818 -0.98480773 0,
                    0.34202015 -0.93969262 0,
                    0.5 -0.86602539 0,
                    0.64278764 -0.76604444 0,
                    0.76604444 -0.64278764 0,
                    0.86602539 -0.5 0,
                    0.93969262 -0.34202015 0,
                    0.98480773 -0.17364818 0,
                    1 0 0,
                    0 0 1,
                    0 0 1,
                    0 0 1,
                    0 0 1,
                    0 0 1,
                    0 0 1,
                    0 0 1,
                    0 0 1,
                    0 0 1,
                    0 0 1,
                    0 0 1,
                    0 0 1,
                    0 0 1,
                    0 0 1,
                    0 0 1,
                    0 0 1,
                    0 0 1,
                    0 0 1,
                    0 0 1,
                    0 0 1,
                    0 0 1,
                    0 0 1,
                    0 0 1,
                    0 0 1,
                    0 0 1,
                    0 0 1,
                    0 0 1,
                    0 0 1,
                    0 0 1,
                    0 0 1,
                    0 0 1,
                    0 0 1,
                    0 0 1,
                    0 0 1,
                    0 0 1,
                    0 0 1,
                    -0 -0 -1,
                    -0 -0 -1,
                    -0 -0 -1,
                    -0 -0 -1,
                    -0 -0 -1,
                    -0 -0 -1,
                    -0 -0 -1,
                    -0 -0 -1,
                    -0 -0 -1,
                    -0 -0 -1,
                    -0 -0 -1,
                    -0 -0 -1,
                    -0 -0 -1,
                    -0 -0 -1,
                    -0 -0 -1,
                    -0 -0 -1,
                    -0 -0 -1,
                    -0 -0 -1,
                    -0 -0 -1,
                    -0 -0 -1,
                    -0 -0 -1,
                    -0 -0 -1,
                    -0 -0 -1,
                    -0 -0 -1,
                    -0 -0 -1,
                    -0 -0 -1,
                    -0 -0 -1,
                    -0 -0 -1,
                    -0 -0 -1,
                    -0 -0 -1,
                    -0 -0 -1,
                    -0 -0 -1,
                    -0 -0 -1,
                    -0 -0 -1,
                    -0 -0 -1,
                    -0 -0 -1

                  ]
                }
                coordIndex [
                  71 0 36 -1 
                  70 36 35 -1 
                  69 35 34 -1 
                  68 34 33 -1 
                  67 33 32 -1 
                  29 64 30 -1 
                  28 63 29 -1 
                  27 62 28 -1 
                  26 61 27 -1 
                  25 60 26 -1 
                  24 59 25 -1 
                  23 58 24 -1 
                  22 57 23 -1 
                  21 56 22 -1 
                  20 55 21 -1 
                  19 54 20 -1 
                  18 53 19 -1 
                  17 52 18 -1 
                  16 51 17 -1 
                  15 50 16 -1 
                  14 49 15 -1 
                  13 48 14 -1 
                  12 47 13 -1 
                  11 46 12 -1 
                  10 45 11 -1 
                  9 44 10 -1 
                  8 43 9 -1 
                  7 42 8 -1 
                  6 41 7 -1 
                  5 40 6 -1 
                  4 39 5 -1 
                  3 38 4 -1 
                  2 37 3 -1 
                  0 1 2 -1 
                  66 32 31 -1 
                  65 31 30 -1 
                  37 2 1 -1 
                  38 3 37 -1 
                  39 4 38 -1 
                  40 5 39 -1 
                  41 6 40 -1 
                  42 7 41 -1 
                  43 8 42 -1 
                  44 9 43 -1 
                  45 10 44 -1 
                  46 11 45 -1 
                  47 12 46 -1 
                  48 13 47 -1 
                  49 14 48 -1 
                  50 15 49 -1 
                  51 16 50 -1 
                  52 17 51 -1 
                  53 18 52 -1 
                  54 19 53 -1 
                  55 20 54 -1 
                  56 21 55 -1 
                  57 22 56 -1 
                  58 23 57 -1 
                  59 24 58 -1 
                  60 25 59 -1 
                  61 26 60 -1 
                  62 27 61 -1 
                  63 28 62 -1 
                  64 29 63 -1 
                  65 30 64 -1 
                  66 31 65 -1 
                  67 32 66 -1 
                  68 33 67 -1 
                  69 34 68 -1 
                  70 35 69 -1 
                  71 36 70 -1 
                  1 0 71 -1 
                  3 0 2 -1 
                  4 0 3 -1 
                  5 0 4 -1 
                  6 0 5 -1 
                  7 0 6 -1 
                  8 0 7 -1 
                  9 0 8 -1 
                  10 0 9 -1 
                  11 0 10 -1 
                  12 0 11 -1 
                  13 0 12 -1 
                  14 0 13 -1 
                  15 0 14 -1 
                  16 0 15 -1 
                  17 0 16 -1 
                  18 0 17 -1 
                  19 0 18 -1 
                  20 0 19 -1 
                  21 0 20 -1 
                  22 0 21 -1 
                  23 0 22 -1 
                  24 0 23 -1 
                  25 0 24 -1 
                  26 0 25 -1 
                  27 0 26 -1 
                  28 0 27 -1 
                  29 0 28 -1 
                  30 0 29 -1 
                  31 0 30 -1 
                  32 0 31 -1 
                  33 0 32 -1 
                  34 0 33 -1 
                  35 0 34 -1 
                  36 0 35 -1 
                  38 37 1 -1 
                  39 38 1 -1 
                  40 39 1 -1 
                  41 40 1 -1 
                  42 41 1 -1 
                  43 42 1 -1 
                  44 43 1 -1 
                  45 44 1 -1 
                  46 45 1 -1 
                  47 46 1 -1 
                  48 47 1 -1 
                  49 48 1 -1 
                  50 49 1 -1 
                  51 50 1 -1 
                  52 51 1 -1 
                  53 52 1 -1 
                  54 53 1 -1 
                  55 54 1 -1 
                  56 55 1 -1 
                  57 56 1 -1 
                  58 57 1 -1 
                  59 58 1 -1 
                  60 59 1 -1 
                  61 60 1 -1 
                  62 61 1 -1 
                  63 62 1 -1 
                  64 63 1 -1 
                  65 64 1 -1 
                  66 65 1 -1 
                  67 66 1 -1 
                  68 67 1 -1 
                  69 68 1 -1 
                  70 69 1 -1 
                  71 70 1 -1 
                ]
                normalIndex [
                  72 0 1 -1 
                  71 1 2 -1 
                  70 2 3 -1 
                  69 3 4 -1 
                  68 4 5 -1 
                  8 65 7 -1 
                  9 64 8 -1 
                  10 63 9 -1 
                  11 62 10 -1 
                  12 61 11 -1 
                  13 60 12 -1 
                  14 59 13 -1 
                  15 58 14 -1 
                  16 57 15 -1 
                  17 56 16 -1 
                  18 55 17 -1 
                  19 54 18 -1 
                  20 53 19 -1 
                  21 52 20 -1 
                  22 51 21 -1 
                  23 50 22 -1 
                  24 49 23 -1 
                  25 48 24 -1 
                  26 47 25 -1 
                  27 46 26 -1 
                  28 45 27 -1 
                  29 44 28 -1 
                  30 43 29 -1 
                  31 42 30 -1 
                  32 41 31 -1 
                  33 40 32 -1 
                  34 39 33 -1 
                  35 38 34 -1 
                  36 37 35 -1 
                  67 5 6 -1 
                  66 6 7 -1 
                  38 35 37 -1 
                  39 34 38 -1 
                  40 33 39 -1 
                  41 32 40 -1 
                  42 31 41 -1 
                  43 30 42 -1 
                  44 29 43 -1 
                  45 28 44 -1 
                  46 27 45 -1 
                  47 26 46 -1 
                  48 25 47 -1 
                  49 24 48 -1 
                  50 23 49 -1 
                  51 22 50 -1 
                  52 21 51 -1 
                  53 20 52 -1 
                  54 19 53 -1 
                  55 18 54 -1 
                  56 17 55 -1 
                  57 16 56 -1 
                  58 15 57 -1 
                  59 14 58 -1 
                  60 13 59 -1 
                  61 12 60 -1 
                  62 11 61 -1 
                  63 10 62 -1 
                  64 9 63 -1 
                  65 8 64 -1 
                  66 7 65 -1 
                  67 6 66 -1 
                  68 5 67 -1 
                  69 4 68 -1 
                  70 3 69 -1 
                  71 2 70 -1 
                  72 1 71 -1 
                  73 0 72 -1 
                  76 74 75 -1 
                  77 74 76 -1 
                  78 74 77 -1 
                  79 74 78 -1 
                  80 74 79 -1 
                  81 74 80 -1 
                  82 74 81 -1 
                  83 74 82 -1 
                  84 74 83 -1 
                  85 74 84 -1 
                  86 74 85 -1 
                  87 74 86 -1 
                  88 74 87 -1 
                  89 74 88 -1 
                  90 74 89 -1 
                  91 74 90 -1 
                  92 74 91 -1 
                  93 74 92 -1 
                  94 74 93 -1 
                  95 74 94 -1 
                  96 74 95 -1 
                  97 74 96 -1 
                  98 74 97 -1 
                  99 74 98 -1 
                  100 74 99 -1 
                  101 74 100 -1 
                  102 74 101 -1 
                  103 74 102 -1 
                  104 74 103 -1 
                  105 74 104 -1 
                  106 74 105 -1 
                  107 74 106 -1 
                  108 74 107 -1 
                  109 74 108 -1 
                  112 111 110 -1 
                  113 112 110 -1 
                  114 113 110 -1 
                  115 114 110 -1 
                  116 115 110 -1 
                  117 116 110 -1 
                  118 117 110 -1 
                  119 118 110 -1 
                  120 119 110 -1 
                  121 120 110 -1 
                  122 121 110 -1 
                  123 122 110 -1 
                  124 123 110 -1 
                  125 124 110 -1 
                  126 125 110 -1 
                  127 126 110 -1 
                  128 127 110 -1 
                  129 128 110 -1 
                  130 129 110 -1 
                  131 130 110 -1 
                  132 131 110 -1 
                  133 132 110 -1 
                  134 133 110 -1 
                  135 134 110 -1 
                  136 135 110 -1 
                  137 136 110 -1 
                  138 137 110 -1 
                  139 138 110 -1 
                  140 139 110 -1 
                  141 140 110 -1 
                  142 141 110 -1 
                  143 142 110 -1 
                  144 143 110 -1 
                  145 144 110 -1 
                ]
              }
            }
            DEF Leads_12 Shape {
              appearance DEF __64 Appearance {
                material DEF __65 Material {
                  ambientIntensity 0.260947436094
                  diffuseColor 0.73400002718 0.773000001907 0.79699999094
                  shininess 0
                }
              }
              geometry DEF __66 IndexedFaceSet {
                solid FALSE
                coord Coordinate {
                  point [
                    0.00289 -0.00633 0.0001,
                    0.00289 -0.00633 -0.005,
                    0.00288468271355 -0.00626922313782 0.0001,
                    0.00286889241728 -0.00621029294984 0.0001,
                    0.00284310889132 -0.006155 0.0001,
                    0.00280811555509 -0.00610502433661 0.0001,
                    0.00276497566339 -0.00606188444491 0.0001,
                    0.002715 -0.00602689110868 0.0001,
                    0.00265970705016 -0.00600110758272 0.0001,
                    0.00260077686218 -0.00598531728645 0.0001,
                    0.00254 -0.00598 0.0001,
                    0.00247922313782 -0.00598531728645 0.0001,
                    0.00242029294984 -0.00600110758272 0.0001,
                    0.002365 -0.00602689110868 0.0001,
                    0.00231502433661 -0.00606188444491 0.0001,
                    0.00227188444491 -0.00610502433661 0.0001,
                    0.00223689110868 -0.006155 0.0001,
                    0.00221110758272 -0.00621029294984 0.0001,
                    0.00219531728645 -0.00626922313782 0.0001,
                    0.00219 -0.00633 0.0001,
                    0.00219531728645 -0.00639077686218 0.0001,
                    0.00221110758272 -0.00644970705016 0.0001,
                    0.00223689110868 -0.006505 0.0001,
                    0.00227188444491 -0.00655497566339 0.0001,
                    0.00231502433661 -0.00659811555509 0.0001,
                    0.002365 -0.00663310889132 0.0001,
                    0.00242029294984 -0.00665889241728 0.0001,
                    0.00247922313782 -0.00667468271355 0.0001,
                    0.00254 -0.00668 0.0001,
                    0.00260077686218 -0.00667468271355 0.0001,
                    0.00265970705016 -0.00665889241728 0.0001,
                    0.002715 -0.00663310889132 0.0001,
                    0.00276497566339 -0.00659811555509 0.0001,
                    0.00280811555509 -0.00655497566339 0.0001,
                    0.00284310889132 -0.006505 0.0001,
                    0.00286889241728 -0.00644970705016 0.0001,
                    0.00288468271355 -0.00639077686218 0.0001,
                    0.00288468271355 -0.00626922313782 -0.005,
                    0.00286889241728 -0.00621029294984 -0.005,
                    0.00284310889132 -0.006155 -0.005,
                    0.00280811555509 -0.00610502433661 -0.005,
                    0.00276497566339 -0.00606188444491 -0.005,
                    0.002715 -0.00602689110868 -0.005,
                    0.00265970705016 -0.00600110758272 -0.005,
                    0.00260077686218 -0.00598531728645 -0.005,
                    0.00254 -0.00598 -0.005,
                    0.00247922313782 -0.00598531728645 -0.005,
                    0.00242029294984 -0.00600110758272 -0.005,
                    0.002365 -0.00602689110868 -0.005,
                    0.00231502433661 -0.00606188444491 -0.005,
                    0.00227188444491 -0.00610502433661 -0.005,
                    0.00223689110868 -0.006155 -0.005,
                    0.00221110758272 -0.00621029294984 -0.005,
                    0.00219531728645 -0.00626922313782 -0.005,
                    0.00219 -0.00633 -0.005,
                    0.00219531728645 -0.00639077686218 -0.005,
                    0.00221110758272 -0.00644970705016 -0.005,
                    0.00223689110868 -0.006505 -0.005,
                    0.00227188444491 -0.00655497566339 -0.005,
                    0.00231502433661 -0.00659811555509 -0.005,
                    0.002365 -0.00663310889132 -0.005,
                    0.00242029294984 -0.00665889241728 -0.005,
                    0.00247922313782 -0.00667468271355 -0.005,
                    0.00254 -0.00668 -0.005,
                    0.00260077686218 -0.00667468271355 -0.005,
                    0.00265970705016 -0.00665889241728 -0.005,
                    0.002715 -0.00663310889132 -0.005,
                    0.00276497566339 -0.00659811555509 -0.005,
                    0.00280811555509 -0.00655497566339 -0.005,
                    0.00284310889132 -0.006505 -0.005,
                    0.00286889241728 -0.00644970705016 -0.005,
                    0.00288468271355 -0.00639077686218 -0.005

                  ]
                }
                normal Normal {
                  vector [
                    1 0 0,
                    0.98480773 -0.17364818 0,
                    0.93969262 -0.34202015 0,
                    0.86602539 -0.5 0,
                    0.76604444 -0.64278764 0,
                    0.64278764 -0.76604444 0,
                    0.5 -0.86602539 0,
                    0.34202015 -0.93969262 0,
                    0.17364818 -0.98480773 0,
                    0 -1 0,
                    -0.17364818 -0.98480773 0,
                    -0.34202015 -0.93969262 0,
                    -0.5 -0.86602539 0,
                    -0.64278764 -0.76604444 0,
                    -0.76604444 -0.64278764 0,
                    -0.86602539 -0.5 0,
                    -0.93969262 -0.34202015 0,
                    -0.98480773 -0.17364818 0,
                    -1 0 0,
                    -0.98480773 0.17364818 0,
                    -0.93969262 0.34202015 0,
                    -0.86602539 0.5 0,
                    -0.76604444 0.64278764 0,
                    -0.64278764 0.76604444 0,
                    -0.5 0.86602539 0,
                    -0.34202015 0.93969262 0,
                    -0.17364818 0.98480773 0,
                    0 1 0,
                    0.17364818 0.98480773 0,
                    0.34202015 0.93969262 0,
                    0.5 0.86602539 0,
                    0.64278764 0.76604444 0,
                    0.76604444 0.64278764 0,
                    0.86602539 0.5 0,
                    0.93969262 0.34202015 0,
                    0.98480773 0.17364818 0,
                    1 0 0,
                    1 0 0,
                    0.98480773 0.17364818 0,
                    0.93969262 0.34202015 0,
                    0.86602539 0.5 0,
                    0.76604444 0.64278764 0,
                    0.64278764 0.76604444 0,
                    0.5 0.86602539 0,
                    0.34202015 0.93969262 0,
                    0.17364818 0.98480773 0,
                    0 1 0,
                    -0.17364818 0.98480773 0,
                    -0.34202015 0.93969262 0,
                    -0.5 0.86602539 0,
                    -0.64278764 0.76604444 0,
                    -0.76604444 0.64278764 0,
                    -0.86602539 0.5 0,
                    -0.93969262 0.34202015 0,
                    -0.98480773 0.17364818 0,
                    -1 0 0,
                    -0.98480773 -0.17364818 0,
                    -0.93969262 -0.34202015 0,
                    -0.86602539 -0.5 0,
                    -0.76604444 -0.64278764 0,
                    -0.64278764 -0.76604444 0,
                    -0.5 -0.86602539 0,
                    -0.34202015 -0.93969262 0,
                    -0.17364818 -0.98480773 0,
                    0 -1 0,
                    0.17364818 -0.98480773 0,
                    0.34202015 -0.93969262 0,
                    0.5 -0.86602539 0,
                    0.64278764 -0.76604444 0,
                    0.76604444 -0.64278764 0,
                    0.86602539 -0.5 0,
                    0.93969262 -0.34202015 0,
                    0.98480773 -0.17364818 0,
                    1 0 0,
                    0 0 1,
                    0 0 1,
                    0 0 1,
                    0 0 1,
                    0 0 1,
                    0 0 1,
                    0 0 1,
                    0 0 1,
                    0 0 1,
                    0 0 1,
                    0 0 1,
                    0 0 1,
                    0 0 1,
                    0 0 1,
                    0 0 1,
                    0 0 1,
                    0 0 1,
                    0 0 1,
                    0 0 1,
                    0 0 1,
                    0 0 1,
                    0 0 1,
                    0 0 1,
                    0 0 1,
                    0 0 1,
                    0 0 1,
                    0 0 1,
                    0 0 1,
                    0 0 1,
                    0 0 1,
                    0 0 1,
                    0 0 1,
                    0 0 1,
                    0 0 1,
                    0 0 1,
                    0 0 1,
                    -0 -0 -1,
                    -0 -0 -1,
                    -0 -0 -1,
                    -0 -0 -1,
                    -0 -0 -1,
                    -0 -0 -1,
                    -0 -0 -1,
                    -0 -0 -1,
                    -0 -0 -1,
                    -0 -0 -1,
                    -0 -0 -1,
                    -0 -0 -1,
                    -0 -0 -1,
                    -0 -0 -1,
                    -0 -0 -1,
                    -0 -0 -1,
                    -0 -0 -1,
                    -0 -0 -1,
                    -0 -0 -1,
                    -0 -0 -1,
                    -0 -0 -1,
                    -0 -0 -1,
                    -0 -0 -1,
                    -0 -0 -1,
                    -0 -0 -1,
                    -0 -0 -1,
                    -0 -0 -1,
                    -0 -0 -1,
                    -0 -0 -1,
                    -0 -0 -1,
                    -0 -0 -1,
                    -0 -0 -1,
                    -0 -0 -1,
                    -0 -0 -1,
                    -0 -0 -1,
                    -0 -0 -1

                  ]
                }
                coordIndex [
                  71 0 36 -1 
                  70 36 35 -1 
                  69 35 34 -1 
                  68 34 33 -1 
                  67 33 32 -1 
                  29 64 30 -1 
                  28 63 29 -1 
                  27 62 28 -1 
                  26 61 27 -1 
                  25 60 26 -1 
                  24 59 25 -1 
                  23 58 24 -1 
                  22 57 23 -1 
                  21 56 22 -1 
                  20 55 21 -1 
                  19 54 20 -1 
                  18 53 19 -1 
                  17 52 18 -1 
                  16 51 17 -1 
                  15 50 16 -1 
                  14 49 15 -1 
                  13 48 14 -1 
                  12 47 13 -1 
                  11 46 12 -1 
                  10 45 11 -1 
                  9 44 10 -1 
                  8 43 9 -1 
                  7 42 8 -1 
                  6 41 7 -1 
                  5 40 6 -1 
                  4 39 5 -1 
                  3 38 4 -1 
                  2 37 3 -1 
                  0 1 2 -1 
                  66 32 31 -1 
                  65 31 30 -1 
                  37 2 1 -1 
                  38 3 37 -1 
                  39 4 38 -1 
                  40 5 39 -1 
                  41 6 40 -1 
                  42 7 41 -1 
                  43 8 42 -1 
                  44 9 43 -1 
                  45 10 44 -1 
                  46 11 45 -1 
                  47 12 46 -1 
                  48 13 47 -1 
                  49 14 48 -1 
                  50 15 49 -1 
                  51 16 50 -1 
                  52 17 51 -1 
                  53 18 52 -1 
                  54 19 53 -1 
                  55 20 54 -1 
                  56 21 55 -1 
                  57 22 56 -1 
                  58 23 57 -1 
                  59 24 58 -1 
                  60 25 59 -1 
                  61 26 60 -1 
                  62 27 61 -1 
                  63 28 62 -1 
                  64 29 63 -1 
                  65 30 64 -1 
                  66 31 65 -1 
                  67 32 66 -1 
                  68 33 67 -1 
                  69 34 68 -1 
                  70 35 69 -1 
                  71 36 70 -1 
                  1 0 71 -1 
                  3 0 2 -1 
                  4 0 3 -1 
                  5 0 4 -1 
                  6 0 5 -1 
                  7 0 6 -1 
                  8 0 7 -1 
                  9 0 8 -1 
                  10 0 9 -1 
                  11 0 10 -1 
                  12 0 11 -1 
                  13 0 12 -1 
                  14 0 13 -1 
                  15 0 14 -1 
                  16 0 15 -1 
                  17 0 16 -1 
                  18 0 17 -1 
                  19 0 18 -1 
                  20 0 19 -1 
                  21 0 20 -1 
                  22 0 21 -1 
                  23 0 22 -1 
                  24 0 23 -1 
                  25 0 24 -1 
                  26 0 25 -1 
                  27 0 26 -1 
                  28 0 27 -1 
                  29 0 28 -1 
                  30 0 29 -1 
                  31 0 30 -1 
                  32 0 31 -1 
                  33 0 32 -1 
                  34 0 33 -1 
                  35 0 34 -1 
                  36 0 35 -1 
                  38 37 1 -1 
                  39 38 1 -1 
                  40 39 1 -1 
                  41 40 1 -1 
                  42 41 1 -1 
                  43 42 1 -1 
                  44 43 1 -1 
                  45 44 1 -1 
                  46 45 1 -1 
                  47 46 1 -1 
                  48 47 1 -1 
                  49 48 1 -1 
                  50 49 1 -1 
                  51 50 1 -1 
                  52 51 1 -1 
                  53 52 1 -1 
                  54 53 1 -1 
                  55 54 1 -1 
                  56 55 1 -1 
                  57 56 1 -1 
                  58 57 1 -1 
                  59 58 1 -1 
                  60 59 1 -1 
                  61 60 1 -1 
                  62 61 1 -1 
                  63 62 1 -1 
                  64 63 1 -1 
                  65 64 1 -1 
                  66 65 1 -1 
                  67 66 1 -1 
                  68 67 1 -1 
                  69 68 1 -1 
                  70 69 1 -1 
                  71 70 1 -1 
                ]
                normalIndex [
                  72 0 1 -1 
                  71 1 2 -1 
                  70 2 3 -1 
                  69 3 4 -1 
                  68 4 5 -1 
                  8 65 7 -1 
                  9 64 8 -1 
                  10 63 9 -1 
                  11 62 10 -1 
                  12 61 11 -1 
                  13 60 12 -1 
                  14 59 13 -1 
                  15 58 14 -1 
                  16 57 15 -1 
                  17 56 16 -1 
                  18 55 17 -1 
                  19 54 18 -1 
                  20 53 19 -1 
                  21 52 20 -1 
                  22 51 21 -1 
                  23 50 22 -1 
                  24 49 23 -1 
                  25 48 24 -1 
                  26 47 25 -1 
                  27 46 26 -1 
                  28 45 27 -1 
                  29 44 28 -1 
                  30 43 29 -1 
                  31 42 30 -1 
                  32 41 31 -1 
                  33 40 32 -1 
                  34 39 33 -1 
                  35 38 34 -1 
                  36 37 35 -1 
                  67 5 6 -1 
                  66 6 7 -1 
                  38 35 37 -1 
                  39 34 38 -1 
                  40 33 39 -1 
                  41 32 40 -1 
                  42 31 41 -1 
                  43 30 42 -1 
                  44 29 43 -1 
                  45 28 44 -1 
                  46 27 45 -1 
                  47 26 46 -1 
                  48 25 47 -1 
                  49 24 48 -1 
                  50 23 49 -1 
                  51 22 50 -1 
                  52 21 51 -1 
                  53 20 52 -1 
                  54 19 53 -1 
                  55 18 54 -1 
                  56 17 55 -1 
                  57 16 56 -1 
                  58 15 57 -1 
                  59 14 58 -1 
                  60 13 59 -1 
                  61 12 60 -1 
                  62 11 61 -1 
                  63 10 62 -1 
                  64 9 63 -1 
                  65 8 64 -1 
                  66 7 65 -1 
                  67 6 66 -1 
                  68 5 67 -1 
                  69 4 68 -1 
                  70 3 69 -1 
                  71 2 70 -1 
                  72 1 71 -1 
                  73 0 72 -1 
                  76 74 75 -1 
                  77 74 76 -1 
                  78 74 77 -1 
                  79 74 78 -1 
                  80 74 79 -1 
                  81 74 80 -1 
                  82 74 81 -1 
                  83 74 82 -1 
                  84 74 83 -1 
                  85 74 84 -1 
                  86 74 85 -1 
                  87 74 86 -1 
                  88 74 87 -1 
                  89 74 88 -1 
                  90 74 89 -1 
                  91 74 90 -1 
                  92 74 91 -1 
                  93 74 92 -1 
                  94 74 93 -1 
                  95 74 94 -1 
                  96 74 95 -1 
                  97 74 96 -1 
                  98 74 97 -1 
                  99 74 98 -1 
                  100 74 99 -1 
                  101 74 100 -1 
                  102 74 101 -1 
                  103 74 102 -1 
                  104 74 103 -1 
                  105 74 104 -1 
                  106 74 105 -1 
                  107 74 106 -1 
                  108 74 107 -1 
                  109 74 108 -1 
                  112 111 110 -1 
                  113 112 110 -1 
                  114 113 110 -1 
                  115 114 110 -1 
                  116 115 110 -1 
                  117 116 110 -1 
                  118 117 110 -1 
                  119 118 110 -1 
                  120 119 110 -1 
                  121 120 110 -1 
                  122 121 110 -1 
                  123 122 110 -1 
                  124 123 110 -1 
                  125 124 110 -1 
                  126 125 110 -1 
                  127 126 110 -1 
                  128 127 110 -1 
                  129 128 110 -1 
                  130 129 110 -1 
                  131 130 110 -1 
                  132 131 110 -1 
                  133 132 110 -1 
                  134 133 110 -1 
                  135 134 110 -1 
                  136 135 110 -1 
                  137 136 110 -1 
                  138 137 110 -1 
                  139 138 110 -1 
                  140 139 110 -1 
                  141 140 110 -1 
                  142 141 110 -1 
                  143 142 110 -1 
                  144 143 110 -1 
                  145 144 110 -1 
                ]
              }
            }
            DEF Leads_13 Shape {
              appearance DEF __68 Appearance {
                material DEF __69 Material {
                  ambientIntensity 0.260947436094
                  diffuseColor 0.73400002718 0.773000001907 0.79699999094
                  shininess 0
                }
              }
              geometry DEF __70 IndexedFaceSet {
                solid FALSE
                coord Coordinate {
                  point [
                    0.00924 -0.00633 0.0001,
                    0.00924 -0.00633 -0.005,
                    0.00923468271355 -0.00626922313782 0.0001,
                    0.00921889241728 -0.00621029294984 0.0001,
                    0.00919310889132 -0.006155 0.0001,
                    0.00915811555509 -0.00610502433661 0.0001,
                    0.00911497566339 -0.00606188444491 0.0001,
                    0.009065 -0.00602689110868 0.0001,
                    0.00900970705016 -0.00600110758272 0.0001,
                    0.00895077686218 -0.00598531728645 0.0001,
                    0.00889 -0.00598 0.0001,
                    0.00882922313782 -0.00598531728645 0.0001,
                    0.00877029294984 -0.00600110758272 0.0001,
                    0.008715 -0.00602689110868 0.0001,
                    0.00866502433661 -0.00606188444491 0.0001,
                    0.00862188444491 -0.00610502433661 0.0001,
                    0.00858689110868 -0.006155 0.0001,
                    0.00856110758272 -0.00621029294984 0.0001,
                    0.00854531728645 -0.00626922313782 0.0001,
                    0.00854 -0.00633 0.0001,
                    0.00854531728645 -0.00639077686218 0.0001,
                    0.00856110758272 -0.00644970705016 0.0001,
                    0.00858689110868 -0.006505 0.0001,
                    0.00862188444491 -0.00655497566339 0.0001,
                    0.00866502433661 -0.00659811555509 0.0001,
                    0.008715 -0.00663310889132 0.0001,
                    0.00877029294984 -0.00665889241728 0.0001,
                    0.00882922313782 -0.00667468271355 0.0001,
                    0.00889 -0.00668 0.0001,
                    0.00895077686218 -0.00667468271355 0.0001,
                    0.00900970705016 -0.00665889241728 0.0001,
                    0.009065 -0.00663310889132 0.0001,
                    0.00911497566339 -0.00659811555509 0.0001,
                    0.00915811555509 -0.00655497566339 0.0001,
                    0.00919310889132 -0.006505 0.0001,
                    0.00921889241728 -0.00644970705016 0.0001,
                    0.00923468271355 -0.00639077686218 0.0001,
                    0.00923468271355 -0.00626922313782 -0.005,
                    0.00921889241728 -0.00621029294984 -0.005,
                    0.00919310889132 -0.006155 -0.005,
                    0.00915811555509 -0.00610502433661 -0.005,
                    0.00911497566339 -0.00606188444491 -0.005,
                    0.009065 -0.00602689110868 -0.005,
                    0.00900970705016 -0.00600110758272 -0.005,
                    0.00895077686218 -0.00598531728645 -0.005,
                    0.00889 -0.00598 -0.005,
                    0.00882922313782 -0.00598531728645 -0.005,
                    0.00877029294984 -0.00600110758272 -0.005,
                    0.008715 -0.00602689110868 -0.005,
                    0.00866502433661 -0.00606188444491 -0.005,
                    0.00862188444491 -0.00610502433661 -0.005,
                    0.00858689110868 -0.006155 -0.005,
                    0.00856110758272 -0.00621029294984 -0.005,
                    0.00854531728645 -0.00626922313782 -0.005,
                    0.00854 -0.00633 -0.005,
                    0.00854531728645 -0.00639077686218 -0.005,
                    0.00856110758272 -0.00644970705016 -0.005,
                    0.00858689110868 -0.006505 -0.005,
                    0.00862188444491 -0.00655497566339 -0.005,
                    0.00866502433661 -0.00659811555509 -0.005,
                    0.008715 -0.00663310889132 -0.005,
                    0.00877029294984 -0.00665889241728 -0.005,
                    0.00882922313782 -0.00667468271355 -0.005,
                    0.00889 -0.00668 -0.005,
                    0.00895077686218 -0.00667468271355 -0.005,
                    0.00900970705016 -0.00665889241728 -0.005,
                    0.009065 -0.00663310889132 -0.005,
                    0.00911497566339 -0.00659811555509 -0.005,
                    0.00915811555509 -0.00655497566339 -0.005,
                    0.00919310889132 -0.006505 -0.005,
                    0.00921889241728 -0.00644970705016 -0.005,
                    0.00923468271355 -0.00639077686218 -0.005

                  ]
                }
                normal Normal {
                  vector [
                    1 0 0,
                    0.98480773 -0.17364818 0,
                    0.93969262 -0.34202015 0,
                    0.86602539 -0.5 0,
                    0.76604444 -0.64278764 0,
                    0.64278764 -0.76604444 0,
                    0.5 -0.86602539 0,
                    0.34202015 -0.93969262 0,
                    0.17364818 -0.98480773 0,
                    0 -1 0,
                    -0.17364818 -0.98480773 0,
                    -0.34202015 -0.93969262 0,
                    -0.5 -0.86602539 0,
                    -0.64278764 -0.76604444 0,
                    -0.76604444 -0.64278764 0,
                    -0.86602539 -0.5 0,
                    -0.93969262 -0.34202015 0,
                    -0.98480773 -0.17364818 0,
                    -1 0 0,
                    -0.98480773 0.17364818 0,
                    -0.93969262 0.34202015 0,
                    -0.86602539 0.5 0,
                    -0.76604444 0.64278764 0,
                    -0.64278764 0.76604444 0,
                    -0.5 0.86602539 0,
                    -0.34202015 0.93969262 0,
                    -0.17364818 0.98480773 0,
                    0 1 0,
                    0.17364818 0.98480773 0,
                    0.34202015 0.93969262 0,
                    0.5 0.86602539 0,
                    0.64278764 0.76604444 0,
                    0.76604444 0.64278764 0,
                    0.86602539 0.5 0,
                    0.93969262 0.34202015 0,
                    0.98480773 0.17364818 0,
                    1 0 0,
                    1 0 0,
                    0.98480773 0.17364818 0,
                    0.93969262 0.34202015 0,
                    0.86602539 0.5 0,
                    0.76604444 0.64278764 0,
                    0.64278764 0.76604444 0,
                    0.5 0.86602539 0,
                    0.34202015 0.93969262 0,
                    0.17364818 0.98480773 0,
                    0 1 0,
                    -0.17364818 0.98480773 0,
                    -0.34202015 0.93969262 0,
                    -0.5 0.86602539 0,
                    -0.64278764 0.76604444 0,
                    -0.76604444 0.64278764 0,
                    -0.86602539 0.5 0,
                    -0.93969262 0.34202015 0,
                    -0.98480773 0.17364818 0,
                    -1 0 0,
                    -0.98480773 -0.17364818 0,
                    -0.93969262 -0.34202015 0,
                    -0.86602539 -0.5 0,
                    -0.76604444 -0.64278764 0,
                    -0.64278764 -0.76604444 0,
                    -0.5 -0.86602539 0,
                    -0.34202015 -0.93969262 0,
                    -0.17364818 -0.98480773 0,
                    0 -1 0,
                    0.17364818 -0.98480773 0,
                    0.34202015 -0.93969262 0,
                    0.5 -0.86602539 0,
                    0.64278764 -0.76604444 0,
                    0.76604444 -0.64278764 0,
                    0.86602539 -0.5 0,
                    0.93969262 -0.34202015 0,
                    0.98480773 -0.17364818 0,
                    1 0 0,
                    0 0 1,
                    0 0 1,
                    0 0 1,
                    0 0 1,
                    0 0 1,
                    0 0 1,
                    0 0 1,
                    0 0 1,
                    0 0 1,
                    0 0 1,
                    0 0 1,
                    0 0 1,
                    0 0 1,
                    0 0 1,
                    0 0 1,
                    0 0 1,
                    0 0 1,
                    0 0 1,
                    0 0 1,
                    0 0 1,
                    0 0 1,
                    0 0 1,
                    0 0 1,
                    0 0 1,
                    0 0 1,
                    0 0 1,
                    0 0 1,
                    0 0 1,
                    0 0 1,
                    0 0 1,
                    0 0 1,
                    0 0 1,
                    0 0 1,
                    0 0 1,
                    0 0 1,
                    0 0 1,
                    -0 -0 -1,
                    -0 -0 -1,
                    -0 -0 -1,
                    -0 -0 -1,
                    -0 -0 -1,
                    -0 -0 -1,
                    -0 -0 -1,
                    -0 -0 -1,
                    -0 -0 -1,
                    -0 -0 -1,
                    -0 -0 -1,
                    -0 -0 -1,
                    -0 -0 -1,
                    -0 -0 -1,
                    -0 -0 -1,
                    -0 -0 -1,
                    -0 -0 -1,
                    -0 -0 -1,
                    -0 -0 -1,
                    -0 -0 -1,
                    -0 -0 -1,
                    -0 -0 -1,
                    -0 -0 -1,
                    -0 -0 -1,
                    -0 -0 -1,
                    -0 -0 -1,
                    -0 -0 -1,
                    -0 -0 -1,
                    -0 -0 -1,
                    -0 -0 -1,
                    -0 -0 -1,
                    -0 -0 -1,
                    -0 -0 -1,
                    -0 -0 -1,
                    -0 -0 -1,
                    -0 -0 -1

                  ]
                }
                coordIndex [
                  71 0 36 -1 
                  70 36 35 -1 
                  69 35 34 -1 
                  68 34 33 -1 
                  67 33 32 -1 
                  29 64 30 -1 
                  28 63 29 -1 
                  27 62 28 -1 
                  26 61 27 -1 
                  25 60 26 -1 
                  24 59 25 -1 
                  23 58 24 -1 
                  22 57 23 -1 
                  21 56 22 -1 
                  20 55 21 -1 
                  19 54 20 -1 
                  18 53 19 -1 
                  17 52 18 -1 
                  16 51 17 -1 
                  15 50 16 -1 
                  14 49 15 -1 
                  13 48 14 -1 
                  12 47 13 -1 
                  11 46 12 -1 
                  10 45 11 -1 
                  9 44 10 -1 
                  8 43 9 -1 
                  7 42 8 -1 
                  6 41 7 -1 
                  5 40 6 -1 
                  4 39 5 -1 
                  3 38 4 -1 
                  2 37 3 -1 
                  0 1 2 -1 
                  66 32 31 -1 
                  65 31 30 -1 
                  37 2 1 -1 
                  38 3 37 -1 
                  39 4 38 -1 
                  40 5 39 -1 
                  41 6 40 -1 
                  42 7 41 -1 
                  43 8 42 -1 
                  44 9 43 -1 
                  45 10 44 -1 
                  46 11 45 -1 
                  47 12 46 -1 
                  48 13 47 -1 
                  49 14 48 -1 
                  50 15 49 -1 
                  51 16 50 -1 
                  52 17 51 -1 
                  53 18 52 -1 
                  54 19 53 -1 
                  55 20 54 -1 
                  56 21 55 -1 
                  57 22 56 -1 
                  58 23 57 -1 
                  59 24 58 -1 
                  60 25 59 -1 
                  61 26 60 -1 
                  62 27 61 -1 
                  63 28 62 -1 
                  64 29 63 -1 
                  65 30 64 -1 
                  66 31 65 -1 
                  67 32 66 -1 
                  68 33 67 -1 
                  69 34 68 -1 
                  70 35 69 -1 
                  71 36 70 -1 
                  1 0 71 -1 
                  3 0 2 -1 
                  4 0 3 -1 
                  5 0 4 -1 
                  6 0 5 -1 
                  7 0 6 -1 
                  8 0 7 -1 
                  9 0 8 -1 
                  10 0 9 -1 
                  11 0 10 -1 
                  12 0 11 -1 
                  13 0 12 -1 
                  14 0 13 -1 
                  15 0 14 -1 
                  16 0 15 -1 
                  17 0 16 -1 
                  18 0 17 -1 
                  19 0 18 -1 
                  20 0 19 -1 
                  21 0 20 -1 
                  22 0 21 -1 
                  23 0 22 -1 
                  24 0 23 -1 
                  25 0 24 -1 
                  26 0 25 -1 
                  27 0 26 -1 
                  28 0 27 -1 
                  29 0 28 -1 
                  30 0 29 -1 
                  31 0 30 -1 
                  32 0 31 -1 
                  33 0 32 -1 
                  34 0 33 -1 
                  35 0 34 -1 
                  36 0 35 -1 
                  38 37 1 -1 
                  39 38 1 -1 
                  40 39 1 -1 
                  41 40 1 -1 
                  42 41 1 -1 
                  43 42 1 -1 
                  44 43 1 -1 
                  45 44 1 -1 
                  46 45 1 -1 
                  47 46 1 -1 
                  48 47 1 -1 
                  49 48 1 -1 
                  50 49 1 -1 
                  51 50 1 -1 
                  52 51 1 -1 
                  53 52 1 -1 
                  54 53 1 -1 
                  55 54 1 -1 
                  56 55 1 -1 
                  57 56 1 -1 
                  58 57 1 -1 
                  59 58 1 -1 
                  60 59 1 -1 
                  61 60 1 -1 
                  62 61 1 -1 
                  63 62 1 -1 
                  64 63 1 -1 
                  65 64 1 -1 
                  66 65 1 -1 
                  67 66 1 -1 
                  68 67 1 -1 
                  69 68 1 -1 
                  70 69 1 -1 
                  71 70 1 -1 
                ]
                normalIndex [
                  72 0 1 -1 
                  71 1 2 -1 
                  70 2 3 -1 
                  69 3 4 -1 
                  68 4 5 -1 
                  8 65 7 -1 
                  9 64 8 -1 
                  10 63 9 -1 
                  11 62 10 -1 
                  12 61 11 -1 
                  13 60 12 -1 
                  14 59 13 -1 
                  15 58 14 -1 
                  16 57 15 -1 
                  17 56 16 -1 
                  18 55 17 -1 
                  19 54 18 -1 
                  20 53 19 -1 
                  21 52 20 -1 
                  22 51 21 -1 
                  23 50 22 -1 
                  24 49 23 -1 
                  25 48 24 -1 
                  26 47 25 -1 
                  27 46 26 -1 
                  28 45 27 -1 
                  29 44 28 -1 
                  30 43 29 -1 
                  31 42 30 -1 
                  32 41 31 -1 
                  33 40 32 -1 
                  34 39 33 -1 
                  35 38 34 -1 
                  36 37 35 -1 
                  67 5 6 -1 
                  66 6 7 -1 
                  38 35 37 -1 
                  39 34 38 -1 
                  40 33 39 -1 
                  41 32 40 -1 
                  42 31 41 -1 
                  43 30 42 -1 
                  44 29 43 -1 
                  45 28 44 -1 
                  46 27 45 -1 
                  47 26 46 -1 
                  48 25 47 -1 
                  49 24 48 -1 
                  50 23 49 -1 
                  51 22 50 -1 
                  52 21 51 -1 
                  53 20 52 -1 
                  54 19 53 -1 
                  55 18 54 -1 
                  56 17 55 -1 
                  57 16 56 -1 
                  58 15 57 -1 
                  59 14 58 -1 
                  60 13 59 -1 
                  61 12 60 -1 
                  62 11 61 -1 
                  63 10 62 -1 
                  64 9 63 -1 
                  65 8 64 -1 
                  66 7 65 -1 
                  67 6 66 -1 
                  68 5 67 -1 
                  69 4 68 -1 
                  70 3 69 -1 
                  71 2 70 -1 
                  72 1 71 -1 
                  73 0 72 -1 
                  76 74 75 -1 
                  77 74 76 -1 
                  78 74 77 -1 
                  79 74 78 -1 
                  80 74 79 -1 
                  81 74 80 -1 
                  82 74 81 -1 
                  83 74 82 -1 
                  84 74 83 -1 
                  85 74 84 -1 
                  86 74 85 -1 
                  87 74 86 -1 
                  88 74 87 -1 
                  89 74 88 -1 
                  90 74 89 -1 
                  91 74 90 -1 
                  92 74 91 -1 
                  93 74 92 -1 
                  94 74 93 -1 
                  95 74 94 -1 
                  96 74 95 -1 
                  97 74 96 -1 
                  98 74 97 -1 
                  99 74 98 -1 
                  100 74 99 -1 
                  101 74 100 -1 
                  102 74 101 -1 
                  103 74 102 -1 
                  104 74 103 -1 
                  105 74 104 -1 
                  106 74 105 -1 
                  107 74 106 -1 
                  108 74 107 -1 
                  109 74 108 -1 
                  112 111 110 -1 
                  113 112 110 -1 
                  114 113 110 -1 
                  115 114 110 -1 
                  116 115 110 -1 
                  117 116 110 -1 
                  118 117 110 -1 
                  119 118 110 -1 
                  120 119 110 -1 
                  121 120 110 -1 
                  122 121 110 -1 
                  123 122 110 -1 
                  124 123 110 -1 
                  125 124 110 -1 
                  126 125 110 -1 
                  127 126 110 -1 
                  128 127 110 -1 
                  129 128 110 -1 
                  130 129 110 -1 
                  131 130 110 -1 
                  132 131 110 -1 
                  133 132 110 -1 
                  134 133 110 -1 
                  135 134 110 -1 
                  136 135 110 -1 
                  137 136 110 -1 
                  138 137 110 -1 
                  139 138 110 -1 
                  140 139 110 -1 
                  141 140 110 -1 
                  142 141 110 -1 
                  143 142 110 -1 
                  144 143 110 -1 
                  145 144 110 -1 
                ]
              }
            }
            DEF Leads_14 Shape {
              appearance DEF __72 Appearance {
                material DEF __73 Material {
                  ambientIntensity 0.260947436094
                  diffuseColor 0.73400002718 0.773000001907 0.79699999094
                  shininess 0
                }
              }
              geometry DEF __74 IndexedFaceSet {
                solid FALSE
                coord Coordinate {
                  point [
                    0.01178 -0.00506 0.0001,
                    0.01178 -0.00506 -0.005,
                    0.0117746827136 -0.00499922313782 0.0001,
                    0.0117588924173 -0.00494029294984 0.0001,
                    0.0117331088913 -0.004885 0.0001,
                    0.0116981155551 -0.00483502433661 0.0001,
                    0.0116549756634 -0.00479188444491 0.0001,
                    0.011605 -0.00475689110868 0.0001,
                    0.0115497070502 -0.00473110758272 0.0001,
                    0.0114907768622 -0.00471531728645 0.0001,
                    0.01143 -0.00471 0.0001,
                    0.0113692231378 -0.00471531728645 0.0001,
                    0.0113102929498 -0.00473110758272 0.0001,
                    0.011255 -0.00475689110868 0.0001,
                    0.0112050243366 -0.00479188444491 0.0001,
                    0.0111618844449 -0.00483502433661 0.0001,
                    0.0111268911087 -0.004885 0.0001,
                    0.0111011075827 -0.00494029294984 0.0001,
                    0.0110853172864 -0.00499922313782 0.0001,
                    0.01108 -0.00506 0.0001,
                    0.0110853172864 -0.00512077686218 0.0001,
                    0.0111011075827 -0.00517970705016 0.0001,
                    0.0111268911087 -0.005235 0.0001,
                    0.0111618844449 -0.00528497566339 0.0001,
                    0.0112050243366 -0.00532811555509 0.0001,
                    0.011255 -0.00536310889132 0.0001,
                    0.0113102929498 -0.00538889241728 0.0001,
                    0.0113692231378 -0.00540468271355 0.0001,
                    0.01143 -0.00541 0.0001,
                    0.0114907768622 -0.00540468271355 0.0001,
                    0.0115497070502 -0.00538889241728 0.0001,
                    0.011605 -0.00536310889132 0.0001,
                    0.0116549756634 -0.00532811555509 0.0001,
                    0.0116981155551 -0.00528497566339 0.0001,
                    0.0117331088913 -0.005235 0.0001,
                    0.0117588924173 -0.00517970705016 0.0001,
                    0.0117746827136 -0.00512077686218 0.0001,
                    0.0117746827136 -0.00499922313782 -0.005,
                    0.0117588924173 -0.00494029294984 -0.005,
                    0.0117331088913 -0.004885 -0.005,
                    0.0116981155551 -0.00483502433661 -0.005,
                    0.0116549756634 -0.00479188444491 -0.005,
                    0.011605 -0.00475689110868 -0.005,
                    0.0115497070502 -0.00473110758272 -0.005,
                    0.0114907768622 -0.00471531728645 -0.005,
                    0.01143 -0.00471 -0.005,
                    0.0113692231378 -0.00471531728645 -0.005,
                    0.0113102929498 -0.00473110758272 -0.005,
                    0.011255 -0.00475689110868 -0.005,
                    0.0112050243366 -0.00479188444491 -0.005,
                    0.0111618844449 -0.00483502433661 -0.005,
                    0.0111268911087 -0.004885 -0.005,
                    0.0111011075827 -0.00494029294984 -0.005,
                    0.0110853172864 -0.00499922313782 -0.005,
                    0.01108 -0.00506 -0.005,
                    0.0110853172864 -0.00512077686218 -0.005,
                    0.0111011075827 -0.00517970705016 -0.005,
                    0.0111268911087 -0.005235 -0.005,
                    0.0111618844449 -0.00528497566339 -0.005,
                    0.0112050243366 -0.00532811555509 -0.005,
                    0.011255 -0.00536310889132 -0.005,
                    0.0113102929498 -0.00538889241728 -0.005,
                    0.0113692231378 -0.00540468271355 -0.005,
                    0.01143 -0.00541 -0.005,
                    0.0114907768622 -0.00540468271355 -0.005,
                    0.0115497070502 -0.00538889241728 -0.005,
                    0.011605 -0.00536310889132 -0.005,
                    0.0116549756634 -0.00532811555509 -0.005,
                    0.0116981155551 -0.00528497566339 -0.005,
                    0.0117331088913 -0.005235 -0.005,
                    0.0117588924173 -0.00517970705016 -0.005,
                    0.0117746827136 -0.00512077686218 -0.005

                  ]
                }
                normal Normal {
                  vector [
                    1 0 0,
                    0.98480773 -0.17364818 0,
                    0.93969262 -0.34202015 0,
                    0.86602539 -0.5 0,
                    0.76604444 -0.64278764 0,
                    0.64278764 -0.76604444 0,
                    0.5 -0.86602539 0,
                    0.34202015 -0.93969262 0,
                    0.17364818 -0.98480773 0,
                    0 -1 0,
                    -0.17364818 -0.98480773 0,
                    -0.34202015 -0.93969262 0,
                    -0.5 -0.86602539 0,
                    -0.64278764 -0.76604444 0,
                    -0.76604444 -0.64278764 0,
                    -0.86602539 -0.5 0,
                    -0.93969262 -0.34202015 0,
                    -0.98480773 -0.17364818 0,
                    -1 0 0,
                    -0.98480773 0.17364818 0,
                    -0.93969262 0.34202015 0,
                    -0.86602539 0.5 0,
                    -0.76604444 0.64278764 0,
                    -0.64278764 0.76604444 0,
                    -0.5 0.86602539 0,
                    -0.34202015 0.93969262 0,
                    -0.17364818 0.98480773 0,
                    0 1 0,
                    0.17364818 0.98480773 0,
                    0.34202015 0.93969262 0,
                    0.5 0.86602539 0,
                    0.64278764 0.76604444 0,
                    0.76604444 0.64278764 0,
                    0.86602539 0.5 0,
                    0.93969262 0.34202015 0,
                    0.98480773 0.17364818 0,
                    1 0 0,
                    1 0 0,
                    0.98480773 0.17364818 0,
                    0.93969262 0.34202015 0,
                    0.86602539 0.5 0,
                    0.76604444 0.64278764 0,
                    0.64278764 0.76604444 0,
                    0.5 0.86602539 0,
                    0.34202015 0.93969262 0,
                    0.17364818 0.98480773 0,
                    0 1 0,
                    -0.17364818 0.98480773 0,
                    -0.34202015 0.93969262 0,
                    -0.5 0.86602539 0,
                    -0.64278764 0.76604444 0,
                    -0.76604444 0.64278764 0,
                    -0.86602539 0.5 0,
                    -0.93969262 0.34202015 0,
                    -0.98480773 0.17364818 0,
                    -1 0 0,
                    -0.98480773 -0.17364818 0,
                    -0.93969262 -0.34202015 0,
                    -0.86602539 -0.5 0,
                    -0.76604444 -0.64278764 0,
                    -0.64278764 -0.76604444 0,
                    -0.5 -0.86602539 0,
                    -0.34202015 -0.93969262 0,
                    -0.17364818 -0.98480773 0,
                    0 -1 0,
                    0.17364818 -0.98480773 0,
                    0.34202015 -0.93969262 0,
                    0.5 -0.86602539 0,
                    0.64278764 -0.76604444 0,
                    0.76604444 -0.64278764 0,
                    0.86602539 -0.5 0,
                    0.93969262 -0.34202015 0,
                    0.98480773 -0.17364818 0,
                    1 0 0,
                    0 0 1,
                    0 0 1,
                    0 0 1,
                    0 0 1,
                    0 0 1,
                    0 0 1,
                    0 0 1,
                    0 0 1,
                    0 0 1,
                    0 0 1,
                    0 0 1,
                    0 0 1,
                    0 0 1,
                    0 0 1,
                    0 0 1,
                    0 0 1,
                    0 0 1,
                    0 0 1,
                    0 0 1,
                    0 0 1,
                    0 0 1,
                    0 0 1,
                    0 0 1,
                    0 0 1,
                    0 0 1,
                    0 0 1,
                    0 0 1,
                    0 0 1,
                    0 0 1,
                    0 0 1,
                    0 0 1,
                    0 0 1,
                    0 0 1,
                    0 0 1,
                    0 0 1,
                    0 0 1,
                    -0 -0 -1,
                    -0 -0 -1,
                    -0 -0 -1,
                    -0 -0 -1,
                    -0 -0 -1,
                    -0 -0 -1,
                    -0 -0 -1,
                    -0 -0 -1,
                    -0 -0 -1,
                    -0 -0 -1,
                    -0 -0 -1,
                    -0 -0 -1,
                    -0 -0 -1,
                    -0 -0 -1,
                    -0 -0 -1,
                    -0 -0 -1,
                    -0 -0 -1,
                    -0 -0 -1,
                    -0 -0 -1,
                    -0 -0 -1,
                    -0 -0 -1,
                    -0 -0 -1,
                    -0 -0 -1,
                    -0 -0 -1,
                    -0 -0 -1,
                    -0 -0 -1,
                    -0 -0 -1,
                    -0 -0 -1,
                    -0 -0 -1,
                    -0 -0 -1,
                    -0 -0 -1,
                    -0 -0 -1,
                    -0 -0 -1,
                    -0 -0 -1,
                    -0 -0 -1,
                    -0 -0 -1

                  ]
                }
                coordIndex [
                  71 0 36 -1 
                  70 36 35 -1 
                  69 35 34 -1 
                  68 34 33 -1 
                  67 33 32 -1 
                  29 64 30 -1 
                  28 63 29 -1 
                  27 62 28 -1 
                  26 61 27 -1 
                  25 60 26 -1 
                  24 59 25 -1 
                  23 58 24 -1 
                  22 57 23 -1 
                  21 56 22 -1 
                  20 55 21 -1 
                  19 54 20 -1 
                  18 53 19 -1 
                  17 52 18 -1 
                  16 51 17 -1 
                  15 50 16 -1 
                  14 49 15 -1 
                  13 48 14 -1 
                  12 47 13 -1 
                  11 46 12 -1 
                  10 45 11 -1 
                  9 44 10 -1 
                  8 43 9 -1 
                  7 42 8 -1 
                  6 41 7 -1 
                  5 40 6 -1 
                  4 39 5 -1 
                  3 38 4 -1 
                  2 37 3 -1 
                  0 1 2 -1 
                  66 32 31 -1 
                  65 31 30 -1 
                  37 2 1 -1 
                  38 3 37 -1 
                  39 4 38 -1 
                  40 5 39 -1 
                  41 6 40 -1 
                  42 7 41 -1 
                  43 8 42 -1 
                  44 9 43 -1 
                  45 10 44 -1 
                  46 11 45 -1 
                  47 12 46 -1 
                  48 13 47 -1 
                  49 14 48 -1 
                  50 15 49 -1 
                  51 16 50 -1 
                  52 17 51 -1 
                  53 18 52 -1 
                  54 19 53 -1 
                  55 20 54 -1 
                  56 21 55 -1 
                  57 22 56 -1 
                  58 23 57 -1 
                  59 24 58 -1 
                  60 25 59 -1 
                  61 26 60 -1 
                  62 27 61 -1 
                  63 28 62 -1 
                  64 29 63 -1 
                  65 30 64 -1 
                  66 31 65 -1 
                  67 32 66 -1 
                  68 33 67 -1 
                  69 34 68 -1 
                  70 35 69 -1 
                  71 36 70 -1 
                  1 0 71 -1 
                  3 0 2 -1 
                  4 0 3 -1 
                  5 0 4 -1 
                  6 0 5 -1 
                  7 0 6 -1 
                  8 0 7 -1 
                  9 0 8 -1 
                  10 0 9 -1 
                  11 0 10 -1 
                  12 0 11 -1 
                  13 0 12 -1 
                  14 0 13 -1 
                  15 0 14 -1 
                  16 0 15 -1 
                  17 0 16 -1 
                  18 0 17 -1 
                  19 0 18 -1 
                  20 0 19 -1 
                  21 0 20 -1 
                  22 0 21 -1 
                  23 0 22 -1 
                  24 0 23 -1 
                  25 0 24 -1 
                  26 0 25 -1 
                  27 0 26 -1 
                  28 0 27 -1 
                  29 0 28 -1 
                  30 0 29 -1 
                  31 0 30 -1 
                  32 0 31 -1 
                  33 0 32 -1 
                  34 0 33 -1 
                  35 0 34 -1 
                  36 0 35 -1 
                  38 37 1 -1 
                  39 38 1 -1 
                  40 39 1 -1 
                  41 40 1 -1 
                  42 41 1 -1 
                  43 42 1 -1 
                  44 43 1 -1 
                  45 44 1 -1 
                  46 45 1 -1 
                  47 46 1 -1 
                  48 47 1 -1 
                  49 48 1 -1 
                  50 49 1 -1 
                  51 50 1 -1 
                  52 51 1 -1 
                  53 52 1 -1 
                  54 53 1 -1 
                  55 54 1 -1 
                  56 55 1 -1 
                  57 56 1 -1 
                  58 57 1 -1 
                  59 58 1 -1 
                  60 59 1 -1 
                  61 60 1 -1 
                  62 61 1 -1 
                  63 62 1 -1 
                  64 63 1 -1 
                  65 64 1 -1 
                  66 65 1 -1 
                  67 66 1 -1 
                  68 67 1 -1 
                  69 68 1 -1 
                  70 69 1 -1 
                  71 70 1 -1 
                ]
                normalIndex [
                  72 0 1 -1 
                  71 1 2 -1 
                  70 2 3 -1 
                  69 3 4 -1 
                  68 4 5 -1 
                  8 65 7 -1 
                  9 64 8 -1 
                  10 63 9 -1 
                  11 62 10 -1 
                  12 61 11 -1 
                  13 60 12 -1 
                  14 59 13 -1 
                  15 58 14 -1 
                  16 57 15 -1 
                  17 56 16 -1 
                  18 55 17 -1 
                  19 54 18 -1 
                  20 53 19 -1 
                  21 52 20 -1 
                  22 51 21 -1 
                  23 50 22 -1 
                  24 49 23 -1 
                  25 48 24 -1 
                  26 47 25 -1 
                  27 46 26 -1 
                  28 45 27 -1 
                  29 44 28 -1 
                  30 43 29 -1 
                  31 42 30 -1 
                  32 41 31 -1 
                  33 40 32 -1 
                  34 39 33 -1 
                  35 38 34 -1 
                  36 37 35 -1 
                  67 5 6 -1 
                  66 6 7 -1 
                  38 35 37 -1 
                  39 34 38 -1 
                  40 33 39 -1 
                  41 32 40 -1 
                  42 31 41 -1 
                  43 30 42 -1 
                  44 29 43 -1 
                  45 28 44 -1 
                  46 27 45 -1 
                  47 26 46 -1 
                  48 25 47 -1 
                  49 24 48 -1 
                  50 23 49 -1 
                  51 22 50 -1 
                  52 21 51 -1 
                  53 20 52 -1 
                  54 19 53 -1 
                  55 18 54 -1 
                  56 17 55 -1 
                  57 16 56 -1 
                  58 15 57 -1 
                  59 14 58 -1 
                  60 13 59 -1 
                  61 12 60 -1 
                  62 11 61 -1 
                  63 10 62 -1 
                  64 9 63 -1 
                  65 8 64 -1 
                  66 7 65 -1 
                  67 6 66 -1 
                  68 5 67 -1 
                  69 4 68 -1 
                  70 3 69 -1 
                  71 2 70 -1 
                  72 1 71 -1 
                  73 0 72 -1 
                  76 74 75 -1 
                  77 74 76 -1 
                  78 74 77 -1 
                  79 74 78 -1 
                  80 74 79 -1 
                  81 74 80 -1 
                  82 74 81 -1 
                  83 74 82 -1 
                  84 74 83 -1 
                  85 74 84 -1 
                  86 74 85 -1 
                  87 74 86 -1 
                  88 74 87 -1 
                  89 74 88 -1 
                  90 74 89 -1 
                  91 74 90 -1 
                  92 74 91 -1 
                  93 74 92 -1 
                  94 74 93 -1 
                  95 74 94 -1 
                  96 74 95 -1 
                  97 74 96 -1 
                  98 74 97 -1 
                  99 74 98 -1 
                  100 74 99 -1 
                  101 74 100 -1 
                  102 74 101 -1 
                  103 74 102 -1 
                  104 74 103 -1 
                  105 74 104 -1 
                  106 74 105 -1 
                  107 74 106 -1 
                  108 74 107 -1 
                  109 74 108 -1 
                  112 111 110 -1 
                  113 112 110 -1 
                  114 113 110 -1 
                  115 114 110 -1 
                  116 115 110 -1 
                  117 116 110 -1 
                  118 117 110 -1 
                  119 118 110 -1 
                  120 119 110 -1 
                  121 120 110 -1 
                  122 121 110 -1 
                  123 122 110 -1 
                  124 123 110 -1 
                  125 124 110 -1 
                  126 125 110 -1 
                  127 126 110 -1 
                  128 127 110 -1 
                  129 128 110 -1 
                  130 129 110 -1 
                  131 130 110 -1 
                  132 131 110 -1 
                  133 132 110 -1 
                  134 133 110 -1 
                  135 134 110 -1 
                  136 135 110 -1 
                  137 136 110 -1 
                  138 137 110 -1 
                  139 138 110 -1 
                  140 139 110 -1 
                  141 140 110 -1 
                  142 141 110 -1 
                  143 142 110 -1 
                  144 143 110 -1 
                  145 144 110 -1 
                ]
              }
            }
            DEF Leads_15 Shape {
              appearance DEF __76 Appearance {
                material DEF __77 Material {
                  ambientIntensity 0.260947436094
                  diffuseColor 0.73400002718 0.773000001907 0.79699999094
                  shininess 0
                }
              }
              geometry DEF __78 IndexedFaceSet {
                solid FALSE
                coord Coordinate {
                  point [
                    -0.000515 -0.01295 0.0001,
                    -0.000515 -0.01295 -0.005,
                    -0.000521228821265 -0.0128788042472 0.0001,
                    -0.000539726025478 -0.0128097717412 0.0001,
                    -0.000569929584448 -0.012745 0.0001,
                    -0.000610921778321 -0.01268645708 0.0001,
                    -0.000661457080029 -0.0126359217783 0.0001,
                    -0.00072 -0.0125949295844 0.0001,
                    -0.000784771741236 -0.0125647260255 0.0001,
                    -0.000853804247157 -0.0125462288213 0.0001,
                    -0.000925 -0.01254 0.0001,
                    -0.000996195752843 -0.0125462288213 0.0001,
                    -0.00106522825876 -0.0125647260255 0.0001,
                    -0.00113 -0.0125949295844 0.0001,
                    -0.00118854291997 -0.0126359217783 0.0001,
                    -0.00123907822168 -0.01268645708 0.0001,
                    -0.00128007041555 -0.012745 0.0001,
                    -0.00131027397452 -0.0128097717412 0.0001,
                    -0.00132877117874 -0.0128788042472 0.0001,
                    -0.001335 -0.01295 0.0001,
                    -0.00132877117874 -0.0130211957528 0.0001,
                    -0.00131027397452 -0.0130902282588 0.0001,
                    -0.00128007041555 -0.013155 0.0001,
                    -0.00123907822168 -0.01321354292 0.0001,
                    -0.00118854291997 -0.0132640782217 0.0001,
                    -0.00113 -0.0133050704156 0.0001,
                    -0.00106522825876 -0.0133352739745 0.0001,
                    -0.000996195752843 -0.0133537711787 0.0001,
                    -0.000925 -0.01336 0.0001,
                    -0.000853804247157 -0.0133537711787 0.0001,
                    -0.000784771741236 -0.0133352739745 0.0001,
                    -0.00072 -0.0133050704156 0.0001,
                    -0.000661457080029 -0.0132640782217 0.0001,
                    -0.000610921778321 -0.01321354292 0.0001,
                    -0.000569929584448 -0.013155 0.0001,
                    -0.000539726025478 -0.0130902282588 0.0001,
                    -0.000521228821265 -0.0130211957528 0.0001,
                    -0.000521228821265 -0.0128788042472 -0.005,
                    -0.000539726025478 -0.0128097717412 -0.005,
                    -0.000569929584448 -0.012745 -0.005,
                    -0.000610921778321 -0.01268645708 -0.005,
                    -0.000661457080029 -0.0126359217783 -0.005,
                    -0.00072 -0.0125949295844 -0.005,
                    -0.000784771741236 -0.0125647260255 -0.005,
                    -0.000853804247157 -0.0125462288213 -0.005,
                    -0.000925 -0.01254 -0.005,
                    -0.000996195752843 -0.0125462288213 -0.005,
                    -0.00106522825876 -0.0125647260255 -0.005,
                    -0.00113 -0.0125949295844 -0.005,
                    -0.00118854291997 -0.0126359217783 -0.005,
                    -0.00123907822168 -0.01268645708 -0.005,
                    -0.00128007041555 -0.012745 -0.005,
                    -0.00131027397452 -0.0128097717412 -0.005,
                    -0.00132877117874 -0.0128788042472 -0.005,
                    -0.001335 -0.01295 -0.005,
                    -0.00132877117874 -0.0130211957528 -0.005,
                    -0.00131027397452 -0.0130902282588 -0.005,
                    -0.00128007041555 -0.013155 -0.005,
                    -0.00123907822168 -0.01321354292 -0.005,
                    -0.00118854291997 -0.0132640782217 -0.005,
                    -0.00113 -0.0133050704156 -0.005,
                    -0.00106522825876 -0.0133352739745 -0.005,
                    -0.000996195752843 -0.0133537711787 -0.005,
                    -0.000925 -0.01336 -0.005,
                    -0.000853804247157 -0.0133537711787 -0.005,
                    -0.000784771741236 -0.0133352739745 -0.005,
                    -0.00072 -0.0133050704156 -0.005,
                    -0.000661457080029 -0.0132640782217 -0.005,
                    -0.000610921778321 -0.01321354292 -0.005,
                    -0.000569929584448 -0.013155 -0.005,
                    -0.000539726025478 -0.0130902282588 -0.005,
                    -0.000521228821265 -0.0130211957528 -0.005

                  ]
                }
                normal Normal {
                  vector [
                    1 0 0,
                    0.98480773 -0.17364818 0,
                    0.93969262 -0.34202015 0,
                    0.86602539 -0.5 0,
                    0.76604444 -0.64278764 0,
                    0.64278764 -0.76604444 0,
                    0.5 -0.86602539 0,
                    0.34202015 -0.93969262 0,
                    0.17364818 -0.98480773 0,
                    -2.220446e-16 -1 0,
                    -0.17364818 -0.98480773 0,
                    -0.34202015 -0.93969262 0,
                    -0.5 -0.86602539 0,
                    -0.64278764 -0.76604444 0,
                    -0.76604444 -0.64278764 0,
                    -0.86602539 -0.5 0,
                    -0.93969262 -0.34202015 0,
                    -0.98480773 -0.17364818 0,
                    -1 0 0,
                    -0.98480773 0.17364818 0,
                    -0.93969262 0.34202015 0,
                    -0.86602539 0.5 0,
                    -0.76604444 0.64278764 0,
                    -0.64278764 0.76604444 0,
                    -0.5 0.86602539 0,
                    -0.34202015 0.93969262 0,
                    -0.17364818 0.98480773 0,
                    1.110223e-16 1 0,
                    0.17364818 0.98480773 0,
                    0.34202015 0.93969262 0,
                    0.5 0.86602539 0,
                    0.64278764 0.76604444 0,
                    0.76604444 0.64278764 0,
                    0.86602539 0.5 0,
                    0.93969262 0.34202015 0,
                    0.98480773 0.17364818 0,
                    1 0 0,
                    1 0 0,
                    0.98480773 0.17364818 0,
                    0.93969262 0.34202015 0,
                    0.86602539 0.5 0,
                    0.76604444 0.64278764 0,
                    0.64278764 0.76604444 0,
                    0.5 0.86602539 0,
                    0.34202015 0.93969262 0,
                    0.17364818 0.98480773 0,
                    1.110223e-16 1 0,
                    -0.17364818 0.98480773 0,
                    -0.34202015 0.93969262 0,
                    -0.5 0.86602539 0,
                    -0.64278764 0.76604444 0,
                    -0.76604444 0.64278764 0,
                    -0.86602539 0.5 0,
                    -0.93969262 0.34202015 0,
                    -0.98480773 0.17364818 0,
                    -1 0 0,
                    -0.98480773 -0.17364818 0,
                    -0.93969262 -0.34202015 0,
                    -0.86602539 -0.5 0,
                    -0.76604444 -0.64278764 0,
                    -0.64278764 -0.76604444 0,
                    -0.5 -0.86602539 0,
                    -0.34202015 -0.93969262 0,
                    -0.17364818 -0.98480773 0,
                    -2.220446e-16 -1 0,
                    0.17364818 -0.98480773 0,
                    0.34202015 -0.93969262 0,
                    0.5 -0.86602539 0,
                    0.64278764 -0.76604444 0,
                    0.76604444 -0.64278764 0,
                    0.86602539 -0.5 0,
                    0.93969262 -0.34202015 0,
                    0.98480773 -0.17364818 0,
                    1 0 0,
                    0 0 1,
                    0 0 1,
                    0 0 1,
                    0 0 1,
                    0 0 1,
                    0 0 1,
                    0 0 1,
                    0 0 1,
                    0 0 1,
                    0 0 1,
                    0 0 1,
                    0 0 1,
                    0 0 1,
                    0 0 1,
                    0 0 1,
                    0 0 1,
                    0 0 1,
                    0 0 1,
                    0 0 1,
                    0 0 1,
                    0 0 1,
                    0 0 1,
                    0 0 1,
                    0 0 1,
                    0 0 1,
                    0 0 1,
                    0 0 1,
                    0 0 1,
                    0 0 1,
                    0 0 1,
                    0 0 1,
                    0 0 1,
                    0 0 1,
                    0 0 1,
                    0 0 1,
                    0 0 1,
                    -0 -0 -1,
                    -0 -0 -1,
                    -0 -0 -1,
                    -0 -0 -1,
                    -0 -0 -1,
                    -0 -0 -1,
                    -0 -0 -1,
                    -0 -0 -1,
                    -0 -0 -1,
                    -0 -0 -1,
                    -0 -0 -1,
                    -0 -0 -1,
                    -0 -0 -1,
                    -0 -0 -1,
                    -0 -0 -1,
                    -0 -0 -1,
                    -0 -0 -1,
                    -0 -0 -1,
                    -0 -0 -1,
                    -0 -0 -1,
                    -0 -0 -1,
                    -0 -0 -1,
                    -0 -0 -1,
                    -0 -0 -1,
                    -0 -0 -1,
                    -0 -0 -1,
                    -0 -0 -1,
                    -0 -0 -1,
                    -0 -0 -1,
                    -0 -0 -1,
                    -0 -0 -1,
                    -0 -0 -1,
                    -0 -0 -1,
                    -0 -0 -1,
                    -0 -0 -1,
                    -0 -0 -1

                  ]
                }
                coordIndex [
                  71 0 36 -1 
                  70 36 35 -1 
                  69 35 34 -1 
                  68 34 33 -1 
                  67 33 32 -1 
                  29 64 30 -1 
                  28 63 29 -1 
                  27 62 28 -1 
                  26 61 27 -1 
                  25 60 26 -1 
                  24 59 25 -1 
                  23 58 24 -1 
                  22 57 23 -1 
                  21 56 22 -1 
                  20 55 21 -1 
                  19 54 20 -1 
                  18 53 19 -1 
                  17 52 18 -1 
                  16 51 17 -1 
                  15 50 16 -1 
                  14 49 15 -1 
                  13 48 14 -1 
                  12 47 13 -1 
                  11 46 12 -1 
                  10 45 11 -1 
                  9 44 10 -1 
                  8 43 9 -1 
                  7 42 8 -1 
                  6 41 7 -1 
                  5 40 6 -1 
                  4 39 5 -1 
                  3 38 4 -1 
                  2 37 3 -1 
                  0 1 2 -1 
                  66 32 31 -1 
                  65 31 30 -1 
                  37 2 1 -1 
                  38 3 37 -1 
                  39 4 38 -1 
                  40 5 39 -1 
                  41 6 40 -1 
                  42 7 41 -1 
                  43 8 42 -1 
                  44 9 43 -1 
                  45 10 44 -1 
                  46 11 45 -1 
                  47 12 46 -1 
                  48 13 47 -1 
                  49 14 48 -1 
                  50 15 49 -1 
                  51 16 50 -1 
                  52 17 51 -1 
                  53 18 52 -1 
                  54 19 53 -1 
                  55 20 54 -1 
                  56 21 55 -1 
                  57 22 56 -1 
                  58 23 57 -1 
                  59 24 58 -1 
                  60 25 59 -1 
                  61 26 60 -1 
                  62 27 61 -1 
                  63 28 62 -1 
                  64 29 63 -1 
                  65 30 64 -1 
                  66 31 65 -1 
                  67 32 66 -1 
                  68 33 67 -1 
                  69 34 68 -1 
                  70 35 69 -1 
                  71 36 70 -1 
                  1 0 71 -1 
                  3 0 2 -1 
                  4 0 3 -1 
                  5 0 4 -1 
                  6 0 5 -1 
                  7 0 6 -1 
                  8 0 7 -1 
                  9 0 8 -1 
                  10 0 9 -1 
                  11 0 10 -1 
                  12 0 11 -1 
                  13 0 12 -1 
                  14 0 13 -1 
                  15 0 14 -1 
                  16 0 15 -1 
                  17 0 16 -1 
                  18 0 17 -1 
                  19 0 18 -1 
                  20 0 19 -1 
                  21 0 20 -1 
                  22 0 21 -1 
                  23 0 22 -1 
                  24 0 23 -1 
                  25 0 24 -1 
                  26 0 25 -1 
                  27 0 26 -1 
                  28 0 27 -1 
                  29 0 28 -1 
                  30 0 29 -1 
                  31 0 30 -1 
                  32 0 31 -1 
                  33 0 32 -1 
                  34 0 33 -1 
                  35 0 34 -1 
                  36 0 35 -1 
                  38 37 1 -1 
                  39 38 1 -1 
                  40 39 1 -1 
                  41 40 1 -1 
                  42 41 1 -1 
                  43 42 1 -1 
                  44 43 1 -1 
                  45 44 1 -1 
                  46 45 1 -1 
                  47 46 1 -1 
                  48 47 1 -1 
                  49 48 1 -1 
                  50 49 1 -1 
                  51 50 1 -1 
                  52 51 1 -1 
                  53 52 1 -1 
                  54 53 1 -1 
                  55 54 1 -1 
                  56 55 1 -1 
                  57 56 1 -1 
                  58 57 1 -1 
                  59 58 1 -1 
                  60 59 1 -1 
                  61 60 1 -1 
                  62 61 1 -1 
                  63 62 1 -1 
                  64 63 1 -1 
                  65 64 1 -1 
                  66 65 1 -1 
                  67 66 1 -1 
                  68 67 1 -1 
                  69 68 1 -1 
                  70 69 1 -1 
                  71 70 1 -1 
                ]
                normalIndex [
                  72 0 1 -1 
                  71 1 2 -1 
                  70 2 3 -1 
                  69 3 4 -1 
                  68 4 5 -1 
                  8 65 7 -1 
                  9 64 8 -1 
                  10 63 9 -1 
                  11 62 10 -1 
                  12 61 11 -1 
                  13 60 12 -1 
                  14 59 13 -1 
                  15 58 14 -1 
                  16 57 15 -1 
                  17 56 16 -1 
                  18 55 17 -1 
                  19 54 18 -1 
                  20 53 19 -1 
                  21 52 20 -1 
                  22 51 21 -1 
                  23 50 22 -1 
                  24 49 23 -1 
                  25 48 24 -1 
                  26 47 25 -1 
                  27 46 26 -1 
                  28 45 27 -1 
                  29 44 28 -1 
                  30 43 29 -1 
                  31 42 30 -1 
                  32 41 31 -1 
                  33 40 32 -1 
                  34 39 33 -1 
                  35 38 34 -1 
                  36 37 35 -1 
                  67 5 6 -1 
                  66 6 7 -1 
                  38 35 37 -1 
                  39 34 38 -1 
                  40 33 39 -1 
                  41 32 40 -1 
                  42 31 41 -1 
                  43 30 42 -1 
                  44 29 43 -1 
                  45 28 44 -1 
                  46 27 45 -1 
                  47 26 46 -1 
                  48 25 47 -1 
                  49 24 48 -1 
                  50 23 49 -1 
                  51 22 50 -1 
                  52 21 51 -1 
                  53 20 52 -1 
                  54 19 53 -1 
                  55 18 54 -1 
                  56 17 55 -1 
                  57 16 56 -1 
                  58 15 57 -1 
                  59 14 58 -1 
                  60 13 59 -1 
                  61 12 60 -1 
                  62 11 61 -1 
                  63 10 62 -1 
                  64 9 63 -1 
                  65 8 64 -1 
                  66 7 65 -1 
                  67 6 66 -1 
                  68 5 67 -1 
                  69 4 68 -1 
                  70 3 69 -1 
                  71 2 70 -1 
                  72 1 71 -1 
                  73 0 72 -1 
                  76 74 75 -1 
                  77 74 76 -1 
                  78 74 77 -1 
                  79 74 78 -1 
                  80 74 79 -1 
                  81 74 80 -1 
                  82 74 81 -1 
                  83 74 82 -1 
                  84 74 83 -1 
                  85 74 84 -1 
                  86 74 85 -1 
                  87 74 86 -1 
                  88 74 87 -1 
                  89 74 88 -1 
                  90 74 89 -1 
                  91 74 90 -1 
                  92 74 91 -1 
                  93 74 92 -1 
                  94 74 93 -1 
                  95 74 94 -1 
                  96 74 95 -1 
                  97 74 96 -1 
                  98 74 97 -1 
                  99 74 98 -1 
                  100 74 99 -1 
                  101 74 100 -1 
                  102 74 101 -1 
                  103 74 102 -1 
                  104 74 103 -1 
                  105 74 104 -1 
                  106 74 105 -1 
                  107 74 106 -1 
                  108 74 107 -1 
                  109 74 108 -1 
                  112 111 110 -1 
                  113 112 110 -1 
                  114 113 110 -1 
                  115 114 110 -1 
                  116 115 110 -1 
                  117 116 110 -1 
                  118 117 110 -1 
                  119 118 110 -1 
                  120 119 110 -1 
                  121 120 110 -1 
                  122 121 110 -1 
                  123 122 110 -1 
                  124 123 110 -1 
                  125 124 110 -1 
                  126 125 110 -1 
                  127 126 110 -1 
                  128 127 110 -1 
                  129 128 110 -1 
                  130 129 110 -1 
                  131 130 110 -1 
                  132 131 110 -1 
                  133 132 110 -1 
                  134 133 110 -1 
                  135 134 110 -1 
                  136 135 110 -1 
                  137 136 110 -1 
                  138 137 110 -1 
                  139 138 110 -1 
                  140 139 110 -1 
                  141 140 110 -1 
                  142 141 110 -1 
                  143 142 110 -1 
                  144 143 110 -1 
                  145 144 110 -1 
                ]
              }
            }
            DEF Leads_16 Shape {
              appearance DEF __80 Appearance {
                material DEF __81 Material {
                  ambientIntensity 0.260947436094
                  diffuseColor 0.73400002718 0.773000001907 0.79699999094
                  shininess 0
                }
              }
              geometry DEF __82 IndexedFaceSet {
                solid FALSE
                coord Coordinate {
                  point [
                    0.002025 -0.01295 0.0001,
                    0.002025 -0.01295 -0.005,
                    0.00201877117874 -0.0128788042472 0.0001,
                    0.00200027397452 -0.0128097717412 0.0001,
                    0.00197007041555 -0.012745 0.0001,
                    0.00192907822168 -0.01268645708 0.0001,
                    0.00187854291997 -0.0126359217783 0.0001,
                    0.00182 -0.0125949295844 0.0001,
                    0.00175522825876 -0.0125647260255 0.0001,
                    0.00168619575284 -0.0125462288213 0.0001,
                    0.001615 -0.01254 0.0001,
                    0.00154380424716 -0.0125462288213 0.0001,
                    0.00147477174124 -0.0125647260255 0.0001,
                    0.00141 -0.0125949295844 0.0001,
                    0.00135145708003 -0.0126359217783 0.0001,
                    0.00130092177832 -0.01268645708 0.0001,
                    0.00125992958445 -0.012745 0.0001,
                    0.00122972602548 -0.0128097717412 0.0001,
                    0.00121122882126 -0.0128788042472 0.0001,
                    0.001205 -0.01295 0.0001,
                    0.00121122882126 -0.0130211957528 0.0001,
                    0.00122972602548 -0.0130902282588 0.0001,
                    0.00125992958445 -0.013155 0.0001,
                    0.00130092177832 -0.01321354292 0.0001,
                    0.00135145708003 -0.0132640782217 0.0001,
                    0.00141 -0.0133050704156 0.0001,
                    0.00147477174124 -0.0133352739745 0.0001,
                    0.00154380424716 -0.0133537711787 0.0001,
                    0.001615 -0.01336 0.0001,
                    0.00168619575284 -0.0133537711787 0.0001,
                    0.00175522825876 -0.0133352739745 0.0001,
                    0.00182 -0.0133050704156 0.0001,
                    0.00187854291997 -0.0132640782217 0.0001,
                    0.00192907822168 -0.01321354292 0.0001,
                    0.00197007041555 -0.013155 0.0001,
                    0.00200027397452 -0.0130902282588 0.0001,
                    0.00201877117874 -0.0130211957528 0.0001,
                    0.00201877117874 -0.0128788042472 -0.005,
                    0.00200027397452 -0.0128097717412 -0.005,
                    0.00197007041555 -0.012745 -0.005,
                    0.00192907822168 -0.01268645708 -0.005,
                    0.00187854291997 -0.0126359217783 -0.005,
                    0.00182 -0.0125949295844 -0.005,
                    0.00175522825876 -0.0125647260255 -0.005,
                    0.00168619575284 -0.0125462288213 -0.005,
                    0.001615 -0.01254 -0.005,
                    0.00154380424716 -0.0125462288213 -0.005,
                    0.00147477174124 -0.0125647260255 -0.005,
                    0.00141 -0.0125949295844 -0.005,
                    0.00135145708003 -0.0126359217783 -0.005,
                    0.00130092177832 -0.01268645708 -0.005,
                    0.00125992958445 -0.012745 -0.005,
                    0.00122972602548 -0.0128097717412 -0.005,
                    0.00121122882126 -0.0128788042472 -0.005,
                    0.001205 -0.01295 -0.005,
                    0.00121122882126 -0.0130211957528 -0.005,
                    0.00122972602548 -0.0130902282588 -0.005,
                    0.00125992958445 -0.013155 -0.005,
                    0.00130092177832 -0.01321354292 -0.005,
                    0.00135145708003 -0.0132640782217 -0.005,
                    0.00141 -0.0133050704156 -0.005,
                    0.00147477174124 -0.0133352739745 -0.005,
                    0.00154380424716 -0.0133537711787 -0.005,
                    0.001615 -0.01336 -0.005,
                    0.00168619575284 -0.0133537711787 -0.005,
                    0.00175522825876 -0.0133352739745 -0.005,
                    0.00182 -0.0133050704156 -0.005,
                    0.00187854291997 -0.0132640782217 -0.005,
                    0.00192907822168 -0.01321354292 -0.005,
                    0.00197007041555 -0.013155 -0.005,
                    0.00200027397452 -0.0130902282588 -0.005,
                    0.00201877117874 -0.0130211957528 -0.005

                  ]
                }
                normal Normal {
                  vector [
                    1 0 0,
                    0.98480773 -0.17364818 0,
                    0.93969262 -0.34202015 0,
                    0.86602539 -0.5 0,
                    0.76604444 -0.64278764 0,
                    0.64278764 -0.76604444 0,
                    0.5 -0.86602539 0,
                    0.34202015 -0.93969262 0,
                    0.17364818 -0.98480773 0,
                    -2.220446e-16 -1 0,
                    -0.17364818 -0.98480773 0,
                    -0.34202015 -0.93969262 0,
                    -0.5 -0.86602539 0,
                    -0.64278764 -0.76604444 0,
                    -0.76604444 -0.64278764 0,
                    -0.86602539 -0.5 0,
                    -0.93969262 -0.34202015 0,
                    -0.98480773 -0.17364818 0,
                    -1 0 0,
                    -0.98480773 0.17364818 0,
                    -0.93969262 0.34202015 0,
                    -0.86602539 0.5 0,
                    -0.76604444 0.64278764 0,
                    -0.64278764 0.76604444 0,
                    -0.5 0.86602539 0,
                    -0.34202015 0.93969262 0,
                    -0.17364818 0.98480773 0,
                    0 1 0,
                    0.17364818 0.98480773 0,
                    0.34202015 0.93969262 0,
                    0.5 0.86602539 0,
                    0.64278764 0.76604444 0,
                    0.76604444 0.64278764 0,
                    0.86602539 0.5 0,
                    0.93969262 0.34202015 0,
                    0.98480773 0.17364818 0,
                    1 0 0,
                    1 0 0,
                    0.98480773 0.17364818 0,
                    0.93969262 0.34202015 0,
                    0.86602539 0.5 0,
                    0.76604444 0.64278764 0,
                    0.64278764 0.76604444 0,
                    0.5 0.86602539 0,
                    0.34202015 0.93969262 0,
                    0.17364818 0.98480773 0,
                    0 1 0,
                    -0.17364818 0.98480773 0,
                    -0.34202015 0.93969262 0,
                    -0.5 0.86602539 0,
                    -0.64278764 0.76604444 0,
                    -0.76604444 0.64278764 0,
                    -0.86602539 0.5 0,
                    -0.93969262 0.34202015 0,
                    -0.98480773 0.17364818 0,
                    -1 0 0,
                    -0.98480773 -0.17364818 0,
                    -0.93969262 -0.34202015 0,
                    -0.86602539 -0.5 0,
                    -0.76604444 -0.64278764 0,
                    -0.64278764 -0.76604444 0,
                    -0.5 -0.86602539 0,
                    -0.34202015 -0.93969262 0,
                    -0.17364818 -0.98480773 0,
                    -2.220446e-16 -1 0,
                    0.17364818 -0.98480773 0,
                    0.34202015 -0.93969262 0,
                    0.5 -0.86602539 0,
                    0.64278764 -0.76604444 0,
                    0.76604444 -0.64278764 0,
                    0.86602539 -0.5 0,
                    0.93969262 -0.34202015 0,
                    0.98480773 -0.17364818 0,
                    1 0 0,
                    0 0 1,
                    0 0 1,
                    0 0 1,
                    0 0 1,
                    0 0 1,
                    0 0 1,
                    0 0 1,
                    0 0 1,
                    0 0 1,
                    0 0 1,
                    0 0 1,
                    0 0 1,
                    0 0 1,
                    0 0 1,
                    0 0 1,
                    0 0 1,
                    0 0 1,
                    0 0 1,
                    0 0 1,
                    0 0 1,
                    0 0 1,
                    0 0 1,
                    0 0 1,
                    0 0 1,
                    0 0 1,
                    0 0 1,
                    0 0 1,
                    0 0 1,
                    0 0 1,
                    0 0 1,
                    0 0 1,
                    0 0 1,
                    0 0 1,
                    0 0 1,
                    0 0 1,
                    0 0 1,
                    -0 -0 -1,
                    -0 -0 -1,
                    -0 -0 -1,
                    -0 -0 -1,
                    -0 -0 -1,
                    -0 -0 -1,
                    -0 -0 -1,
                    -0 -0 -1,
                    -0 -0 -1,
                    -0 -0 -1,
                    -0 -0 -1,
                    -0 -0 -1,
                    -0 -0 -1,
                    -0 -0 -1,
                    -0 -0 -1,
                    -0 -0 -1,
                    -0 -0 -1,
                    -0 -0 -1,
                    -0 -0 -1,
                    -0 -0 -1,
                    -0 -0 -1,
                    -0 -0 -1,
                    -0 -0 -1,
                    -0 -0 -1,
                    -0 -0 -1,
                    -0 -0 -1,
                    -0 -0 -1,
                    -0 -0 -1,
                    -0 -0 -1,
                    -0 -0 -1,
                    -0 -0 -1,
                    -0 -0 -1,
                    -0 -0 -1,
                    -0 -0 -1,
                    -0 -0 -1,
                    -0 -0 -1

                  ]
                }
                coordIndex [
                  71 0 36 -1 
                  70 36 35 -1 
                  69 35 34 -1 
                  68 34 33 -1 
                  67 33 32 -1 
                  29 64 30 -1 
                  28 63 29 -1 
                  27 62 28 -1 
                  26 61 27 -1 
                  25 60 26 -1 
                  24 59 25 -1 
                  23 58 24 -1 
                  22 57 23 -1 
                  21 56 22 -1 
                  20 55 21 -1 
                  19 54 20 -1 
                  18 53 19 -1 
                  17 52 18 -1 
                  16 51 17 -1 
                  15 50 16 -1 
                  14 49 15 -1 
                  13 48 14 -1 
                  12 47 13 -1 
                  11 46 12 -1 
                  10 45 11 -1 
                  9 44 10 -1 
                  8 43 9 -1 
                  7 42 8 -1 
                  6 41 7 -1 
                  5 40 6 -1 
                  4 39 5 -1 
                  3 38 4 -1 
                  2 37 3 -1 
                  0 1 2 -1 
                  66 32 31 -1 
                  65 31 30 -1 
                  37 2 1 -1 
                  38 3 37 -1 
                  39 4 38 -1 
                  40 5 39 -1 
                  41 6 40 -1 
                  42 7 41 -1 
                  43 8 42 -1 
                  44 9 43 -1 
                  45 10 44 -1 
                  46 11 45 -1 
                  47 12 46 -1 
                  48 13 47 -1 
                  49 14 48 -1 
                  50 15 49 -1 
                  51 16 50 -1 
                  52 17 51 -1 
                  53 18 52 -1 
                  54 19 53 -1 
                  55 20 54 -1 
                  56 21 55 -1 
                  57 22 56 -1 
                  58 23 57 -1 
                  59 24 58 -1 
                  60 25 59 -1 
                  61 26 60 -1 
                  62 27 61 -1 
                  63 28 62 -1 
                  64 29 63 -1 
                  65 30 64 -1 
                  66 31 65 -1 
                  67 32 66 -1 
                  68 33 67 -1 
                  69 34 68 -1 
                  70 35 69 -1 
                  71 36 70 -1 
                  1 0 71 -1 
                  3 0 2 -1 
                  4 0 3 -1 
                  5 0 4 -1 
                  6 0 5 -1 
                  7 0 6 -1 
                  8 0 7 -1 
                  9 0 8 -1 
                  10 0 9 -1 
                  11 0 10 -1 
                  12 0 11 -1 
                  13 0 12 -1 
                  14 0 13 -1 
                  15 0 14 -1 
                  16 0 15 -1 
                  17 0 16 -1 
                  18 0 17 -1 
                  19 0 18 -1 
                  20 0 19 -1 
                  21 0 20 -1 
                  22 0 21 -1 
                  23 0 22 -1 
                  24 0 23 -1 
                  25 0 24 -1 
                  26 0 25 -1 
                  27 0 26 -1 
                  28 0 27 -1 
                  29 0 28 -1 
                  30 0 29 -1 
                  31 0 30 -1 
                  32 0 31 -1 
                  33 0 32 -1 
                  34 0 33 -1 
                  35 0 34 -1 
                  36 0 35 -1 
                  38 37 1 -1 
                  39 38 1 -1 
                  40 39 1 -1 
                  41 40 1 -1 
                  42 41 1 -1 
                  43 42 1 -1 
                  44 43 1 -1 
                  45 44 1 -1 
                  46 45 1 -1 
                  47 46 1 -1 
                  48 47 1 -1 
                  49 48 1 -1 
                  50 49 1 -1 
                  51 50 1 -1 
                  52 51 1 -1 
                  53 52 1 -1 
                  54 53 1 -1 
                  55 54 1 -1 
                  56 55 1 -1 
                  57 56 1 -1 
                  58 57 1 -1 
                  59 58 1 -1 
                  60 59 1 -1 
                  61 60 1 -1 
                  62 61 1 -1 
                  63 62 1 -1 
                  64 63 1 -1 
                  65 64 1 -1 
                  66 65 1 -1 
                  67 66 1 -1 
                  68 67 1 -1 
                  69 68 1 -1 
                  70 69 1 -1 
                  71 70 1 -1 
                ]
                normalIndex [
                  72 0 1 -1 
                  71 1 2 -1 
                  70 2 3 -1 
                  69 3 4 -1 
                  68 4 5 -1 
                  8 65 7 -1 
                  9 64 8 -1 
                  10 63 9 -1 
                  11 62 10 -1 
                  12 61 11 -1 
                  13 60 12 -1 
                  14 59 13 -1 
                  15 58 14 -1 
                  16 57 15 -1 
                  17 56 16 -1 
                  18 55 17 -1 
                  19 54 18 -1 
                  20 53 19 -1 
                  21 52 20 -1 
                  22 51 21 -1 
                  23 50 22 -1 
                  24 49 23 -1 
                  25 48 24 -1 
                  26 47 25 -1 
                  27 46 26 -1 
                  28 45 27 -1 
                  29 44 28 -1 
                  30 43 29 -1 
                  31 42 30 -1 
                  32 41 31 -1 
                  33 40 32 -1 
                  34 39 33 -1 
                  35 38 34 -1 
                  36 37 35 -1 
                  67 5 6 -1 
                  66 6 7 -1 
                  38 35 37 -1 
                  39 34 38 -1 
                  40 33 39 -1 
                  41 32 40 -1 
                  42 31 41 -1 
                  43 30 42 -1 
                  44 29 43 -1 
                  45 28 44 -1 
                  46 27 45 -1 
                  47 26 46 -1 
                  48 25 47 -1 
                  49 24 48 -1 
                  50 23 49 -1 
                  51 22 50 -1 
                  52 21 51 -1 
                  53 20 52 -1 
                  54 19 53 -1 
                  55 18 54 -1 
                  56 17 55 -1 
                  57 16 56 -1 
                  58 15 57 -1 
                  59 14 58 -1 
                  60 13 59 -1 
                  61 12 60 -1 
                  62 11 61 -1 
                  63 10 62 -1 
                  64 9 63 -1 
                  65 8 64 -1 
                  66 7 65 -1 
                  67 6 66 -1 
                  68 5 67 -1 
                  69 4 68 -1 
                  70 3 69 -1 
                  71 2 70 -1 
                  72 1 71 -1 
                  73 0 72 -1 
                  76 74 75 -1 
                  77 74 76 -1 
                  78 74 77 -1 
                  79 74 78 -1 
                  80 74 79 -1 
                  81 74 80 -1 
                  82 74 81 -1 
                  83 74 82 -1 
                  84 74 83 -1 
                  85 74 84 -1 
                  86 74 85 -1 
                  87 74 86 -1 
                  88 74 87 -1 
                  89 74 88 -1 
                  90 74 89 -1 
                  91 74 90 -1 
                  92 74 91 -1 
                  93 74 92 -1 
                  94 74 93 -1 
                  95 74 94 -1 
                  96 74 95 -1 
                  97 74 96 -1 
                  98 74 97 -1 
                  99 74 98 -1 
                  100 74 99 -1 
                  101 74 100 -1 
                  102 74 101 -1 
                  103 74 102 -1 
                  104 74 103 -1 
                  105 74 104 -1 
                  106 74 105 -1 
                  107 74 106 -1 
                  108 74 107 -1 
                  109 74 108 -1 
                  112 111 110 -1 
                  113 112 110 -1 
                  114 113 110 -1 
                  115 114 110 -1 
                  116 115 110 -1 
                  117 116 110 -1 
                  118 117 110 -1 
                  119 118 110 -1 
                  120 119 110 -1 
                  121 120 110 -1 
                  122 121 110 -1 
                  123 122 110 -1 
                  124 123 110 -1 
                  125 124 110 -1 
                  126 125 110 -1 
                  127 126 110 -1 
                  128 127 110 -1 
                  129 128 110 -1 
                  130 129 110 -1 
                  131 130 110 -1 
                  132 131 110 -1 
                  133 132 110 -1 
                  134 133 110 -1 
                  135 134 110 -1 
                  136 135 110 -1 
                  137 136 110 -1 
                  138 137 110 -1 
                  139 138 110 -1 
                  140 139 110 -1 
                  141 140 110 -1 
                  142 141 110 -1 
                  143 142 110 -1 
                  144 143 110 -1 
                  145 144 110 -1 
                ]
              }
            }
            DEF Leads_17 Shape {
              appearance DEF __84 Appearance {
                material DEF __85 Material {
                  ambientIntensity 0.260947436094
                  diffuseColor 0.73400002718 0.773000001907 0.79699999094
                  shininess 0
                }
              }
              geometry DEF __86 IndexedFaceSet {
                solid FALSE
                coord Coordinate {
                  point [
                    0.010225 -0.01295 0.0001,
                    0.010225 -0.01295 -0.005,
                    0.0102187711787 -0.0128788042472 0.0001,
                    0.0102002739745 -0.0128097717412 0.0001,
                    0.0101700704156 -0.012745 0.0001,
                    0.0101290782217 -0.01268645708 0.0001,
                    0.01007854292 -0.0126359217783 0.0001,
                    0.01002 -0.0125949295844 0.0001,
                    0.00995522825876 -0.0125647260255 0.0001,
                    0.00988619575284 -0.0125462288213 0.0001,
                    0.009815 -0.01254 0.0001,
                    0.00974380424716 -0.0125462288213 0.0001,
                    0.00967477174124 -0.0125647260255 0.0001,
                    0.00961 -0.0125949295844 0.0001,
                    0.00955145708003 -0.0126359217783 0.0001,
                    0.00950092177832 -0.01268645708 0.0001,
                    0.00945992958445 -0.012745 0.0001,
                    0.00942972602548 -0.0128097717412 0.0001,
                    0.00941122882126 -0.0128788042472 0.0001,
                    0.009405 -0.01295 0.0001,
                    0.00941122882126 -0.0130211957528 0.0001,
                    0.00942972602548 -0.0130902282588 0.0001,
                    0.00945992958445 -0.013155 0.0001,
                    0.00950092177832 -0.01321354292 0.0001,
                    0.00955145708003 -0.0132640782217 0.0001,
                    0.00961 -0.0133050704156 0.0001,
                    0.00967477174124 -0.0133352739745 0.0001,
                    0.00974380424716 -0.0133537711787 0.0001,
                    0.009815 -0.01336 0.0001,
                    0.00988619575284 -0.0133537711787 0.0001,
                    0.00995522825876 -0.0133352739745 0.0001,
                    0.01002 -0.0133050704156 0.0001,
                    0.01007854292 -0.0132640782217 0.0001,
                    0.0101290782217 -0.01321354292 0.0001,
                    0.0101700704156 -0.013155 0.0001,
                    0.0102002739745 -0.0130902282588 0.0001,
                    0.0102187711787 -0.0130211957528 0.0001,
                    0.0102187711787 -0.0128788042472 -0.005,
                    0.0102002739745 -0.0128097717412 -0.005,
                    0.0101700704156 -0.012745 -0.005,
                    0.0101290782217 -0.01268645708 -0.005,
                    0.01007854292 -0.0126359217783 -0.005,
                    0.01002 -0.0125949295844 -0.005,
                    0.00995522825876 -0.0125647260255 -0.005,
                    0.00988619575284 -0.0125462288213 -0.005,
                    0.009815 -0.01254 -0.005,
                    0.00974380424716 -0.0125462288213 -0.005,
                    0.00967477174124 -0.0125647260255 -0.005,
                    0.00961 -0.0125949295844 -0.005,
                    0.00955145708003 -0.0126359217783 -0.005,
                    0.00950092177832 -0.01268645708 -0.005,
                    0.00945992958445 -0.012745 -0.005,
                    0.00942972602548 -0.0128097717412 -0.005,
                    0.00941122882126 -0.0128788042472 -0.005,
                    0.009405 -0.01295 -0.005,
                    0.00941122882126 -0.0130211957528 -0.005,
                    0.00942972602548 -0.0130902282588 -0.005,
                    0.00945992958445 -0.013155 -0.005,
                    0.00950092177832 -0.01321354292 -0.005,
                    0.00955145708003 -0.0132640782217 -0.005,
                    0.00961 -0.0133050704156 -0.005,
                    0.00967477174124 -0.0133352739745 -0.005,
                    0.00974380424716 -0.0133537711787 -0.005,
                    0.009815 -0.01336 -0.005,
                    0.00988619575284 -0.0133537711787 -0.005,
                    0.00995522825876 -0.0133352739745 -0.005,
                    0.01002 -0.0133050704156 -0.005,
                    0.01007854292 -0.0132640782217 -0.005,
                    0.0101290782217 -0.01321354292 -0.005,
                    0.0101700704156 -0.013155 -0.005,
                    0.0102002739745 -0.0130902282588 -0.005,
                    0.0102187711787 -0.0130211957528 -0.005

                  ]
                }
                normal Normal {
                  vector [
                    1 0 0,
                    0.98480773 -0.17364818 0,
                    0.93969262 -0.34202015 0,
                    0.86602539 -0.5 0,
                    0.76604444 -0.64278764 0,
                    0.64278764 -0.76604444 0,
                    0.5 -0.86602539 0,
                    0.34202015 -0.93969262 0,
                    0.17364818 -0.98480773 0,
                    0 -1 0,
                    -0.17364818 -0.98480773 0,
                    -0.34202015 -0.93969262 0,
                    -0.5 -0.86602539 0,
                    -0.64278764 -0.76604444 0,
                    -0.76604444 -0.64278764 0,
                    -0.86602539 -0.5 0,
                    -0.93969262 -0.34202015 0,
                    -0.98480773 -0.17364818 0,
                    -1 0 0,
                    -0.98480773 0.17364818 0,
                    -0.93969262 0.34202015 0,
                    -0.86602539 0.5 0,
                    -0.76604444 0.64278764 0,
                    -0.64278764 0.76604444 0,
                    -0.5 0.86602539 0,
                    -0.34202015 0.93969262 0,
                    -0.17364818 0.98480773 0,
                    0 1 0,
                    0.17364818 0.98480773 0,
                    0.34202015 0.93969262 0,
                    0.5 0.86602539 0,
                    0.64278764 0.76604444 0,
                    0.76604444 0.64278764 0,
                    0.86602539 0.5 0,
                    0.93969262 0.34202015 0,
                    0.98480773 0.17364818 0,
                    1 0 0,
                    1 0 0,
                    0.98480773 0.17364818 0,
                    0.93969262 0.34202015 0,
                    0.86602539 0.5 0,
                    0.76604444 0.64278764 0,
                    0.64278764 0.76604444 0,
                    0.5 0.86602539 0,
                    0.34202015 0.93969262 0,
                    0.17364818 0.98480773 0,
                    0 1 0,
                    -0.17364818 0.98480773 0,
                    -0.34202015 0.93969262 0,
                    -0.5 0.86602539 0,
                    -0.64278764 0.76604444 0,
                    -0.76604444 0.64278764 0,
                    -0.86602539 0.5 0,
                    -0.93969262 0.34202015 0,
                    -0.98480773 0.17364818 0,
                    -1 0 0,
                    -0.98480773 -0.17364818 0,
                    -0.93969262 -0.34202015 0,
                    -0.86602539 -0.5 0,
                    -0.76604444 -0.64278764 0,
                    -0.64278764 -0.76604444 0,
                    -0.5 -0.86602539 0,
                    -0.34202015 -0.93969262 0,
                    -0.17364818 -0.98480773 0,
                    0 -1 0,
                    0.17364818 -0.98480773 0,
                    0.34202015 -0.93969262 0,
                    0.5 -0.86602539 0,
                    0.64278764 -0.76604444 0,
                    0.76604444 -0.64278764 0,
                    0.86602539 -0.5 0,
                    0.93969262 -0.34202015 0,
                    0.98480773 -0.17364818 0,
                    1 0 0,
                    0 0 1,
                    0 0 1,
                    0 0 1,
                    0 0 1,
                    0 0 1,
                    0 0 1,
                    0 0 1,
                    0 0 1,
                    0 0 1,
                    0 0 1,
                    0 0 1,
                    0 0 1,
                    0 0 1,
                    0 0 1,
                    0 0 1,
                    0 0 1,
                    0 0 1,
                    0 0 1,
                    0 0 1,
                    0 0 1,
                    0 0 1,
                    0 0 1,
                    0 0 1,
                    0 0 1,
                    0 0 1,
                    0 0 1,
                    0 0 1,
                    0 0 1,
                    0 0 1,
                    0 0 1,
                    0 0 1,
                    0 0 1,
                    0 0 1,
                    0 0 1,
                    0 0 1,
                    0 0 1,
                    -0 -0 -1,
                    -0 -0 -1,
                    -0 -0 -1,
                    -0 -0 -1,
                    -0 -0 -1,
                    -0 -0 -1,
                    -0 -0 -1,
                    -0 -0 -1,
                    -0 -0 -1,
                    -0 -0 -1,
                    -0 -0 -1,
                    -0 -0 -1,
                    -0 -0 -1,
                    -0 -0 -1,
                    -0 -0 -1,
                    -0 -0 -1,
                    -0 -0 -1,
                    -0 -0 -1,
                    -0 -0 -1,
                    -0 -0 -1,
                    -0 -0 -1,
                    -0 -0 -1,
                    -0 -0 -1,
                    -0 -0 -1,
                    -0 -0 -1,
                    -0 -0 -1,
                    -0 -0 -1,
                    -0 -0 -1,
                    -0 -0 -1,
                    -0 -0 -1,
                    -0 -0 -1,
                    -0 -0 -1,
                    -0 -0 -1,
                    -0 -0 -1,
                    -0 -0 -1,
                    -0 -0 -1

                  ]
                }
                coordIndex [
                  71 0 36 -1 
                  70 36 35 -1 
                  69 35 34 -1 
                  68 34 33 -1 
                  67 33 32 -1 
                  29 64 30 -1 
                  28 63 29 -1 
                  27 62 28 -1 
                  26 61 27 -1 
                  25 60 26 -1 
                  24 59 25 -1 
                  23 58 24 -1 
                  22 57 23 -1 
                  21 56 22 -1 
                  20 55 21 -1 
                  19 54 20 -1 
                  18 53 19 -1 
                  17 52 18 -1 
                  16 51 17 -1 
                  15 50 16 -1 
                  14 49 15 -1 
                  13 48 14 -1 
                  12 47 13 -1 
                  11 46 12 -1 
                  10 45 11 -1 
                  9 44 10 -1 
                  8 43 9 -1 
                  7 42 8 -1 
                  6 41 7 -1 
                  5 40 6 -1 
                  4 39 5 -1 
                  3 38 4 -1 
                  2 37 3 -1 
                  0 1 2 -1 
                  66 32 31 -1 
                  65 31 30 -1 
                  37 2 1 -1 
                  38 3 37 -1 
                  39 4 38 -1 
                  40 5 39 -1 
                  41 6 40 -1 
                  42 7 41 -1 
                  43 8 42 -1 
                  44 9 43 -1 
                  45 10 44 -1 
                  46 11 45 -1 
                  47 12 46 -1 
                  48 13 47 -1 
                  49 14 48 -1 
                  50 15 49 -1 
                  51 16 50 -1 
                  52 17 51 -1 
                  53 18 52 -1 
                  54 19 53 -1 
                  55 20 54 -1 
                  56 21 55 -1 
                  57 22 56 -1 
                  58 23 57 -1 
                  59 24 58 -1 
                  60 25 59 -1 
                  61 26 60 -1 
                  62 27 61 -1 
                  63 28 62 -1 
                  64 29 63 -1 
                  65 30 64 -1 
                  66 31 65 -1 
                  67 32 66 -1 
                  68 33 67 -1 
                  69 34 68 -1 
                  70 35 69 -1 
                  71 36 70 -1 
                  1 0 71 -1 
                  3 0 2 -1 
                  4 0 3 -1 
                  5 0 4 -1 
                  6 0 5 -1 
                  7 0 6 -1 
                  8 0 7 -1 
                  9 0 8 -1 
                  10 0 9 -1 
                  11 0 10 -1 
                  12 0 11 -1 
                  13 0 12 -1 
                  14 0 13 -1 
                  15 0 14 -1 
                  16 0 15 -1 
                  17 0 16 -1 
                  18 0 17 -1 
                  19 0 18 -1 
                  20 0 19 -1 
                  21 0 20 -1 
                  22 0 21 -1 
                  23 0 22 -1 
                  24 0 23 -1 
                  25 0 24 -1 
                  26 0 25 -1 
                  27 0 26 -1 
                  28 0 27 -1 
                  29 0 28 -1 
                  30 0 29 -1 
                  31 0 30 -1 
                  32 0 31 -1 
                  33 0 32 -1 
                  34 0 33 -1 
                  35 0 34 -1 
                  36 0 35 -1 
                  38 37 1 -1 
                  39 38 1 -1 
                  40 39 1 -1 
                  41 40 1 -1 
                  42 41 1 -1 
                  43 42 1 -1 
                  44 43 1 -1 
                  45 44 1 -1 
                  46 45 1 -1 
                  47 46 1 -1 
                  48 47 1 -1 
                  49 48 1 -1 
                  50 49 1 -1 
                  51 50 1 -1 
                  52 51 1 -1 
                  53 52 1 -1 
                  54 53 1 -1 
                  55 54 1 -1 
                  56 55 1 -1 
                  57 56 1 -1 
                  58 57 1 -1 
                  59 58 1 -1 
                  60 59 1 -1 
                  61 60 1 -1 
                  62 61 1 -1 
                  63 62 1 -1 
                  64 63 1 -1 
                  65 64 1 -1 
                  66 65 1 -1 
                  67 66 1 -1 
                  68 67 1 -1 
                  69 68 1 -1 
                  70 69 1 -1 
                  71 70 1 -1 
                ]
                normalIndex [
                  72 0 1 -1 
                  71 1 2 -1 
                  70 2 3 -1 
                  69 3 4 -1 
                  68 4 5 -1 
                  8 65 7 -1 
                  9 64 8 -1 
                  10 63 9 -1 
                  11 62 10 -1 
                  12 61 11 -1 
                  13 60 12 -1 
                  14 59 13 -1 
                  15 58 14 -1 
                  16 57 15 -1 
                  17 56 16 -1 
                  18 55 17 -1 
                  19 54 18 -1 
                  20 53 19 -1 
                  21 52 20 -1 
                  22 51 21 -1 
                  23 50 22 -1 
                  24 49 23 -1 
                  25 48 24 -1 
                  26 47 25 -1 
                  27 46 26 -1 
                  28 45 27 -1 
                  29 44 28 -1 
                  30 43 29 -1 
                  31 42 30 -1 
                  32 41 31 -1 
                  33 40 32 -1 
                  34 39 33 -1 
                  35 38 34 -1 
                  36 37 35 -1 
                  67 5 6 -1 
                  66 6 7 -1 
                  38 35 37 -1 
                  39 34 38 -1 
                  40 33 39 -1 
                  41 32 40 -1 
                  42 31 41 -1 
                  43 30 42 -1 
                  44 29 43 -1 
                  45 28 44 -1 
                  46 27 45 -1 
                  47 26 46 -1 
                  48 25 47 -1 
                  49 24 48 -1 
                  50 23 49 -1 
                  51 22 50 -1 
                  52 21 51 -1 
                  53 20 52 -1 
                  54 19 53 -1 
                  55 18 54 -1 
                  56 17 55 -1 
                  57 16 56 -1 
                  58 15 57 -1 
                  59 14 58 -1 
                  60 13 59 -1 
                  61 12 60 -1 
                  62 11 61 -1 
                  63 10 62 -1 
                  64 9 63 -1 
                  65 8 64 -1 
                  66 7 65 -1 
                  67 6 66 -1 
                  68 5 67 -1 
                  69 4 68 -1 
                  70 3 69 -1 
                  71 2 70 -1 
                  72 1 71 -1 
                  73 0 72 -1 
                  76 74 75 -1 
                  77 74 76 -1 
                  78 74 77 -1 
                  79 74 78 -1 
                  80 74 79 -1 
                  81 74 80 -1 
                  82 74 81 -1 
                  83 74 82 -1 
                  84 74 83 -1 
                  85 74 84 -1 
                  86 74 85 -1 
                  87 74 86 -1 
                  88 74 87 -1 
                  89 74 88 -1 
                  90 74 89 -1 
                  91 74 90 -1 
                  92 74 91 -1 
                  93 74 92 -1 
                  94 74 93 -1 
                  95 74 94 -1 
                  96 74 95 -1 
                  97 74 96 -1 
                  98 74 97 -1 
                  99 74 98 -1 
                  100 74 99 -1 
                  101 74 100 -1 
                  102 74 101 -1 
                  103 74 102 -1 
                  104 74 103 -1 
                  105 74 104 -1 
                  106 74 105 -1 
                  107 74 106 -1 
                  108 74 107 -1 
                  109 74 108 -1 
                  112 111 110 -1 
                  113 112 110 -1 
                  114 113 110 -1 
                  115 114 110 -1 
                  116 115 110 -1 
                  117 116 110 -1 
                  118 117 110 -1 
                  119 118 110 -1 
                  120 119 110 -1 
                  121 120 110 -1 
                  122 121 110 -1 
                  123 122 110 -1 
                  124 123 110 -1 
                  125 124 110 -1 
                  126 125 110 -1 
                  127 126 110 -1 
                  128 127 110 -1 
                  129 128 110 -1 
                  130 129 110 -1 
                  131 130 110 -1 
                  132 131 110 -1 
                  133 132 110 -1 
                  134 133 110 -1 
                  135 134 110 -1 
                  136 135 110 -1 
                  137 136 110 -1 
                  138 137 110 -1 
                  139 138 110 -1 
                  140 139 110 -1 
                  141 140 110 -1 
                  142 141 110 -1 
                  143 142 110 -1 
                  144 143 110 -1 
                  145 144 110 -1 
                ]
              }
            }
            DEF Leads_18 Shape {
              appearance DEF __88 Appearance {
                material DEF __89 Material {
                  ambientIntensity 0.260947436094
                  diffuseColor 0.73400002718 0.773000001907 0.79699999094
                  shininess 0
                }
              }
              geometry DEF __90 IndexedFaceSet {
                solid FALSE
                coord Coordinate {
                  point [
                    0.012765 -0.01295 0.0001,
                    0.012765 -0.01295 -0.005,
                    0.0127587711787 -0.0128788042472 0.0001,
                    0.0127402739745 -0.0128097717412 0.0001,
                    0.0127100704156 -0.012745 0.0001,
                    0.0126690782217 -0.01268645708 0.0001,
                    0.01261854292 -0.0126359217783 0.0001,
                    0.01256 -0.0125949295844 0.0001,
                    0.0124952282588 -0.0125647260255 0.0001,
                    0.0124261957528 -0.0125462288213 0.0001,
                    0.012355 -0.01254 0.0001,
                    0.0122838042472 -0.0125462288213 0.0001,
                    0.0122147717412 -0.0125647260255 0.0001,
                    0.01215 -0.0125949295844 0.0001,
                    0.01209145708 -0.0126359217783 0.0001,
                    0.0120409217783 -0.01268645708 0.0001,
                    0.0119999295844 -0.012745 0.0001,
                    0.0119697260255 -0.0128097717412 0.0001,
                    0.0119512288213 -0.0128788042472 0.0001,
                    0.011945 -0.01295 0.0001,
                    0.0119512288213 -0.0130211957528 0.0001,
                    0.0119697260255 -0.0130902282588 0.0001,
                    0.0119999295844 -0.013155 0.0001,
                    0.0120409217783 -0.01321354292 0.0001,
                    0.01209145708 -0.0132640782217 0.0001,
                    0.01215 -0.0133050704156 0.0001,
                    0.0122147717412 -0.0133352739745 0.0001,
                    0.0122838042472 -0.0133537711787 0.0001,
                    0.012355 -0.01336 0.0001,
                    0.0124261957528 -0.0133537711787 0.0001,
                    0.0124952282588 -0.0133352739745 0.0001,
                    0.01256 -0.0133050704156 0.0001,
                    0.01261854292 -0.0132640782217 0.0001,
                    0.0126690782217 -0.01321354292 0.0001,
                    0.0127100704156 -0.013155 0.0001,
                    0.0127402739745 -0.0130902282588 0.0001,
                    0.0127587711787 -0.0130211957528 0.0001,
                    0.0127587711787 -0.0128788042472 -0.005,
                    0.0127402739745 -0.0128097717412 -0.005,
                    0.0127100704156 -0.012745 -0.005,
                    0.0126690782217 -0.01268645708 -0.005,
                    0.01261854292 -0.0126359217783 -0.005,
                    0.01256 -0.0125949295844 -0.005,
                    0.0124952282588 -0.0125647260255 -0.005,
                    0.0124261957528 -0.0125462288213 -0.005,
                    0.012355 -0.01254 -0.005,
                    0.0122838042472 -0.0125462288213 -0.005,
                    0.0122147717412 -0.0125647260255 -0.005,
                    0.01215 -0.0125949295844 -0.005,
                    0.01209145708 -0.0126359217783 -0.005,
                    0.0120409217783 -0.01268645708 -0.005,
                    0.0119999295844 -0.012745 -0.005,
                    0.0119697260255 -0.0128097717412 -0.005,
                    0.0119512288213 -0.0128788042472 -0.005,
                    0.011945 -0.01295 -0.005,
                    0.0119512288213 -0.0130211957528 -0.005,
                    0.0119697260255 -0.0130902282588 -0.005,
                    0.0119999295844 -0.013155 -0.005,
                    0.0120409217783 -0.01321354292 -0.005,
                    0.01209145708 -0.0132640782217 -0.005,
                    0.01215 -0.0133050704156 -0.005,
                    0.0122147717412 -0.0133352739745 -0.005,
                    0.0122838042472 -0.0133537711787 -0.005,
                    0.012355 -0.01336 -0.005,
                    0.0124261957528 -0.0133537711787 -0.005,
                    0.0124952282588 -0.0133352739745 -0.005,
                    0.01256 -0.0133050704156 -0.005,
                    0.01261854292 -0.0132640782217 -0.005,
                    0.0126690782217 -0.01321354292 -0.005,
                    0.0127100704156 -0.013155 -0.005,
                    0.0127402739745 -0.0130902282588 -0.005,
                    0.0127587711787 -0.0130211957528 -0.005

                  ]
                }
                normal Normal {
                  vector [
                    1 0 0,
                    0.98480773 -0.17364818 0,
                    0.93969262 -0.34202015 0,
                    0.86602539 -0.5 0,
                    0.76604444 -0.64278764 0,
                    0.64278764 -0.76604444 0,
                    0.5 -0.86602539 0,
                    0.34202015 -0.93969262 0,
                    0.17364818 -0.98480773 0,
                    0 -1 0,
                    -0.17364818 -0.98480773 0,
                    -0.34202015 -0.93969262 0,
                    -0.5 -0.86602539 0,
                    -0.64278764 -0.76604444 0,
                    -0.76604444 -0.64278764 0,
                    -0.86602539 -0.5 0,
                    -0.93969262 -0.34202015 0,
                    -0.98480773 -0.17364818 0,
                    -1 0 0,
                    -0.98480773 0.17364818 0,
                    -0.93969262 0.34202015 0,
                    -0.86602539 0.5 0,
                    -0.76604444 0.64278764 0,
                    -0.64278764 0.76604444 0,
                    -0.5 0.86602539 0,
                    -0.34202015 0.93969262 0,
                    -0.17364818 0.98480773 0,
                    0 1 0,
                    0.17364818 0.98480773 0,
                    0.34202015 0.93969262 0,
                    0.5 0.86602539 0,
                    0.64278764 0.76604444 0,
                    0.76604444 0.64278764 0,
                    0.86602539 0.5 0,
                    0.93969262 0.34202015 0,
                    0.98480773 0.17364818 0,
                    1 0 0,
                    1 0 0,
                    0.98480773 0.17364818 0,
                    0.93969262 0.34202015 0,
                    0.86602539 0.5 0,
                    0.76604444 0.64278764 0,
                    0.64278764 0.76604444 0,
                    0.5 0.86602539 0,
                    0.34202015 0.93969262 0,
                    0.17364818 0.98480773 0,
                    0 1 0,
                    -0.17364818 0.98480773 0,
                    -0.34202015 0.93969262 0,
                    -0.5 0.86602539 0,
                    -0.64278764 0.76604444 0,
                    -0.76604444 0.64278764 0,
                    -0.86602539 0.5 0,
                    -0.93969262 0.34202015 0,
                    -0.98480773 0.17364818 0,
                    -1 0 0,
                    -0.98480773 -0.17364818 0,
                    -0.93969262 -0.34202015 0,
                    -0.86602539 -0.5 0,
                    -0.76604444 -0.64278764 0,
                    -0.64278764 -0.76604444 0,
                    -0.5 -0.86602539 0,
                    -0.34202015 -0.93969262 0,
                    -0.17364818 -0.98480773 0,
                    0 -1 0,
                    0.17364818 -0.98480773 0,
                    0.34202015 -0.93969262 0,
                    0.5 -0.86602539 0,
                    0.64278764 -0.76604444 0,
                    0.76604444 -0.64278764 0,
                    0.86602539 -0.5 0,
                    0.93969262 -0.34202015 0,
                    0.98480773 -0.17364818 0,
                    1 0 0,
                    0 0 1,
                    0 0 1,
                    0 0 1,
                    0 0 1,
                    0 0 1,
                    0 0 1,
                    0 0 1,
                    0 0 1,
                    0 0 1,
                    0 0 1,
                    0 0 1,
                    0 0 1,
                    0 0 1,
                    0 0 1,
                    0 0 1,
                    0 0 1,
                    0 0 1,
                    0 0 1,
                    0 0 1,
                    0 0 1,
                    0 0 1,
                    0 0 1,
                    0 0 1,
                    0 0 1,
                    0 0 1,
                    0 0 1,
                    0 0 1,
                    0 0 1,
                    0 0 1,
                    0 0 1,
                    0 0 1,
                    0 0 1,
                    0 0 1,
                    0 0 1,
                    0 0 1,
                    0 0 1,
                    -0 -0 -1,
                    -0 -0 -1,
                    -0 -0 -1,
                    -0 -0 -1,
                    -0 -0 -1,
                    -0 -0 -1,
                    -0 -0 -1,
                    -0 -0 -1,
                    -0 -0 -1,
                    -0 -0 -1,
                    -0 -0 -1,
                    -0 -0 -1,
                    -0 -0 -1,
                    -0 -0 -1,
                    -0 -0 -1,
                    -0 -0 -1,
                    -0 -0 -1,
                    -0 -0 -1,
                    -0 -0 -1,
                    -0 -0 -1,
                    -0 -0 -1,
                    -0 -0 -1,
                    -0 -0 -1,
                    -0 -0 -1,
                    -0 -0 -1,
                    -0 -0 -1,
                    -0 -0 -1,
                    -0 -0 -1,
                    -0 -0 -1,
                    -0 -0 -1,
                    -0 -0 -1,
                    -0 -0 -1,
                    -0 -0 -1,
                    -0 -0 -1,
                    -0 -0 -1,
                    -0 -0 -1

                  ]
                }
                coordIndex [
                  71 0 36 -1 
                  70 36 35 -1 
                  69 35 34 -1 
                  68 34 33 -1 
                  67 33 32 -1 
                  29 64 30 -1 
                  28 63 29 -1 
                  27 62 28 -1 
                  26 61 27 -1 
                  25 60 26 -1 
                  24 59 25 -1 
                  23 58 24 -1 
                  22 57 23 -1 
                  21 56 22 -1 
                  20 55 21 -1 
                  19 54 20 -1 
                  18 53 19 -1 
                  17 52 18 -1 
                  16 51 17 -1 
                  15 50 16 -1 
                  14 49 15 -1 
                  13 48 14 -1 
                  12 47 13 -1 
                  11 46 12 -1 
                  10 45 11 -1 
                  9 44 10 -1 
                  8 43 9 -1 
                  7 42 8 -1 
                  6 41 7 -1 
                  5 40 6 -1 
                  4 39 5 -1 
                  3 38 4 -1 
                  2 37 3 -1 
                  0 1 2 -1 
                  66 32 31 -1 
                  65 31 30 -1 
                  37 2 1 -1 
                  38 3 37 -1 
                  39 4 38 -1 
                  40 5 39 -1 
                  41 6 40 -1 
                  42 7 41 -1 
                  43 8 42 -1 
                  44 9 43 -1 
                  45 10 44 -1 
                  46 11 45 -1 
                  47 12 46 -1 
                  48 13 47 -1 
                  49 14 48 -1 
                  50 15 49 -1 
                  51 16 50 -1 
                  52 17 51 -1 
                  53 18 52 -1 
                  54 19 53 -1 
                  55 20 54 -1 
                  56 21 55 -1 
                  57 22 56 -1 
                  58 23 57 -1 
                  59 24 58 -1 
                  60 25 59 -1 
                  61 26 60 -1 
                  62 27 61 -1 
                  63 28 62 -1 
                  64 29 63 -1 
                  65 30 64 -1 
                  66 31 65 -1 
                  67 32 66 -1 
                  68 33 67 -1 
                  69 34 68 -1 
                  70 35 69 -1 
                  71 36 70 -1 
                  1 0 71 -1 
                  3 0 2 -1 
                  4 0 3 -1 
                  5 0 4 -1 
                  6 0 5 -1 
                  7 0 6 -1 
                  8 0 7 -1 
                  9 0 8 -1 
                  10 0 9 -1 
                  11 0 10 -1 
                  12 0 11 -1 
                  13 0 12 -1 
                  14 0 13 -1 
                  15 0 14 -1 
                  16 0 15 -1 
                  17 0 16 -1 
                  18 0 17 -1 
                  19 0 18 -1 
                  20 0 19 -1 
                  21 0 20 -1 
                  22 0 21 -1 
                  23 0 22 -1 
                  24 0 23 -1 
                  25 0 24 -1 
                  26 0 25 -1 
                  27 0 26 -1 
                  28 0 27 -1 
                  29 0 28 -1 
                  30 0 29 -1 
                  31 0 30 -1 
                  32 0 31 -1 
                  33 0 32 -1 
                  34 0 33 -1 
                  35 0 34 -1 
                  36 0 35 -1 
                  38 37 1 -1 
                  39 38 1 -1 
                  40 39 1 -1 
                  41 40 1 -1 
                  42 41 1 -1 
                  43 42 1 -1 
                  44 43 1 -1 
                  45 44 1 -1 
                  46 45 1 -1 
                  47 46 1 -1 
                  48 47 1 -1 
                  49 48 1 -1 
                  50 49 1 -1 
                  51 50 1 -1 
                  52 51 1 -1 
                  53 52 1 -1 
                  54 53 1 -1 
                  55 54 1 -1 
                  56 55 1 -1 
                  57 56 1 -1 
                  58 57 1 -1 
                  59 58 1 -1 
                  60 59 1 -1 
                  61 60 1 -1 
                  62 61 1 -1 
                  63 62 1 -1 
                  64 63 1 -1 
                  65 64 1 -1 
                  66 65 1 -1 
                  67 66 1 -1 
                  68 67 1 -1 
                  69 68 1 -1 
                  70 69 1 -1 
                  71 70 1 -1 
                ]
                normalIndex [
                  72 0 1 -1 
                  71 1 2 -1 
                  70 2 3 -1 
                  69 3 4 -1 
                  68 4 5 -1 
                  8 65 7 -1 
                  9 64 8 -1 
                  10 63 9 -1 
                  11 62 10 -1 
                  12 61 11 -1 
                  13 60 12 -1 
                  14 59 13 -1 
                  15 58 14 -1 
                  16 57 15 -1 
                  17 56 16 -1 
                  18 55 17 -1 
                  19 54 18 -1 
                  20 53 19 -1 
                  21 52 20 -1 
                  22 51 21 -1 
                  23 50 22 -1 
                  24 49 23 -1 
                  25 48 24 -1 
                  26 47 25 -1 
                  27 46 26 -1 
                  28 45 27 -1 
                  29 44 28 -1 
                  30 43 29 -1 
                  31 42 30 -1 
                  32 41 31 -1 
                  33 40 32 -1 
                  34 39 33 -1 
                  35 38 34 -1 
                  36 37 35 -1 
                  67 5 6 -1 
                  66 6 7 -1 
                  38 35 37 -1 
                  39 34 38 -1 
                  40 33 39 -1 
                  41 32 40 -1 
                  42 31 41 -1 
                  43 30 42 -1 
                  44 29 43 -1 
                  45 28 44 -1 
                  46 27 45 -1 
                  47 26 46 -1 
                  48 25 47 -1 
                  49 24 48 -1 
                  50 23 49 -1 
                  51 22 50 -1 
                  52 21 51 -1 
                  53 20 52 -1 
                  54 19 53 -1 
                  55 18 54 -1 
                  56 17 55 -1 
                  57 16 56 -1 
                  58 15 57 -1 
                  59 14 58 -1 
                  60 13 59 -1 
                  61 12 60 -1 
                  62 11 61 -1 
                  63 10 62 -1 
                  64 9 63 -1 
                  65 8 64 -1 
                  66 7 65 -1 
                  67 6 66 -1 
                  68 5 67 -1 
                  69 4 68 -1 
                  70 3 69 -1 
                  71 2 70 -1 
                  72 1 71 -1 
                  73 0 72 -1 
                  76 74 75 -1 
                  77 74 76 -1 
                  78 74 77 -1 
                  79 74 78 -1 
                  80 74 79 -1 
                  81 74 80 -1 
                  82 74 81 -1 
                  83 74 82 -1 
                  84 74 83 -1 
                  85 74 84 -1 
                  86 74 85 -1 
                  87 74 86 -1 
                  88 74 87 -1 
                  89 74 88 -1 
                  90 74 89 -1 
                  91 74 90 -1 
                  92 74 91 -1 
                  93 74 92 -1 
                  94 74 93 -1 
                  95 74 94 -1 
                  96 74 95 -1 
                  97 74 96 -1 
                  98 74 97 -1 
                  99 74 98 -1 
                  100 74 99 -1 
                  101 74 100 -1 
                  102 74 101 -1 
                  103 74 102 -1 
                  104 74 103 -1 
                  105 74 104 -1 
                  106 74 105 -1 
                  107 74 106 -1 
                  108 74 107 -1 
                  109 74 108 -1 
                  112 111 110 -1 
                  113 112 110 -1 
                  114 113 110 -1 
                  115 114 110 -1 
                  116 115 110 -1 
                  117 116 110 -1 
                  118 117 110 -1 
                  119 118 110 -1 
                  120 119 110 -1 
                  121 120 110 -1 
                  122 121 110 -1 
                  123 122 110 -1 
                  124 123 110 -1 
                  125 124 110 -1 
                  126 125 110 -1 
                  127 126 110 -1 
                  128 127 110 -1 
                  129 128 110 -1 
                  130 129 110 -1 
                  131 130 110 -1 
                  132 131 110 -1 
                  133 132 110 -1 
                  134 133 110 -1 
                  135 134 110 -1 
                  136 135 110 -1 
                  137 136 110 -1 
                  138 137 110 -1 
                  139 138 110 -1 
                  140 139 110 -1 
                  141 140 110 -1 
                  142 141 110 -1 
                  143 142 110 -1 
                  144 143 110 -1 
                  145 144 110 -1 
                ]
              }
            }
            DEF Leads_19 Shape {
              appearance DEF __92 Appearance {
                material DEF __93 Material {
                  ambientIntensity 0.260947436094
                  diffuseColor 0.73400002718 0.773000001907 0.79699999094
                  shininess 0
                }
              }
              geometry DEF __94 IndexedFaceSet {
                solid FALSE
                coord Coordinate {
                  point [
                    -0.001435 -0.00584 0.0001,
                    -0.001435 -0.00584 -0.005,
                    -0.00144563457289 -0.00571844627563 0.0001,
                    -0.00147721516545 -0.00560058589967 0.0001,
                    -0.00152878221735 -0.00549 0.0001,
                    -0.00159876888982 -0.00539004867322 0.0001,
                    -0.00168504867322 -0.00530376888982 0.0001,
                    -0.001785 -0.00523378221735 0.0001,
                    -0.00189558589967 -0.00518221516545 0.0001,
                    -0.00201344627563 -0.00515063457289 0.0001,
                    -0.002135 -0.00514 0.0001,
                    -0.00225655372437 -0.00515063457289 0.0001,
                    -0.00237441410033 -0.00518221516545 0.0001,
                    -0.002485 -0.00523378221735 0.0001,
                    -0.00258495132678 -0.00530376888982 0.0001,
                    -0.00267123111018 -0.00539004867322 0.0001,
                    -0.00274121778265 -0.00549 0.0001,
                    -0.00279278483455 -0.00560058589967 0.0001,
                    -0.00282436542711 -0.00571844627563 0.0001,
                    -0.002835 -0.00584 0.0001,
                    -0.00282436542711 -0.00596155372437 0.0001,
                    -0.00279278483455 -0.00607941410033 0.0001,
                    -0.00274121778265 -0.00619 0.0001,
                    -0.00267123111018 -0.00628995132678 0.0001,
                    -0.00258495132678 -0.00637623111018 0.0001,
                    -0.002485 -0.00644621778265 0.0001,
                    -0.00237441410033 -0.00649778483455 0.0001,
                    -0.00225655372437 -0.00652936542711 0.0001,
                    -0.002135 -0.00654 0.0001,
                    -0.00201344627563 -0.00652936542711 0.0001,
                    -0.00189558589967 -0.00649778483455 0.0001,
                    -0.001785 -0.00644621778265 0.0001,
                    -0.00168504867322 -0.00637623111018 0.0001,
                    -0.00159876888982 -0.00628995132678 0.0001,
                    -0.00152878221735 -0.00619 0.0001,
                    -0.00147721516545 -0.00607941410033 0.0001,
                    -0.00144563457289 -0.00596155372437 0.0001,
                    -0.00144563457289 -0.00571844627563 -0.005,
                    -0.00147721516545 -0.00560058589967 -0.005,
                    -0.00152878221735 -0.00549 -0.005,
                    -0.00159876888982 -0.00539004867322 -0.005,
                    -0.00168504867322 -0.00530376888982 -0.005,
                    -0.001785 -0.00523378221735 -0.005,
                    -0.00189558589967 -0.00518221516545 -0.005,
                    -0.00201344627563 -0.00515063457289 -0.005,
                    -0.002135 -0.00514 -0.005,
                    -0.00225655372437 -0.00515063457289 -0.005,
                    -0.00237441410033 -0.00518221516545 -0.005,
                    -0.002485 -0.00523378221735 -0.005,
                    -0.00258495132678 -0.00530376888982 -0.005,
                    -0.00267123111018 -0.00539004867322 -0.005,
                    -0.00274121778265 -0.00549 -0.005,
                    -0.00279278483455 -0.00560058589967 -0.005,
                    -0.00282436542711 -0.00571844627563 -0.005,
                    -0.002835 -0.00584 -0.005,
                    -0.00282436542711 -0.00596155372437 -0.005,
                    -0.00279278483455 -0.00607941410033 -0.005,
                    -0.00274121778265 -0.00619 -0.005,
                    -0.00267123111018 -0.00628995132678 -0.005,
                    -0.00258495132678 -0.00637623111018 -0.005,
                    -0.002485 -0.00644621778265 -0.005,
                    -0.00237441410033 -0.00649778483455 -0.005,
                    -0.00225655372437 -0.00652936542711 -0.005,
                    -0.002135 -0.00654 -0.005,
                    -0.00201344627563 -0.00652936542711 -0.005,
                    -0.00189558589967 -0.00649778483455 -0.005,
                    -0.001785 -0.00644621778265 -0.005,
                    -0.00168504867322 -0.00637623111018 -0.005,
                    -0.00159876888982 -0.00628995132678 -0.005,
                    -0.00152878221735 -0.00619 -0.005,
                    -0.00147721516545 -0.00607941410033 -0.005,
                    -0.00144563457289 -0.00596155372437 -0.005

                  ]
                }
                normal Normal {
                  vector [
                    1 0 0,
                    0.98480773 -0.17364818 0,
                    0.93969262 -0.34202015 0,
                    0.86602539 -0.5 0,
                    0.76604444 -0.64278764 0,
                    0.64278764 -0.76604444 0,
                    0.5 -0.86602539 0,
                    0.34202015 -0.93969262 0,
                    0.17364818 -0.98480773 0,
                    0 -1 0,
                    -0.17364818 -0.98480773 0,
                    -0.34202015 -0.93969262 0,
                    -0.5 -0.86602539 0,
                    -0.64278764 -0.76604444 0,
                    -0.76604444 -0.64278764 0,
                    -0.86602539 -0.5 0,
                    -0.93969262 -0.34202015 0,
                    -0.98480773 -0.17364818 0,
                    -1 0 0,
                    -0.98480773 0.17364818 0,
                    -0.93969262 0.34202015 0,
                    -0.86602539 0.5 0,
                    -0.76604444 0.64278764 0,
                    -0.64278764 0.76604444 0,
                    -0.5 0.86602539 0,
                    -0.34202015 0.93969262 0,
                    -0.17364818 0.98480773 0,
                    0 1 0,
                    0.17364818 0.98480773 0,
                    0.34202015 0.93969262 0,
                    0.5 0.86602539 0,
                    0.64278764 0.76604444 0,
                    0.76604444 0.64278764 0,
                    0.86602539 0.5 0,
                    0.93969262 0.34202015 0,
                    0.98480773 0.17364818 0,
                    1 0 0,
                    1 0 0,
                    0.98480773 0.17364818 0,
                    0.93969262 0.34202015 0,
                    0.86602539 0.5 0,
                    0.76604444 0.64278764 0,
                    0.64278764 0.76604444 0,
                    0.5 0.86602539 0,
                    0.34202015 0.93969262 0,
                    0.17364818 0.98480773 0,
                    0 1 0,
                    -0.17364818 0.98480773 0,
                    -0.34202015 0.93969262 0,
                    -0.5 0.86602539 0,
                    -0.64278764 0.76604444 0,
                    -0.76604444 0.64278764 0,
                    -0.86602539 0.5 0,
                    -0.93969262 0.34202015 0,
                    -0.98480773 0.17364818 0,
                    -1 0 0,
                    -0.98480773 -0.17364818 0,
                    -0.93969262 -0.34202015 0,
                    -0.86602539 -0.5 0,
                    -0.76604444 -0.64278764 0,
                    -0.64278764 -0.76604444 0,
                    -0.5 -0.86602539 0,
                    -0.34202015 -0.93969262 0,
                    -0.17364818 -0.98480773 0,
                    0 -1 0,
                    0.17364818 -0.98480773 0,
                    0.34202015 -0.93969262 0,
                    0.5 -0.86602539 0,
                    0.64278764 -0.76604444 0,
                    0.76604444 -0.64278764 0,
                    0.86602539 -0.5 0,
                    0.93969262 -0.34202015 0,
                    0.98480773 -0.17364818 0,
                    1 0 0,
                    0 0 1,
                    0 0 1,
                    0 0 1,
                    0 0 1,
                    0 0 1,
                    0 0 1,
                    0 0 1,
                    0 0 1,
                    0 0 1,
                    0 0 1,
                    0 0 1,
                    0 0 1,
                    0 0 1,
                    0 0 1,
                    0 0 1,
                    0 0 1,
                    0 0 1,
                    0 0 1,
                    0 0 1,
                    0 0 1,
                    0 0 1,
                    0 0 1,
                    0 0 1,
                    0 0 1,
                    0 0 1,
                    0 0 1,
                    0 0 1,
                    0 0 1,
                    0 0 1,
                    0 0 1,
                    0 0 1,
                    0 0 1,
                    0 0 1,
                    0 0 1,
                    0 0 1,
                    0 0 1,
                    -0 -0 -1,
                    -0 -0 -1,
                    -0 -0 -1,
                    -0 -0 -1,
                    -0 -0 -1,
                    -0 -0 -1,
                    -0 -0 -1,
                    -0 -0 -1,
                    -0 -0 -1,
                    -0 -0 -1,
                    -0 -0 -1,
                    -0 -0 -1,
                    -0 -0 -1,
                    -0 -0 -1,
                    -0 -0 -1,
                    -0 -0 -1,
                    -0 -0 -1,
                    -0 -0 -1,
                    -0 -0 -1,
                    -0 -0 -1,
                    -0 -0 -1,
                    -0 -0 -1,
                    -0 -0 -1,
                    -0 -0 -1,
                    -0 -0 -1,
                    -0 -0 -1,
                    -0 -0 -1,
                    -0 -0 -1,
                    -0 -0 -1,
                    -0 -0 -1,
                    -0 -0 -1,
                    -0 -0 -1,
                    -0 -0 -1,
                    -0 -0 -1,
                    -0 -0 -1,
                    -0 -0 -1

                  ]
                }
                coordIndex [
                  71 0 36 -1 
                  70 36 35 -1 
                  69 35 34 -1 
                  68 34 33 -1 
                  67 33 32 -1 
                  29 64 30 -1 
                  28 63 29 -1 
                  27 62 28 -1 
                  26 61 27 -1 
                  25 60 26 -1 
                  24 59 25 -1 
                  23 58 24 -1 
                  22 57 23 -1 
                  21 56 22 -1 
                  20 55 21 -1 
                  19 54 20 -1 
                  18 53 19 -1 
                  17 52 18 -1 
                  16 51 17 -1 
                  15 50 16 -1 
                  14 49 15 -1 
                  13 48 14 -1 
                  12 47 13 -1 
                  11 46 12 -1 
                  10 45 11 -1 
                  9 44 10 -1 
                  8 43 9 -1 
                  7 42 8 -1 
                  6 41 7 -1 
                  5 40 6 -1 
                  4 39 5 -1 
                  3 38 4 -1 
                  2 37 3 -1 
                  0 1 2 -1 
                  66 32 31 -1 
                  65 31 30 -1 
                  37 2 1 -1 
                  38 3 37 -1 
                  39 4 38 -1 
                  40 5 39 -1 
                  41 6 40 -1 
                  42 7 41 -1 
                  43 8 42 -1 
                  44 9 43 -1 
                  45 10 44 -1 
                  46 11 45 -1 
                  47 12 46 -1 
                  48 13 47 -1 
                  49 14 48 -1 
                  50 15 49 -1 
                  51 16 50 -1 
                  52 17 51 -1 
                  53 18 52 -1 
                  54 19 53 -1 
                  55 20 54 -1 
                  56 21 55 -1 
                  57 22 56 -1 
                  58 23 57 -1 
                  59 24 58 -1 
                  60 25 59 -1 
                  61 26 60 -1 
                  62 27 61 -1 
                  63 28 62 -1 
                  64 29 63 -1 
                  65 30 64 -1 
                  66 31 65 -1 
                  67 32 66 -1 
                  68 33 67 -1 
                  69 34 68 -1 
                  70 35 69 -1 
                  71 36 70 -1 
                  1 0 71 -1 
                  3 0 2 -1 
                  4 0 3 -1 
                  5 0 4 -1 
                  6 0 5 -1 
                  7 0 6 -1 
                  8 0 7 -1 
                  9 0 8 -1 
                  10 0 9 -1 
                  11 0 10 -1 
                  12 0 11 -1 
                  13 0 12 -1 
                  14 0 13 -1 
                  15 0 14 -1 
                  16 0 15 -1 
                  17 0 16 -1 
                  18 0 17 -1 
                  19 0 18 -1 
                  20 0 19 -1 
                  21 0 20 -1 
                  22 0 21 -1 
                  23 0 22 -1 
                  24 0 23 -1 
                  25 0 24 -1 
                  26 0 25 -1 
                  27 0 26 -1 
                  28 0 27 -1 
                  29 0 28 -1 
                  30 0 29 -1 
                  31 0 30 -1 
                  32 0 31 -1 
                  33 0 32 -1 
                  34 0 33 -1 
                  35 0 34 -1 
                  36 0 35 -1 
                  38 37 1 -1 
                  39 38 1 -1 
                  40 39 1 -1 
                  41 40 1 -1 
                  42 41 1 -1 
                  43 42 1 -1 
                  44 43 1 -1 
                  45 44 1 -1 
                  46 45 1 -1 
                  47 46 1 -1 
                  48 47 1 -1 
                  49 48 1 -1 
                  50 49 1 -1 
                  51 50 1 -1 
                  52 51 1 -1 
                  53 52 1 -1 
                  54 53 1 -1 
                  55 54 1 -1 
                  56 55 1 -1 
                  57 56 1 -1 
                  58 57 1 -1 
                  59 58 1 -1 
                  60 59 1 -1 
                  61 60 1 -1 
                  62 61 1 -1 
                  63 62 1 -1 
                  64 63 1 -1 
                  65 64 1 -1 
                  66 65 1 -1 
                  67 66 1 -1 
                  68 67 1 -1 
                  69 68 1 -1 
                  70 69 1 -1 
                  71 70 1 -1 
                ]
                normalIndex [
                  72 0 1 -1 
                  71 1 2 -1 
                  70 2 3 -1 
                  69 3 4 -1 
                  68 4 5 -1 
                  8 65 7 -1 
                  9 64 8 -1 
                  10 63 9 -1 
                  11 62 10 -1 
                  12 61 11 -1 
                  13 60 12 -1 
                  14 59 13 -1 
                  15 58 14 -1 
                  16 57 15 -1 
                  17 56 16 -1 
                  18 55 17 -1 
                  19 54 18 -1 
                  20 53 19 -1 
                  21 52 20 -1 
                  22 51 21 -1 
                  23 50 22 -1 
                  24 49 23 -1 
                  25 48 24 -1 
                  26 47 25 -1 
                  27 46 26 -1 
                  28 45 27 -1 
                  29 44 28 -1 
                  30 43 29 -1 
                  31 42 30 -1 
                  32 41 31 -1 
                  33 40 32 -1 
                  34 39 33 -1 
                  35 38 34 -1 
                  36 37 35 -1 
                  67 5 6 -1 
                  66 6 7 -1 
                  38 35 37 -1 
                  39 34 38 -1 
                  40 33 39 -1 
                  41 32 40 -1 
                  42 31 41 -1 
                  43 30 42 -1 
                  44 29 43 -1 
                  45 28 44 -1 
                  46 27 45 -1 
                  47 26 46 -1 
                  48 25 47 -1 
                  49 24 48 -1 
                  50 23 49 -1 
                  51 22 50 -1 
                  52 21 51 -1 
                  53 20 52 -1 
                  54 19 53 -1 
                  55 18 54 -1 
                  56 17 55 -1 
                  57 16 56 -1 
                  58 15 57 -1 
                  59 14 58 -1 
                  60 13 59 -1 
                  61 12 60 -1 
                  62 11 61 -1 
                  63 10 62 -1 
                  64 9 63 -1 
                  65 8 64 -1 
                  66 7 65 -1 
                  67 6 66 -1 
                  68 5 67 -1 
                  69 4 68 -1 
                  70 3 69 -1 
                  71 2 70 -1 
                  72 1 71 -1 
                  73 0 72 -1 
                  76 74 75 -1 
                  77 74 76 -1 
                  78 74 77 -1 
                  79 74 78 -1 
                  80 74 79 -1 
                  81 74 80 -1 
                  82 74 81 -1 
                  83 74 82 -1 
                  84 74 83 -1 
                  85 74 84 -1 
                  86 74 85 -1 
                  87 74 86 -1 
                  88 74 87 -1 
                  89 74 88 -1 
                  90 74 89 -1 
                  91 74 90 -1 
                  92 74 91 -1 
                  93 74 92 -1 
                  94 74 93 -1 
                  95 74 94 -1 
                  96 74 95 -1 
                  97 74 96 -1 
                  98 74 97 -1 
                  99 74 98 -1 
                  100 74 99 -1 
                  101 74 100 -1 
                  102 74 101 -1 
                  103 74 102 -1 
                  104 74 103 -1 
                  105 74 104 -1 
                  106 74 105 -1 
                  107 74 106 -1 
                  108 74 107 -1 
                  109 74 108 -1 
                  112 111 110 -1 
                  113 112 110 -1 
                  114 113 110 -1 
                  115 114 110 -1 
                  116 115 110 -1 
                  117 116 110 -1 
                  118 117 110 -1 
                  119 118 110 -1 
                  120 119 110 -1 
                  121 120 110 -1 
                  122 121 110 -1 
                  123 122 110 -1 
                  124 123 110 -1 
                  125 124 110 -1 
                  126 125 110 -1 
                  127 126 110 -1 
                  128 127 110 -1 
                  129 128 110 -1 
                  130 129 110 -1 
                  131 130 110 -1 
                  132 131 110 -1 
                  133 132 110 -1 
                  134 133 110 -1 
                  135 134 110 -1 
                  136 135 110 -1 
                  137 136 110 -1 
                  138 137 110 -1 
                  139 138 110 -1 
                  140 139 110 -1 
                  141 140 110 -1 
                  142 141 110 -1 
                  143 142 110 -1 
                  144 143 110 -1 
                  145 144 110 -1 
                ]
              }
            }
            DEF Leads_20 Shape {
              appearance DEF __96 Appearance {
                material DEF __97 Material {
                  ambientIntensity 0.260947436094
                  diffuseColor 0.73400002718 0.773000001907 0.79699999094
                  shininess 0
                }
              }
              geometry DEF __98 IndexedFaceSet {
                solid FALSE
                coord Coordinate {
                  point [
                    0.014265 -0.00584 0.0001,
                    0.014265 -0.00584 -0.005,
                    0.0142543654271 -0.00571844627563 0.0001,
                    0.0142227848346 -0.00560058589967 0.0001,
                    0.0141712177826 -0.00549 0.0001,
                    0.0141012311102 -0.00539004867322 0.0001,
                    0.0140149513268 -0.00530376888982 0.0001,
                    0.013915 -0.00523378221735 0.0001,
                    0.0138044141003 -0.00518221516545 0.0001,
                    0.0136865537244 -0.00515063457289 0.0001,
                    0.013565 -0.00514 0.0001,
                    0.0134434462756 -0.00515063457289 0.0001,
                    0.0133255858997 -0.00518221516545 0.0001,
                    0.013215 -0.00523378221735 0.0001,
                    0.0131150486732 -0.00530376888982 0.0001,
                    0.0130287688898 -0.00539004867322 0.0001,
                    0.0129587822174 -0.00549 0.0001,
                    0.0129072151654 -0.00560058589967 0.0001,
                    0.0128756345729 -0.00571844627563 0.0001,
                    0.012865 -0.00584 0.0001,
                    0.0128756345729 -0.00596155372437 0.0001,
                    0.0129072151654 -0.00607941410033 0.0001,
                    0.0129587822174 -0.00619 0.0001,
                    0.0130287688898 -0.00628995132678 0.0001,
                    0.0131150486732 -0.00637623111018 0.0001,
                    0.013215 -0.00644621778265 0.0001,
                    0.0133255858997 -0.00649778483455 0.0001,
                    0.0134434462756 -0.00652936542711 0.0001,
                    0.013565 -0.00654 0.0001,
                    0.0136865537244 -0.00652936542711 0.0001,
                    0.0138044141003 -0.00649778483455 0.0001,
                    0.013915 -0.00644621778265 0.0001,
                    0.0140149513268 -0.00637623111018 0.0001,
                    0.0141012311102 -0.00628995132678 0.0001,
                    0.0141712177826 -0.00619 0.0001,
                    0.0142227848346 -0.00607941410033 0.0001,
                    0.0142543654271 -0.00596155372437 0.0001,
                    0.0142543654271 -0.00571844627563 -0.005,
                    0.0142227848346 -0.00560058589967 -0.005,
                    0.0141712177826 -0.00549 -0.005,
                    0.0141012311102 -0.00539004867322 -0.005,
                    0.0140149513268 -0.00530376888982 -0.005,
                    0.013915 -0.00523378221735 -0.005,
                    0.0138044141003 -0.00518221516545 -0.005,
                    0.0136865537244 -0.00515063457289 -0.005,
                    0.013565 -0.00514 -0.005,
                    0.0134434462756 -0.00515063457289 -0.005,
                    0.0133255858997 -0.00518221516545 -0.005,
                    0.013215 -0.00523378221735 -0.005,
                    0.0131150486732 -0.00530376888982 -0.005,
                    0.0130287688898 -0.00539004867322 -0.005,
                    0.0129587822174 -0.00549 -0.005,
                    0.0129072151654 -0.00560058589967 -0.005,
                    0.0128756345729 -0.00571844627563 -0.005,
                    0.012865 -0.00584 -0.005,
                    0.0128756345729 -0.00596155372437 -0.005,
                    0.0129072151654 -0.00607941410033 -0.005,
                    0.0129587822174 -0.00619 -0.005,
                    0.0130287688898 -0.00628995132678 -0.005,
                    0.0131150486732 -0.00637623111018 -0.005,
                    0.013215 -0.00644621778265 -0.005,
                    0.0133255858997 -0.00649778483455 -0.005,
                    0.0134434462756 -0.00652936542711 -0.005,
                    0.013565 -0.00654 -0.005,
                    0.0136865537244 -0.00652936542711 -0.005,
                    0.0138044141003 -0.00649778483455 -0.005,
                    0.013915 -0.00644621778265 -0.005,
                    0.0140149513268 -0.00637623111018 -0.005,
                    0.0141012311102 -0.00628995132678 -0.005,
                    0.0141712177826 -0.00619 -0.005,
                    0.0142227848346 -0.00607941410033 -0.005,
                    0.0142543654271 -0.00596155372437 -0.005

                  ]
                }
                normal Normal {
                  vector [
                    1 0 0,
                    0.98480773 -0.17364818 0,
                    0.93969262 -0.34202015 0,
                    0.86602539 -0.5 0,
                    0.76604444 -0.64278764 0,
                    0.64278764 -0.76604444 0,
                    0.5 -0.86602539 0,
                    0.34202015 -0.93969262 0,
                    0.17364818 -0.98480773 0,
                    0 -1 0,
                    -0.17364818 -0.98480773 0,
                    -0.34202015 -0.93969262 0,
                    -0.5 -0.86602539 0,
                    -0.64278764 -0.76604444 0,
                    -0.76604444 -0.64278764 0,
                    -0.86602539 -0.5 0,
                    -0.93969262 -0.34202015 0,
                    -0.98480773 -0.17364818 0,
                    -1 0 0,
                    -0.98480773 0.17364818 0,
                    -0.93969262 0.34202015 0,
                    -0.86602539 0.5 0,
                    -0.76604444 0.64278764 0,
                    -0.64278764 0.76604444 0,
                    -0.5 0.86602539 0,
                    -0.34202015 0.93969262 0,
                    -0.17364818 0.98480773 0,
                    0 1 0,
                    0.17364818 0.98480773 0,
                    0.34202015 0.93969262 0,
                    0.5 0.86602539 0,
                    0.64278764 0.76604444 0,
                    0.76604444 0.64278764 0,
                    0.86602539 0.5 0,
                    0.93969262 0.34202015 0,
                    0.98480773 0.17364818 0,
                    1 0 0,
                    1 0 0,
                    0.98480773 0.17364818 0,
                    0.93969262 0.34202015 0,
                    0.86602539 0.5 0,
                    0.76604444 0.64278764 0,
                    0.64278764 0.76604444 0,
                    0.5 0.86602539 0,
                    0.34202015 0.93969262 0,
                    0.17364818 0.98480773 0,
                    0 1 0,
                    -0.17364818 0.98480773 0,
                    -0.34202015 0.93969262 0,
                    -0.5 0.86602539 0,
                    -0.64278764 0.76604444 0,
                    -0.76604444 0.64278764 0,
                    -0.86602539 0.5 0,
                    -0.93969262 0.34202015 0,
                    -0.98480773 0.17364818 0,
                    -1 0 0,
                    -0.98480773 -0.17364818 0,
                    -0.93969262 -0.34202015 0,
                    -0.86602539 -0.5 0,
                    -0.76604444 -0.64278764 0,
                    -0.64278764 -0.76604444 0,
                    -0.5 -0.86602539 0,
                    -0.34202015 -0.93969262 0,
                    -0.17364818 -0.98480773 0,
                    0 -1 0,
                    0.17364818 -0.98480773 0,
                    0.34202015 -0.93969262 0,
                    0.5 -0.86602539 0,
                    0.64278764 -0.76604444 0,
                    0.76604444 -0.64278764 0,
                    0.86602539 -0.5 0,
                    0.93969262 -0.34202015 0,
                    0.98480773 -0.17364818 0,
                    1 0 0,
                    0 0 1,
                    0 0 1,
                    0 0 1,
                    0 0 1,
                    0 0 1,
                    0 0 1,
                    0 0 1,
                    0 0 1,
                    0 0 1,
                    0 0 1,
                    0 0 1,
                    0 0 1,
                    0 0 1,
                    0 0 1,
                    0 0 1,
                    0 0 1,
                    0 0 1,
                    0 0 1,
                    0 0 1,
                    0 0 1,
                    0 0 1,
                    0 0 1,
                    0 0 1,
                    0 0 1,
                    0 0 1,
                    0 0 1,
                    0 0 1,
                    0 0 1,
                    0 0 1,
                    0 0 1,
                    0 0 1,
                    0 0 1,
                    0 0 1,
                    0 0 1,
                    0 0 1,
                    0 0 1,
                    -0 -0 -1,
                    -0 -0 -1,
                    -0 -0 -1,
                    -0 -0 -1,
                    -0 -0 -1,
                    -0 -0 -1,
                    -0 -0 -1,
                    -0 -0 -1,
                    -0 -0 -1,
                    -0 -0 -1,
                    -0 -0 -1,
                    -0 -0 -1,
                    -0 -0 -1,
                    -0 -0 -1,
                    -0 -0 -1,
                    -0 -0 -1,
                    -0 -0 -1,
                    -0 -0 -1,
                    -0 -0 -1,
                    -0 -0 -1,
                    -0 -0 -1,
                    -0 -0 -1,
                    -0 -0 -1,
                    -0 -0 -1,
                    -0 -0 -1,
                    -0 -0 -1,
                    -0 -0 -1,
                    -0 -0 -1,
                    -0 -0 -1,
                    -0 -0 -1,
                    -0 -0 -1,
                    -0 -0 -1,
                    -0 -0 -1,
                    -0 -0 -1,
                    -0 -0 -1,
                    -0 -0 -1

                  ]
                }
                coordIndex [
                  71 0 36 -1 
                  70 36 35 -1 
                  69 35 34 -1 
                  68 34 33 -1 
                  67 33 32 -1 
                  29 64 30 -1 
                  28 63 29 -1 
                  27 62 28 -1 
                  26 61 27 -1 
                  25 60 26 -1 
                  24 59 25 -1 
                  23 58 24 -1 
                  22 57 23 -1 
                  21 56 22 -1 
                  20 55 21 -1 
                  19 54 20 -1 
                  18 53 19 -1 
                  17 52 18 -1 
                  16 51 17 -1 
                  15 50 16 -1 
                  14 49 15 -1 
                  13 48 14 -1 
                  12 47 13 -1 
                  11 46 12 -1 
                  10 45 11 -1 
                  9 44 10 -1 
                  8 43 9 -1 
                  7 42 8 -1 
                  6 41 7 -1 
                  5 40 6 -1 
                  4 39 5 -1 
                  3 38 4 -1 
                  2 37 3 -1 
                  0 1 2 -1 
                  66 32 31 -1 
                  65 31 30 -1 
                  37 2 1 -1 
                  38 3 37 -1 
                  39 4 38 -1 
                  40 5 39 -1 
                  41 6 40 -1 
                  42 7 41 -1 
                  43 8 42 -1 
                  44 9 43 -1 
                  45 10 44 -1 
                  46 11 45 -1 
                  47 12 46 -1 
                  48 13 47 -1 
                  49 14 48 -1 
                  50 15 49 -1 
                  51 16 50 -1 
                  52 17 51 -1 
                  53 18 52 -1 
                  54 19 53 -1 
                  55 20 54 -1 
                  56 21 55 -1 
                  57 22 56 -1 
                  58 23 57 -1 
                  59 24 58 -1 
                  60 25 59 -1 
                  61 26 60 -1 
                  62 27 61 -1 
                  63 28 62 -1 
                  64 29 63 -1 
                  65 30 64 -1 
                  66 31 65 -1 
                  67 32 66 -1 
                  68 33 67 -1 
                  69 34 68 -1 
                  70 35 69 -1 
                  71 36 70 -1 
                  1 0 71 -1 
                  3 0 2 -1 
                  4 0 3 -1 
                  5 0 4 -1 
                  6 0 5 -1 
                  7 0 6 -1 
                  8 0 7 -1 
                  9 0 8 -1 
                  10 0 9 -1 
                  11 0 10 -1 
                  12 0 11 -1 
                  13 0 12 -1 
                  14 0 13 -1 
                  15 0 14 -1 
                  16 0 15 -1 
                  17 0 16 -1 
                  18 0 17 -1 
                  19 0 18 -1 
                  20 0 19 -1 
                  21 0 20 -1 
                  22 0 21 -1 
                  23 0 22 -1 
                  24 0 23 -1 
                  25 0 24 -1 
                  26 0 25 -1 
                  27 0 26 -1 
                  28 0 27 -1 
                  29 0 28 -1 
                  30 0 29 -1 
                  31 0 30 -1 
                  32 0 31 -1 
                  33 0 32 -1 
                  34 0 33 -1 
                  35 0 34 -1 
                  36 0 35 -1 
                  38 37 1 -1 
                  39 38 1 -1 
                  40 39 1 -1 
                  41 40 1 -1 
                  42 41 1 -1 
                  43 42 1 -1 
                  44 43 1 -1 
                  45 44 1 -1 
                  46 45 1 -1 
                  47 46 1 -1 
                  48 47 1 -1 
                  49 48 1 -1 
                  50 49 1 -1 
                  51 50 1 -1 
                  52 51 1 -1 
                  53 52 1 -1 
                  54 53 1 -1 
                  55 54 1 -1 
                  56 55 1 -1 
                  57 56 1 -1 
                  58 57 1 -1 
                  59 58 1 -1 
                  60 59 1 -1 
                  61 60 1 -1 
                  62 61 1 -1 
                  63 62 1 -1 
                  64 63 1 -1 
                  65 64 1 -1 
                  66 65 1 -1 
                  67 66 1 -1 
                  68 67 1 -1 
                  69 68 1 -1 
                  70 69 1 -1 
                  71 70 1 -1 
                ]
                normalIndex [
                  72 0 1 -1 
                  71 1 2 -1 
                  70 2 3 -1 
                  69 3 4 -1 
                  68 4 5 -1 
                  8 65 7 -1 
                  9 64 8 -1 
                  10 63 9 -1 
                  11 62 10 -1 
                  12 61 11 -1 
                  13 60 12 -1 
                  14 59 13 -1 
                  15 58 14 -1 
                  16 57 15 -1 
                  17 56 16 -1 
                  18 55 17 -1 
                  19 54 18 -1 
                  20 53 19 -1 
                  21 52 20 -1 
                  22 51 21 -1 
                  23 50 22 -1 
                  24 49 23 -1 
                  25 48 24 -1 
                  26 47 25 -1 
                  27 46 26 -1 
                  28 45 27 -1 
                  29 44 28 -1 
                  30 43 29 -1 
                  31 42 30 -1 
                  32 41 31 -1 
                  33 40 32 -1 
                  34 39 33 -1 
                  35 38 34 -1 
                  36 37 35 -1 
                  67 5 6 -1 
                  66 6 7 -1 
                  38 35 37 -1 
                  39 34 38 -1 
                  40 33 39 -1 
                  41 32 40 -1 
                  42 31 41 -1 
                  43 30 42 -1 
                  44 29 43 -1 
                  45 28 44 -1 
                  46 27 45 -1 
                  47 26 46 -1 
                  48 25 47 -1 
                  49 24 48 -1 
                  50 23 49 -1 
                  51 22 50 -1 
                  52 21 51 -1 
                  53 20 52 -1 
                  54 19 53 -1 
                  55 18 54 -1 
                  56 17 55 -1 
                  57 16 56 -1 
                  58 15 57 -1 
                  59 14 58 -1 
                  60 13 59 -1 
                  61 12 60 -1 
                  62 11 61 -1 
                  63 10 62 -1 
                  64 9 63 -1 
                  65 8 64 -1 
                  66 7 65 -1 
                  67 6 66 -1 
                  68 5 67 -1 
                  69 4 68 -1 
                  70 3 69 -1 
                  71 2 70 -1 
                  72 1 71 -1 
                  73 0 72 -1 
                  76 74 75 -1 
                  77 74 76 -1 
                  78 74 77 -1 
                  79 74 78 -1 
                  80 74 79 -1 
                  81 74 80 -1 
                  82 74 81 -1 
                  83 74 82 -1 
                  84 74 83 -1 
                  85 74 84 -1 
                  86 74 85 -1 
                  87 74 86 -1 
                  88 74 87 -1 
                  89 74 88 -1 
                  90 74 89 -1 
                  91 74 90 -1 
                  92 74 91 -1 
                  93 74 92 -1 
                  94 74 93 -1 
                  95 74 94 -1 
                  96 74 95 -1 
                  97 74 96 -1 
                  98 74 97 -1 
                  99 74 98 -1 
                  100 74 99 -1 
                  101 74 100 -1 
                  102 74 101 -1 
                  103 74 102 -1 
                  104 74 103 -1 
                  105 74 104 -1 
                  106 74 105 -1 
                  107 74 106 -1 
                  108 74 107 -1 
                  109 74 108 -1 
                  112 111 110 -1 
                  113 112 110 -1 
                  114 113 110 -1 
                  115 114 110 -1 
                  116 115 110 -1 
                  117 116 110 -1 
                  118 117 110 -1 
                  119 118 110 -1 
                  120 119 110 -1 
                  121 120 110 -1 
                  122 121 110 -1 
                  123 122 110 -1 
                  124 123 110 -1 
                  125 124 110 -1 
                  126 125 110 -1 
                  127 126 110 -1 
                  128 127 110 -1 
                  129 128 110 -1 
                  130 129 110 -1 
                  131 130 110 -1 
                  132 131 110 -1 
                  133 132 110 -1 
                  134 133 110 -1 
                  135 134 110 -1 
                  136 135 110 -1 
                  137 136 110 -1 
                  138 137 110 -1 
                  139 138 110 -1 
                  140 139 110 -1 
                  141 140 110 -1 
                  142 141 110 -1 
                  143 142 110 -1 
                  144 143 110 -1 
                  145 144 110 -1 
                ]
              }
            }
          ]
        }
      ]
    }
  ]
}
