#VRML V2.0 utf8
# META "generator" "CAD Exchanger 3.8.1 (cadexchanger.com)"
DEF __1 Transform {
  children [
    DEF ASSEMBLY Group {
      children [
        DEF Body Group {
          children [
            DEF Body_1 Shape {
              appearance DEF __5 Appearance {
                material DEF __6 Material {
                  ambientIntensity 0.66666662693
                  diffuseColor 0.300000011921 0.300000011921 0.300000011921
                  shininess 0
                }
              }
              geometry DEF __7 IndexedFaceSet {
                solid FALSE
                coord Coordinate {
                  point [
                    -0.007 -0.007 0.000564329709137,
                    -0.00683050743115 -0.00683050743115 0.000166852763703,
                    -0.007 0.007 0.000564329709137,
                    -0.00683050743115 0.00683050743115 0.000166852763703,
                    0.007 -0.007 0.000564329709137,
                    0.00683050743115 -0.00683050743115 0.000166852763703,
                    -0.00672932286711 0.00672932286711 0.0001,
                    -0.00672932286711 -0.00672932286711 0.0001,
                    -0.007 -0.007 0.000674329709137,
                    -0.007 0.007 0.000674329709137,
                    0.007 0.007 0.000564329709137,
                    0.00683050743115 0.00683050743115 0.000166852763703,
                    0.00672932286711 -0.00672932286711 0.0001,
                    0.007 -0.007 0.000674329709137,
                    0.00672932286711 0.00672932286711 0.0001,
                    -0.00682882830268 -0.00682882830268 0.00112877352689,
                    -0.00682882830268 0.00682882830268 0.00112877352689,
                    0.007 0.007 0.000674329709137,
                    0.00682882830268 -0.00682882830268 0.00112877352689,
                    -0.00672588844834 -0.00672588844834 0.0012,
                    -0.00672588844834 0.00672588844834 0.0012,
                    0.00682882830268 0.00682882830268 0.00112877352689,
                    0.00672588844834 -0.00672588844834 0.0012,
                    0.00672588844834 0.00672588844834 0.0012,
                    -0.004067 0.004942 0.0012,
                    -0.004067 0.004942 0.00108,
                    -0.00681380846516 0.00681380846516 0.000139557230872,
                    -0.00678996033081 0.00678996033081 0.000118222562706,
                    -0.00681380846516 -0.00681380846516 0.000139557230871,
                    -0.00678996033081 -0.00678996033081 0.000118222562706,
                    0.00681380846516 -0.00681380846516 0.000139557230872,
                    0.00678996033081 -0.00678996033081 0.000118222562706,
                    0.00678996033081 0.00678996033081 0.000118222562706,
                    0.00681380846516 0.00681380846516 0.000139557230872,
                    -0.00681259372394 -0.00681259372394 0.00115769191372,
                    -0.0067884780323 -0.0067884780323 0.00118045741528,
                    -0.00681259372394 0.00681259372394 0.00115769191372,
                    -0.0067884780323 0.0067884780323 0.00118045741528,
                    0.00681259372394 -0.00681259372394 0.00115769191372,
                    0.0067884780323 -0.0067884780323 0.00118045741528,
                    -0.00418422777169 0.0053795 0.0012,
                    -0.0045045 0.00569977222831 0.0012,
                    -0.004942 0.005817 0.0012,
                    -0.0053795 0.00569977222831 0.0012,
                    -0.00569977222831 0.0053795 0.0012,
                    -0.005817 0.004942 0.0012,
                    -0.00569977222831 0.0045045 0.0012,
                    -0.0053795 0.00418422777169 0.0012,
                    -0.004942 0.004067 0.0012,
                    -0.0045045 0.00418422777169 0.0012,
                    -0.00418422777169 0.0045045 0.0012,
                    0.0067884780323 0.0067884780323 0.00118045741528,
                    0.00681259372394 0.00681259372394 0.00115769191372,
                    -0.00418422777169 0.0053795 0.00108,
                    -0.0045045 0.00569977222831 0.00108,
                    -0.004942 0.005817 0.00108,
                    -0.0053795 0.00569977222831 0.00108,
                    -0.00569977222831 0.0053795 0.00108,
                    -0.005817 0.004942 0.00108,
                    -0.00569977222831 0.0045045 0.00108,
                    -0.0053795 0.00418422777169 0.00108,
                    -0.004942 0.004067 0.00108,
                    -0.0045045 0.00418422777169 0.00108,
                    -0.00418422777169 0.0045045 0.00108

                  ]
                }
                normal Normal {
                  vector [
                    -0.91985965 0 -0.39224762,
                    -0.91985965 0 -0.39224762,
                    -0.91985965 0 -0.39224762,
                    -0.91985965 0 -0.39224762,
                    0 -0.91985965 -0.39224762,
                    0 -0.91985965 -0.39224762,
                    0 -0.91985965 -0.39224762,
                    0 -0.91985965 -0.39224762,
                    -0.91985965 0 -0.39224762,
                    -0.91985965 0 -0.39224762,
                    -0.76805091 0 -0.64038879,
                    -0.55124968 0 -0.83434033,
                    1.9717561e-13 0 -1,
                    3.0375702e-13 0 -1,
                    -0.55124968 0 -0.83434033,
                    -0.76805091 0 -0.64038879,
                    -1 -0 -0,
                    -1 -0 -0,
                    -1 -0 -0,
                    -1 -0 -0,
                    -0 0.91985965 -0.39224762,
                    -0 0.91985965 -0.39224762,
                    -0 0.91985965 -0.39224762,
                    -0 0.91985965 -0.39224762,
                    0 -0.91985965 -0.39224762,
                    0 -0.76805091 -0.64038879,
                    0 -0.55124968 -0.83434033,
                    0 -7.9936058e-15 -1,
                    0 3.0286884e-13 -1,
                    0 -0.55124968 -0.83434033,
                    0 -0.76805091 -0.64038879,
                    0 -0.91985965 -0.39224762,
                    -0 -1 -0,
                    -0 -1 -0,
                    -0 -1 -0,
                    -0 -1 -0,
                    0.91985965 -0 -0.39224762,
                    0.91985965 -0 -0.39224762,
                    0.91985965 -0 -0.39224762,
                    0.91985965 -0 -0.39224762,
                    -0 -0 -1,
                    -0 -0 -1,
                    -0 -0 -1,
                    -0 -0 -1,
                    0 1.1191048e-13 -1,
                    0 0.55124968 -0.83434033,
                    0 0.76805091 -0.64038879,
                    0 0.91985965 -0.39224762,
                    0 0.91985965 -0.39224762,
                    0 0.76805091 -0.64038879,
                    0 0.55124968 -0.83434033,
                    0 0 -1,
                    -0.93581688 -0 0.35248661,
                    -0.93581688 -0 0.35248661,
                    -0.93581688 -0 0.35248661,
                    -0.93581688 -0 0.35248661,
                    0 1 0,
                    0 1 0,
                    0 1 0,
                    0 1 0,
                    0 0 -1,
                    0 0 -1,
                    0.55124968 0 -0.83434033,
                    0.76805091 0 -0.64038879,
                    0.91985965 0 -0.39224762,
                    0.91985965 0 -0.39224762,
                    0.76805091 0 -0.64038879,
                    0.55124968 0 -0.83434033,
                    1 0 0,
                    1 0 0,
                    1 0 0,
                    1 0 0,
                    -0 -0.93581688 0.35248661,
                    -0 -0.93581688 0.35248661,
                    -0 -0.93581688 0.35248661,
                    -0 -0.93581688 0.35248661,
                    -0.93581688 0 0.35248661,
                    -0.78822976 0 0.61538106,
                    -0.56899619 0 0.82234013,
                    -5.4445337e-13 0 1,
                    -2.344791e-13 0 1,
                    -0.56899619 0 0.82234013,
                    -0.78822976 0 0.61538106,
                    -0.93581688 0 0.35248661,
                    0 0.93581688 0.35248661,
                    0 0.93581688 0.35248661,
                    0 0.93581688 0.35248661,
                    0 0.93581688 0.35248661,
                    0.93581688 0 0.35248661,
                    0.93581688 0 0.35248661,
                    0.93581688 0 0.35248661,
                    0.93581688 0 0.35248661,
                    0 -0.93581688 0.35248661,
                    0 -0.93581688 0.35248661,
                    0 -0.78822976 0.61538106,
                    0 -0.56899619 0.82234013,
                    0 -3.4106051e-13 1,
                    0 -2.344791e-13 1,
                    0 -0.56899619 0.82234013,
                    0 -0.78822976 0.61538106,
                    0 0 1,
                    0 0 1,
                    0 0 1,
                    0 0 1,
                    0 0 1,
                    0 0 1,
                    0 0 1,
                    0 0 1,
                    0 0 1,
                    0 0 1,
                    0 0 1,
                    0 0 1,
                    0 0 1,
                    0 0 1,
                    0 0 1,
                    0 0 1,
                    0 0 1,
                    0 0 1,
                    0 0.56899619 0.82234013,
                    0 0.78822976 0.61538106,
                    0 0.93581688 0.35248661,
                    0 0.93581688 0.35248661,
                    0 0.78822976 0.61538106,
                    0 0.56899619 0.82234013,
                    1.030287e-13 0 1,
                    0.56899619 0 0.82234013,
                    0.78822976 0 0.61538106,
                    0.93581688 0 0.35248661,
                    0.93581688 0 0.35248661,
                    0.78822976 0 0.61538106,
                    0.56899619 0 0.82234013,
                    0 0 1,
                    -1 -4.1389114e-13 -0,
                    -1 -4.1389114e-13 -0,
                    -0.86602539 0.5 -0,
                    -0.5 0.86602539 -0,
                    -0 1 -0,
                    0.5 0.86602539 -0,
                    0.86602539 0.5 -0,
                    1 -0 -0,
                    0.86602539 -0.5 -0,
                    0.5 -0.86602539 -0,
                    -0 -1 -0,
                    -0.5 -0.86602539 -0,
                    -0.86602539 -0.5 -0,
                    -1 -0 -0,
                    -1 -0 -0,
                    -0.86602539 -0.5 -0,
                    -0.5 -0.86602539 -0,
                    -0 -1 -0,
                    0.5 -0.86602539 -0,
                    0.86602539 -0.5 -0,
                    1 -0 -0,
                    0.86602539 0.5 -0,
                    0.5 0.86602539 -0,
                    -0 1 -0,
                    -0.5 0.86602539 -0,
                    -0.86602539 0.5 -0,
                    0 0 1,
                    0 0 1,
                    0 0 1,
                    0 0 1,
                    0 0 1,
                    0 0 1,
                    0 0 1,
                    0 0 1,
                    0 0 1,
                    0 0 1,
                    0 0 1,
                    0 0 1

                  ]
                }
                coordIndex [
                  2 1 0 -1 
                  3 1 2 -1 
                  4 0 1 -1 
                  4 1 5 -1 
                  26 1 3 -1 
                  28 1 26 -1 
                  29 26 27 -1 
                  7 27 6 -1 
                  29 27 7 -1 
                  28 26 29 -1 
                  0 8 2 -1 
                  9 2 8 -1 
                  10 3 2 -1 
                  10 11 3 -1 
                  30 1 28 -1 
                  31 28 29 -1 
                  12 29 7 -1 
                  31 29 12 -1 
                  30 28 31 -1 
                  5 1 30 -1 
                  4 13 0 -1 
                  8 0 13 -1 
                  10 4 5 -1 
                  11 10 5 -1 
                  12 6 14 -1 
                  12 7 6 -1 
                  32 6 27 -1 
                  33 27 26 -1 
                  11 26 3 -1 
                  33 26 11 -1 
                  32 27 33 -1 
                  14 6 32 -1 
                  9 8 15 -1 
                  16 9 15 -1 
                  10 2 17 -1 
                  9 17 2 -1 
                  32 12 14 -1 
                  31 12 32 -1 
                  30 32 33 -1 
                  5 33 11 -1 
                  30 33 5 -1 
                  31 32 30 -1 
                  4 10 13 -1 
                  17 13 10 -1 
                  13 15 8 -1 
                  13 18 15 -1 
                  36 15 34 -1 
                  37 34 35 -1 
                  20 35 19 -1 
                  37 35 20 -1 
                  36 34 37 -1 
                  16 15 36 -1 
                  17 9 16 -1 
                  17 16 21 -1 
                  17 18 13 -1 
                  21 18 17 -1 
                  38 15 18 -1 
                  34 15 38 -1 
                  35 38 39 -1 
                  19 39 22 -1 
                  35 39 19 -1 
                  34 38 35 -1 
                  50 22 23 -1 
                  49 19 22 -1 
                  50 23 24 -1 
                  49 22 50 -1 
                  48 19 49 -1 
                  47 19 48 -1 
                  46 20 19 -1 
                  46 19 47 -1 
                  45 20 46 -1 
                  44 20 45 -1 
                  43 20 44 -1 
                  41 23 20 -1 
                  42 20 43 -1 
                  41 20 42 -1 
                  40 24 23 -1 
                  40 23 41 -1 
                  51 20 23 -1 
                  37 20 51 -1 
                  36 51 52 -1 
                  16 52 21 -1 
                  36 52 16 -1 
                  37 51 36 -1 
                  51 22 39 -1 
                  52 39 38 -1 
                  21 38 18 -1 
                  52 38 21 -1 
                  51 39 52 -1 
                  23 22 51 -1 
                  50 24 25 -1 
                  63 50 25 -1 
                  62 49 50 -1 
                  61 48 49 -1 
                  60 47 48 -1 
                  53 41 54 -1 
                  57 44 45 -1 
                  41 42 54 -1 
                  40 41 53 -1 
                  25 40 53 -1 
                  25 24 40 -1 
                  56 43 44 -1 
                  55 42 43 -1 
                  59 46 47 -1 
                  58 45 46 -1 
                  55 54 42 -1 
                  56 55 43 -1 
                  57 56 44 -1 
                  58 57 45 -1 
                  59 58 46 -1 
                  60 59 47 -1 
                  61 60 48 -1 
                  62 61 49 -1 
                  63 62 50 -1 
                  54 25 53 -1 
                  55 25 54 -1 
                  56 25 55 -1 
                  57 25 56 -1 
                  58 25 57 -1 
                  59 25 58 -1 
                  60 25 59 -1 
                  61 25 60 -1 
                  62 25 61 -1 
                  63 25 62 -1 
                ]
                normalIndex [
                  2 0 1 -1 
                  3 0 2 -1 
                  6 7 4 -1 
                  6 4 5 -1 
                  10 8 9 -1 
                  15 8 10 -1 
                  14 10 11 -1 
                  13 11 12 -1 
                  14 11 13 -1 
                  15 10 14 -1 
                  17 16 18 -1 
                  19 18 16 -1 
                  22 20 23 -1 
                  22 21 20 -1 
                  30 24 25 -1 
                  29 25 26 -1 
                  28 26 27 -1 
                  29 26 28 -1 
                  30 25 29 -1 
                  31 24 30 -1 
                  33 32 34 -1 
                  35 34 32 -1 
                  38 37 36 -1 
                  39 38 36 -1 
                  42 40 43 -1 
                  42 41 40 -1 
                  50 44 45 -1 
                  49 45 46 -1 
                  48 46 47 -1 
                  49 46 48 -1 
                  50 45 49 -1 
                  51 44 50 -1 
                  54 53 52 -1 
                  55 54 52 -1 
                  57 58 56 -1 
                  59 56 58 -1 
                  62 60 61 -1 
                  67 60 62 -1 
                  66 62 63 -1 
                  65 63 64 -1 
                  66 63 65 -1 
                  67 62 66 -1 
                  69 70 68 -1 
                  71 68 70 -1 
                  74 72 75 -1 
                  74 73 72 -1 
                  82 76 77 -1 
                  81 77 78 -1 
                  80 78 79 -1 
                  81 78 80 -1 
                  82 77 81 -1 
                  83 76 82 -1 
                  86 87 84 -1 
                  86 84 85 -1 
                  90 88 89 -1 
                  91 88 90 -1 
                  94 92 93 -1 
                  99 92 94 -1 
                  98 94 95 -1 
                  97 95 96 -1 
                  98 95 97 -1 
                  99 94 98 -1 
                  105 102 103 -1 
                  106 101 102 -1 
                  105 103 104 -1 
                  106 102 105 -1 
                  107 101 106 -1 
                  108 101 107 -1 
                  109 100 101 -1 
                  109 101 108 -1 
                  110 100 109 -1 
                  111 100 110 -1 
                  112 100 111 -1 
                  114 103 100 -1 
                  113 100 112 -1 
                  114 100 113 -1 
                  115 104 103 -1 
                  115 103 114 -1 
                  118 116 117 -1 
                  123 116 118 -1 
                  122 118 119 -1 
                  121 119 120 -1 
                  122 119 121 -1 
                  123 118 122 -1 
                  130 124 125 -1 
                  129 125 126 -1 
                  128 126 127 -1 
                  129 126 128 -1 
                  130 125 129 -1 
                  131 124 130 -1 
                  134 133 132 -1 
                  157 134 132 -1 
                  156 135 134 -1 
                  155 136 135 -1 
                  154 137 136 -1 
                  147 143 148 -1 
                  151 140 139 -1 
                  143 142 148 -1 
                  144 143 147 -1 
                  146 144 147 -1 
                  146 145 144 -1 
                  150 141 140 -1 
                  149 142 141 -1 
                  153 138 137 -1 
                  152 139 138 -1 
                  149 148 142 -1 
                  150 149 141 -1 
                  151 150 140 -1 
                  152 151 139 -1 
                  153 152 138 -1 
                  154 153 137 -1 
                  155 154 136 -1 
                  156 155 135 -1 
                  157 156 134 -1 
                  160 158 159 -1 
                  161 158 160 -1 
                  162 158 161 -1 
                  163 158 162 -1 
                  164 158 163 -1 
                  165 158 164 -1 
                  166 158 165 -1 
                  167 158 166 -1 
                  168 158 167 -1 
                  169 158 168 -1 
                ]
              }
            }
          ]
        }
        DEF PinsArrayLR Group {
          children [
            DEF PinsArrayLR_1 Shape {
              appearance DEF __10 Appearance {
                material DEF __11 Material {
                  ambientIntensity 0.260947436094
                  diffuseColor 0.73400002718 0.773000001907 0.79699999094
                  shininess 0
                }
              }
              geometry DEF __12 IndexedFaceSet {
                solid FALSE
                coord Coordinate {
                  point [
                    -0.008 0.00611 0.00011,
                    -0.0076467783776 0.00611 0.00011,
                    -0.008 0.00589 0.00011,
                    -0.0076467783776 0.00589 0.00011,
                    -0.008 0.00611 0,
                    -0.0075983891888 0.00611 0,
                    -0.00756569142217 0.00611 0.000145670290863,
                    -0.00711378472205 0.00611 0.000638659418274,
                    -0.00703269776662 0.00611 0.000674329709137,
                    -0.007 0.00611 0.000674329709137,
                    -0.007 0.00611 0.000564329709137,
                    -0.00703269776662 0.00611 0.000564329709137,
                    -0.00751730223337 0.00611 3.56702908631e-05,
                    -0.00756569142217 0.00589 0.000145670290863,
                    -0.008 0.00589 0,
                    -0.0075983891888 0.00589 0,
                    -0.00751730223337 0.00589 3.56702908631e-05,
                    -0.00703269776662 0.00589 0.000564329709137,
                    -0.007 0.00589 0.000564329709137,
                    -0.007 0.00589 0.000674329709137,
                    -0.00703269776662 0.00589 0.000674329709137,
                    -0.00711378472205 0.00589 0.000638659418274,
                    -0.00760248542107 0.00611 0.00011931169878,
                    -0.00707699072315 0.00611 0.000665018010357,
                    -0.00755409623228 0.00611 9.31169878032e-06,
                    -0.00760248542107 0.00589 0.00011931169878,
                    -0.00755409623228 0.00589 9.31169878032e-06,
                    -0.00707699072315 0.00589 0.000665018010357

                  ]
                }
                normal Normal {
                  vector [
                    0 0 1,
                    0 0 1,
                    0 0 1,
                    0 0 1,
                    0 1 0,
                    0 1 0,
                    0 1 0,
                    0 1 0,
                    0 1 0,
                    0 1 0,
                    0 1 0,
                    0 1 0,
                    0 1 0,
                    0 1 0,
                    0 1 0,
                    0 1 0,
                    0 1 0,
                    0 1 0,
                    -0 -0 1,
                    -0 -0 1,
                    -0.40266323 -0 0.91534817,
                    -0.73715413 -0 0.67572463,
                    -0.73715413 -0 0.67572463,
                    -0.40266323 -0 0.91534817,
                    -1 -0 -0,
                    -1 -0 -0,
                    -1 -0 -0,
                    -1 -0 -0,
                    -8.6121087e-29 -1 9.730542e-29,
                    -8.6121087e-29 -1 9.730542e-29,
                    -8.6121087e-29 -1 9.730542e-29,
                    -8.6121087e-29 -1 9.730542e-29,
                    -8.6121087e-29 -1 9.730542e-29,
                    -8.6121087e-29 -1 9.730542e-29,
                    -8.6121087e-29 -1 9.730542e-29,
                    -8.6121087e-29 -1 9.730542e-29,
                    -8.6121087e-29 -1 9.730542e-29,
                    -8.6121087e-29 -1 9.730542e-29,
                    -8.6121087e-29 -1 9.730542e-29,
                    -8.6121087e-29 -1 9.730542e-29,
                    -8.6121087e-29 -1 9.730542e-29,
                    -8.6121087e-29 -1 9.730542e-29,
                    -0 -0 -1,
                    -0 -0 -1,
                    -0 -0 -1,
                    -0 -0 -1,
                    0 0 -1,
                    0 0 -1,
                    0.40266323 0 -0.91534817,
                    0.73715413 0 -0.67572463,
                    0.73715413 0 -0.67572463,
                    0.40266323 0 -0.91534817,
                    0.73715413 0 -0.67572463,
                    0.73715413 0 -0.67572463,
                    0.73715413 0 -0.67572463,
                    0.73715413 0 -0.67572463,
                    -0 -0 -1,
                    -0 -0 -1,
                    -0 -0 -1,
                    -0 -0 -1,
                    1 0 0,
                    1 0 0,
                    1 0 0,
                    1 0 0,
                    -0.73715413 -0 0.67572463,
                    -0.73715413 -0 0.67572463,
                    -0.73715413 -0 0.67572463,
                    -0.73715413 -0 0.67572463,
                    0 0 1,
                    0 0 1,
                    0 0 1,
                    0 0 1,
                    -0.73715413 0 0.67572463,
                    -0.40266323 0 0.91534817,
                    -8.2245322e-13 0 1,
                    -4.0945025e-13 0 1,
                    -0.40266323 0 0.91534817,
                    -0.73715413 0 0.67572463

                  ]
                }
                coordIndex [
                  2 1 0 -1 
                  3 1 2 -1 
                  1 5 4 -1 
                  1 4 0 -1 
                  22 5 1 -1 
                  24 5 22 -1 
                  12 22 6 -1 
                  11 12 6 -1 
                  11 7 23 -1 
                  11 23 8 -1 
                  10 8 9 -1 
                  11 6 7 -1 
                  11 8 10 -1 
                  24 22 12 -1 
                  22 1 3 -1 
                  25 22 3 -1 
                  13 6 22 -1 
                  25 13 22 -1 
                  14 2 4 -1 
                  0 4 2 -1 
                  25 15 26 -1 
                  18 19 17 -1 
                  13 16 17 -1 
                  20 17 19 -1 
                  27 17 20 -1 
                  21 17 27 -1 
                  25 26 16 -1 
                  13 17 21 -1 
                  3 14 15 -1 
                  25 16 13 -1 
                  3 15 25 -1 
                  2 14 3 -1 
                  14 5 15 -1 
                  14 4 5 -1 
                  24 15 5 -1 
                  26 15 24 -1 
                  16 24 12 -1 
                  26 24 16 -1 
                  12 11 17 -1 
                  12 17 16 -1 
                  11 10 17 -1 
                  18 17 10 -1 
                  18 10 19 -1 
                  9 19 10 -1 
                  6 21 7 -1 
                  6 13 21 -1 
                  9 20 19 -1 
                  8 20 9 -1 
                  8 27 20 -1 
                  23 21 27 -1 
                  23 27 8 -1 
                  7 21 23 -1 
                ]
                normalIndex [
                  2 0 1 -1 
                  3 0 2 -1 
                  7 4 5 -1 
                  7 5 6 -1 
                  8 4 7 -1 
                  17 4 8 -1 
                  16 8 9 -1 
                  15 16 9 -1 
                  15 10 11 -1 
                  15 11 12 -1 
                  14 12 13 -1 
                  15 9 10 -1 
                  15 12 14 -1 
                  17 8 16 -1 
                  20 19 18 -1 
                  23 20 18 -1 
                  22 21 20 -1 
                  23 22 20 -1 
                  25 24 26 -1 
                  27 26 24 -1 
                  39 29 30 -1 
                  33 34 32 -1 
                  38 31 32 -1 
                  35 32 34 -1 
                  36 32 35 -1 
                  37 32 36 -1 
                  39 30 31 -1 
                  38 32 37 -1 
                  40 28 29 -1 
                  39 31 38 -1 
                  40 29 39 -1 
                  41 28 40 -1 
                  44 42 45 -1 
                  44 43 42 -1 
                  48 46 47 -1 
                  51 46 48 -1 
                  50 48 49 -1 
                  51 48 50 -1 
                  54 55 52 -1 
                  54 52 53 -1 
                  57 56 58 -1 
                  59 58 56 -1 
                  61 62 60 -1 
                  63 60 62 -1 
                  66 64 67 -1 
                  66 65 64 -1 
                  70 68 69 -1 
                  71 68 70 -1 
                  75 73 74 -1 
                  76 72 73 -1 
                  76 73 75 -1 
                  77 72 76 -1 
                ]
              }
            }
            DEF PinsArrayLR_2 Shape {
              appearance DEF __14 Appearance {
                material DEF __15 Material {
                  ambientIntensity 0.260947436094
                  diffuseColor 0.73400002718 0.773000001907 0.79699999094
                  shininess 0
                }
              }
              geometry DEF __16 IndexedFaceSet {
                solid FALSE
                coord Coordinate {
                  point [
                    0.0076467783776 0.00611 0.00011,
                    0.008 0.00611 0.00011,
                    0.0076467783776 0.00589 0.00011,
                    0.008 0.00589 0.00011,
                    0.0075983891888 0.00611 0,
                    0.008 0.00611 0,
                    0.00751730223337 0.00611 3.56702908631e-05,
                    0.00703269776662 0.00611 0.000564329709137,
                    0.007 0.00611 0.000564329709137,
                    0.007 0.00611 0.000674329709137,
                    0.00703269776662 0.00611 0.000674329709137,
                    0.00711378472205 0.00611 0.000638659418274,
                    0.00756569142217 0.00611 0.000145670290863,
                    0.00756569142217 0.00589 0.000145670290863,
                    0.008 0.00589 0,
                    0.0075983891888 0.00589 0,
                    0.00711378472205 0.00589 0.000638659418274,
                    0.00703269776662 0.00589 0.000674329709137,
                    0.007 0.00589 0.000674329709137,
                    0.007 0.00589 0.000564329709137,
                    0.00703269776662 0.00589 0.000564329709137,
                    0.00751730223337 0.00589 3.56702908631e-05,
                    0.00755409623228 0.00611 9.31169878033e-06,
                    0.00707699072315 0.00611 0.000665018010357,
                    0.00760248542107 0.00611 0.00011931169878,
                    0.00760248542107 0.00589 0.00011931169878,
                    0.00707699072315 0.00589 0.000665018010357,
                    0.00755409623228 0.00589 9.31169878032e-06

                  ]
                }
                normal Normal {
                  vector [
                    0 0 1,
                    0 0 1,
                    0 0 1,
                    0 0 1,
                    8.6526525e-30 1 8.6637658e-30,
                    8.6526525e-30 1 8.6637658e-30,
                    8.6526525e-30 1 8.6637658e-30,
                    8.6526525e-30 1 8.6637658e-30,
                    8.6526525e-30 1 8.6637658e-30,
                    8.6526525e-30 1 8.6637658e-30,
                    8.6526525e-30 1 8.6637658e-30,
                    8.6526525e-30 1 8.6637658e-30,
                    8.6526525e-30 1 8.6637658e-30,
                    8.6526525e-30 1 8.6637658e-30,
                    8.6526525e-30 1 8.6637658e-30,
                    8.6526525e-30 1 8.6637658e-30,
                    8.6526525e-30 1 8.6637658e-30,
                    8.6526525e-30 1 8.6637658e-30,
                    -0 -0 1,
                    0.40266323 -0 0.91534817,
                    0.73715413 -0 0.67572463,
                    0.73715413 -0 0.67572463,
                    0.40266323 -0 0.91534817,
                    -0 -0 1,
                    1 0 0,
                    1 0 0,
                    1 0 0,
                    1 0 0,
                    2.550407e-28 -1 2.795957e-28,
                    2.550407e-28 -1 2.795957e-28,
                    2.550407e-28 -1 2.795957e-28,
                    2.550407e-28 -1 2.795957e-28,
                    2.550407e-28 -1 2.795957e-28,
                    2.550407e-28 -1 2.795957e-28,
                    2.550407e-28 -1 2.795957e-28,
                    2.550407e-28 -1 2.795957e-28,
                    2.550407e-28 -1 2.795957e-28,
                    2.550407e-28 -1 2.795957e-28,
                    2.550407e-28 -1 2.795957e-28,
                    2.550407e-28 -1 2.795957e-28,
                    2.550407e-28 -1 2.795957e-28,
                    2.550407e-28 -1 2.795957e-28,
                    -0 -0 -1,
                    -0 -0 -1,
                    -0 -0 -1,
                    -0 -0 -1,
                    2.0694557e-13 0 -1,
                    -0.40266323 0 -0.91534817,
                    -0.73715413 0 -0.67572463,
                    -0.73715413 0 -0.67572463,
                    -0.40266323 0 -0.91534817,
                    0 0 -1,
                    -0.73715413 -0 -0.67572463,
                    -0.73715413 -0 -0.67572463,
                    -0.73715413 -0 -0.67572463,
                    -0.73715413 -0 -0.67572463,
                    -0 -0 -1,
                    -0 -0 -1,
                    -0 -0 -1,
                    -0 -0 -1,
                    -1 -0 -0,
                    -1 -0 -0,
                    -1 -0 -0,
                    -1 -0 -0,
                    0.73715413 0 0.67572463,
                    0.73715413 0 0.67572463,
                    0.73715413 0 0.67572463,
                    0.73715413 0 0.67572463,
                    0 0 1,
                    0 0 1,
                    0 0 1,
                    0 0 1,
                    0.73715413 0 0.67572463,
                    0.73715413 0 0.67572463,
                    0.40266323 0 0.91534817,
                    1.5454305e-12 0 1,
                    4.0856207e-13 0 1,
                    0.40266323 0 0.91534817

                  ]
                }
                coordIndex [
                  0 2 1 -1 
                  3 1 2 -1 
                  24 4 22 -1 
                  12 6 7 -1 
                  9 7 8 -1 
                  10 7 9 -1 
                  23 7 10 -1 
                  11 7 23 -1 
                  24 22 6 -1 
                  12 7 11 -1 
                  0 5 4 -1 
                  24 6 12 -1 
                  0 1 5 -1 
                  0 4 24 -1 
                  12 13 25 -1 
                  24 25 2 -1 
                  24 12 25 -1 
                  0 24 2 -1 
                  14 5 3 -1 
                  1 3 5 -1 
                  2 15 14 -1 
                  2 14 3 -1 
                  25 15 2 -1 
                  27 15 25 -1 
                  21 25 13 -1 
                  20 21 13 -1 
                  20 16 26 -1 
                  20 26 17 -1 
                  19 17 18 -1 
                  20 13 16 -1 
                  20 17 19 -1 
                  27 25 21 -1 
                  5 14 15 -1 
                  4 5 15 -1 
                  6 27 21 -1 
                  22 15 27 -1 
                  22 27 6 -1 
                  4 15 22 -1 
                  6 20 7 -1 
                  6 21 20 -1 
                  8 7 19 -1 
                  20 19 7 -1 
                  9 19 18 -1 
                  9 8 19 -1 
                  12 11 16 -1 
                  12 16 13 -1 
                  9 18 10 -1 
                  17 10 18 -1 
                  23 16 11 -1 
                  26 16 23 -1 
                  17 23 10 -1 
                  26 23 17 -1 
                ]
                normalIndex [
                  1 2 0 -1 
                  3 0 2 -1 
                  15 5 6 -1 
                  14 7 8 -1 
                  10 8 9 -1 
                  11 8 10 -1 
                  12 8 11 -1 
                  13 8 12 -1 
                  15 6 7 -1 
                  14 8 13 -1 
                  16 4 5 -1 
                  15 7 14 -1 
                  16 17 4 -1 
                  16 5 15 -1 
                  21 20 19 -1 
                  22 19 18 -1 
                  22 21 19 -1 
                  23 22 18 -1 
                  25 26 24 -1 
                  27 24 26 -1 
                  31 28 29 -1 
                  31 29 30 -1 
                  32 28 31 -1 
                  41 28 32 -1 
                  40 32 33 -1 
                  39 40 33 -1 
                  39 34 35 -1 
                  39 35 36 -1 
                  38 36 37 -1 
                  39 33 34 -1 
                  39 36 38 -1 
                  41 32 40 -1 
                  44 43 42 -1 
                  45 44 42 -1 
                  49 47 48 -1 
                  50 46 47 -1 
                  50 47 49 -1 
                  51 46 50 -1 
                  54 52 55 -1 
                  54 53 52 -1 
                  57 56 58 -1 
                  59 58 56 -1 
                  62 60 63 -1 
                  62 61 60 -1 
                  66 67 64 -1 
                  66 64 65 -1 
                  69 70 68 -1 
                  71 68 70 -1 
                  74 72 73 -1 
                  77 72 74 -1 
                  76 74 75 -1 
                  77 74 76 -1 
                ]
              }
            }
            DEF PinsArrayLR_3 Shape {
              appearance DEF __18 Appearance {
                material DEF __19 Material {
                  ambientIntensity 0.260947436094
                  diffuseColor 0.73400002718 0.773000001907 0.79699999094
                  shininess 0
                }
              }
              geometry DEF __20 IndexedFaceSet {
                solid FALSE
                coord Coordinate {
                  point [
                    -0.008 0.00561 0.00011,
                    -0.0076467783776 0.00561 0.00011,
                    -0.008 0.00539 0.00011,
                    -0.0076467783776 0.00539 0.00011,
                    -0.008 0.00561 0,
                    -0.0075983891888 0.00561 0,
                    -0.00756569142217 0.00561 0.000145670290863,
                    -0.00711378472205 0.00561 0.000638659418274,
                    -0.00703269776662 0.00561 0.000674329709137,
                    -0.007 0.00561 0.000674329709137,
                    -0.007 0.00561 0.000564329709137,
                    -0.00703269776662 0.00561 0.000564329709137,
                    -0.00751730223337 0.00561 3.56702908631e-05,
                    -0.00756569142217 0.00539 0.000145670290863,
                    -0.008 0.00539 0,
                    -0.0075983891888 0.00539 0,
                    -0.00751730223337 0.00539 3.56702908631e-05,
                    -0.00703269776662 0.00539 0.000564329709137,
                    -0.007 0.00539 0.000564329709137,
                    -0.007 0.00539 0.000674329709137,
                    -0.00703269776662 0.00539 0.000674329709137,
                    -0.00711378472205 0.00539 0.000638659418274,
                    -0.00760248542107 0.00561 0.00011931169878,
                    -0.00707699072315 0.00561 0.000665018010357,
                    -0.00755409623228 0.00561 9.31169878032e-06,
                    -0.00760248542107 0.00539 0.00011931169878,
                    -0.00755409623228 0.00539 9.31169878032e-06,
                    -0.00707699072315 0.00539 0.000665018010357

                  ]
                }
                normal Normal {
                  vector [
                    0 0 1,
                    0 0 1,
                    0 0 1,
                    0 0 1,
                    0 1 0,
                    0 1 0,
                    0 1 0,
                    0 1 0,
                    0 1 0,
                    0 1 0,
                    0 1 0,
                    0 1 0,
                    0 1 0,
                    0 1 0,
                    0 1 0,
                    0 1 0,
                    0 1 0,
                    0 1 0,
                    -0 -0 1,
                    -0 -0 1,
                    -0.40266323 -0 0.91534817,
                    -0.73715413 -0 0.67572463,
                    -0.73715413 -0 0.67572463,
                    -0.40266323 -0 0.91534817,
                    -1 -0 -0,
                    -1 -0 -0,
                    -1 -0 -0,
                    -1 -0 -0,
                    -8.6121087e-29 -1 9.730542e-29,
                    -8.6121087e-29 -1 9.730542e-29,
                    -8.6121087e-29 -1 9.730542e-29,
                    -8.6121087e-29 -1 9.730542e-29,
                    -8.6121087e-29 -1 9.730542e-29,
                    -8.6121087e-29 -1 9.730542e-29,
                    -8.6121087e-29 -1 9.730542e-29,
                    -8.6121087e-29 -1 9.730542e-29,
                    -8.6121087e-29 -1 9.730542e-29,
                    -8.6121087e-29 -1 9.730542e-29,
                    -8.6121087e-29 -1 9.730542e-29,
                    -8.6121087e-29 -1 9.730542e-29,
                    -8.6121087e-29 -1 9.730542e-29,
                    -8.6121087e-29 -1 9.730542e-29,
                    -0 -0 -1,
                    -0 -0 -1,
                    -0 -0 -1,
                    -0 -0 -1,
                    0 0 -1,
                    0 0 -1,
                    0.40266323 0 -0.91534817,
                    0.73715413 0 -0.67572463,
                    0.73715413 0 -0.67572463,
                    0.40266323 0 -0.91534817,
                    0.73715413 0 -0.67572463,
                    0.73715413 0 -0.67572463,
                    0.73715413 0 -0.67572463,
                    0.73715413 0 -0.67572463,
                    -0 -0 -1,
                    -0 -0 -1,
                    -0 -0 -1,
                    -0 -0 -1,
                    1 0 0,
                    1 0 0,
                    1 0 0,
                    1 0 0,
                    -0.73715413 -0 0.67572463,
                    -0.73715413 -0 0.67572463,
                    -0.73715413 -0 0.67572463,
                    -0.73715413 -0 0.67572463,
                    0 0 1,
                    0 0 1,
                    0 0 1,
                    0 0 1,
                    -0.73715413 0 0.67572463,
                    -0.40266323 0 0.91534817,
                    -8.2245322e-13 0 1,
                    -4.0945025e-13 0 1,
                    -0.40266323 0 0.91534817,
                    -0.73715413 0 0.67572463

                  ]
                }
                coordIndex [
                  2 1 0 -1 
                  3 1 2 -1 
                  1 5 4 -1 
                  1 4 0 -1 
                  22 5 1 -1 
                  24 5 22 -1 
                  12 22 6 -1 
                  11 12 6 -1 
                  11 7 23 -1 
                  11 23 8 -1 
                  10 8 9 -1 
                  11 6 7 -1 
                  11 8 10 -1 
                  24 22 12 -1 
                  22 1 3 -1 
                  25 22 3 -1 
                  13 6 22 -1 
                  25 13 22 -1 
                  14 2 4 -1 
                  0 4 2 -1 
                  25 15 26 -1 
                  18 19 17 -1 
                  13 16 17 -1 
                  20 17 19 -1 
                  27 17 20 -1 
                  21 17 27 -1 
                  25 26 16 -1 
                  13 17 21 -1 
                  3 14 15 -1 
                  25 16 13 -1 
                  3 15 25 -1 
                  2 14 3 -1 
                  14 5 15 -1 
                  14 4 5 -1 
                  24 15 5 -1 
                  26 15 24 -1 
                  16 24 12 -1 
                  26 24 16 -1 
                  12 11 17 -1 
                  12 17 16 -1 
                  11 10 17 -1 
                  18 17 10 -1 
                  18 10 19 -1 
                  9 19 10 -1 
                  6 21 7 -1 
                  6 13 21 -1 
                  9 20 19 -1 
                  8 20 9 -1 
                  8 27 20 -1 
                  23 21 27 -1 
                  23 27 8 -1 
                  7 21 23 -1 
                ]
                normalIndex [
                  2 0 1 -1 
                  3 0 2 -1 
                  7 4 5 -1 
                  7 5 6 -1 
                  8 4 7 -1 
                  17 4 8 -1 
                  16 8 9 -1 
                  15 16 9 -1 
                  15 10 11 -1 
                  15 11 12 -1 
                  14 12 13 -1 
                  15 9 10 -1 
                  15 12 14 -1 
                  17 8 16 -1 
                  20 19 18 -1 
                  23 20 18 -1 
                  22 21 20 -1 
                  23 22 20 -1 
                  25 24 26 -1 
                  27 26 24 -1 
                  39 29 30 -1 
                  33 34 32 -1 
                  38 31 32 -1 
                  35 32 34 -1 
                  36 32 35 -1 
                  37 32 36 -1 
                  39 30 31 -1 
                  38 32 37 -1 
                  40 28 29 -1 
                  39 31 38 -1 
                  40 29 39 -1 
                  41 28 40 -1 
                  44 42 45 -1 
                  44 43 42 -1 
                  48 46 47 -1 
                  51 46 48 -1 
                  50 48 49 -1 
                  51 48 50 -1 
                  54 55 52 -1 
                  54 52 53 -1 
                  57 56 58 -1 
                  59 58 56 -1 
                  61 62 60 -1 
                  63 60 62 -1 
                  66 64 67 -1 
                  66 65 64 -1 
                  70 68 69 -1 
                  71 68 70 -1 
                  75 73 74 -1 
                  76 72 73 -1 
                  76 73 75 -1 
                  77 72 76 -1 
                ]
              }
            }
            DEF PinsArrayLR_4 Shape {
              appearance DEF __22 Appearance {
                material DEF __23 Material {
                  ambientIntensity 0.260947436094
                  diffuseColor 0.73400002718 0.773000001907 0.79699999094
                  shininess 0
                }
              }
              geometry DEF __24 IndexedFaceSet {
                solid FALSE
                coord Coordinate {
                  point [
                    0.0076467783776 0.00561 0.00011,
                    0.008 0.00561 0.00011,
                    0.0076467783776 0.00539 0.00011,
                    0.008 0.00539 0.00011,
                    0.0075983891888 0.00561 0,
                    0.008 0.00561 0,
                    0.00751730223337 0.00561 3.56702908631e-05,
                    0.00703269776662 0.00561 0.000564329709137,
                    0.007 0.00561 0.000564329709137,
                    0.007 0.00561 0.000674329709137,
                    0.00703269776662 0.00561 0.000674329709137,
                    0.00711378472205 0.00561 0.000638659418274,
                    0.00756569142217 0.00561 0.000145670290863,
                    0.00756569142217 0.00539 0.000145670290863,
                    0.008 0.00539 0,
                    0.0075983891888 0.00539 0,
                    0.00711378472205 0.00539 0.000638659418274,
                    0.00703269776662 0.00539 0.000674329709137,
                    0.007 0.00539 0.000674329709137,
                    0.007 0.00539 0.000564329709137,
                    0.00703269776662 0.00539 0.000564329709137,
                    0.00751730223337 0.00539 3.56702908631e-05,
                    0.00755409623228 0.00561 9.31169878033e-06,
                    0.00707699072315 0.00561 0.000665018010357,
                    0.00760248542107 0.00561 0.00011931169878,
                    0.00760248542107 0.00539 0.00011931169878,
                    0.00707699072315 0.00539 0.000665018010357,
                    0.00755409623228 0.00539 9.31169878032e-06

                  ]
                }
                normal Normal {
                  vector [
                    0 0 1,
                    0 0 1,
                    0 0 1,
                    0 0 1,
                    8.6526525e-30 1 8.6637658e-30,
                    8.6526525e-30 1 8.6637658e-30,
                    8.6526525e-30 1 8.6637658e-30,
                    8.6526525e-30 1 8.6637658e-30,
                    8.6526525e-30 1 8.6637658e-30,
                    8.6526525e-30 1 8.6637658e-30,
                    8.6526525e-30 1 8.6637658e-30,
                    8.6526525e-30 1 8.6637658e-30,
                    8.6526525e-30 1 8.6637658e-30,
                    8.6526525e-30 1 8.6637658e-30,
                    8.6526525e-30 1 8.6637658e-30,
                    8.6526525e-30 1 8.6637658e-30,
                    8.6526525e-30 1 8.6637658e-30,
                    8.6526525e-30 1 8.6637658e-30,
                    -0 -0 1,
                    0.40266323 -0 0.91534817,
                    0.73715413 -0 0.67572463,
                    0.73715413 -0 0.67572463,
                    0.40266323 -0 0.91534817,
                    -0 -0 1,
                    1 0 0,
                    1 0 0,
                    1 0 0,
                    1 0 0,
                    2.550407e-28 -1 2.795957e-28,
                    2.550407e-28 -1 2.795957e-28,
                    2.550407e-28 -1 2.795957e-28,
                    2.550407e-28 -1 2.795957e-28,
                    2.550407e-28 -1 2.795957e-28,
                    2.550407e-28 -1 2.795957e-28,
                    2.550407e-28 -1 2.795957e-28,
                    2.550407e-28 -1 2.795957e-28,
                    2.550407e-28 -1 2.795957e-28,
                    2.550407e-28 -1 2.795957e-28,
                    2.550407e-28 -1 2.795957e-28,
                    2.550407e-28 -1 2.795957e-28,
                    2.550407e-28 -1 2.795957e-28,
                    2.550407e-28 -1 2.795957e-28,
                    -0 -0 -1,
                    -0 -0 -1,
                    -0 -0 -1,
                    -0 -0 -1,
                    2.0694557e-13 0 -1,
                    -0.40266323 0 -0.91534817,
                    -0.73715413 0 -0.67572463,
                    -0.73715413 0 -0.67572463,
                    -0.40266323 0 -0.91534817,
                    0 0 -1,
                    -0.73715413 -0 -0.67572463,
                    -0.73715413 -0 -0.67572463,
                    -0.73715413 -0 -0.67572463,
                    -0.73715413 -0 -0.67572463,
                    -0 -0 -1,
                    -0 -0 -1,
                    -0 -0 -1,
                    -0 -0 -1,
                    -1 -0 -0,
                    -1 -0 -0,
                    -1 -0 -0,
                    -1 -0 -0,
                    0.73715413 0 0.67572463,
                    0.73715413 0 0.67572463,
                    0.73715413 0 0.67572463,
                    0.73715413 0 0.67572463,
                    0 0 1,
                    0 0 1,
                    0 0 1,
                    0 0 1,
                    0.73715413 0 0.67572463,
                    0.73715413 0 0.67572463,
                    0.40266323 0 0.91534817,
                    1.5454305e-12 0 1,
                    4.0856207e-13 0 1,
                    0.40266323 0 0.91534817

                  ]
                }
                coordIndex [
                  0 2 1 -1 
                  3 1 2 -1 
                  24 4 22 -1 
                  12 6 7 -1 
                  9 7 8 -1 
                  10 7 9 -1 
                  23 7 10 -1 
                  11 7 23 -1 
                  24 22 6 -1 
                  12 7 11 -1 
                  0 5 4 -1 
                  24 6 12 -1 
                  0 1 5 -1 
                  0 4 24 -1 
                  12 13 25 -1 
                  24 25 2 -1 
                  24 12 25 -1 
                  0 24 2 -1 
                  14 5 3 -1 
                  1 3 5 -1 
                  2 15 14 -1 
                  2 14 3 -1 
                  25 15 2 -1 
                  27 15 25 -1 
                  21 25 13 -1 
                  20 21 13 -1 
                  20 16 26 -1 
                  20 26 17 -1 
                  19 17 18 -1 
                  20 13 16 -1 
                  20 17 19 -1 
                  27 25 21 -1 
                  5 14 15 -1 
                  4 5 15 -1 
                  6 27 21 -1 
                  22 15 27 -1 
                  22 27 6 -1 
                  4 15 22 -1 
                  6 20 7 -1 
                  6 21 20 -1 
                  8 7 19 -1 
                  20 19 7 -1 
                  9 19 18 -1 
                  9 8 19 -1 
                  12 11 16 -1 
                  12 16 13 -1 
                  9 18 10 -1 
                  17 10 18 -1 
                  23 16 11 -1 
                  26 16 23 -1 
                  17 23 10 -1 
                  26 23 17 -1 
                ]
                normalIndex [
                  1 2 0 -1 
                  3 0 2 -1 
                  15 5 6 -1 
                  14 7 8 -1 
                  10 8 9 -1 
                  11 8 10 -1 
                  12 8 11 -1 
                  13 8 12 -1 
                  15 6 7 -1 
                  14 8 13 -1 
                  16 4 5 -1 
                  15 7 14 -1 
                  16 17 4 -1 
                  16 5 15 -1 
                  21 20 19 -1 
                  22 19 18 -1 
                  22 21 19 -1 
                  23 22 18 -1 
                  25 26 24 -1 
                  27 24 26 -1 
                  31 28 29 -1 
                  31 29 30 -1 
                  32 28 31 -1 
                  41 28 32 -1 
                  40 32 33 -1 
                  39 40 33 -1 
                  39 34 35 -1 
                  39 35 36 -1 
                  38 36 37 -1 
                  39 33 34 -1 
                  39 36 38 -1 
                  41 32 40 -1 
                  44 43 42 -1 
                  45 44 42 -1 
                  49 47 48 -1 
                  50 46 47 -1 
                  50 47 49 -1 
                  51 46 50 -1 
                  54 52 55 -1 
                  54 53 52 -1 
                  57 56 58 -1 
                  59 58 56 -1 
                  62 60 63 -1 
                  62 61 60 -1 
                  66 67 64 -1 
                  66 64 65 -1 
                  69 70 68 -1 
                  71 68 70 -1 
                  74 72 73 -1 
                  77 72 74 -1 
                  76 74 75 -1 
                  77 74 76 -1 
                ]
              }
            }
            DEF PinsArrayLR_5 Shape {
              appearance DEF __26 Appearance {
                material DEF __27 Material {
                  ambientIntensity 0.260947436094
                  diffuseColor 0.73400002718 0.773000001907 0.79699999094
                  shininess 0
                }
              }
              geometry DEF __28 IndexedFaceSet {
                solid FALSE
                coord Coordinate {
                  point [
                    -0.008 0.00511 0.00011,
                    -0.0076467783776 0.00511 0.00011,
                    -0.008 0.00489 0.00011,
                    -0.0076467783776 0.00489 0.00011,
                    -0.008 0.00511 0,
                    -0.0075983891888 0.00511 0,
                    -0.00756569142217 0.00511 0.000145670290863,
                    -0.00711378472205 0.00511 0.000638659418274,
                    -0.00703269776662 0.00511 0.000674329709137,
                    -0.007 0.00511 0.000674329709137,
                    -0.007 0.00511 0.000564329709137,
                    -0.00703269776662 0.00511 0.000564329709137,
                    -0.00751730223337 0.00511 3.56702908631e-05,
                    -0.00756569142217 0.00489 0.000145670290863,
                    -0.008 0.00489 0,
                    -0.0075983891888 0.00489 0,
                    -0.00751730223337 0.00489 3.56702908631e-05,
                    -0.00703269776662 0.00489 0.000564329709137,
                    -0.007 0.00489 0.000564329709137,
                    -0.007 0.00489 0.000674329709137,
                    -0.00703269776662 0.00489 0.000674329709137,
                    -0.00711378472205 0.00489 0.000638659418274,
                    -0.00760248542107 0.00511 0.00011931169878,
                    -0.00707699072315 0.00511 0.000665018010357,
                    -0.00755409623228 0.00511 9.31169878032e-06,
                    -0.00760248542107 0.00489 0.00011931169878,
                    -0.00755409623228 0.00489 9.31169878032e-06,
                    -0.00707699072315 0.00489 0.000665018010357

                  ]
                }
                normal Normal {
                  vector [
                    0 0 1,
                    0 0 1,
                    0 0 1,
                    0 0 1,
                    0 1 0,
                    0 1 0,
                    0 1 0,
                    0 1 0,
                    0 1 0,
                    0 1 0,
                    0 1 0,
                    0 1 0,
                    0 1 0,
                    0 1 0,
                    0 1 0,
                    0 1 0,
                    0 1 0,
                    0 1 0,
                    -0 -0 1,
                    -0 -0 1,
                    -0.40266323 -0 0.91534817,
                    -0.73715413 -0 0.67572463,
                    -0.73715413 -0 0.67572463,
                    -0.40266323 -0 0.91534817,
                    -1 -0 -0,
                    -1 -0 -0,
                    -1 -0 -0,
                    -1 -0 -0,
                    -8.6121087e-29 -1 9.730542e-29,
                    -8.6121087e-29 -1 9.730542e-29,
                    -8.6121087e-29 -1 9.730542e-29,
                    -8.6121087e-29 -1 9.730542e-29,
                    -8.6121087e-29 -1 9.730542e-29,
                    -8.6121087e-29 -1 9.730542e-29,
                    -8.6121087e-29 -1 9.730542e-29,
                    -8.6121087e-29 -1 9.730542e-29,
                    -8.6121087e-29 -1 9.730542e-29,
                    -8.6121087e-29 -1 9.730542e-29,
                    -8.6121087e-29 -1 9.730542e-29,
                    -8.6121087e-29 -1 9.730542e-29,
                    -8.6121087e-29 -1 9.730542e-29,
                    -8.6121087e-29 -1 9.730542e-29,
                    -0 -0 -1,
                    -0 -0 -1,
                    -0 -0 -1,
                    -0 -0 -1,
                    0 0 -1,
                    0 0 -1,
                    0.40266323 0 -0.91534817,
                    0.73715413 0 -0.67572463,
                    0.73715413 0 -0.67572463,
                    0.40266323 0 -0.91534817,
                    0.73715413 0 -0.67572463,
                    0.73715413 0 -0.67572463,
                    0.73715413 0 -0.67572463,
                    0.73715413 0 -0.67572463,
                    -0 -0 -1,
                    -0 -0 -1,
                    -0 -0 -1,
                    -0 -0 -1,
                    1 0 0,
                    1 0 0,
                    1 0 0,
                    1 0 0,
                    -0.73715413 -0 0.67572463,
                    -0.73715413 -0 0.67572463,
                    -0.73715413 -0 0.67572463,
                    -0.73715413 -0 0.67572463,
                    0 0 1,
                    0 0 1,
                    0 0 1,
                    0 0 1,
                    -0.73715413 0 0.67572463,
                    -0.40266323 0 0.91534817,
                    -8.2245322e-13 0 1,
                    -4.0945025e-13 0 1,
                    -0.40266323 0 0.91534817,
                    -0.73715413 0 0.67572463

                  ]
                }
                coordIndex [
                  2 1 0 -1 
                  3 1 2 -1 
                  1 5 4 -1 
                  1 4 0 -1 
                  22 5 1 -1 
                  24 5 22 -1 
                  12 22 6 -1 
                  11 12 6 -1 
                  11 7 23 -1 
                  11 23 8 -1 
                  10 8 9 -1 
                  11 6 7 -1 
                  11 8 10 -1 
                  24 22 12 -1 
                  22 1 3 -1 
                  25 22 3 -1 
                  13 6 22 -1 
                  25 13 22 -1 
                  14 2 4 -1 
                  0 4 2 -1 
                  25 15 26 -1 
                  18 19 17 -1 
                  13 16 17 -1 
                  20 17 19 -1 
                  27 17 20 -1 
                  21 17 27 -1 
                  25 26 16 -1 
                  13 17 21 -1 
                  3 14 15 -1 
                  25 16 13 -1 
                  3 15 25 -1 
                  2 14 3 -1 
                  14 5 15 -1 
                  14 4 5 -1 
                  24 15 5 -1 
                  26 15 24 -1 
                  16 24 12 -1 
                  26 24 16 -1 
                  12 11 17 -1 
                  12 17 16 -1 
                  11 10 17 -1 
                  18 17 10 -1 
                  18 10 19 -1 
                  9 19 10 -1 
                  6 21 7 -1 
                  6 13 21 -1 
                  9 20 19 -1 
                  8 20 9 -1 
                  8 27 20 -1 
                  23 21 27 -1 
                  23 27 8 -1 
                  7 21 23 -1 
                ]
                normalIndex [
                  2 0 1 -1 
                  3 0 2 -1 
                  7 4 5 -1 
                  7 5 6 -1 
                  8 4 7 -1 
                  17 4 8 -1 
                  16 8 9 -1 
                  15 16 9 -1 
                  15 10 11 -1 
                  15 11 12 -1 
                  14 12 13 -1 
                  15 9 10 -1 
                  15 12 14 -1 
                  17 8 16 -1 
                  20 19 18 -1 
                  23 20 18 -1 
                  22 21 20 -1 
                  23 22 20 -1 
                  25 24 26 -1 
                  27 26 24 -1 
                  39 29 30 -1 
                  33 34 32 -1 
                  38 31 32 -1 
                  35 32 34 -1 
                  36 32 35 -1 
                  37 32 36 -1 
                  39 30 31 -1 
                  38 32 37 -1 
                  40 28 29 -1 
                  39 31 38 -1 
                  40 29 39 -1 
                  41 28 40 -1 
                  44 42 45 -1 
                  44 43 42 -1 
                  48 46 47 -1 
                  51 46 48 -1 
                  50 48 49 -1 
                  51 48 50 -1 
                  54 55 52 -1 
                  54 52 53 -1 
                  57 56 58 -1 
                  59 58 56 -1 
                  61 62 60 -1 
                  63 60 62 -1 
                  66 64 67 -1 
                  66 65 64 -1 
                  70 68 69 -1 
                  71 68 70 -1 
                  75 73 74 -1 
                  76 72 73 -1 
                  76 73 75 -1 
                  77 72 76 -1 
                ]
              }
            }
            DEF PinsArrayLR_6 Shape {
              appearance DEF __30 Appearance {
                material DEF __31 Material {
                  ambientIntensity 0.260947436094
                  diffuseColor 0.73400002718 0.773000001907 0.79699999094
                  shininess 0
                }
              }
              geometry DEF __32 IndexedFaceSet {
                solid FALSE
                coord Coordinate {
                  point [
                    0.0076467783776 0.00511 0.00011,
                    0.008 0.00511 0.00011,
                    0.0076467783776 0.00489 0.00011,
                    0.008 0.00489 0.00011,
                    0.0075983891888 0.00511 0,
                    0.008 0.00511 0,
                    0.00751730223337 0.00511 3.56702908631e-05,
                    0.00703269776662 0.00511 0.000564329709137,
                    0.007 0.00511 0.000564329709137,
                    0.007 0.00511 0.000674329709137,
                    0.00703269776662 0.00511 0.000674329709137,
                    0.00711378472205 0.00511 0.000638659418274,
                    0.00756569142217 0.00511 0.000145670290863,
                    0.00756569142217 0.00489 0.000145670290863,
                    0.008 0.00489 0,
                    0.0075983891888 0.00489 0,
                    0.00711378472205 0.00489 0.000638659418274,
                    0.00703269776662 0.00489 0.000674329709137,
                    0.007 0.00489 0.000674329709137,
                    0.007 0.00489 0.000564329709137,
                    0.00703269776662 0.00489 0.000564329709137,
                    0.00751730223337 0.00489 3.56702908631e-05,
                    0.00755409623228 0.00511 9.31169878033e-06,
                    0.00707699072315 0.00511 0.000665018010357,
                    0.00760248542107 0.00511 0.00011931169878,
                    0.00760248542107 0.00489 0.00011931169878,
                    0.00707699072315 0.00489 0.000665018010357,
                    0.00755409623228 0.00489 9.31169878032e-06

                  ]
                }
                normal Normal {
                  vector [
                    0 0 1,
                    0 0 1,
                    0 0 1,
                    0 0 1,
                    8.6526525e-30 1 8.6637658e-30,
                    8.6526525e-30 1 8.6637658e-30,
                    8.6526525e-30 1 8.6637658e-30,
                    8.6526525e-30 1 8.6637658e-30,
                    8.6526525e-30 1 8.6637658e-30,
                    8.6526525e-30 1 8.6637658e-30,
                    8.6526525e-30 1 8.6637658e-30,
                    8.6526525e-30 1 8.6637658e-30,
                    8.6526525e-30 1 8.6637658e-30,
                    8.6526525e-30 1 8.6637658e-30,
                    8.6526525e-30 1 8.6637658e-30,
                    8.6526525e-30 1 8.6637658e-30,
                    8.6526525e-30 1 8.6637658e-30,
                    8.6526525e-30 1 8.6637658e-30,
                    -0 -0 1,
                    0.40266323 -0 0.91534817,
                    0.73715413 -0 0.67572463,
                    0.73715413 -0 0.67572463,
                    0.40266323 -0 0.91534817,
                    -0 -0 1,
                    1 0 0,
                    1 0 0,
                    1 0 0,
                    1 0 0,
                    2.550407e-28 -1 2.795957e-28,
                    2.550407e-28 -1 2.795957e-28,
                    2.550407e-28 -1 2.795957e-28,
                    2.550407e-28 -1 2.795957e-28,
                    2.550407e-28 -1 2.795957e-28,
                    2.550407e-28 -1 2.795957e-28,
                    2.550407e-28 -1 2.795957e-28,
                    2.550407e-28 -1 2.795957e-28,
                    2.550407e-28 -1 2.795957e-28,
                    2.550407e-28 -1 2.795957e-28,
                    2.550407e-28 -1 2.795957e-28,
                    2.550407e-28 -1 2.795957e-28,
                    2.550407e-28 -1 2.795957e-28,
                    2.550407e-28 -1 2.795957e-28,
                    -0 -0 -1,
                    -0 -0 -1,
                    -0 -0 -1,
                    -0 -0 -1,
                    2.0694557e-13 0 -1,
                    -0.40266323 0 -0.91534817,
                    -0.73715413 0 -0.67572463,
                    -0.73715413 0 -0.67572463,
                    -0.40266323 0 -0.91534817,
                    0 0 -1,
                    -0.73715413 -0 -0.67572463,
                    -0.73715413 -0 -0.67572463,
                    -0.73715413 -0 -0.67572463,
                    -0.73715413 -0 -0.67572463,
                    -0 -0 -1,
                    -0 -0 -1,
                    -0 -0 -1,
                    -0 -0 -1,
                    -1 -0 -0,
                    -1 -0 -0,
                    -1 -0 -0,
                    -1 -0 -0,
                    0.73715413 0 0.67572463,
                    0.73715413 0 0.67572463,
                    0.73715413 0 0.67572463,
                    0.73715413 0 0.67572463,
                    0 0 1,
                    0 0 1,
                    0 0 1,
                    0 0 1,
                    0.73715413 0 0.67572463,
                    0.73715413 0 0.67572463,
                    0.40266323 0 0.91534817,
                    1.5454305e-12 0 1,
                    4.0856207e-13 0 1,
                    0.40266323 0 0.91534817

                  ]
                }
                coordIndex [
                  0 2 1 -1 
                  3 1 2 -1 
                  24 4 22 -1 
                  12 6 7 -1 
                  9 7 8 -1 
                  10 7 9 -1 
                  23 7 10 -1 
                  11 7 23 -1 
                  24 22 6 -1 
                  12 7 11 -1 
                  0 5 4 -1 
                  24 6 12 -1 
                  0 1 5 -1 
                  0 4 24 -1 
                  12 13 25 -1 
                  24 25 2 -1 
                  24 12 25 -1 
                  0 24 2 -1 
                  14 5 3 -1 
                  1 3 5 -1 
                  2 15 14 -1 
                  2 14 3 -1 
                  25 15 2 -1 
                  27 15 25 -1 
                  21 25 13 -1 
                  20 21 13 -1 
                  20 16 26 -1 
                  20 26 17 -1 
                  19 17 18 -1 
                  20 13 16 -1 
                  20 17 19 -1 
                  27 25 21 -1 
                  5 14 15 -1 
                  4 5 15 -1 
                  6 27 21 -1 
                  22 15 27 -1 
                  22 27 6 -1 
                  4 15 22 -1 
                  6 20 7 -1 
                  6 21 20 -1 
                  8 7 19 -1 
                  20 19 7 -1 
                  9 19 18 -1 
                  9 8 19 -1 
                  12 11 16 -1 
                  12 16 13 -1 
                  9 18 10 -1 
                  17 10 18 -1 
                  23 16 11 -1 
                  26 16 23 -1 
                  17 23 10 -1 
                  26 23 17 -1 
                ]
                normalIndex [
                  1 2 0 -1 
                  3 0 2 -1 
                  15 5 6 -1 
                  14 7 8 -1 
                  10 8 9 -1 
                  11 8 10 -1 
                  12 8 11 -1 
                  13 8 12 -1 
                  15 6 7 -1 
                  14 8 13 -1 
                  16 4 5 -1 
                  15 7 14 -1 
                  16 17 4 -1 
                  16 5 15 -1 
                  21 20 19 -1 
                  22 19 18 -1 
                  22 21 19 -1 
                  23 22 18 -1 
                  25 26 24 -1 
                  27 24 26 -1 
                  31 28 29 -1 
                  31 29 30 -1 
                  32 28 31 -1 
                  41 28 32 -1 
                  40 32 33 -1 
                  39 40 33 -1 
                  39 34 35 -1 
                  39 35 36 -1 
                  38 36 37 -1 
                  39 33 34 -1 
                  39 36 38 -1 
                  41 32 40 -1 
                  44 43 42 -1 
                  45 44 42 -1 
                  49 47 48 -1 
                  50 46 47 -1 
                  50 47 49 -1 
                  51 46 50 -1 
                  54 52 55 -1 
                  54 53 52 -1 
                  57 56 58 -1 
                  59 58 56 -1 
                  62 60 63 -1 
                  62 61 60 -1 
                  66 67 64 -1 
                  66 64 65 -1 
                  69 70 68 -1 
                  71 68 70 -1 
                  74 72 73 -1 
                  77 72 74 -1 
                  76 74 75 -1 
                  77 74 76 -1 
                ]
              }
            }
            DEF PinsArrayLR_7 Shape {
              appearance DEF __34 Appearance {
                material DEF __35 Material {
                  ambientIntensity 0.260947436094
                  diffuseColor 0.73400002718 0.773000001907 0.79699999094
                  shininess 0
                }
              }
              geometry DEF __36 IndexedFaceSet {
                solid FALSE
                coord Coordinate {
                  point [
                    -0.008 0.00461 0.00011,
                    -0.0076467783776 0.00461 0.00011,
                    -0.008 0.00439 0.00011,
                    -0.0076467783776 0.00439 0.00011,
                    -0.008 0.00461 0,
                    -0.0075983891888 0.00461 0,
                    -0.00756569142217 0.00461 0.000145670290863,
                    -0.00711378472205 0.00461 0.000638659418274,
                    -0.00703269776662 0.00461 0.000674329709137,
                    -0.007 0.00461 0.000674329709137,
                    -0.007 0.00461 0.000564329709137,
                    -0.00703269776662 0.00461 0.000564329709137,
                    -0.00751730223337 0.00461 3.56702908631e-05,
                    -0.00756569142217 0.00439 0.000145670290863,
                    -0.008 0.00439 0,
                    -0.0075983891888 0.00439 0,
                    -0.00751730223337 0.00439 3.56702908631e-05,
                    -0.00703269776662 0.00439 0.000564329709137,
                    -0.007 0.00439 0.000564329709137,
                    -0.007 0.00439 0.000674329709137,
                    -0.00703269776662 0.00439 0.000674329709137,
                    -0.00711378472205 0.00439 0.000638659418274,
                    -0.00760248542107 0.00461 0.00011931169878,
                    -0.00707699072315 0.00461 0.000665018010357,
                    -0.00755409623228 0.00461 9.31169878032e-06,
                    -0.00760248542107 0.00439 0.00011931169878,
                    -0.00755409623228 0.00439 9.31169878032e-06,
                    -0.00707699072315 0.00439 0.000665018010357

                  ]
                }
                normal Normal {
                  vector [
                    0 0 1,
                    0 0 1,
                    0 0 1,
                    0 0 1,
                    0 1 0,
                    0 1 0,
                    0 1 0,
                    0 1 0,
                    0 1 0,
                    0 1 0,
                    0 1 0,
                    0 1 0,
                    0 1 0,
                    0 1 0,
                    0 1 0,
                    0 1 0,
                    0 1 0,
                    0 1 0,
                    -0 -0 1,
                    -0 -0 1,
                    -0.40266323 -0 0.91534817,
                    -0.73715413 -0 0.67572463,
                    -0.73715413 -0 0.67572463,
                    -0.40266323 -0 0.91534817,
                    -1 -0 -0,
                    -1 -0 -0,
                    -1 -0 -0,
                    -1 -0 -0,
                    -8.6121087e-29 -1 9.730542e-29,
                    -8.6121087e-29 -1 9.730542e-29,
                    -8.6121087e-29 -1 9.730542e-29,
                    -8.6121087e-29 -1 9.730542e-29,
                    -8.6121087e-29 -1 9.730542e-29,
                    -8.6121087e-29 -1 9.730542e-29,
                    -8.6121087e-29 -1 9.730542e-29,
                    -8.6121087e-29 -1 9.730542e-29,
                    -8.6121087e-29 -1 9.730542e-29,
                    -8.6121087e-29 -1 9.730542e-29,
                    -8.6121087e-29 -1 9.730542e-29,
                    -8.6121087e-29 -1 9.730542e-29,
                    -8.6121087e-29 -1 9.730542e-29,
                    -8.6121087e-29 -1 9.730542e-29,
                    -0 -0 -1,
                    -0 -0 -1,
                    -0 -0 -1,
                    -0 -0 -1,
                    0 0 -1,
                    0 0 -1,
                    0.40266323 0 -0.91534817,
                    0.73715413 0 -0.67572463,
                    0.73715413 0 -0.67572463,
                    0.40266323 0 -0.91534817,
                    0.73715413 0 -0.67572463,
                    0.73715413 0 -0.67572463,
                    0.73715413 0 -0.67572463,
                    0.73715413 0 -0.67572463,
                    -0 -0 -1,
                    -0 -0 -1,
                    -0 -0 -1,
                    -0 -0 -1,
                    1 0 0,
                    1 0 0,
                    1 0 0,
                    1 0 0,
                    -0.73715413 -0 0.67572463,
                    -0.73715413 -0 0.67572463,
                    -0.73715413 -0 0.67572463,
                    -0.73715413 -0 0.67572463,
                    0 0 1,
                    0 0 1,
                    0 0 1,
                    0 0 1,
                    -0.73715413 0 0.67572463,
                    -0.40266323 0 0.91534817,
                    -8.2245322e-13 0 1,
                    -4.0945025e-13 0 1,
                    -0.40266323 0 0.91534817,
                    -0.73715413 0 0.67572463

                  ]
                }
                coordIndex [
                  2 1 0 -1 
                  3 1 2 -1 
                  1 5 4 -1 
                  1 4 0 -1 
                  22 5 1 -1 
                  24 5 22 -1 
                  12 22 6 -1 
                  11 12 6 -1 
                  11 7 23 -1 
                  11 23 8 -1 
                  10 8 9 -1 
                  11 6 7 -1 
                  11 8 10 -1 
                  24 22 12 -1 
                  22 1 3 -1 
                  25 22 3 -1 
                  13 6 22 -1 
                  25 13 22 -1 
                  14 2 4 -1 
                  0 4 2 -1 
                  25 15 26 -1 
                  18 19 17 -1 
                  13 16 17 -1 
                  20 17 19 -1 
                  27 17 20 -1 
                  21 17 27 -1 
                  25 26 16 -1 
                  13 17 21 -1 
                  3 14 15 -1 
                  25 16 13 -1 
                  3 15 25 -1 
                  2 14 3 -1 
                  14 5 15 -1 
                  14 4 5 -1 
                  24 15 5 -1 
                  26 15 24 -1 
                  16 24 12 -1 
                  26 24 16 -1 
                  12 11 17 -1 
                  12 17 16 -1 
                  11 10 17 -1 
                  18 17 10 -1 
                  18 10 19 -1 
                  9 19 10 -1 
                  6 21 7 -1 
                  6 13 21 -1 
                  9 20 19 -1 
                  8 20 9 -1 
                  8 27 20 -1 
                  23 21 27 -1 
                  23 27 8 -1 
                  7 21 23 -1 
                ]
                normalIndex [
                  2 0 1 -1 
                  3 0 2 -1 
                  7 4 5 -1 
                  7 5 6 -1 
                  8 4 7 -1 
                  17 4 8 -1 
                  16 8 9 -1 
                  15 16 9 -1 
                  15 10 11 -1 
                  15 11 12 -1 
                  14 12 13 -1 
                  15 9 10 -1 
                  15 12 14 -1 
                  17 8 16 -1 
                  20 19 18 -1 
                  23 20 18 -1 
                  22 21 20 -1 
                  23 22 20 -1 
                  25 24 26 -1 
                  27 26 24 -1 
                  39 29 30 -1 
                  33 34 32 -1 
                  38 31 32 -1 
                  35 32 34 -1 
                  36 32 35 -1 
                  37 32 36 -1 
                  39 30 31 -1 
                  38 32 37 -1 
                  40 28 29 -1 
                  39 31 38 -1 
                  40 29 39 -1 
                  41 28 40 -1 
                  44 42 45 -1 
                  44 43 42 -1 
                  48 46 47 -1 
                  51 46 48 -1 
                  50 48 49 -1 
                  51 48 50 -1 
                  54 55 52 -1 
                  54 52 53 -1 
                  57 56 58 -1 
                  59 58 56 -1 
                  61 62 60 -1 
                  63 60 62 -1 
                  66 64 67 -1 
                  66 65 64 -1 
                  70 68 69 -1 
                  71 68 70 -1 
                  75 73 74 -1 
                  76 72 73 -1 
                  76 73 75 -1 
                  77 72 76 -1 
                ]
              }
            }
            DEF PinsArrayLR_8 Shape {
              appearance DEF __38 Appearance {
                material DEF __39 Material {
                  ambientIntensity 0.260947436094
                  diffuseColor 0.73400002718 0.773000001907 0.79699999094
                  shininess 0
                }
              }
              geometry DEF __40 IndexedFaceSet {
                solid FALSE
                coord Coordinate {
                  point [
                    0.0076467783776 0.00461 0.00011,
                    0.008 0.00461 0.00011,
                    0.0076467783776 0.00439 0.00011,
                    0.008 0.00439 0.00011,
                    0.0075983891888 0.00461 0,
                    0.008 0.00461 0,
                    0.00751730223337 0.00461 3.56702908631e-05,
                    0.00703269776662 0.00461 0.000564329709137,
                    0.007 0.00461 0.000564329709137,
                    0.007 0.00461 0.000674329709137,
                    0.00703269776662 0.00461 0.000674329709137,
                    0.00711378472205 0.00461 0.000638659418274,
                    0.00756569142217 0.00461 0.000145670290863,
                    0.00756569142217 0.00439 0.000145670290863,
                    0.008 0.00439 0,
                    0.0075983891888 0.00439 0,
                    0.00711378472205 0.00439 0.000638659418274,
                    0.00703269776662 0.00439 0.000674329709137,
                    0.007 0.00439 0.000674329709137,
                    0.007 0.00439 0.000564329709137,
                    0.00703269776662 0.00439 0.000564329709137,
                    0.00751730223337 0.00439 3.56702908631e-05,
                    0.00755409623228 0.00461 9.31169878033e-06,
                    0.00707699072315 0.00461 0.000665018010357,
                    0.00760248542107 0.00461 0.00011931169878,
                    0.00760248542107 0.00439 0.00011931169878,
                    0.00707699072315 0.00439 0.000665018010357,
                    0.00755409623228 0.00439 9.31169878032e-06

                  ]
                }
                normal Normal {
                  vector [
                    0 0 1,
                    0 0 1,
                    0 0 1,
                    0 0 1,
                    8.6526525e-30 1 8.6637658e-30,
                    8.6526525e-30 1 8.6637658e-30,
                    8.6526525e-30 1 8.6637658e-30,
                    8.6526525e-30 1 8.6637658e-30,
                    8.6526525e-30 1 8.6637658e-30,
                    8.6526525e-30 1 8.6637658e-30,
                    8.6526525e-30 1 8.6637658e-30,
                    8.6526525e-30 1 8.6637658e-30,
                    8.6526525e-30 1 8.6637658e-30,
                    8.6526525e-30 1 8.6637658e-30,
                    8.6526525e-30 1 8.6637658e-30,
                    8.6526525e-30 1 8.6637658e-30,
                    8.6526525e-30 1 8.6637658e-30,
                    8.6526525e-30 1 8.6637658e-30,
                    -0 -0 1,
                    0.40266323 -0 0.91534817,
                    0.73715413 -0 0.67572463,
                    0.73715413 -0 0.67572463,
                    0.40266323 -0 0.91534817,
                    -0 -0 1,
                    1 0 0,
                    1 0 0,
                    1 0 0,
                    1 0 0,
                    2.550407e-28 -1 2.795957e-28,
                    2.550407e-28 -1 2.795957e-28,
                    2.550407e-28 -1 2.795957e-28,
                    2.550407e-28 -1 2.795957e-28,
                    2.550407e-28 -1 2.795957e-28,
                    2.550407e-28 -1 2.795957e-28,
                    2.550407e-28 -1 2.795957e-28,
                    2.550407e-28 -1 2.795957e-28,
                    2.550407e-28 -1 2.795957e-28,
                    2.550407e-28 -1 2.795957e-28,
                    2.550407e-28 -1 2.795957e-28,
                    2.550407e-28 -1 2.795957e-28,
                    2.550407e-28 -1 2.795957e-28,
                    2.550407e-28 -1 2.795957e-28,
                    -0 -0 -1,
                    -0 -0 -1,
                    -0 -0 -1,
                    -0 -0 -1,
                    2.0694557e-13 0 -1,
                    -0.40266323 0 -0.91534817,
                    -0.73715413 0 -0.67572463,
                    -0.73715413 0 -0.67572463,
                    -0.40266323 0 -0.91534817,
                    0 0 -1,
                    -0.73715413 -0 -0.67572463,
                    -0.73715413 -0 -0.67572463,
                    -0.73715413 -0 -0.67572463,
                    -0.73715413 -0 -0.67572463,
                    -0 -0 -1,
                    -0 -0 -1,
                    -0 -0 -1,
                    -0 -0 -1,
                    -1 -0 -0,
                    -1 -0 -0,
                    -1 -0 -0,
                    -1 -0 -0,
                    0.73715413 0 0.67572463,
                    0.73715413 0 0.67572463,
                    0.73715413 0 0.67572463,
                    0.73715413 0 0.67572463,
                    0 0 1,
                    0 0 1,
                    0 0 1,
                    0 0 1,
                    0.73715413 0 0.67572463,
                    0.73715413 0 0.67572463,
                    0.40266323 0 0.91534817,
                    1.5454305e-12 0 1,
                    4.0856207e-13 0 1,
                    0.40266323 0 0.91534817

                  ]
                }
                coordIndex [
                  0 2 1 -1 
                  3 1 2 -1 
                  24 4 22 -1 
                  12 6 7 -1 
                  9 7 8 -1 
                  10 7 9 -1 
                  23 7 10 -1 
                  11 7 23 -1 
                  24 22 6 -1 
                  12 7 11 -1 
                  0 5 4 -1 
                  24 6 12 -1 
                  0 1 5 -1 
                  0 4 24 -1 
                  12 13 25 -1 
                  24 25 2 -1 
                  24 12 25 -1 
                  0 24 2 -1 
                  14 5 3 -1 
                  1 3 5 -1 
                  2 15 14 -1 
                  2 14 3 -1 
                  25 15 2 -1 
                  27 15 25 -1 
                  21 25 13 -1 
                  20 21 13 -1 
                  20 16 26 -1 
                  20 26 17 -1 
                  19 17 18 -1 
                  20 13 16 -1 
                  20 17 19 -1 
                  27 25 21 -1 
                  5 14 15 -1 
                  4 5 15 -1 
                  6 27 21 -1 
                  22 15 27 -1 
                  22 27 6 -1 
                  4 15 22 -1 
                  6 20 7 -1 
                  6 21 20 -1 
                  8 7 19 -1 
                  20 19 7 -1 
                  9 19 18 -1 
                  9 8 19 -1 
                  12 11 16 -1 
                  12 16 13 -1 
                  9 18 10 -1 
                  17 10 18 -1 
                  23 16 11 -1 
                  26 16 23 -1 
                  17 23 10 -1 
                  26 23 17 -1 
                ]
                normalIndex [
                  1 2 0 -1 
                  3 0 2 -1 
                  15 5 6 -1 
                  14 7 8 -1 
                  10 8 9 -1 
                  11 8 10 -1 
                  12 8 11 -1 
                  13 8 12 -1 
                  15 6 7 -1 
                  14 8 13 -1 
                  16 4 5 -1 
                  15 7 14 -1 
                  16 17 4 -1 
                  16 5 15 -1 
                  21 20 19 -1 
                  22 19 18 -1 
                  22 21 19 -1 
                  23 22 18 -1 
                  25 26 24 -1 
                  27 24 26 -1 
                  31 28 29 -1 
                  31 29 30 -1 
                  32 28 31 -1 
                  41 28 32 -1 
                  40 32 33 -1 
                  39 40 33 -1 
                  39 34 35 -1 
                  39 35 36 -1 
                  38 36 37 -1 
                  39 33 34 -1 
                  39 36 38 -1 
                  41 32 40 -1 
                  44 43 42 -1 
                  45 44 42 -1 
                  49 47 48 -1 
                  50 46 47 -1 
                  50 47 49 -1 
                  51 46 50 -1 
                  54 52 55 -1 
                  54 53 52 -1 
                  57 56 58 -1 
                  59 58 56 -1 
                  62 60 63 -1 
                  62 61 60 -1 
                  66 67 64 -1 
                  66 64 65 -1 
                  69 70 68 -1 
                  71 68 70 -1 
                  74 72 73 -1 
                  77 72 74 -1 
                  76 74 75 -1 
                  77 74 76 -1 
                ]
              }
            }
            DEF PinsArrayLR_9 Shape {
              appearance DEF __42 Appearance {
                material DEF __43 Material {
                  ambientIntensity 0.260947436094
                  diffuseColor 0.73400002718 0.773000001907 0.79699999094
                  shininess 0
                }
              }
              geometry DEF __44 IndexedFaceSet {
                solid FALSE
                coord Coordinate {
                  point [
                    -0.008 0.00411 0.00011,
                    -0.0076467783776 0.00411 0.00011,
                    -0.008 0.00389 0.00011,
                    -0.0076467783776 0.00389 0.00011,
                    -0.008 0.00411 0,
                    -0.0075983891888 0.00411 0,
                    -0.00756569142217 0.00411 0.000145670290863,
                    -0.00711378472205 0.00411 0.000638659418274,
                    -0.00703269776662 0.00411 0.000674329709137,
                    -0.007 0.00411 0.000674329709137,
                    -0.007 0.00411 0.000564329709137,
                    -0.00703269776662 0.00411 0.000564329709137,
                    -0.00751730223337 0.00411 3.56702908631e-05,
                    -0.00756569142217 0.00389 0.000145670290863,
                    -0.008 0.00389 0,
                    -0.0075983891888 0.00389 0,
                    -0.00751730223337 0.00389 3.56702908631e-05,
                    -0.00703269776662 0.00389 0.000564329709137,
                    -0.007 0.00389 0.000564329709137,
                    -0.007 0.00389 0.000674329709137,
                    -0.00703269776662 0.00389 0.000674329709137,
                    -0.00711378472205 0.00389 0.000638659418274,
                    -0.00760248542107 0.00411 0.00011931169878,
                    -0.00707699072315 0.00411 0.000665018010357,
                    -0.00755409623228 0.00411 9.31169878032e-06,
                    -0.00760248542107 0.00389 0.00011931169878,
                    -0.00755409623228 0.00389 9.31169878032e-06,
                    -0.00707699072315 0.00389 0.000665018010357

                  ]
                }
                normal Normal {
                  vector [
                    0 0 1,
                    0 0 1,
                    0 0 1,
                    0 0 1,
                    0 1 0,
                    0 1 0,
                    0 1 0,
                    0 1 0,
                    0 1 0,
                    0 1 0,
                    0 1 0,
                    0 1 0,
                    0 1 0,
                    0 1 0,
                    0 1 0,
                    0 1 0,
                    0 1 0,
                    0 1 0,
                    -0 -0 1,
                    -0 -0 1,
                    -0.40266323 -0 0.91534817,
                    -0.73715413 -0 0.67572463,
                    -0.73715413 -0 0.67572463,
                    -0.40266323 -0 0.91534817,
                    -1 -0 -0,
                    -1 -0 -0,
                    -1 -0 -0,
                    -1 -0 -0,
                    -8.6121087e-29 -1 9.730542e-29,
                    -8.6121087e-29 -1 9.730542e-29,
                    -8.6121087e-29 -1 9.730542e-29,
                    -8.6121087e-29 -1 9.730542e-29,
                    -8.6121087e-29 -1 9.730542e-29,
                    -8.6121087e-29 -1 9.730542e-29,
                    -8.6121087e-29 -1 9.730542e-29,
                    -8.6121087e-29 -1 9.730542e-29,
                    -8.6121087e-29 -1 9.730542e-29,
                    -8.6121087e-29 -1 9.730542e-29,
                    -8.6121087e-29 -1 9.730542e-29,
                    -8.6121087e-29 -1 9.730542e-29,
                    -8.6121087e-29 -1 9.730542e-29,
                    -8.6121087e-29 -1 9.730542e-29,
                    -0 -0 -1,
                    -0 -0 -1,
                    -0 -0 -1,
                    -0 -0 -1,
                    0 0 -1,
                    0 0 -1,
                    0.40266323 0 -0.91534817,
                    0.73715413 0 -0.67572463,
                    0.73715413 0 -0.67572463,
                    0.40266323 0 -0.91534817,
                    0.73715413 0 -0.67572463,
                    0.73715413 0 -0.67572463,
                    0.73715413 0 -0.67572463,
                    0.73715413 0 -0.67572463,
                    -0 -0 -1,
                    -0 -0 -1,
                    -0 -0 -1,
                    -0 -0 -1,
                    1 0 0,
                    1 0 0,
                    1 0 0,
                    1 0 0,
                    -0.73715413 -0 0.67572463,
                    -0.73715413 -0 0.67572463,
                    -0.73715413 -0 0.67572463,
                    -0.73715413 -0 0.67572463,
                    0 0 1,
                    0 0 1,
                    0 0 1,
                    0 0 1,
                    -0.73715413 0 0.67572463,
                    -0.40266323 0 0.91534817,
                    -8.2245322e-13 0 1,
                    -4.0945025e-13 0 1,
                    -0.40266323 0 0.91534817,
                    -0.73715413 0 0.67572463

                  ]
                }
                coordIndex [
                  2 1 0 -1 
                  3 1 2 -1 
                  1 5 4 -1 
                  1 4 0 -1 
                  22 5 1 -1 
                  24 5 22 -1 
                  12 22 6 -1 
                  11 12 6 -1 
                  11 7 23 -1 
                  11 23 8 -1 
                  10 8 9 -1 
                  11 6 7 -1 
                  11 8 10 -1 
                  24 22 12 -1 
                  22 1 3 -1 
                  25 22 3 -1 
                  13 6 22 -1 
                  25 13 22 -1 
                  14 2 4 -1 
                  0 4 2 -1 
                  25 15 26 -1 
                  18 19 17 -1 
                  13 16 17 -1 
                  20 17 19 -1 
                  27 17 20 -1 
                  21 17 27 -1 
                  25 26 16 -1 
                  13 17 21 -1 
                  3 14 15 -1 
                  25 16 13 -1 
                  3 15 25 -1 
                  2 14 3 -1 
                  14 5 15 -1 
                  14 4 5 -1 
                  24 15 5 -1 
                  26 15 24 -1 
                  16 24 12 -1 
                  26 24 16 -1 
                  12 11 17 -1 
                  12 17 16 -1 
                  11 10 17 -1 
                  18 17 10 -1 
                  18 10 19 -1 
                  9 19 10 -1 
                  6 21 7 -1 
                  6 13 21 -1 
                  9 20 19 -1 
                  8 20 9 -1 
                  8 27 20 -1 
                  23 21 27 -1 
                  23 27 8 -1 
                  7 21 23 -1 
                ]
                normalIndex [
                  2 0 1 -1 
                  3 0 2 -1 
                  7 4 5 -1 
                  7 5 6 -1 
                  8 4 7 -1 
                  17 4 8 -1 
                  16 8 9 -1 
                  15 16 9 -1 
                  15 10 11 -1 
                  15 11 12 -1 
                  14 12 13 -1 
                  15 9 10 -1 
                  15 12 14 -1 
                  17 8 16 -1 
                  20 19 18 -1 
                  23 20 18 -1 
                  22 21 20 -1 
                  23 22 20 -1 
                  25 24 26 -1 
                  27 26 24 -1 
                  39 29 30 -1 
                  33 34 32 -1 
                  38 31 32 -1 
                  35 32 34 -1 
                  36 32 35 -1 
                  37 32 36 -1 
                  39 30 31 -1 
                  38 32 37 -1 
                  40 28 29 -1 
                  39 31 38 -1 
                  40 29 39 -1 
                  41 28 40 -1 
                  44 42 45 -1 
                  44 43 42 -1 
                  48 46 47 -1 
                  51 46 48 -1 
                  50 48 49 -1 
                  51 48 50 -1 
                  54 55 52 -1 
                  54 52 53 -1 
                  57 56 58 -1 
                  59 58 56 -1 
                  61 62 60 -1 
                  63 60 62 -1 
                  66 64 67 -1 
                  66 65 64 -1 
                  70 68 69 -1 
                  71 68 70 -1 
                  75 73 74 -1 
                  76 72 73 -1 
                  76 73 75 -1 
                  77 72 76 -1 
                ]
              }
            }
            DEF PinsArrayLR_10 Shape {
              appearance DEF __46 Appearance {
                material DEF __47 Material {
                  ambientIntensity 0.260947436094
                  diffuseColor 0.73400002718 0.773000001907 0.79699999094
                  shininess 0
                }
              }
              geometry DEF __48 IndexedFaceSet {
                solid FALSE
                coord Coordinate {
                  point [
                    0.0076467783776 0.00411 0.00011,
                    0.008 0.00411 0.00011,
                    0.0076467783776 0.00389 0.00011,
                    0.008 0.00389 0.00011,
                    0.0075983891888 0.00411 0,
                    0.008 0.00411 0,
                    0.00751730223337 0.00411 3.56702908631e-05,
                    0.00703269776662 0.00411 0.000564329709137,
                    0.007 0.00411 0.000564329709137,
                    0.007 0.00411 0.000674329709137,
                    0.00703269776662 0.00411 0.000674329709137,
                    0.00711378472205 0.00411 0.000638659418274,
                    0.00756569142217 0.00411 0.000145670290863,
                    0.00756569142217 0.00389 0.000145670290863,
                    0.008 0.00389 0,
                    0.0075983891888 0.00389 0,
                    0.00711378472205 0.00389 0.000638659418274,
                    0.00703269776662 0.00389 0.000674329709137,
                    0.007 0.00389 0.000674329709137,
                    0.007 0.00389 0.000564329709137,
                    0.00703269776662 0.00389 0.000564329709137,
                    0.00751730223337 0.00389 3.56702908631e-05,
                    0.00755409623228 0.00411 9.31169878033e-06,
                    0.00707699072315 0.00411 0.000665018010357,
                    0.00760248542107 0.00411 0.00011931169878,
                    0.00760248542107 0.00389 0.00011931169878,
                    0.00707699072315 0.00389 0.000665018010357,
                    0.00755409623228 0.00389 9.31169878032e-06

                  ]
                }
                normal Normal {
                  vector [
                    0 0 1,
                    0 0 1,
                    0 0 1,
                    0 0 1,
                    8.6526525e-30 1 8.6637658e-30,
                    8.6526525e-30 1 8.6637658e-30,
                    8.6526525e-30 1 8.6637658e-30,
                    8.6526525e-30 1 8.6637658e-30,
                    8.6526525e-30 1 8.6637658e-30,
                    8.6526525e-30 1 8.6637658e-30,
                    8.6526525e-30 1 8.6637658e-30,
                    8.6526525e-30 1 8.6637658e-30,
                    8.6526525e-30 1 8.6637658e-30,
                    8.6526525e-30 1 8.6637658e-30,
                    8.6526525e-30 1 8.6637658e-30,
                    8.6526525e-30 1 8.6637658e-30,
                    8.6526525e-30 1 8.6637658e-30,
                    8.6526525e-30 1 8.6637658e-30,
                    -0 -0 1,
                    0.40266323 -0 0.91534817,
                    0.73715413 -0 0.67572463,
                    0.73715413 -0 0.67572463,
                    0.40266323 -0 0.91534817,
                    -0 -0 1,
                    1 0 0,
                    1 0 0,
                    1 0 0,
                    1 0 0,
                    2.550407e-28 -1 2.795957e-28,
                    2.550407e-28 -1 2.795957e-28,
                    2.550407e-28 -1 2.795957e-28,
                    2.550407e-28 -1 2.795957e-28,
                    2.550407e-28 -1 2.795957e-28,
                    2.550407e-28 -1 2.795957e-28,
                    2.550407e-28 -1 2.795957e-28,
                    2.550407e-28 -1 2.795957e-28,
                    2.550407e-28 -1 2.795957e-28,
                    2.550407e-28 -1 2.795957e-28,
                    2.550407e-28 -1 2.795957e-28,
                    2.550407e-28 -1 2.795957e-28,
                    2.550407e-28 -1 2.795957e-28,
                    2.550407e-28 -1 2.795957e-28,
                    -0 -0 -1,
                    -0 -0 -1,
                    -0 -0 -1,
                    -0 -0 -1,
                    2.0694557e-13 0 -1,
                    -0.40266323 0 -0.91534817,
                    -0.73715413 0 -0.67572463,
                    -0.73715413 0 -0.67572463,
                    -0.40266323 0 -0.91534817,
                    0 0 -1,
                    -0.73715413 -0 -0.67572463,
                    -0.73715413 -0 -0.67572463,
                    -0.73715413 -0 -0.67572463,
                    -0.73715413 -0 -0.67572463,
                    -0 -0 -1,
                    -0 -0 -1,
                    -0 -0 -1,
                    -0 -0 -1,
                    -1 -0 -0,
                    -1 -0 -0,
                    -1 -0 -0,
                    -1 -0 -0,
                    0.73715413 0 0.67572463,
                    0.73715413 0 0.67572463,
                    0.73715413 0 0.67572463,
                    0.73715413 0 0.67572463,
                    0 0 1,
                    0 0 1,
                    0 0 1,
                    0 0 1,
                    0.73715413 0 0.67572463,
                    0.73715413 0 0.67572463,
                    0.40266323 0 0.91534817,
                    1.5454305e-12 0 1,
                    4.0856207e-13 0 1,
                    0.40266323 0 0.91534817

                  ]
                }
                coordIndex [
                  0 2 1 -1 
                  3 1 2 -1 
                  24 4 22 -1 
                  12 6 7 -1 
                  9 7 8 -1 
                  10 7 9 -1 
                  23 7 10 -1 
                  11 7 23 -1 
                  24 22 6 -1 
                  12 7 11 -1 
                  0 5 4 -1 
                  24 6 12 -1 
                  0 1 5 -1 
                  0 4 24 -1 
                  12 13 25 -1 
                  24 25 2 -1 
                  24 12 25 -1 
                  0 24 2 -1 
                  14 5 3 -1 
                  1 3 5 -1 
                  2 15 14 -1 
                  2 14 3 -1 
                  25 15 2 -1 
                  27 15 25 -1 
                  21 25 13 -1 
                  20 21 13 -1 
                  20 16 26 -1 
                  20 26 17 -1 
                  19 17 18 -1 
                  20 13 16 -1 
                  20 17 19 -1 
                  27 25 21 -1 
                  5 14 15 -1 
                  4 5 15 -1 
                  6 27 21 -1 
                  22 15 27 -1 
                  22 27 6 -1 
                  4 15 22 -1 
                  6 20 7 -1 
                  6 21 20 -1 
                  8 7 19 -1 
                  20 19 7 -1 
                  9 19 18 -1 
                  9 8 19 -1 
                  12 11 16 -1 
                  12 16 13 -1 
                  9 18 10 -1 
                  17 10 18 -1 
                  23 16 11 -1 
                  26 16 23 -1 
                  17 23 10 -1 
                  26 23 17 -1 
                ]
                normalIndex [
                  1 2 0 -1 
                  3 0 2 -1 
                  15 5 6 -1 
                  14 7 8 -1 
                  10 8 9 -1 
                  11 8 10 -1 
                  12 8 11 -1 
                  13 8 12 -1 
                  15 6 7 -1 
                  14 8 13 -1 
                  16 4 5 -1 
                  15 7 14 -1 
                  16 17 4 -1 
                  16 5 15 -1 
                  21 20 19 -1 
                  22 19 18 -1 
                  22 21 19 -1 
                  23 22 18 -1 
                  25 26 24 -1 
                  27 24 26 -1 
                  31 28 29 -1 
                  31 29 30 -1 
                  32 28 31 -1 
                  41 28 32 -1 
                  40 32 33 -1 
                  39 40 33 -1 
                  39 34 35 -1 
                  39 35 36 -1 
                  38 36 37 -1 
                  39 33 34 -1 
                  39 36 38 -1 
                  41 32 40 -1 
                  44 43 42 -1 
                  45 44 42 -1 
                  49 47 48 -1 
                  50 46 47 -1 
                  50 47 49 -1 
                  51 46 50 -1 
                  54 52 55 -1 
                  54 53 52 -1 
                  57 56 58 -1 
                  59 58 56 -1 
                  62 60 63 -1 
                  62 61 60 -1 
                  66 67 64 -1 
                  66 64 65 -1 
                  69 70 68 -1 
                  71 68 70 -1 
                  74 72 73 -1 
                  77 72 74 -1 
                  76 74 75 -1 
                  77 74 76 -1 
                ]
              }
            }
            DEF PinsArrayLR_11 Shape {
              appearance DEF __50 Appearance {
                material DEF __51 Material {
                  ambientIntensity 0.260947436094
                  diffuseColor 0.73400002718 0.773000001907 0.79699999094
                  shininess 0
                }
              }
              geometry DEF __52 IndexedFaceSet {
                solid FALSE
                coord Coordinate {
                  point [
                    -0.008 0.00361 0.00011,
                    -0.0076467783776 0.00361 0.00011,
                    -0.008 0.00339 0.00011,
                    -0.0076467783776 0.00339 0.00011,
                    -0.008 0.00361 0,
                    -0.0075983891888 0.00361 0,
                    -0.00756569142217 0.00361 0.000145670290863,
                    -0.00711378472205 0.00361 0.000638659418274,
                    -0.00703269776662 0.00361 0.000674329709137,
                    -0.007 0.00361 0.000674329709137,
                    -0.007 0.00361 0.000564329709137,
                    -0.00703269776662 0.00361 0.000564329709137,
                    -0.00751730223337 0.00361 3.56702908631e-05,
                    -0.00756569142217 0.00339 0.000145670290863,
                    -0.008 0.00339 0,
                    -0.0075983891888 0.00339 0,
                    -0.00751730223337 0.00339 3.56702908631e-05,
                    -0.00703269776662 0.00339 0.000564329709137,
                    -0.007 0.00339 0.000564329709137,
                    -0.007 0.00339 0.000674329709137,
                    -0.00703269776662 0.00339 0.000674329709137,
                    -0.00711378472205 0.00339 0.000638659418274,
                    -0.00760248542107 0.00361 0.00011931169878,
                    -0.00707699072315 0.00361 0.000665018010357,
                    -0.00755409623228 0.00361 9.31169878032e-06,
                    -0.00760248542107 0.00339 0.00011931169878,
                    -0.00755409623228 0.00339 9.31169878032e-06,
                    -0.00707699072315 0.00339 0.000665018010357

                  ]
                }
                normal Normal {
                  vector [
                    0 0 1,
                    0 0 1,
                    0 0 1,
                    0 0 1,
                    0 1 0,
                    0 1 0,
                    0 1 0,
                    0 1 0,
                    0 1 0,
                    0 1 0,
                    0 1 0,
                    0 1 0,
                    0 1 0,
                    0 1 0,
                    0 1 0,
                    0 1 0,
                    0 1 0,
                    0 1 0,
                    -0 -0 1,
                    -0 -0 1,
                    -0.40266323 -0 0.91534817,
                    -0.73715413 -0 0.67572463,
                    -0.73715413 -0 0.67572463,
                    -0.40266323 -0 0.91534817,
                    -1 -0 -0,
                    -1 -0 -0,
                    -1 -0 -0,
                    -1 -0 -0,
                    -8.6121087e-29 -1 9.730542e-29,
                    -8.6121087e-29 -1 9.730542e-29,
                    -8.6121087e-29 -1 9.730542e-29,
                    -8.6121087e-29 -1 9.730542e-29,
                    -8.6121087e-29 -1 9.730542e-29,
                    -8.6121087e-29 -1 9.730542e-29,
                    -8.6121087e-29 -1 9.730542e-29,
                    -8.6121087e-29 -1 9.730542e-29,
                    -8.6121087e-29 -1 9.730542e-29,
                    -8.6121087e-29 -1 9.730542e-29,
                    -8.6121087e-29 -1 9.730542e-29,
                    -8.6121087e-29 -1 9.730542e-29,
                    -8.6121087e-29 -1 9.730542e-29,
                    -8.6121087e-29 -1 9.730542e-29,
                    -0 -0 -1,
                    -0 -0 -1,
                    -0 -0 -1,
                    -0 -0 -1,
                    0 0 -1,
                    0 0 -1,
                    0.40266323 0 -0.91534817,
                    0.73715413 0 -0.67572463,
                    0.73715413 0 -0.67572463,
                    0.40266323 0 -0.91534817,
                    0.73715413 0 -0.67572463,
                    0.73715413 0 -0.67572463,
                    0.73715413 0 -0.67572463,
                    0.73715413 0 -0.67572463,
                    -0 -0 -1,
                    -0 -0 -1,
                    -0 -0 -1,
                    -0 -0 -1,
                    1 0 0,
                    1 0 0,
                    1 0 0,
                    1 0 0,
                    -0.73715413 -0 0.67572463,
                    -0.73715413 -0 0.67572463,
                    -0.73715413 -0 0.67572463,
                    -0.73715413 -0 0.67572463,
                    0 0 1,
                    0 0 1,
                    0 0 1,
                    0 0 1,
                    -0.73715413 0 0.67572463,
                    -0.40266323 0 0.91534817,
                    -8.2245322e-13 0 1,
                    -4.0945025e-13 0 1,
                    -0.40266323 0 0.91534817,
                    -0.73715413 0 0.67572463

                  ]
                }
                coordIndex [
                  2 1 0 -1 
                  3 1 2 -1 
                  1 5 4 -1 
                  1 4 0 -1 
                  22 5 1 -1 
                  24 5 22 -1 
                  12 22 6 -1 
                  11 12 6 -1 
                  11 7 23 -1 
                  11 23 8 -1 
                  10 8 9 -1 
                  11 6 7 -1 
                  11 8 10 -1 
                  24 22 12 -1 
                  22 1 3 -1 
                  25 22 3 -1 
                  13 6 22 -1 
                  25 13 22 -1 
                  14 2 4 -1 
                  0 4 2 -1 
                  25 15 26 -1 
                  18 19 17 -1 
                  13 16 17 -1 
                  20 17 19 -1 
                  27 17 20 -1 
                  21 17 27 -1 
                  25 26 16 -1 
                  13 17 21 -1 
                  3 14 15 -1 
                  25 16 13 -1 
                  3 15 25 -1 
                  2 14 3 -1 
                  14 5 15 -1 
                  14 4 5 -1 
                  24 15 5 -1 
                  26 15 24 -1 
                  16 24 12 -1 
                  26 24 16 -1 
                  12 11 17 -1 
                  12 17 16 -1 
                  11 10 17 -1 
                  18 17 10 -1 
                  18 10 19 -1 
                  9 19 10 -1 
                  6 21 7 -1 
                  6 13 21 -1 
                  9 20 19 -1 
                  8 20 9 -1 
                  8 27 20 -1 
                  23 21 27 -1 
                  23 27 8 -1 
                  7 21 23 -1 
                ]
                normalIndex [
                  2 0 1 -1 
                  3 0 2 -1 
                  7 4 5 -1 
                  7 5 6 -1 
                  8 4 7 -1 
                  17 4 8 -1 
                  16 8 9 -1 
                  15 16 9 -1 
                  15 10 11 -1 
                  15 11 12 -1 
                  14 12 13 -1 
                  15 9 10 -1 
                  15 12 14 -1 
                  17 8 16 -1 
                  20 19 18 -1 
                  23 20 18 -1 
                  22 21 20 -1 
                  23 22 20 -1 
                  25 24 26 -1 
                  27 26 24 -1 
                  39 29 30 -1 
                  33 34 32 -1 
                  38 31 32 -1 
                  35 32 34 -1 
                  36 32 35 -1 
                  37 32 36 -1 
                  39 30 31 -1 
                  38 32 37 -1 
                  40 28 29 -1 
                  39 31 38 -1 
                  40 29 39 -1 
                  41 28 40 -1 
                  44 42 45 -1 
                  44 43 42 -1 
                  48 46 47 -1 
                  51 46 48 -1 
                  50 48 49 -1 
                  51 48 50 -1 
                  54 55 52 -1 
                  54 52 53 -1 
                  57 56 58 -1 
                  59 58 56 -1 
                  61 62 60 -1 
                  63 60 62 -1 
                  66 64 67 -1 
                  66 65 64 -1 
                  70 68 69 -1 
                  71 68 70 -1 
                  75 73 74 -1 
                  76 72 73 -1 
                  76 73 75 -1 
                  77 72 76 -1 
                ]
              }
            }
            DEF PinsArrayLR_12 Shape {
              appearance DEF __54 Appearance {
                material DEF __55 Material {
                  ambientIntensity 0.260947436094
                  diffuseColor 0.73400002718 0.773000001907 0.79699999094
                  shininess 0
                }
              }
              geometry DEF __56 IndexedFaceSet {
                solid FALSE
                coord Coordinate {
                  point [
                    0.0076467783776 0.00361 0.00011,
                    0.008 0.00361 0.00011,
                    0.0076467783776 0.00339 0.00011,
                    0.008 0.00339 0.00011,
                    0.0075983891888 0.00361 0,
                    0.008 0.00361 0,
                    0.00751730223337 0.00361 3.56702908631e-05,
                    0.00703269776662 0.00361 0.000564329709137,
                    0.007 0.00361 0.000564329709137,
                    0.007 0.00361 0.000674329709137,
                    0.00703269776662 0.00361 0.000674329709137,
                    0.00711378472205 0.00361 0.000638659418274,
                    0.00756569142217 0.00361 0.000145670290863,
                    0.00756569142217 0.00339 0.000145670290863,
                    0.008 0.00339 0,
                    0.0075983891888 0.00339 0,
                    0.00711378472205 0.00339 0.000638659418274,
                    0.00703269776662 0.00339 0.000674329709137,
                    0.007 0.00339 0.000674329709137,
                    0.007 0.00339 0.000564329709137,
                    0.00703269776662 0.00339 0.000564329709137,
                    0.00751730223337 0.00339 3.56702908631e-05,
                    0.00755409623228 0.00361 9.31169878033e-06,
                    0.00707699072315 0.00361 0.000665018010357,
                    0.00760248542107 0.00361 0.00011931169878,
                    0.00760248542107 0.00339 0.00011931169878,
                    0.00707699072315 0.00339 0.000665018010357,
                    0.00755409623228 0.00339 9.31169878032e-06

                  ]
                }
                normal Normal {
                  vector [
                    0 0 1,
                    0 0 1,
                    0 0 1,
                    0 0 1,
                    8.6526525e-30 1 8.6637658e-30,
                    8.6526525e-30 1 8.6637658e-30,
                    8.6526525e-30 1 8.6637658e-30,
                    8.6526525e-30 1 8.6637658e-30,
                    8.6526525e-30 1 8.6637658e-30,
                    8.6526525e-30 1 8.6637658e-30,
                    8.6526525e-30 1 8.6637658e-30,
                    8.6526525e-30 1 8.6637658e-30,
                    8.6526525e-30 1 8.6637658e-30,
                    8.6526525e-30 1 8.6637658e-30,
                    8.6526525e-30 1 8.6637658e-30,
                    8.6526525e-30 1 8.6637658e-30,
                    8.6526525e-30 1 8.6637658e-30,
                    8.6526525e-30 1 8.6637658e-30,
                    -0 -0 1,
                    0.40266323 -0 0.91534817,
                    0.73715413 -0 0.67572463,
                    0.73715413 -0 0.67572463,
                    0.40266323 -0 0.91534817,
                    -0 -0 1,
                    1 0 0,
                    1 0 0,
                    1 0 0,
                    1 0 0,
                    2.550407e-28 -1 2.795957e-28,
                    2.550407e-28 -1 2.795957e-28,
                    2.550407e-28 -1 2.795957e-28,
                    2.550407e-28 -1 2.795957e-28,
                    2.550407e-28 -1 2.795957e-28,
                    2.550407e-28 -1 2.795957e-28,
                    2.550407e-28 -1 2.795957e-28,
                    2.550407e-28 -1 2.795957e-28,
                    2.550407e-28 -1 2.795957e-28,
                    2.550407e-28 -1 2.795957e-28,
                    2.550407e-28 -1 2.795957e-28,
                    2.550407e-28 -1 2.795957e-28,
                    2.550407e-28 -1 2.795957e-28,
                    2.550407e-28 -1 2.795957e-28,
                    -0 -0 -1,
                    -0 -0 -1,
                    -0 -0 -1,
                    -0 -0 -1,
                    2.0694557e-13 0 -1,
                    -0.40266323 0 -0.91534817,
                    -0.73715413 0 -0.67572463,
                    -0.73715413 0 -0.67572463,
                    -0.40266323 0 -0.91534817,
                    0 0 -1,
                    -0.73715413 -0 -0.67572463,
                    -0.73715413 -0 -0.67572463,
                    -0.73715413 -0 -0.67572463,
                    -0.73715413 -0 -0.67572463,
                    -0 -0 -1,
                    -0 -0 -1,
                    -0 -0 -1,
                    -0 -0 -1,
                    -1 -0 -0,
                    -1 -0 -0,
                    -1 -0 -0,
                    -1 -0 -0,
                    0.73715413 0 0.67572463,
                    0.73715413 0 0.67572463,
                    0.73715413 0 0.67572463,
                    0.73715413 0 0.67572463,
                    0 0 1,
                    0 0 1,
                    0 0 1,
                    0 0 1,
                    0.73715413 0 0.67572463,
                    0.73715413 0 0.67572463,
                    0.40266323 0 0.91534817,
                    1.5454305e-12 0 1,
                    4.0856207e-13 0 1,
                    0.40266323 0 0.91534817

                  ]
                }
                coordIndex [
                  0 2 1 -1 
                  3 1 2 -1 
                  24 4 22 -1 
                  12 6 7 -1 
                  9 7 8 -1 
                  10 7 9 -1 
                  23 7 10 -1 
                  11 7 23 -1 
                  24 22 6 -1 
                  12 7 11 -1 
                  0 5 4 -1 
                  24 6 12 -1 
                  0 1 5 -1 
                  0 4 24 -1 
                  12 13 25 -1 
                  24 25 2 -1 
                  24 12 25 -1 
                  0 24 2 -1 
                  14 5 3 -1 
                  1 3 5 -1 
                  2 15 14 -1 
                  2 14 3 -1 
                  25 15 2 -1 
                  27 15 25 -1 
                  21 25 13 -1 
                  20 21 13 -1 
                  20 16 26 -1 
                  20 26 17 -1 
                  19 17 18 -1 
                  20 13 16 -1 
                  20 17 19 -1 
                  27 25 21 -1 
                  5 14 15 -1 
                  4 5 15 -1 
                  6 27 21 -1 
                  22 15 27 -1 
                  22 27 6 -1 
                  4 15 22 -1 
                  6 20 7 -1 
                  6 21 20 -1 
                  8 7 19 -1 
                  20 19 7 -1 
                  9 19 18 -1 
                  9 8 19 -1 
                  12 11 16 -1 
                  12 16 13 -1 
                  9 18 10 -1 
                  17 10 18 -1 
                  23 16 11 -1 
                  26 16 23 -1 
                  17 23 10 -1 
                  26 23 17 -1 
                ]
                normalIndex [
                  1 2 0 -1 
                  3 0 2 -1 
                  15 5 6 -1 
                  14 7 8 -1 
                  10 8 9 -1 
                  11 8 10 -1 
                  12 8 11 -1 
                  13 8 12 -1 
                  15 6 7 -1 
                  14 8 13 -1 
                  16 4 5 -1 
                  15 7 14 -1 
                  16 17 4 -1 
                  16 5 15 -1 
                  21 20 19 -1 
                  22 19 18 -1 
                  22 21 19 -1 
                  23 22 18 -1 
                  25 26 24 -1 
                  27 24 26 -1 
                  31 28 29 -1 
                  31 29 30 -1 
                  32 28 31 -1 
                  41 28 32 -1 
                  40 32 33 -1 
                  39 40 33 -1 
                  39 34 35 -1 
                  39 35 36 -1 
                  38 36 37 -1 
                  39 33 34 -1 
                  39 36 38 -1 
                  41 32 40 -1 
                  44 43 42 -1 
                  45 44 42 -1 
                  49 47 48 -1 
                  50 46 47 -1 
                  50 47 49 -1 
                  51 46 50 -1 
                  54 52 55 -1 
                  54 53 52 -1 
                  57 56 58 -1 
                  59 58 56 -1 
                  62 60 63 -1 
                  62 61 60 -1 
                  66 67 64 -1 
                  66 64 65 -1 
                  69 70 68 -1 
                  71 68 70 -1 
                  74 72 73 -1 
                  77 72 74 -1 
                  76 74 75 -1 
                  77 74 76 -1 
                ]
              }
            }
            DEF PinsArrayLR_13 Shape {
              appearance DEF __58 Appearance {
                material DEF __59 Material {
                  ambientIntensity 0.260947436094
                  diffuseColor 0.73400002718 0.773000001907 0.79699999094
                  shininess 0
                }
              }
              geometry DEF __60 IndexedFaceSet {
                solid FALSE
                coord Coordinate {
                  point [
                    -0.008 0.00311 0.00011,
                    -0.0076467783776 0.00311 0.00011,
                    -0.008 0.00289 0.00011,
                    -0.0076467783776 0.00289 0.00011,
                    -0.008 0.00311 0,
                    -0.0075983891888 0.00311 0,
                    -0.00756569142217 0.00311 0.000145670290863,
                    -0.00711378472205 0.00311 0.000638659418274,
                    -0.00703269776662 0.00311 0.000674329709137,
                    -0.007 0.00311 0.000674329709137,
                    -0.007 0.00311 0.000564329709137,
                    -0.00703269776662 0.00311 0.000564329709137,
                    -0.00751730223337 0.00311 3.56702908631e-05,
                    -0.00756569142217 0.00289 0.000145670290863,
                    -0.008 0.00289 0,
                    -0.0075983891888 0.00289 0,
                    -0.00751730223337 0.00289 3.56702908631e-05,
                    -0.00703269776662 0.00289 0.000564329709137,
                    -0.007 0.00289 0.000564329709137,
                    -0.007 0.00289 0.000674329709137,
                    -0.00703269776662 0.00289 0.000674329709137,
                    -0.00711378472205 0.00289 0.000638659418274,
                    -0.00760248542107 0.00311 0.00011931169878,
                    -0.00707699072315 0.00311 0.000665018010357,
                    -0.00755409623228 0.00311 9.31169878032e-06,
                    -0.00760248542107 0.00289 0.00011931169878,
                    -0.00755409623228 0.00289 9.31169878032e-06,
                    -0.00707699072315 0.00289 0.000665018010357

                  ]
                }
                normal Normal {
                  vector [
                    0 0 1,
                    0 0 1,
                    0 0 1,
                    0 0 1,
                    0 1 0,
                    0 1 0,
                    0 1 0,
                    0 1 0,
                    0 1 0,
                    0 1 0,
                    0 1 0,
                    0 1 0,
                    0 1 0,
                    0 1 0,
                    0 1 0,
                    0 1 0,
                    0 1 0,
                    0 1 0,
                    -0 -0 1,
                    -0 -0 1,
                    -0.40266323 -0 0.91534817,
                    -0.73715413 -0 0.67572463,
                    -0.73715413 -0 0.67572463,
                    -0.40266323 -0 0.91534817,
                    -1 -0 -0,
                    -1 -0 -0,
                    -1 -0 -0,
                    -1 -0 -0,
                    -8.6121087e-29 -1 9.730542e-29,
                    -8.6121087e-29 -1 9.730542e-29,
                    -8.6121087e-29 -1 9.730542e-29,
                    -8.6121087e-29 -1 9.730542e-29,
                    -8.6121087e-29 -1 9.730542e-29,
                    -8.6121087e-29 -1 9.730542e-29,
                    -8.6121087e-29 -1 9.730542e-29,
                    -8.6121087e-29 -1 9.730542e-29,
                    -8.6121087e-29 -1 9.730542e-29,
                    -8.6121087e-29 -1 9.730542e-29,
                    -8.6121087e-29 -1 9.730542e-29,
                    -8.6121087e-29 -1 9.730542e-29,
                    -8.6121087e-29 -1 9.730542e-29,
                    -8.6121087e-29 -1 9.730542e-29,
                    -0 -0 -1,
                    -0 -0 -1,
                    -0 -0 -1,
                    -0 -0 -1,
                    0 0 -1,
                    0 0 -1,
                    0.40266323 0 -0.91534817,
                    0.73715413 0 -0.67572463,
                    0.73715413 0 -0.67572463,
                    0.40266323 0 -0.91534817,
                    0.73715413 0 -0.67572463,
                    0.73715413 0 -0.67572463,
                    0.73715413 0 -0.67572463,
                    0.73715413 0 -0.67572463,
                    -0 -0 -1,
                    -0 -0 -1,
                    -0 -0 -1,
                    -0 -0 -1,
                    1 0 0,
                    1 0 0,
                    1 0 0,
                    1 0 0,
                    -0.73715413 -0 0.67572463,
                    -0.73715413 -0 0.67572463,
                    -0.73715413 -0 0.67572463,
                    -0.73715413 -0 0.67572463,
                    0 0 1,
                    0 0 1,
                    0 0 1,
                    0 0 1,
                    -0.73715413 0 0.67572463,
                    -0.40266323 0 0.91534817,
                    -8.2245322e-13 0 1,
                    -4.0945025e-13 0 1,
                    -0.40266323 0 0.91534817,
                    -0.73715413 0 0.67572463

                  ]
                }
                coordIndex [
                  2 1 0 -1 
                  3 1 2 -1 
                  1 5 4 -1 
                  1 4 0 -1 
                  22 5 1 -1 
                  24 5 22 -1 
                  12 22 6 -1 
                  11 12 6 -1 
                  11 7 23 -1 
                  11 23 8 -1 
                  10 8 9 -1 
                  11 6 7 -1 
                  11 8 10 -1 
                  24 22 12 -1 
                  22 1 3 -1 
                  25 22 3 -1 
                  13 6 22 -1 
                  25 13 22 -1 
                  14 2 4 -1 
                  0 4 2 -1 
                  25 15 26 -1 
                  18 19 17 -1 
                  13 16 17 -1 
                  20 17 19 -1 
                  27 17 20 -1 
                  21 17 27 -1 
                  25 26 16 -1 
                  13 17 21 -1 
                  3 14 15 -1 
                  25 16 13 -1 
                  3 15 25 -1 
                  2 14 3 -1 
                  14 5 15 -1 
                  14 4 5 -1 
                  24 15 5 -1 
                  26 15 24 -1 
                  16 24 12 -1 
                  26 24 16 -1 
                  12 11 17 -1 
                  12 17 16 -1 
                  11 10 17 -1 
                  18 17 10 -1 
                  18 10 19 -1 
                  9 19 10 -1 
                  6 21 7 -1 
                  6 13 21 -1 
                  9 20 19 -1 
                  8 20 9 -1 
                  8 27 20 -1 
                  23 21 27 -1 
                  23 27 8 -1 
                  7 21 23 -1 
                ]
                normalIndex [
                  2 0 1 -1 
                  3 0 2 -1 
                  7 4 5 -1 
                  7 5 6 -1 
                  8 4 7 -1 
                  17 4 8 -1 
                  16 8 9 -1 
                  15 16 9 -1 
                  15 10 11 -1 
                  15 11 12 -1 
                  14 12 13 -1 
                  15 9 10 -1 
                  15 12 14 -1 
                  17 8 16 -1 
                  20 19 18 -1 
                  23 20 18 -1 
                  22 21 20 -1 
                  23 22 20 -1 
                  25 24 26 -1 
                  27 26 24 -1 
                  39 29 30 -1 
                  33 34 32 -1 
                  38 31 32 -1 
                  35 32 34 -1 
                  36 32 35 -1 
                  37 32 36 -1 
                  39 30 31 -1 
                  38 32 37 -1 
                  40 28 29 -1 
                  39 31 38 -1 
                  40 29 39 -1 
                  41 28 40 -1 
                  44 42 45 -1 
                  44 43 42 -1 
                  48 46 47 -1 
                  51 46 48 -1 
                  50 48 49 -1 
                  51 48 50 -1 
                  54 55 52 -1 
                  54 52 53 -1 
                  57 56 58 -1 
                  59 58 56 -1 
                  61 62 60 -1 
                  63 60 62 -1 
                  66 64 67 -1 
                  66 65 64 -1 
                  70 68 69 -1 
                  71 68 70 -1 
                  75 73 74 -1 
                  76 72 73 -1 
                  76 73 75 -1 
                  77 72 76 -1 
                ]
              }
            }
            DEF PinsArrayLR_14 Shape {
              appearance DEF __62 Appearance {
                material DEF __63 Material {
                  ambientIntensity 0.260947436094
                  diffuseColor 0.73400002718 0.773000001907 0.79699999094
                  shininess 0
                }
              }
              geometry DEF __64 IndexedFaceSet {
                solid FALSE
                coord Coordinate {
                  point [
                    0.0076467783776 0.00311 0.00011,
                    0.008 0.00311 0.00011,
                    0.0076467783776 0.00289 0.00011,
                    0.008 0.00289 0.00011,
                    0.0075983891888 0.00311 0,
                    0.008 0.00311 0,
                    0.00751730223337 0.00311 3.56702908631e-05,
                    0.00703269776662 0.00311 0.000564329709137,
                    0.007 0.00311 0.000564329709137,
                    0.007 0.00311 0.000674329709137,
                    0.00703269776662 0.00311 0.000674329709137,
                    0.00711378472205 0.00311 0.000638659418274,
                    0.00756569142217 0.00311 0.000145670290863,
                    0.00756569142217 0.00289 0.000145670290863,
                    0.008 0.00289 0,
                    0.0075983891888 0.00289 0,
                    0.00711378472205 0.00289 0.000638659418274,
                    0.00703269776662 0.00289 0.000674329709137,
                    0.007 0.00289 0.000674329709137,
                    0.007 0.00289 0.000564329709137,
                    0.00703269776662 0.00289 0.000564329709137,
                    0.00751730223337 0.00289 3.56702908631e-05,
                    0.00755409623228 0.00311 9.31169878033e-06,
                    0.00707699072315 0.00311 0.000665018010357,
                    0.00760248542107 0.00311 0.00011931169878,
                    0.00760248542107 0.00289 0.00011931169878,
                    0.00707699072315 0.00289 0.000665018010357,
                    0.00755409623228 0.00289 9.31169878032e-06

                  ]
                }
                normal Normal {
                  vector [
                    0 0 1,
                    0 0 1,
                    0 0 1,
                    0 0 1,
                    8.6526525e-30 1 8.6637658e-30,
                    8.6526525e-30 1 8.6637658e-30,
                    8.6526525e-30 1 8.6637658e-30,
                    8.6526525e-30 1 8.6637658e-30,
                    8.6526525e-30 1 8.6637658e-30,
                    8.6526525e-30 1 8.6637658e-30,
                    8.6526525e-30 1 8.6637658e-30,
                    8.6526525e-30 1 8.6637658e-30,
                    8.6526525e-30 1 8.6637658e-30,
                    8.6526525e-30 1 8.6637658e-30,
                    8.6526525e-30 1 8.6637658e-30,
                    8.6526525e-30 1 8.6637658e-30,
                    8.6526525e-30 1 8.6637658e-30,
                    8.6526525e-30 1 8.6637658e-30,
                    -0 -0 1,
                    0.40266323 -0 0.91534817,
                    0.73715413 -0 0.67572463,
                    0.73715413 -0 0.67572463,
                    0.40266323 -0 0.91534817,
                    -0 -0 1,
                    1 0 0,
                    1 0 0,
                    1 0 0,
                    1 0 0,
                    2.550407e-28 -1 2.795957e-28,
                    2.550407e-28 -1 2.795957e-28,
                    2.550407e-28 -1 2.795957e-28,
                    2.550407e-28 -1 2.795957e-28,
                    2.550407e-28 -1 2.795957e-28,
                    2.550407e-28 -1 2.795957e-28,
                    2.550407e-28 -1 2.795957e-28,
                    2.550407e-28 -1 2.795957e-28,
                    2.550407e-28 -1 2.795957e-28,
                    2.550407e-28 -1 2.795957e-28,
                    2.550407e-28 -1 2.795957e-28,
                    2.550407e-28 -1 2.795957e-28,
                    2.550407e-28 -1 2.795957e-28,
                    2.550407e-28 -1 2.795957e-28,
                    -0 -0 -1,
                    -0 -0 -1,
                    -0 -0 -1,
                    -0 -0 -1,
                    2.0694557e-13 0 -1,
                    -0.40266323 0 -0.91534817,
                    -0.73715413 0 -0.67572463,
                    -0.73715413 0 -0.67572463,
                    -0.40266323 0 -0.91534817,
                    0 0 -1,
                    -0.73715413 -0 -0.67572463,
                    -0.73715413 -0 -0.67572463,
                    -0.73715413 -0 -0.67572463,
                    -0.73715413 -0 -0.67572463,
                    -0 -0 -1,
                    -0 -0 -1,
                    -0 -0 -1,
                    -0 -0 -1,
                    -1 -0 -0,
                    -1 -0 -0,
                    -1 -0 -0,
                    -1 -0 -0,
                    0.73715413 0 0.67572463,
                    0.73715413 0 0.67572463,
                    0.73715413 0 0.67572463,
                    0.73715413 0 0.67572463,
                    0 0 1,
                    0 0 1,
                    0 0 1,
                    0 0 1,
                    0.73715413 0 0.67572463,
                    0.73715413 0 0.67572463,
                    0.40266323 0 0.91534817,
                    1.5454305e-12 0 1,
                    4.0856207e-13 0 1,
                    0.40266323 0 0.91534817

                  ]
                }
                coordIndex [
                  0 2 1 -1 
                  3 1 2 -1 
                  24 4 22 -1 
                  12 6 7 -1 
                  9 7 8 -1 
                  10 7 9 -1 
                  23 7 10 -1 
                  11 7 23 -1 
                  24 22 6 -1 
                  12 7 11 -1 
                  0 5 4 -1 
                  24 6 12 -1 
                  0 1 5 -1 
                  0 4 24 -1 
                  12 13 25 -1 
                  24 25 2 -1 
                  24 12 25 -1 
                  0 24 2 -1 
                  14 5 3 -1 
                  1 3 5 -1 
                  2 15 14 -1 
                  2 14 3 -1 
                  25 15 2 -1 
                  27 15 25 -1 
                  21 25 13 -1 
                  20 21 13 -1 
                  20 16 26 -1 
                  20 26 17 -1 
                  19 17 18 -1 
                  20 13 16 -1 
                  20 17 19 -1 
                  27 25 21 -1 
                  5 14 15 -1 
                  4 5 15 -1 
                  6 27 21 -1 
                  22 15 27 -1 
                  22 27 6 -1 
                  4 15 22 -1 
                  6 20 7 -1 
                  6 21 20 -1 
                  8 7 19 -1 
                  20 19 7 -1 
                  9 19 18 -1 
                  9 8 19 -1 
                  12 11 16 -1 
                  12 16 13 -1 
                  9 18 10 -1 
                  17 10 18 -1 
                  23 16 11 -1 
                  26 16 23 -1 
                  17 23 10 -1 
                  26 23 17 -1 
                ]
                normalIndex [
                  1 2 0 -1 
                  3 0 2 -1 
                  15 5 6 -1 
                  14 7 8 -1 
                  10 8 9 -1 
                  11 8 10 -1 
                  12 8 11 -1 
                  13 8 12 -1 
                  15 6 7 -1 
                  14 8 13 -1 
                  16 4 5 -1 
                  15 7 14 -1 
                  16 17 4 -1 
                  16 5 15 -1 
                  21 20 19 -1 
                  22 19 18 -1 
                  22 21 19 -1 
                  23 22 18 -1 
                  25 26 24 -1 
                  27 24 26 -1 
                  31 28 29 -1 
                  31 29 30 -1 
                  32 28 31 -1 
                  41 28 32 -1 
                  40 32 33 -1 
                  39 40 33 -1 
                  39 34 35 -1 
                  39 35 36 -1 
                  38 36 37 -1 
                  39 33 34 -1 
                  39 36 38 -1 
                  41 32 40 -1 
                  44 43 42 -1 
                  45 44 42 -1 
                  49 47 48 -1 
                  50 46 47 -1 
                  50 47 49 -1 
                  51 46 50 -1 
                  54 52 55 -1 
                  54 53 52 -1 
                  57 56 58 -1 
                  59 58 56 -1 
                  62 60 63 -1 
                  62 61 60 -1 
                  66 67 64 -1 
                  66 64 65 -1 
                  69 70 68 -1 
                  71 68 70 -1 
                  74 72 73 -1 
                  77 72 74 -1 
                  76 74 75 -1 
                  77 74 76 -1 
                ]
              }
            }
            DEF PinsArrayLR_15 Shape {
              appearance DEF __66 Appearance {
                material DEF __67 Material {
                  ambientIntensity 0.260947436094
                  diffuseColor 0.73400002718 0.773000001907 0.79699999094
                  shininess 0
                }
              }
              geometry DEF __68 IndexedFaceSet {
                solid FALSE
                coord Coordinate {
                  point [
                    -0.008 0.00261 0.00011,
                    -0.0076467783776 0.00261 0.00011,
                    -0.008 0.00239 0.00011,
                    -0.0076467783776 0.00239 0.00011,
                    -0.008 0.00261 0,
                    -0.0075983891888 0.00261 0,
                    -0.00756569142217 0.00261 0.000145670290863,
                    -0.00711378472205 0.00261 0.000638659418274,
                    -0.00703269776662 0.00261 0.000674329709137,
                    -0.007 0.00261 0.000674329709137,
                    -0.007 0.00261 0.000564329709137,
                    -0.00703269776662 0.00261 0.000564329709137,
                    -0.00751730223337 0.00261 3.56702908631e-05,
                    -0.00756569142217 0.00239 0.000145670290863,
                    -0.008 0.00239 0,
                    -0.0075983891888 0.00239 0,
                    -0.00751730223337 0.00239 3.56702908631e-05,
                    -0.00703269776662 0.00239 0.000564329709137,
                    -0.007 0.00239 0.000564329709137,
                    -0.007 0.00239 0.000674329709137,
                    -0.00703269776662 0.00239 0.000674329709137,
                    -0.00711378472205 0.00239 0.000638659418274,
                    -0.00760248542107 0.00261 0.00011931169878,
                    -0.00707699072315 0.00261 0.000665018010357,
                    -0.00755409623228 0.00261 9.31169878032e-06,
                    -0.00760248542107 0.00239 0.00011931169878,
                    -0.00755409623228 0.00239 9.31169878032e-06,
                    -0.00707699072315 0.00239 0.000665018010357

                  ]
                }
                normal Normal {
                  vector [
                    0 0 1,
                    0 0 1,
                    0 0 1,
                    0 0 1,
                    0 1 0,
                    0 1 0,
                    0 1 0,
                    0 1 0,
                    0 1 0,
                    0 1 0,
                    0 1 0,
                    0 1 0,
                    0 1 0,
                    0 1 0,
                    0 1 0,
                    0 1 0,
                    0 1 0,
                    0 1 0,
                    -0 -0 1,
                    -0 -0 1,
                    -0.40266323 -0 0.91534817,
                    -0.73715413 -0 0.67572463,
                    -0.73715413 -0 0.67572463,
                    -0.40266323 -0 0.91534817,
                    -1 -0 -0,
                    -1 -0 -0,
                    -1 -0 -0,
                    -1 -0 -0,
                    -8.6121087e-29 -1 9.730542e-29,
                    -8.6121087e-29 -1 9.730542e-29,
                    -8.6121087e-29 -1 9.730542e-29,
                    -8.6121087e-29 -1 9.730542e-29,
                    -8.6121087e-29 -1 9.730542e-29,
                    -8.6121087e-29 -1 9.730542e-29,
                    -8.6121087e-29 -1 9.730542e-29,
                    -8.6121087e-29 -1 9.730542e-29,
                    -8.6121087e-29 -1 9.730542e-29,
                    -8.6121087e-29 -1 9.730542e-29,
                    -8.6121087e-29 -1 9.730542e-29,
                    -8.6121087e-29 -1 9.730542e-29,
                    -8.6121087e-29 -1 9.730542e-29,
                    -8.6121087e-29 -1 9.730542e-29,
                    -0 -0 -1,
                    -0 -0 -1,
                    -0 -0 -1,
                    -0 -0 -1,
                    0 0 -1,
                    0 0 -1,
                    0.40266323 0 -0.91534817,
                    0.73715413 0 -0.67572463,
                    0.73715413 0 -0.67572463,
                    0.40266323 0 -0.91534817,
                    0.73715413 0 -0.67572463,
                    0.73715413 0 -0.67572463,
                    0.73715413 0 -0.67572463,
                    0.73715413 0 -0.67572463,
                    -0 -0 -1,
                    -0 -0 -1,
                    -0 -0 -1,
                    -0 -0 -1,
                    1 0 0,
                    1 0 0,
                    1 0 0,
                    1 0 0,
                    -0.73715413 -0 0.67572463,
                    -0.73715413 -0 0.67572463,
                    -0.73715413 -0 0.67572463,
                    -0.73715413 -0 0.67572463,
                    0 0 1,
                    0 0 1,
                    0 0 1,
                    0 0 1,
                    -0.73715413 0 0.67572463,
                    -0.40266323 0 0.91534817,
                    -8.2245322e-13 0 1,
                    -4.0945025e-13 0 1,
                    -0.40266323 0 0.91534817,
                    -0.73715413 0 0.67572463

                  ]
                }
                coordIndex [
                  2 1 0 -1 
                  3 1 2 -1 
                  1 5 4 -1 
                  1 4 0 -1 
                  22 5 1 -1 
                  24 5 22 -1 
                  12 22 6 -1 
                  11 12 6 -1 
                  11 7 23 -1 
                  11 23 8 -1 
                  10 8 9 -1 
                  11 6 7 -1 
                  11 8 10 -1 
                  24 22 12 -1 
                  22 1 3 -1 
                  25 22 3 -1 
                  13 6 22 -1 
                  25 13 22 -1 
                  14 2 4 -1 
                  0 4 2 -1 
                  25 15 26 -1 
                  18 19 17 -1 
                  13 16 17 -1 
                  20 17 19 -1 
                  27 17 20 -1 
                  21 17 27 -1 
                  25 26 16 -1 
                  13 17 21 -1 
                  3 14 15 -1 
                  25 16 13 -1 
                  3 15 25 -1 
                  2 14 3 -1 
                  14 5 15 -1 
                  14 4 5 -1 
                  24 15 5 -1 
                  26 15 24 -1 
                  16 24 12 -1 
                  26 24 16 -1 
                  12 11 17 -1 
                  12 17 16 -1 
                  11 10 17 -1 
                  18 17 10 -1 
                  18 10 19 -1 
                  9 19 10 -1 
                  6 21 7 -1 
                  6 13 21 -1 
                  9 20 19 -1 
                  8 20 9 -1 
                  8 27 20 -1 
                  23 21 27 -1 
                  23 27 8 -1 
                  7 21 23 -1 
                ]
                normalIndex [
                  2 0 1 -1 
                  3 0 2 -1 
                  7 4 5 -1 
                  7 5 6 -1 
                  8 4 7 -1 
                  17 4 8 -1 
                  16 8 9 -1 
                  15 16 9 -1 
                  15 10 11 -1 
                  15 11 12 -1 
                  14 12 13 -1 
                  15 9 10 -1 
                  15 12 14 -1 
                  17 8 16 -1 
                  20 19 18 -1 
                  23 20 18 -1 
                  22 21 20 -1 
                  23 22 20 -1 
                  25 24 26 -1 
                  27 26 24 -1 
                  39 29 30 -1 
                  33 34 32 -1 
                  38 31 32 -1 
                  35 32 34 -1 
                  36 32 35 -1 
                  37 32 36 -1 
                  39 30 31 -1 
                  38 32 37 -1 
                  40 28 29 -1 
                  39 31 38 -1 
                  40 29 39 -1 
                  41 28 40 -1 
                  44 42 45 -1 
                  44 43 42 -1 
                  48 46 47 -1 
                  51 46 48 -1 
                  50 48 49 -1 
                  51 48 50 -1 
                  54 55 52 -1 
                  54 52 53 -1 
                  57 56 58 -1 
                  59 58 56 -1 
                  61 62 60 -1 
                  63 60 62 -1 
                  66 64 67 -1 
                  66 65 64 -1 
                  70 68 69 -1 
                  71 68 70 -1 
                  75 73 74 -1 
                  76 72 73 -1 
                  76 73 75 -1 
                  77 72 76 -1 
                ]
              }
            }
            DEF PinsArrayLR_16 Shape {
              appearance DEF __70 Appearance {
                material DEF __71 Material {
                  ambientIntensity 0.260947436094
                  diffuseColor 0.73400002718 0.773000001907 0.79699999094
                  shininess 0
                }
              }
              geometry DEF __72 IndexedFaceSet {
                solid FALSE
                coord Coordinate {
                  point [
                    0.0076467783776 0.00261 0.00011,
                    0.008 0.00261 0.00011,
                    0.0076467783776 0.00239 0.00011,
                    0.008 0.00239 0.00011,
                    0.0075983891888 0.00261 0,
                    0.008 0.00261 0,
                    0.00751730223337 0.00261 3.56702908631e-05,
                    0.00703269776662 0.00261 0.000564329709137,
                    0.007 0.00261 0.000564329709137,
                    0.007 0.00261 0.000674329709137,
                    0.00703269776662 0.00261 0.000674329709137,
                    0.00711378472205 0.00261 0.000638659418274,
                    0.00756569142217 0.00261 0.000145670290863,
                    0.00756569142217 0.00239 0.000145670290863,
                    0.008 0.00239 0,
                    0.0075983891888 0.00239 0,
                    0.00711378472205 0.00239 0.000638659418274,
                    0.00703269776662 0.00239 0.000674329709137,
                    0.007 0.00239 0.000674329709137,
                    0.007 0.00239 0.000564329709137,
                    0.00703269776662 0.00239 0.000564329709137,
                    0.00751730223337 0.00239 3.56702908631e-05,
                    0.00755409623228 0.00261 9.31169878033e-06,
                    0.00707699072315 0.00261 0.000665018010357,
                    0.00760248542107 0.00261 0.00011931169878,
                    0.00760248542107 0.00239 0.00011931169878,
                    0.00707699072315 0.00239 0.000665018010357,
                    0.00755409623228 0.00239 9.31169878032e-06

                  ]
                }
                normal Normal {
                  vector [
                    0 0 1,
                    0 0 1,
                    0 0 1,
                    0 0 1,
                    8.6526525e-30 1 8.6637658e-30,
                    8.6526525e-30 1 8.6637658e-30,
                    8.6526525e-30 1 8.6637658e-30,
                    8.6526525e-30 1 8.6637658e-30,
                    8.6526525e-30 1 8.6637658e-30,
                    8.6526525e-30 1 8.6637658e-30,
                    8.6526525e-30 1 8.6637658e-30,
                    8.6526525e-30 1 8.6637658e-30,
                    8.6526525e-30 1 8.6637658e-30,
                    8.6526525e-30 1 8.6637658e-30,
                    8.6526525e-30 1 8.6637658e-30,
                    8.6526525e-30 1 8.6637658e-30,
                    8.6526525e-30 1 8.6637658e-30,
                    8.6526525e-30 1 8.6637658e-30,
                    -0 -0 1,
                    0.40266323 -0 0.91534817,
                    0.73715413 -0 0.67572463,
                    0.73715413 -0 0.67572463,
                    0.40266323 -0 0.91534817,
                    -0 -0 1,
                    1 0 0,
                    1 0 0,
                    1 0 0,
                    1 0 0,
                    2.550407e-28 -1 2.795957e-28,
                    2.550407e-28 -1 2.795957e-28,
                    2.550407e-28 -1 2.795957e-28,
                    2.550407e-28 -1 2.795957e-28,
                    2.550407e-28 -1 2.795957e-28,
                    2.550407e-28 -1 2.795957e-28,
                    2.550407e-28 -1 2.795957e-28,
                    2.550407e-28 -1 2.795957e-28,
                    2.550407e-28 -1 2.795957e-28,
                    2.550407e-28 -1 2.795957e-28,
                    2.550407e-28 -1 2.795957e-28,
                    2.550407e-28 -1 2.795957e-28,
                    2.550407e-28 -1 2.795957e-28,
                    2.550407e-28 -1 2.795957e-28,
                    -0 -0 -1,
                    -0 -0 -1,
                    -0 -0 -1,
                    -0 -0 -1,
                    2.0694557e-13 0 -1,
                    -0.40266323 0 -0.91534817,
                    -0.73715413 0 -0.67572463,
                    -0.73715413 0 -0.67572463,
                    -0.40266323 0 -0.91534817,
                    0 0 -1,
                    -0.73715413 -0 -0.67572463,
                    -0.73715413 -0 -0.67572463,
                    -0.73715413 -0 -0.67572463,
                    -0.73715413 -0 -0.67572463,
                    -0 -0 -1,
                    -0 -0 -1,
                    -0 -0 -1,
                    -0 -0 -1,
                    -1 -0 -0,
                    -1 -0 -0,
                    -1 -0 -0,
                    -1 -0 -0,
                    0.73715413 0 0.67572463,
                    0.73715413 0 0.67572463,
                    0.73715413 0 0.67572463,
                    0.73715413 0 0.67572463,
                    0 0 1,
                    0 0 1,
                    0 0 1,
                    0 0 1,
                    0.73715413 0 0.67572463,
                    0.73715413 0 0.67572463,
                    0.40266323 0 0.91534817,
                    1.5454305e-12 0 1,
                    4.0856207e-13 0 1,
                    0.40266323 0 0.91534817

                  ]
                }
                coordIndex [
                  0 2 1 -1 
                  3 1 2 -1 
                  24 4 22 -1 
                  12 6 7 -1 
                  9 7 8 -1 
                  10 7 9 -1 
                  23 7 10 -1 
                  11 7 23 -1 
                  24 22 6 -1 
                  12 7 11 -1 
                  0 5 4 -1 
                  24 6 12 -1 
                  0 1 5 -1 
                  0 4 24 -1 
                  12 13 25 -1 
                  24 25 2 -1 
                  24 12 25 -1 
                  0 24 2 -1 
                  14 5 3 -1 
                  1 3 5 -1 
                  2 15 14 -1 
                  2 14 3 -1 
                  25 15 2 -1 
                  27 15 25 -1 
                  21 25 13 -1 
                  20 21 13 -1 
                  20 16 26 -1 
                  20 26 17 -1 
                  19 17 18 -1 
                  20 13 16 -1 
                  20 17 19 -1 
                  27 25 21 -1 
                  5 14 15 -1 
                  4 5 15 -1 
                  6 27 21 -1 
                  22 15 27 -1 
                  22 27 6 -1 
                  4 15 22 -1 
                  6 20 7 -1 
                  6 21 20 -1 
                  8 7 19 -1 
                  20 19 7 -1 
                  9 19 18 -1 
                  9 8 19 -1 
                  12 11 16 -1 
                  12 16 13 -1 
                  9 18 10 -1 
                  17 10 18 -1 
                  23 16 11 -1 
                  26 16 23 -1 
                  17 23 10 -1 
                  26 23 17 -1 
                ]
                normalIndex [
                  1 2 0 -1 
                  3 0 2 -1 
                  15 5 6 -1 
                  14 7 8 -1 
                  10 8 9 -1 
                  11 8 10 -1 
                  12 8 11 -1 
                  13 8 12 -1 
                  15 6 7 -1 
                  14 8 13 -1 
                  16 4 5 -1 
                  15 7 14 -1 
                  16 17 4 -1 
                  16 5 15 -1 
                  21 20 19 -1 
                  22 19 18 -1 
                  22 21 19 -1 
                  23 22 18 -1 
                  25 26 24 -1 
                  27 24 26 -1 
                  31 28 29 -1 
                  31 29 30 -1 
                  32 28 31 -1 
                  41 28 32 -1 
                  40 32 33 -1 
                  39 40 33 -1 
                  39 34 35 -1 
                  39 35 36 -1 
                  38 36 37 -1 
                  39 33 34 -1 
                  39 36 38 -1 
                  41 32 40 -1 
                  44 43 42 -1 
                  45 44 42 -1 
                  49 47 48 -1 
                  50 46 47 -1 
                  50 47 49 -1 
                  51 46 50 -1 
                  54 52 55 -1 
                  54 53 52 -1 
                  57 56 58 -1 
                  59 58 56 -1 
                  62 60 63 -1 
                  62 61 60 -1 
                  66 67 64 -1 
                  66 64 65 -1 
                  69 70 68 -1 
                  71 68 70 -1 
                  74 72 73 -1 
                  77 72 74 -1 
                  76 74 75 -1 
                  77 74 76 -1 
                ]
              }
            }
            DEF PinsArrayLR_17 Shape {
              appearance DEF __74 Appearance {
                material DEF __75 Material {
                  ambientIntensity 0.260947436094
                  diffuseColor 0.73400002718 0.773000001907 0.79699999094
                  shininess 0
                }
              }
              geometry DEF __76 IndexedFaceSet {
                solid FALSE
                coord Coordinate {
                  point [
                    -0.008 0.00211 0.00011,
                    -0.0076467783776 0.00211 0.00011,
                    -0.008 0.00189 0.00011,
                    -0.0076467783776 0.00189 0.00011,
                    -0.008 0.00211 0,
                    -0.0075983891888 0.00211 0,
                    -0.00756569142217 0.00211 0.000145670290863,
                    -0.00711378472205 0.00211 0.000638659418274,
                    -0.00703269776662 0.00211 0.000674329709137,
                    -0.007 0.00211 0.000674329709137,
                    -0.007 0.00211 0.000564329709137,
                    -0.00703269776662 0.00211 0.000564329709137,
                    -0.00751730223337 0.00211 3.56702908631e-05,
                    -0.00756569142217 0.00189 0.000145670290863,
                    -0.008 0.00189 0,
                    -0.0075983891888 0.00189 0,
                    -0.00751730223337 0.00189 3.56702908631e-05,
                    -0.00703269776662 0.00189 0.000564329709137,
                    -0.007 0.00189 0.000564329709137,
                    -0.007 0.00189 0.000674329709137,
                    -0.00703269776662 0.00189 0.000674329709137,
                    -0.00711378472205 0.00189 0.000638659418274,
                    -0.00760248542107 0.00211 0.00011931169878,
                    -0.00707699072315 0.00211 0.000665018010357,
                    -0.00755409623228 0.00211 9.31169878032e-06,
                    -0.00760248542107 0.00189 0.00011931169878,
                    -0.00755409623228 0.00189 9.31169878032e-06,
                    -0.00707699072315 0.00189 0.000665018010357

                  ]
                }
                normal Normal {
                  vector [
                    0 0 1,
                    0 0 1,
                    0 0 1,
                    0 0 1,
                    0 1 0,
                    0 1 0,
                    0 1 0,
                    0 1 0,
                    0 1 0,
                    0 1 0,
                    0 1 0,
                    0 1 0,
                    0 1 0,
                    0 1 0,
                    0 1 0,
                    0 1 0,
                    0 1 0,
                    0 1 0,
                    -0 -0 1,
                    -0 -0 1,
                    -0.40266323 -0 0.91534817,
                    -0.73715413 -0 0.67572463,
                    -0.73715413 -0 0.67572463,
                    -0.40266323 -0 0.91534817,
                    -1 -0 -0,
                    -1 -0 -0,
                    -1 -0 -0,
                    -1 -0 -0,
                    -8.6121087e-29 -1 9.730542e-29,
                    -8.6121087e-29 -1 9.730542e-29,
                    -8.6121087e-29 -1 9.730542e-29,
                    -8.6121087e-29 -1 9.730542e-29,
                    -8.6121087e-29 -1 9.730542e-29,
                    -8.6121087e-29 -1 9.730542e-29,
                    -8.6121087e-29 -1 9.730542e-29,
                    -8.6121087e-29 -1 9.730542e-29,
                    -8.6121087e-29 -1 9.730542e-29,
                    -8.6121087e-29 -1 9.730542e-29,
                    -8.6121087e-29 -1 9.730542e-29,
                    -8.6121087e-29 -1 9.730542e-29,
                    -8.6121087e-29 -1 9.730542e-29,
                    -8.6121087e-29 -1 9.730542e-29,
                    -0 -0 -1,
                    -0 -0 -1,
                    -0 -0 -1,
                    -0 -0 -1,
                    0 0 -1,
                    0 0 -1,
                    0.40266323 0 -0.91534817,
                    0.73715413 0 -0.67572463,
                    0.73715413 0 -0.67572463,
                    0.40266323 0 -0.91534817,
                    0.73715413 0 -0.67572463,
                    0.73715413 0 -0.67572463,
                    0.73715413 0 -0.67572463,
                    0.73715413 0 -0.67572463,
                    -0 -0 -1,
                    -0 -0 -1,
                    -0 -0 -1,
                    -0 -0 -1,
                    1 0 0,
                    1 0 0,
                    1 0 0,
                    1 0 0,
                    -0.73715413 -0 0.67572463,
                    -0.73715413 -0 0.67572463,
                    -0.73715413 -0 0.67572463,
                    -0.73715413 -0 0.67572463,
                    0 0 1,
                    0 0 1,
                    0 0 1,
                    0 0 1,
                    -0.73715413 0 0.67572463,
                    -0.40266323 0 0.91534817,
                    -8.2245322e-13 0 1,
                    -4.0945025e-13 0 1,
                    -0.40266323 0 0.91534817,
                    -0.73715413 0 0.67572463

                  ]
                }
                coordIndex [
                  2 1 0 -1 
                  3 1 2 -1 
                  1 5 4 -1 
                  1 4 0 -1 
                  22 5 1 -1 
                  24 5 22 -1 
                  12 22 6 -1 
                  11 12 6 -1 
                  11 7 23 -1 
                  11 23 8 -1 
                  10 8 9 -1 
                  11 6 7 -1 
                  11 8 10 -1 
                  24 22 12 -1 
                  22 1 3 -1 
                  25 22 3 -1 
                  13 6 22 -1 
                  25 13 22 -1 
                  14 2 4 -1 
                  0 4 2 -1 
                  25 15 26 -1 
                  18 19 17 -1 
                  13 16 17 -1 
                  20 17 19 -1 
                  27 17 20 -1 
                  21 17 27 -1 
                  25 26 16 -1 
                  13 17 21 -1 
                  3 14 15 -1 
                  25 16 13 -1 
                  3 15 25 -1 
                  2 14 3 -1 
                  14 5 15 -1 
                  14 4 5 -1 
                  24 15 5 -1 
                  26 15 24 -1 
                  16 24 12 -1 
                  26 24 16 -1 
                  12 11 17 -1 
                  12 17 16 -1 
                  11 10 17 -1 
                  18 17 10 -1 
                  18 10 19 -1 
                  9 19 10 -1 
                  6 21 7 -1 
                  6 13 21 -1 
                  9 20 19 -1 
                  8 20 9 -1 
                  8 27 20 -1 
                  23 21 27 -1 
                  23 27 8 -1 
                  7 21 23 -1 
                ]
                normalIndex [
                  2 0 1 -1 
                  3 0 2 -1 
                  7 4 5 -1 
                  7 5 6 -1 
                  8 4 7 -1 
                  17 4 8 -1 
                  16 8 9 -1 
                  15 16 9 -1 
                  15 10 11 -1 
                  15 11 12 -1 
                  14 12 13 -1 
                  15 9 10 -1 
                  15 12 14 -1 
                  17 8 16 -1 
                  20 19 18 -1 
                  23 20 18 -1 
                  22 21 20 -1 
                  23 22 20 -1 
                  25 24 26 -1 
                  27 26 24 -1 
                  39 29 30 -1 
                  33 34 32 -1 
                  38 31 32 -1 
                  35 32 34 -1 
                  36 32 35 -1 
                  37 32 36 -1 
                  39 30 31 -1 
                  38 32 37 -1 
                  40 28 29 -1 
                  39 31 38 -1 
                  40 29 39 -1 
                  41 28 40 -1 
                  44 42 45 -1 
                  44 43 42 -1 
                  48 46 47 -1 
                  51 46 48 -1 
                  50 48 49 -1 
                  51 48 50 -1 
                  54 55 52 -1 
                  54 52 53 -1 
                  57 56 58 -1 
                  59 58 56 -1 
                  61 62 60 -1 
                  63 60 62 -1 
                  66 64 67 -1 
                  66 65 64 -1 
                  70 68 69 -1 
                  71 68 70 -1 
                  75 73 74 -1 
                  76 72 73 -1 
                  76 73 75 -1 
                  77 72 76 -1 
                ]
              }
            }
            DEF PinsArrayLR_18 Shape {
              appearance DEF __78 Appearance {
                material DEF __79 Material {
                  ambientIntensity 0.260947436094
                  diffuseColor 0.73400002718 0.773000001907 0.79699999094
                  shininess 0
                }
              }
              geometry DEF __80 IndexedFaceSet {
                solid FALSE
                coord Coordinate {
                  point [
                    0.0076467783776 0.00211 0.00011,
                    0.008 0.00211 0.00011,
                    0.0076467783776 0.00189 0.00011,
                    0.008 0.00189 0.00011,
                    0.0075983891888 0.00211 0,
                    0.008 0.00211 0,
                    0.00751730223337 0.00211 3.56702908631e-05,
                    0.00703269776662 0.00211 0.000564329709137,
                    0.007 0.00211 0.000564329709137,
                    0.007 0.00211 0.000674329709137,
                    0.00703269776662 0.00211 0.000674329709137,
                    0.00711378472205 0.00211 0.000638659418274,
                    0.00756569142217 0.00211 0.000145670290863,
                    0.00756569142217 0.00189 0.000145670290863,
                    0.008 0.00189 0,
                    0.0075983891888 0.00189 0,
                    0.00711378472205 0.00189 0.000638659418274,
                    0.00703269776662 0.00189 0.000674329709137,
                    0.007 0.00189 0.000674329709137,
                    0.007 0.00189 0.000564329709137,
                    0.00703269776662 0.00189 0.000564329709137,
                    0.00751730223337 0.00189 3.56702908631e-05,
                    0.00755409623228 0.00211 9.31169878033e-06,
                    0.00707699072315 0.00211 0.000665018010357,
                    0.00760248542107 0.00211 0.00011931169878,
                    0.00760248542107 0.00189 0.00011931169878,
                    0.00707699072315 0.00189 0.000665018010357,
                    0.00755409623228 0.00189 9.31169878032e-06

                  ]
                }
                normal Normal {
                  vector [
                    0 0 1,
                    0 0 1,
                    0 0 1,
                    0 0 1,
                    8.6526525e-30 1 8.6637658e-30,
                    8.6526525e-30 1 8.6637658e-30,
                    8.6526525e-30 1 8.6637658e-30,
                    8.6526525e-30 1 8.6637658e-30,
                    8.6526525e-30 1 8.6637658e-30,
                    8.6526525e-30 1 8.6637658e-30,
                    8.6526525e-30 1 8.6637658e-30,
                    8.6526525e-30 1 8.6637658e-30,
                    8.6526525e-30 1 8.6637658e-30,
                    8.6526525e-30 1 8.6637658e-30,
                    8.6526525e-30 1 8.6637658e-30,
                    8.6526525e-30 1 8.6637658e-30,
                    8.6526525e-30 1 8.6637658e-30,
                    8.6526525e-30 1 8.6637658e-30,
                    -0 -0 1,
                    0.40266323 -0 0.91534817,
                    0.73715413 -0 0.67572463,
                    0.73715413 -0 0.67572463,
                    0.40266323 -0 0.91534817,
                    -0 -0 1,
                    1 0 0,
                    1 0 0,
                    1 0 0,
                    1 0 0,
                    2.550407e-28 -1 2.795957e-28,
                    2.550407e-28 -1 2.795957e-28,
                    2.550407e-28 -1 2.795957e-28,
                    2.550407e-28 -1 2.795957e-28,
                    2.550407e-28 -1 2.795957e-28,
                    2.550407e-28 -1 2.795957e-28,
                    2.550407e-28 -1 2.795957e-28,
                    2.550407e-28 -1 2.795957e-28,
                    2.550407e-28 -1 2.795957e-28,
                    2.550407e-28 -1 2.795957e-28,
                    2.550407e-28 -1 2.795957e-28,
                    2.550407e-28 -1 2.795957e-28,
                    2.550407e-28 -1 2.795957e-28,
                    2.550407e-28 -1 2.795957e-28,
                    -0 -0 -1,
                    -0 -0 -1,
                    -0 -0 -1,
                    -0 -0 -1,
                    2.0694557e-13 0 -1,
                    -0.40266323 0 -0.91534817,
                    -0.73715413 0 -0.67572463,
                    -0.73715413 0 -0.67572463,
                    -0.40266323 0 -0.91534817,
                    0 0 -1,
                    -0.73715413 -0 -0.67572463,
                    -0.73715413 -0 -0.67572463,
                    -0.73715413 -0 -0.67572463,
                    -0.73715413 -0 -0.67572463,
                    -0 -0 -1,
                    -0 -0 -1,
                    -0 -0 -1,
                    -0 -0 -1,
                    -1 -0 -0,
                    -1 -0 -0,
                    -1 -0 -0,
                    -1 -0 -0,
                    0.73715413 0 0.67572463,
                    0.73715413 0 0.67572463,
                    0.73715413 0 0.67572463,
                    0.73715413 0 0.67572463,
                    0 0 1,
                    0 0 1,
                    0 0 1,
                    0 0 1,
                    0.73715413 0 0.67572463,
                    0.73715413 0 0.67572463,
                    0.40266323 0 0.91534817,
                    1.5454305e-12 0 1,
                    4.0856207e-13 0 1,
                    0.40266323 0 0.91534817

                  ]
                }
                coordIndex [
                  0 2 1 -1 
                  3 1 2 -1 
                  24 4 22 -1 
                  12 6 7 -1 
                  9 7 8 -1 
                  10 7 9 -1 
                  23 7 10 -1 
                  11 7 23 -1 
                  24 22 6 -1 
                  12 7 11 -1 
                  0 5 4 -1 
                  24 6 12 -1 
                  0 1 5 -1 
                  0 4 24 -1 
                  12 13 25 -1 
                  24 25 2 -1 
                  24 12 25 -1 
                  0 24 2 -1 
                  14 5 3 -1 
                  1 3 5 -1 
                  2 15 14 -1 
                  2 14 3 -1 
                  25 15 2 -1 
                  27 15 25 -1 
                  21 25 13 -1 
                  20 21 13 -1 
                  20 16 26 -1 
                  20 26 17 -1 
                  19 17 18 -1 
                  20 13 16 -1 
                  20 17 19 -1 
                  27 25 21 -1 
                  5 14 15 -1 
                  4 5 15 -1 
                  6 27 21 -1 
                  22 15 27 -1 
                  22 27 6 -1 
                  4 15 22 -1 
                  6 20 7 -1 
                  6 21 20 -1 
                  8 7 19 -1 
                  20 19 7 -1 
                  9 19 18 -1 
                  9 8 19 -1 
                  12 11 16 -1 
                  12 16 13 -1 
                  9 18 10 -1 
                  17 10 18 -1 
                  23 16 11 -1 
                  26 16 23 -1 
                  17 23 10 -1 
                  26 23 17 -1 
                ]
                normalIndex [
                  1 2 0 -1 
                  3 0 2 -1 
                  15 5 6 -1 
                  14 7 8 -1 
                  10 8 9 -1 
                  11 8 10 -1 
                  12 8 11 -1 
                  13 8 12 -1 
                  15 6 7 -1 
                  14 8 13 -1 
                  16 4 5 -1 
                  15 7 14 -1 
                  16 17 4 -1 
                  16 5 15 -1 
                  21 20 19 -1 
                  22 19 18 -1 
                  22 21 19 -1 
                  23 22 18 -1 
                  25 26 24 -1 
                  27 24 26 -1 
                  31 28 29 -1 
                  31 29 30 -1 
                  32 28 31 -1 
                  41 28 32 -1 
                  40 32 33 -1 
                  39 40 33 -1 
                  39 34 35 -1 
                  39 35 36 -1 
                  38 36 37 -1 
                  39 33 34 -1 
                  39 36 38 -1 
                  41 32 40 -1 
                  44 43 42 -1 
                  45 44 42 -1 
                  49 47 48 -1 
                  50 46 47 -1 
                  50 47 49 -1 
                  51 46 50 -1 
                  54 52 55 -1 
                  54 53 52 -1 
                  57 56 58 -1 
                  59 58 56 -1 
                  62 60 63 -1 
                  62 61 60 -1 
                  66 67 64 -1 
                  66 64 65 -1 
                  69 70 68 -1 
                  71 68 70 -1 
                  74 72 73 -1 
                  77 72 74 -1 
                  76 74 75 -1 
                  77 74 76 -1 
                ]
              }
            }
            DEF PinsArrayLR_19 Shape {
              appearance DEF __82 Appearance {
                material DEF __83 Material {
                  ambientIntensity 0.260947436094
                  diffuseColor 0.73400002718 0.773000001907 0.79699999094
                  shininess 0
                }
              }
              geometry DEF __84 IndexedFaceSet {
                solid FALSE
                coord Coordinate {
                  point [
                    -0.008 0.00161 0.00011,
                    -0.0076467783776 0.00161 0.00011,
                    -0.008 0.00139 0.00011,
                    -0.0076467783776 0.00139 0.00011,
                    -0.008 0.00161 0,
                    -0.0075983891888 0.00161 0,
                    -0.00756569142217 0.00161 0.000145670290863,
                    -0.00711378472205 0.00161 0.000638659418274,
                    -0.00703269776662 0.00161 0.000674329709137,
                    -0.007 0.00161 0.000674329709137,
                    -0.007 0.00161 0.000564329709137,
                    -0.00703269776662 0.00161 0.000564329709137,
                    -0.00751730223337 0.00161 3.56702908631e-05,
                    -0.00756569142217 0.00139 0.000145670290863,
                    -0.008 0.00139 0,
                    -0.0075983891888 0.00139 0,
                    -0.00751730223337 0.00139 3.56702908631e-05,
                    -0.00703269776662 0.00139 0.000564329709137,
                    -0.007 0.00139 0.000564329709137,
                    -0.007 0.00139 0.000674329709137,
                    -0.00703269776662 0.00139 0.000674329709137,
                    -0.00711378472205 0.00139 0.000638659418274,
                    -0.00760248542107 0.00161 0.00011931169878,
                    -0.00707699072315 0.00161 0.000665018010357,
                    -0.00755409623228 0.00161 9.31169878032e-06,
                    -0.00760248542107 0.00139 0.00011931169878,
                    -0.00755409623228 0.00139 9.31169878032e-06,
                    -0.00707699072315 0.00139 0.000665018010357

                  ]
                }
                normal Normal {
                  vector [
                    0 0 1,
                    0 0 1,
                    0 0 1,
                    0 0 1,
                    0 1 0,
                    0 1 0,
                    0 1 0,
                    0 1 0,
                    0 1 0,
                    0 1 0,
                    0 1 0,
                    0 1 0,
                    0 1 0,
                    0 1 0,
                    0 1 0,
                    0 1 0,
                    0 1 0,
                    0 1 0,
                    -0 -0 1,
                    -0 -0 1,
                    -0.40266323 -0 0.91534817,
                    -0.73715413 -0 0.67572463,
                    -0.73715413 -0 0.67572463,
                    -0.40266323 -0 0.91534817,
                    -1 -0 -0,
                    -1 -0 -0,
                    -1 -0 -0,
                    -1 -0 -0,
                    -8.6121087e-29 -1 9.730542e-29,
                    -8.6121087e-29 -1 9.730542e-29,
                    -8.6121087e-29 -1 9.730542e-29,
                    -8.6121087e-29 -1 9.730542e-29,
                    -8.6121087e-29 -1 9.730542e-29,
                    -8.6121087e-29 -1 9.730542e-29,
                    -8.6121087e-29 -1 9.730542e-29,
                    -8.6121087e-29 -1 9.730542e-29,
                    -8.6121087e-29 -1 9.730542e-29,
                    -8.6121087e-29 -1 9.730542e-29,
                    -8.6121087e-29 -1 9.730542e-29,
                    -8.6121087e-29 -1 9.730542e-29,
                    -8.6121087e-29 -1 9.730542e-29,
                    -8.6121087e-29 -1 9.730542e-29,
                    -0 -0 -1,
                    -0 -0 -1,
                    -0 -0 -1,
                    -0 -0 -1,
                    0 0 -1,
                    0 0 -1,
                    0.40266323 0 -0.91534817,
                    0.73715413 0 -0.67572463,
                    0.73715413 0 -0.67572463,
                    0.40266323 0 -0.91534817,
                    0.73715413 0 -0.67572463,
                    0.73715413 0 -0.67572463,
                    0.73715413 0 -0.67572463,
                    0.73715413 0 -0.67572463,
                    -0 -0 -1,
                    -0 -0 -1,
                    -0 -0 -1,
                    -0 -0 -1,
                    1 0 0,
                    1 0 0,
                    1 0 0,
                    1 0 0,
                    -0.73715413 -0 0.67572463,
                    -0.73715413 -0 0.67572463,
                    -0.73715413 -0 0.67572463,
                    -0.73715413 -0 0.67572463,
                    0 0 1,
                    0 0 1,
                    0 0 1,
                    0 0 1,
                    -0.73715413 0 0.67572463,
                    -0.40266323 0 0.91534817,
                    -8.2245322e-13 0 1,
                    -4.0945025e-13 0 1,
                    -0.40266323 0 0.91534817,
                    -0.73715413 0 0.67572463

                  ]
                }
                coordIndex [
                  2 1 0 -1 
                  3 1 2 -1 
                  1 5 4 -1 
                  1 4 0 -1 
                  22 5 1 -1 
                  24 5 22 -1 
                  12 22 6 -1 
                  11 12 6 -1 
                  11 7 23 -1 
                  11 23 8 -1 
                  10 8 9 -1 
                  11 6 7 -1 
                  11 8 10 -1 
                  24 22 12 -1 
                  22 1 3 -1 
                  25 22 3 -1 
                  13 6 22 -1 
                  25 13 22 -1 
                  14 2 4 -1 
                  0 4 2 -1 
                  25 15 26 -1 
                  18 19 17 -1 
                  13 16 17 -1 
                  20 17 19 -1 
                  27 17 20 -1 
                  21 17 27 -1 
                  25 26 16 -1 
                  13 17 21 -1 
                  3 14 15 -1 
                  25 16 13 -1 
                  3 15 25 -1 
                  2 14 3 -1 
                  14 5 15 -1 
                  14 4 5 -1 
                  24 15 5 -1 
                  26 15 24 -1 
                  16 24 12 -1 
                  26 24 16 -1 
                  12 11 17 -1 
                  12 17 16 -1 
                  11 10 17 -1 
                  18 17 10 -1 
                  18 10 19 -1 
                  9 19 10 -1 
                  6 21 7 -1 
                  6 13 21 -1 
                  9 20 19 -1 
                  8 20 9 -1 
                  8 27 20 -1 
                  23 21 27 -1 
                  23 27 8 -1 
                  7 21 23 -1 
                ]
                normalIndex [
                  2 0 1 -1 
                  3 0 2 -1 
                  7 4 5 -1 
                  7 5 6 -1 
                  8 4 7 -1 
                  17 4 8 -1 
                  16 8 9 -1 
                  15 16 9 -1 
                  15 10 11 -1 
                  15 11 12 -1 
                  14 12 13 -1 
                  15 9 10 -1 
                  15 12 14 -1 
                  17 8 16 -1 
                  20 19 18 -1 
                  23 20 18 -1 
                  22 21 20 -1 
                  23 22 20 -1 
                  25 24 26 -1 
                  27 26 24 -1 
                  39 29 30 -1 
                  33 34 32 -1 
                  38 31 32 -1 
                  35 32 34 -1 
                  36 32 35 -1 
                  37 32 36 -1 
                  39 30 31 -1 
                  38 32 37 -1 
                  40 28 29 -1 
                  39 31 38 -1 
                  40 29 39 -1 
                  41 28 40 -1 
                  44 42 45 -1 
                  44 43 42 -1 
                  48 46 47 -1 
                  51 46 48 -1 
                  50 48 49 -1 
                  51 48 50 -1 
                  54 55 52 -1 
                  54 52 53 -1 
                  57 56 58 -1 
                  59 58 56 -1 
                  61 62 60 -1 
                  63 60 62 -1 
                  66 64 67 -1 
                  66 65 64 -1 
                  70 68 69 -1 
                  71 68 70 -1 
                  75 73 74 -1 
                  76 72 73 -1 
                  76 73 75 -1 
                  77 72 76 -1 
                ]
              }
            }
            DEF PinsArrayLR_20 Shape {
              appearance DEF __86 Appearance {
                material DEF __87 Material {
                  ambientIntensity 0.260947436094
                  diffuseColor 0.73400002718 0.773000001907 0.79699999094
                  shininess 0
                }
              }
              geometry DEF __88 IndexedFaceSet {
                solid FALSE
                coord Coordinate {
                  point [
                    0.0076467783776 0.00161 0.00011,
                    0.008 0.00161 0.00011,
                    0.0076467783776 0.00139 0.00011,
                    0.008 0.00139 0.00011,
                    0.0075983891888 0.00161 0,
                    0.008 0.00161 0,
                    0.00751730223337 0.00161 3.56702908631e-05,
                    0.00703269776662 0.00161 0.000564329709137,
                    0.007 0.00161 0.000564329709137,
                    0.007 0.00161 0.000674329709137,
                    0.00703269776662 0.00161 0.000674329709137,
                    0.00711378472205 0.00161 0.000638659418274,
                    0.00756569142217 0.00161 0.000145670290863,
                    0.00756569142217 0.00139 0.000145670290863,
                    0.008 0.00139 0,
                    0.0075983891888 0.00139 0,
                    0.00711378472205 0.00139 0.000638659418274,
                    0.00703269776662 0.00139 0.000674329709137,
                    0.007 0.00139 0.000674329709137,
                    0.007 0.00139 0.000564329709137,
                    0.00703269776662 0.00139 0.000564329709137,
                    0.00751730223337 0.00139 3.56702908631e-05,
                    0.00755409623228 0.00161 9.31169878033e-06,
                    0.00707699072315 0.00161 0.000665018010357,
                    0.00760248542107 0.00161 0.00011931169878,
                    0.00760248542107 0.00139 0.00011931169878,
                    0.00707699072315 0.00139 0.000665018010357,
                    0.00755409623228 0.00139 9.31169878032e-06

                  ]
                }
                normal Normal {
                  vector [
                    0 0 1,
                    0 0 1,
                    0 0 1,
                    0 0 1,
                    8.6526525e-30 1 8.6637658e-30,
                    8.6526525e-30 1 8.6637658e-30,
                    8.6526525e-30 1 8.6637658e-30,
                    8.6526525e-30 1 8.6637658e-30,
                    8.6526525e-30 1 8.6637658e-30,
                    8.6526525e-30 1 8.6637658e-30,
                    8.6526525e-30 1 8.6637658e-30,
                    8.6526525e-30 1 8.6637658e-30,
                    8.6526525e-30 1 8.6637658e-30,
                    8.6526525e-30 1 8.6637658e-30,
                    8.6526525e-30 1 8.6637658e-30,
                    8.6526525e-30 1 8.6637658e-30,
                    8.6526525e-30 1 8.6637658e-30,
                    8.6526525e-30 1 8.6637658e-30,
                    -0 -0 1,
                    0.40266323 -0 0.91534817,
                    0.73715413 -0 0.67572463,
                    0.73715413 -0 0.67572463,
                    0.40266323 -0 0.91534817,
                    -0 -0 1,
                    1 0 0,
                    1 0 0,
                    1 0 0,
                    1 0 0,
                    2.550407e-28 -1 2.795957e-28,
                    2.550407e-28 -1 2.795957e-28,
                    2.550407e-28 -1 2.795957e-28,
                    2.550407e-28 -1 2.795957e-28,
                    2.550407e-28 -1 2.795957e-28,
                    2.550407e-28 -1 2.795957e-28,
                    2.550407e-28 -1 2.795957e-28,
                    2.550407e-28 -1 2.795957e-28,
                    2.550407e-28 -1 2.795957e-28,
                    2.550407e-28 -1 2.795957e-28,
                    2.550407e-28 -1 2.795957e-28,
                    2.550407e-28 -1 2.795957e-28,
                    2.550407e-28 -1 2.795957e-28,
                    2.550407e-28 -1 2.795957e-28,
                    -0 -0 -1,
                    -0 -0 -1,
                    -0 -0 -1,
                    -0 -0 -1,
                    2.0694557e-13 0 -1,
                    -0.40266323 0 -0.91534817,
                    -0.73715413 0 -0.67572463,
                    -0.73715413 0 -0.67572463,
                    -0.40266323 0 -0.91534817,
                    0 0 -1,
                    -0.73715413 -0 -0.67572463,
                    -0.73715413 -0 -0.67572463,
                    -0.73715413 -0 -0.67572463,
                    -0.73715413 -0 -0.67572463,
                    -0 -0 -1,
                    -0 -0 -1,
                    -0 -0 -1,
                    -0 -0 -1,
                    -1 -0 -0,
                    -1 -0 -0,
                    -1 -0 -0,
                    -1 -0 -0,
                    0.73715413 0 0.67572463,
                    0.73715413 0 0.67572463,
                    0.73715413 0 0.67572463,
                    0.73715413 0 0.67572463,
                    0 0 1,
                    0 0 1,
                    0 0 1,
                    0 0 1,
                    0.73715413 0 0.67572463,
                    0.73715413 0 0.67572463,
                    0.40266323 0 0.91534817,
                    1.5454305e-12 0 1,
                    4.0856207e-13 0 1,
                    0.40266323 0 0.91534817

                  ]
                }
                coordIndex [
                  0 2 1 -1 
                  3 1 2 -1 
                  24 4 22 -1 
                  12 6 7 -1 
                  9 7 8 -1 
                  10 7 9 -1 
                  23 7 10 -1 
                  11 7 23 -1 
                  24 22 6 -1 
                  12 7 11 -1 
                  0 5 4 -1 
                  24 6 12 -1 
                  0 1 5 -1 
                  0 4 24 -1 
                  12 13 25 -1 
                  24 25 2 -1 
                  24 12 25 -1 
                  0 24 2 -1 
                  14 5 3 -1 
                  1 3 5 -1 
                  2 15 14 -1 
                  2 14 3 -1 
                  25 15 2 -1 
                  27 15 25 -1 
                  21 25 13 -1 
                  20 21 13 -1 
                  20 16 26 -1 
                  20 26 17 -1 
                  19 17 18 -1 
                  20 13 16 -1 
                  20 17 19 -1 
                  27 25 21 -1 
                  5 14 15 -1 
                  4 5 15 -1 
                  6 27 21 -1 
                  22 15 27 -1 
                  22 27 6 -1 
                  4 15 22 -1 
                  6 20 7 -1 
                  6 21 20 -1 
                  8 7 19 -1 
                  20 19 7 -1 
                  9 19 18 -1 
                  9 8 19 -1 
                  12 11 16 -1 
                  12 16 13 -1 
                  9 18 10 -1 
                  17 10 18 -1 
                  23 16 11 -1 
                  26 16 23 -1 
                  17 23 10 -1 
                  26 23 17 -1 
                ]
                normalIndex [
                  1 2 0 -1 
                  3 0 2 -1 
                  15 5 6 -1 
                  14 7 8 -1 
                  10 8 9 -1 
                  11 8 10 -1 
                  12 8 11 -1 
                  13 8 12 -1 
                  15 6 7 -1 
                  14 8 13 -1 
                  16 4 5 -1 
                  15 7 14 -1 
                  16 17 4 -1 
                  16 5 15 -1 
                  21 20 19 -1 
                  22 19 18 -1 
                  22 21 19 -1 
                  23 22 18 -1 
                  25 26 24 -1 
                  27 24 26 -1 
                  31 28 29 -1 
                  31 29 30 -1 
                  32 28 31 -1 
                  41 28 32 -1 
                  40 32 33 -1 
                  39 40 33 -1 
                  39 34 35 -1 
                  39 35 36 -1 
                  38 36 37 -1 
                  39 33 34 -1 
                  39 36 38 -1 
                  41 32 40 -1 
                  44 43 42 -1 
                  45 44 42 -1 
                  49 47 48 -1 
                  50 46 47 -1 
                  50 47 49 -1 
                  51 46 50 -1 
                  54 52 55 -1 
                  54 53 52 -1 
                  57 56 58 -1 
                  59 58 56 -1 
                  62 60 63 -1 
                  62 61 60 -1 
                  66 67 64 -1 
                  66 64 65 -1 
                  69 70 68 -1 
                  71 68 70 -1 
                  74 72 73 -1 
                  77 72 74 -1 
                  76 74 75 -1 
                  77 74 76 -1 
                ]
              }
            }
            DEF PinsArrayLR_21 Shape {
              appearance DEF __90 Appearance {
                material DEF __91 Material {
                  ambientIntensity 0.260947436094
                  diffuseColor 0.73400002718 0.773000001907 0.79699999094
                  shininess 0
                }
              }
              geometry DEF __92 IndexedFaceSet {
                solid FALSE
                coord Coordinate {
                  point [
                    -0.008 0.00111 0.00011,
                    -0.0076467783776 0.00111 0.00011,
                    -0.008 0.00089 0.00011,
                    -0.0076467783776 0.00089 0.00011,
                    -0.008 0.00111 0,
                    -0.0075983891888 0.00111 0,
                    -0.00756569142217 0.00111 0.000145670290863,
                    -0.00711378472205 0.00111 0.000638659418274,
                    -0.00703269776662 0.00111 0.000674329709137,
                    -0.007 0.00111 0.000674329709137,
                    -0.007 0.00111 0.000564329709137,
                    -0.00703269776662 0.00111 0.000564329709137,
                    -0.00751730223337 0.00111 3.56702908631e-05,
                    -0.00756569142217 0.00089 0.000145670290863,
                    -0.008 0.00089 0,
                    -0.0075983891888 0.00089 0,
                    -0.00751730223337 0.00089 3.56702908631e-05,
                    -0.00703269776662 0.00089 0.000564329709137,
                    -0.007 0.00089 0.000564329709137,
                    -0.007 0.00089 0.000674329709137,
                    -0.00703269776662 0.00089 0.000674329709137,
                    -0.00711378472205 0.00089 0.000638659418274,
                    -0.00760248542107 0.00111 0.00011931169878,
                    -0.00707699072315 0.00111 0.000665018010357,
                    -0.00755409623228 0.00111 9.31169878032e-06,
                    -0.00760248542107 0.00089 0.00011931169878,
                    -0.00755409623228 0.00089 9.31169878032e-06,
                    -0.00707699072315 0.00089 0.000665018010357

                  ]
                }
                normal Normal {
                  vector [
                    0 0 1,
                    0 0 1,
                    0 0 1,
                    0 0 1,
                    0 1 0,
                    0 1 0,
                    0 1 0,
                    0 1 0,
                    0 1 0,
                    0 1 0,
                    0 1 0,
                    0 1 0,
                    0 1 0,
                    0 1 0,
                    0 1 0,
                    0 1 0,
                    0 1 0,
                    0 1 0,
                    -0 -0 1,
                    -0 -0 1,
                    -0.40266323 -0 0.91534817,
                    -0.73715413 -0 0.67572463,
                    -0.73715413 -0 0.67572463,
                    -0.40266323 -0 0.91534817,
                    -1 -0 -0,
                    -1 -0 -0,
                    -1 -0 -0,
                    -1 -0 -0,
                    -8.6121087e-29 -1 9.730542e-29,
                    -8.6121087e-29 -1 9.730542e-29,
                    -8.6121087e-29 -1 9.730542e-29,
                    -8.6121087e-29 -1 9.730542e-29,
                    -8.6121087e-29 -1 9.730542e-29,
                    -8.6121087e-29 -1 9.730542e-29,
                    -8.6121087e-29 -1 9.730542e-29,
                    -8.6121087e-29 -1 9.730542e-29,
                    -8.6121087e-29 -1 9.730542e-29,
                    -8.6121087e-29 -1 9.730542e-29,
                    -8.6121087e-29 -1 9.730542e-29,
                    -8.6121087e-29 -1 9.730542e-29,
                    -8.6121087e-29 -1 9.730542e-29,
                    -8.6121087e-29 -1 9.730542e-29,
                    -0 -0 -1,
                    -0 -0 -1,
                    -0 -0 -1,
                    -0 -0 -1,
                    0 0 -1,
                    0 0 -1,
                    0.40266323 0 -0.91534817,
                    0.73715413 0 -0.67572463,
                    0.73715413 0 -0.67572463,
                    0.40266323 0 -0.91534817,
                    0.73715413 0 -0.67572463,
                    0.73715413 0 -0.67572463,
                    0.73715413 0 -0.67572463,
                    0.73715413 0 -0.67572463,
                    -0 -0 -1,
                    -0 -0 -1,
                    -0 -0 -1,
                    -0 -0 -1,
                    1 0 0,
                    1 0 0,
                    1 0 0,
                    1 0 0,
                    -0.73715413 -0 0.67572463,
                    -0.73715413 -0 0.67572463,
                    -0.73715413 -0 0.67572463,
                    -0.73715413 -0 0.67572463,
                    0 0 1,
                    0 0 1,
                    0 0 1,
                    0 0 1,
                    -0.73715413 0 0.67572463,
                    -0.40266323 0 0.91534817,
                    -8.2245322e-13 0 1,
                    -4.0945025e-13 0 1,
                    -0.40266323 0 0.91534817,
                    -0.73715413 0 0.67572463

                  ]
                }
                coordIndex [
                  2 1 0 -1 
                  3 1 2 -1 
                  1 5 4 -1 
                  1 4 0 -1 
                  22 5 1 -1 
                  24 5 22 -1 
                  12 22 6 -1 
                  11 12 6 -1 
                  11 7 23 -1 
                  11 23 8 -1 
                  10 8 9 -1 
                  11 6 7 -1 
                  11 8 10 -1 
                  24 22 12 -1 
                  22 1 3 -1 
                  25 22 3 -1 
                  13 6 22 -1 
                  25 13 22 -1 
                  14 2 4 -1 
                  0 4 2 -1 
                  25 15 26 -1 
                  18 19 17 -1 
                  13 16 17 -1 
                  20 17 19 -1 
                  27 17 20 -1 
                  21 17 27 -1 
                  25 26 16 -1 
                  13 17 21 -1 
                  3 14 15 -1 
                  25 16 13 -1 
                  3 15 25 -1 
                  2 14 3 -1 
                  14 5 15 -1 
                  14 4 5 -1 
                  24 15 5 -1 
                  26 15 24 -1 
                  16 24 12 -1 
                  26 24 16 -1 
                  12 11 17 -1 
                  12 17 16 -1 
                  11 10 17 -1 
                  18 17 10 -1 
                  18 10 19 -1 
                  9 19 10 -1 
                  6 21 7 -1 
                  6 13 21 -1 
                  9 20 19 -1 
                  8 20 9 -1 
                  8 27 20 -1 
                  23 21 27 -1 
                  23 27 8 -1 
                  7 21 23 -1 
                ]
                normalIndex [
                  2 0 1 -1 
                  3 0 2 -1 
                  7 4 5 -1 
                  7 5 6 -1 
                  8 4 7 -1 
                  17 4 8 -1 
                  16 8 9 -1 
                  15 16 9 -1 
                  15 10 11 -1 
                  15 11 12 -1 
                  14 12 13 -1 
                  15 9 10 -1 
                  15 12 14 -1 
                  17 8 16 -1 
                  20 19 18 -1 
                  23 20 18 -1 
                  22 21 20 -1 
                  23 22 20 -1 
                  25 24 26 -1 
                  27 26 24 -1 
                  39 29 30 -1 
                  33 34 32 -1 
                  38 31 32 -1 
                  35 32 34 -1 
                  36 32 35 -1 
                  37 32 36 -1 
                  39 30 31 -1 
                  38 32 37 -1 
                  40 28 29 -1 
                  39 31 38 -1 
                  40 29 39 -1 
                  41 28 40 -1 
                  44 42 45 -1 
                  44 43 42 -1 
                  48 46 47 -1 
                  51 46 48 -1 
                  50 48 49 -1 
                  51 48 50 -1 
                  54 55 52 -1 
                  54 52 53 -1 
                  57 56 58 -1 
                  59 58 56 -1 
                  61 62 60 -1 
                  63 60 62 -1 
                  66 64 67 -1 
                  66 65 64 -1 
                  70 68 69 -1 
                  71 68 70 -1 
                  75 73 74 -1 
                  76 72 73 -1 
                  76 73 75 -1 
                  77 72 76 -1 
                ]
              }
            }
            DEF PinsArrayLR_22 Shape {
              appearance DEF __94 Appearance {
                material DEF __95 Material {
                  ambientIntensity 0.260947436094
                  diffuseColor 0.73400002718 0.773000001907 0.79699999094
                  shininess 0
                }
              }
              geometry DEF __96 IndexedFaceSet {
                solid FALSE
                coord Coordinate {
                  point [
                    0.0076467783776 0.00111 0.00011,
                    0.008 0.00111 0.00011,
                    0.0076467783776 0.00089 0.00011,
                    0.008 0.00089 0.00011,
                    0.0075983891888 0.00111 0,
                    0.008 0.00111 0,
                    0.00751730223337 0.00111 3.56702908631e-05,
                    0.00703269776662 0.00111 0.000564329709137,
                    0.007 0.00111 0.000564329709137,
                    0.007 0.00111 0.000674329709137,
                    0.00703269776662 0.00111 0.000674329709137,
                    0.00711378472205 0.00111 0.000638659418274,
                    0.00756569142217 0.00111 0.000145670290863,
                    0.00756569142217 0.00089 0.000145670290863,
                    0.008 0.00089 0,
                    0.0075983891888 0.00089 0,
                    0.00711378472205 0.00089 0.000638659418274,
                    0.00703269776662 0.00089 0.000674329709137,
                    0.007 0.00089 0.000674329709137,
                    0.007 0.00089 0.000564329709137,
                    0.00703269776662 0.00089 0.000564329709137,
                    0.00751730223337 0.00089 3.56702908631e-05,
                    0.00755409623228 0.00111 9.31169878033e-06,
                    0.00707699072315 0.00111 0.000665018010357,
                    0.00760248542107 0.00111 0.00011931169878,
                    0.00760248542107 0.00089 0.00011931169878,
                    0.00707699072315 0.00089 0.000665018010357,
                    0.00755409623228 0.00089 9.31169878032e-06

                  ]
                }
                normal Normal {
                  vector [
                    0 0 1,
                    0 0 1,
                    0 0 1,
                    0 0 1,
                    8.6526525e-30 1 8.6637658e-30,
                    8.6526525e-30 1 8.6637658e-30,
                    8.6526525e-30 1 8.6637658e-30,
                    8.6526525e-30 1 8.6637658e-30,
                    8.6526525e-30 1 8.6637658e-30,
                    8.6526525e-30 1 8.6637658e-30,
                    8.6526525e-30 1 8.6637658e-30,
                    8.6526525e-30 1 8.6637658e-30,
                    8.6526525e-30 1 8.6637658e-30,
                    8.6526525e-30 1 8.6637658e-30,
                    8.6526525e-30 1 8.6637658e-30,
                    8.6526525e-30 1 8.6637658e-30,
                    8.6526525e-30 1 8.6637658e-30,
                    8.6526525e-30 1 8.6637658e-30,
                    -0 -0 1,
                    0.40266323 -0 0.91534817,
                    0.73715413 -0 0.67572463,
                    0.73715413 -0 0.67572463,
                    0.40266323 -0 0.91534817,
                    -0 -0 1,
                    1 0 0,
                    1 0 0,
                    1 0 0,
                    1 0 0,
                    2.550407e-28 -1 2.795957e-28,
                    2.550407e-28 -1 2.795957e-28,
                    2.550407e-28 -1 2.795957e-28,
                    2.550407e-28 -1 2.795957e-28,
                    2.550407e-28 -1 2.795957e-28,
                    2.550407e-28 -1 2.795957e-28,
                    2.550407e-28 -1 2.795957e-28,
                    2.550407e-28 -1 2.795957e-28,
                    2.550407e-28 -1 2.795957e-28,
                    2.550407e-28 -1 2.795957e-28,
                    2.550407e-28 -1 2.795957e-28,
                    2.550407e-28 -1 2.795957e-28,
                    2.550407e-28 -1 2.795957e-28,
                    2.550407e-28 -1 2.795957e-28,
                    -0 -0 -1,
                    -0 -0 -1,
                    -0 -0 -1,
                    -0 -0 -1,
                    2.0694557e-13 0 -1,
                    -0.40266323 0 -0.91534817,
                    -0.73715413 0 -0.67572463,
                    -0.73715413 0 -0.67572463,
                    -0.40266323 0 -0.91534817,
                    0 0 -1,
                    -0.73715413 -0 -0.67572463,
                    -0.73715413 -0 -0.67572463,
                    -0.73715413 -0 -0.67572463,
                    -0.73715413 -0 -0.67572463,
                    -0 -0 -1,
                    -0 -0 -1,
                    -0 -0 -1,
                    -0 -0 -1,
                    -1 -0 -0,
                    -1 -0 -0,
                    -1 -0 -0,
                    -1 -0 -0,
                    0.73715413 0 0.67572463,
                    0.73715413 0 0.67572463,
                    0.73715413 0 0.67572463,
                    0.73715413 0 0.67572463,
                    0 0 1,
                    0 0 1,
                    0 0 1,
                    0 0 1,
                    0.73715413 0 0.67572463,
                    0.73715413 0 0.67572463,
                    0.40266323 0 0.91534817,
                    1.5454305e-12 0 1,
                    4.0856207e-13 0 1,
                    0.40266323 0 0.91534817

                  ]
                }
                coordIndex [
                  0 2 1 -1 
                  3 1 2 -1 
                  24 4 22 -1 
                  12 6 7 -1 
                  9 7 8 -1 
                  10 7 9 -1 
                  23 7 10 -1 
                  11 7 23 -1 
                  24 22 6 -1 
                  12 7 11 -1 
                  0 5 4 -1 
                  24 6 12 -1 
                  0 1 5 -1 
                  0 4 24 -1 
                  12 13 25 -1 
                  24 25 2 -1 
                  24 12 25 -1 
                  0 24 2 -1 
                  14 5 3 -1 
                  1 3 5 -1 
                  2 15 14 -1 
                  2 14 3 -1 
                  25 15 2 -1 
                  27 15 25 -1 
                  21 25 13 -1 
                  20 21 13 -1 
                  20 16 26 -1 
                  20 26 17 -1 
                  19 17 18 -1 
                  20 13 16 -1 
                  20 17 19 -1 
                  27 25 21 -1 
                  5 14 15 -1 
                  4 5 15 -1 
                  6 27 21 -1 
                  22 15 27 -1 
                  22 27 6 -1 
                  4 15 22 -1 
                  6 20 7 -1 
                  6 21 20 -1 
                  8 7 19 -1 
                  20 19 7 -1 
                  9 19 18 -1 
                  9 8 19 -1 
                  12 11 16 -1 
                  12 16 13 -1 
                  9 18 10 -1 
                  17 10 18 -1 
                  23 16 11 -1 
                  26 16 23 -1 
                  17 23 10 -1 
                  26 23 17 -1 
                ]
                normalIndex [
                  1 2 0 -1 
                  3 0 2 -1 
                  15 5 6 -1 
                  14 7 8 -1 
                  10 8 9 -1 
                  11 8 10 -1 
                  12 8 11 -1 
                  13 8 12 -1 
                  15 6 7 -1 
                  14 8 13 -1 
                  16 4 5 -1 
                  15 7 14 -1 
                  16 17 4 -1 
                  16 5 15 -1 
                  21 20 19 -1 
                  22 19 18 -1 
                  22 21 19 -1 
                  23 22 18 -1 
                  25 26 24 -1 
                  27 24 26 -1 
                  31 28 29 -1 
                  31 29 30 -1 
                  32 28 31 -1 
                  41 28 32 -1 
                  40 32 33 -1 
                  39 40 33 -1 
                  39 34 35 -1 
                  39 35 36 -1 
                  38 36 37 -1 
                  39 33 34 -1 
                  39 36 38 -1 
                  41 32 40 -1 
                  44 43 42 -1 
                  45 44 42 -1 
                  49 47 48 -1 
                  50 46 47 -1 
                  50 47 49 -1 
                  51 46 50 -1 
                  54 52 55 -1 
                  54 53 52 -1 
                  57 56 58 -1 
                  59 58 56 -1 
                  62 60 63 -1 
                  62 61 60 -1 
                  66 67 64 -1 
                  66 64 65 -1 
                  69 70 68 -1 
                  71 68 70 -1 
                  74 72 73 -1 
                  77 72 74 -1 
                  76 74 75 -1 
                  77 74 76 -1 
                ]
              }
            }
            DEF PinsArrayLR_23 Shape {
              appearance DEF __98 Appearance {
                material DEF __99 Material {
                  ambientIntensity 0.260947436094
                  diffuseColor 0.73400002718 0.773000001907 0.79699999094
                  shininess 0
                }
              }
              geometry DEF __100 IndexedFaceSet {
                solid FALSE
                coord Coordinate {
                  point [
                    -0.008 0.00061 0.00011,
                    -0.0076467783776 0.00061 0.00011,
                    -0.008 0.00039 0.00011,
                    -0.0076467783776 0.00039 0.00011,
                    -0.008 0.00061 0,
                    -0.0075983891888 0.00061 0,
                    -0.00756569142217 0.00061 0.000145670290863,
                    -0.00711378472205 0.00061 0.000638659418274,
                    -0.00703269776662 0.00061 0.000674329709137,
                    -0.007 0.00061 0.000674329709137,
                    -0.007 0.00061 0.000564329709137,
                    -0.00703269776662 0.00061 0.000564329709137,
                    -0.00751730223337 0.00061 3.56702908631e-05,
                    -0.00756569142217 0.00039 0.000145670290863,
                    -0.008 0.00039 0,
                    -0.0075983891888 0.00039 0,
                    -0.00751730223337 0.00039 3.56702908631e-05,
                    -0.00703269776662 0.00039 0.000564329709137,
                    -0.007 0.00039 0.000564329709137,
                    -0.007 0.00039 0.000674329709137,
                    -0.00703269776662 0.00039 0.000674329709137,
                    -0.00711378472205 0.00039 0.000638659418274,
                    -0.00760248542107 0.00061 0.00011931169878,
                    -0.00707699072315 0.00061 0.000665018010357,
                    -0.00755409623228 0.00061 9.31169878032e-06,
                    -0.00760248542107 0.00039 0.00011931169878,
                    -0.00755409623228 0.00039 9.31169878032e-06,
                    -0.00707699072315 0.00039 0.000665018010357

                  ]
                }
                normal Normal {
                  vector [
                    0 0 1,
                    0 0 1,
                    0 0 1,
                    0 0 1,
                    0 1 0,
                    0 1 0,
                    0 1 0,
                    0 1 0,
                    0 1 0,
                    0 1 0,
                    0 1 0,
                    0 1 0,
                    0 1 0,
                    0 1 0,
                    0 1 0,
                    0 1 0,
                    0 1 0,
                    0 1 0,
                    -0 -0 1,
                    -0 -0 1,
                    -0.40266323 -0 0.91534817,
                    -0.73715413 -0 0.67572463,
                    -0.73715413 -0 0.67572463,
                    -0.40266323 -0 0.91534817,
                    -1 -0 -0,
                    -1 -0 -0,
                    -1 -0 -0,
                    -1 -0 -0,
                    -8.6121087e-29 -1 9.730542e-29,
                    -8.6121087e-29 -1 9.730542e-29,
                    -8.6121087e-29 -1 9.730542e-29,
                    -8.6121087e-29 -1 9.730542e-29,
                    -8.6121087e-29 -1 9.730542e-29,
                    -8.6121087e-29 -1 9.730542e-29,
                    -8.6121087e-29 -1 9.730542e-29,
                    -8.6121087e-29 -1 9.730542e-29,
                    -8.6121087e-29 -1 9.730542e-29,
                    -8.6121087e-29 -1 9.730542e-29,
                    -8.6121087e-29 -1 9.730542e-29,
                    -8.6121087e-29 -1 9.730542e-29,
                    -8.6121087e-29 -1 9.730542e-29,
                    -8.6121087e-29 -1 9.730542e-29,
                    -0 -0 -1,
                    -0 -0 -1,
                    -0 -0 -1,
                    -0 -0 -1,
                    0 0 -1,
                    0 0 -1,
                    0.40266323 0 -0.91534817,
                    0.73715413 0 -0.67572463,
                    0.73715413 0 -0.67572463,
                    0.40266323 0 -0.91534817,
                    0.73715413 0 -0.67572463,
                    0.73715413 0 -0.67572463,
                    0.73715413 0 -0.67572463,
                    0.73715413 0 -0.67572463,
                    -0 -0 -1,
                    -0 -0 -1,
                    -0 -0 -1,
                    -0 -0 -1,
                    1 0 0,
                    1 0 0,
                    1 0 0,
                    1 0 0,
                    -0.73715413 -0 0.67572463,
                    -0.73715413 -0 0.67572463,
                    -0.73715413 -0 0.67572463,
                    -0.73715413 -0 0.67572463,
                    0 0 1,
                    0 0 1,
                    0 0 1,
                    0 0 1,
                    -0.73715413 0 0.67572463,
                    -0.40266323 0 0.91534817,
                    -8.2245322e-13 0 1,
                    -4.0945025e-13 0 1,
                    -0.40266323 0 0.91534817,
                    -0.73715413 0 0.67572463

                  ]
                }
                coordIndex [
                  2 1 0 -1 
                  3 1 2 -1 
                  1 5 4 -1 
                  1 4 0 -1 
                  22 5 1 -1 
                  24 5 22 -1 
                  12 22 6 -1 
                  11 12 6 -1 
                  11 7 23 -1 
                  11 23 8 -1 
                  10 8 9 -1 
                  11 6 7 -1 
                  11 8 10 -1 
                  24 22 12 -1 
                  22 1 3 -1 
                  25 22 3 -1 
                  13 6 22 -1 
                  25 13 22 -1 
                  14 2 4 -1 
                  0 4 2 -1 
                  25 15 26 -1 
                  18 19 17 -1 
                  13 16 17 -1 
                  20 17 19 -1 
                  27 17 20 -1 
                  21 17 27 -1 
                  25 26 16 -1 
                  13 17 21 -1 
                  3 14 15 -1 
                  25 16 13 -1 
                  3 15 25 -1 
                  2 14 3 -1 
                  14 5 15 -1 
                  14 4 5 -1 
                  24 15 5 -1 
                  26 15 24 -1 
                  16 24 12 -1 
                  26 24 16 -1 
                  12 11 17 -1 
                  12 17 16 -1 
                  11 10 17 -1 
                  18 17 10 -1 
                  18 10 19 -1 
                  9 19 10 -1 
                  6 21 7 -1 
                  6 13 21 -1 
                  9 20 19 -1 
                  8 20 9 -1 
                  8 27 20 -1 
                  23 21 27 -1 
                  23 27 8 -1 
                  7 21 23 -1 
                ]
                normalIndex [
                  2 0 1 -1 
                  3 0 2 -1 
                  7 4 5 -1 
                  7 5 6 -1 
                  8 4 7 -1 
                  17 4 8 -1 
                  16 8 9 -1 
                  15 16 9 -1 
                  15 10 11 -1 
                  15 11 12 -1 
                  14 12 13 -1 
                  15 9 10 -1 
                  15 12 14 -1 
                  17 8 16 -1 
                  20 19 18 -1 
                  23 20 18 -1 
                  22 21 20 -1 
                  23 22 20 -1 
                  25 24 26 -1 
                  27 26 24 -1 
                  39 29 30 -1 
                  33 34 32 -1 
                  38 31 32 -1 
                  35 32 34 -1 
                  36 32 35 -1 
                  37 32 36 -1 
                  39 30 31 -1 
                  38 32 37 -1 
                  40 28 29 -1 
                  39 31 38 -1 
                  40 29 39 -1 
                  41 28 40 -1 
                  44 42 45 -1 
                  44 43 42 -1 
                  48 46 47 -1 
                  51 46 48 -1 
                  50 48 49 -1 
                  51 48 50 -1 
                  54 55 52 -1 
                  54 52 53 -1 
                  57 56 58 -1 
                  59 58 56 -1 
                  61 62 60 -1 
                  63 60 62 -1 
                  66 64 67 -1 
                  66 65 64 -1 
                  70 68 69 -1 
                  71 68 70 -1 
                  75 73 74 -1 
                  76 72 73 -1 
                  76 73 75 -1 
                  77 72 76 -1 
                ]
              }
            }
            DEF PinsArrayLR_24 Shape {
              appearance DEF __102 Appearance {
                material DEF __103 Material {
                  ambientIntensity 0.260947436094
                  diffuseColor 0.73400002718 0.773000001907 0.79699999094
                  shininess 0
                }
              }
              geometry DEF __104 IndexedFaceSet {
                solid FALSE
                coord Coordinate {
                  point [
                    0.0076467783776 0.00061 0.00011,
                    0.008 0.00061 0.00011,
                    0.0076467783776 0.00039 0.00011,
                    0.008 0.00039 0.00011,
                    0.0075983891888 0.00061 0,
                    0.008 0.00061 0,
                    0.00751730223337 0.00061 3.56702908631e-05,
                    0.00703269776662 0.00061 0.000564329709137,
                    0.007 0.00061 0.000564329709137,
                    0.007 0.00061 0.000674329709137,
                    0.00703269776662 0.00061 0.000674329709137,
                    0.00711378472205 0.00061 0.000638659418274,
                    0.00756569142217 0.00061 0.000145670290863,
                    0.00756569142217 0.00039 0.000145670290863,
                    0.008 0.00039 0,
                    0.0075983891888 0.00039 0,
                    0.00711378472205 0.00039 0.000638659418274,
                    0.00703269776662 0.00039 0.000674329709137,
                    0.007 0.00039 0.000674329709137,
                    0.007 0.00039 0.000564329709137,
                    0.00703269776662 0.00039 0.000564329709137,
                    0.00751730223337 0.00039 3.56702908631e-05,
                    0.00755409623228 0.00061 9.31169878033e-06,
                    0.00707699072315 0.00061 0.000665018010357,
                    0.00760248542107 0.00061 0.00011931169878,
                    0.00760248542107 0.00039 0.00011931169878,
                    0.00707699072315 0.00039 0.000665018010357,
                    0.00755409623228 0.00039 9.31169878032e-06

                  ]
                }
                normal Normal {
                  vector [
                    0 0 1,
                    0 0 1,
                    0 0 1,
                    0 0 1,
                    8.6526525e-30 1 8.6637658e-30,
                    8.6526525e-30 1 8.6637658e-30,
                    8.6526525e-30 1 8.6637658e-30,
                    8.6526525e-30 1 8.6637658e-30,
                    8.6526525e-30 1 8.6637658e-30,
                    8.6526525e-30 1 8.6637658e-30,
                    8.6526525e-30 1 8.6637658e-30,
                    8.6526525e-30 1 8.6637658e-30,
                    8.6526525e-30 1 8.6637658e-30,
                    8.6526525e-30 1 8.6637658e-30,
                    8.6526525e-30 1 8.6637658e-30,
                    8.6526525e-30 1 8.6637658e-30,
                    8.6526525e-30 1 8.6637658e-30,
                    8.6526525e-30 1 8.6637658e-30,
                    -0 -0 1,
                    0.40266323 -0 0.91534817,
                    0.73715413 -0 0.67572463,
                    0.73715413 -0 0.67572463,
                    0.40266323 -0 0.91534817,
                    -0 -0 1,
                    1 0 0,
                    1 0 0,
                    1 0 0,
                    1 0 0,
                    2.550407e-28 -1 2.795957e-28,
                    2.550407e-28 -1 2.795957e-28,
                    2.550407e-28 -1 2.795957e-28,
                    2.550407e-28 -1 2.795957e-28,
                    2.550407e-28 -1 2.795957e-28,
                    2.550407e-28 -1 2.795957e-28,
                    2.550407e-28 -1 2.795957e-28,
                    2.550407e-28 -1 2.795957e-28,
                    2.550407e-28 -1 2.795957e-28,
                    2.550407e-28 -1 2.795957e-28,
                    2.550407e-28 -1 2.795957e-28,
                    2.550407e-28 -1 2.795957e-28,
                    2.550407e-28 -1 2.795957e-28,
                    2.550407e-28 -1 2.795957e-28,
                    -0 -0 -1,
                    -0 -0 -1,
                    -0 -0 -1,
                    -0 -0 -1,
                    2.0694557e-13 0 -1,
                    -0.40266323 0 -0.91534817,
                    -0.73715413 0 -0.67572463,
                    -0.73715413 0 -0.67572463,
                    -0.40266323 0 -0.91534817,
                    0 0 -1,
                    -0.73715413 -0 -0.67572463,
                    -0.73715413 -0 -0.67572463,
                    -0.73715413 -0 -0.67572463,
                    -0.73715413 -0 -0.67572463,
                    -0 -0 -1,
                    -0 -0 -1,
                    -0 -0 -1,
                    -0 -0 -1,
                    -1 -0 -0,
                    -1 -0 -0,
                    -1 -0 -0,
                    -1 -0 -0,
                    0.73715413 0 0.67572463,
                    0.73715413 0 0.67572463,
                    0.73715413 0 0.67572463,
                    0.73715413 0 0.67572463,
                    0 0 1,
                    0 0 1,
                    0 0 1,
                    0 0 1,
                    0.73715413 0 0.67572463,
                    0.73715413 0 0.67572463,
                    0.40266323 0 0.91534817,
                    1.5454305e-12 0 1,
                    4.0856207e-13 0 1,
                    0.40266323 0 0.91534817

                  ]
                }
                coordIndex [
                  0 2 1 -1 
                  3 1 2 -1 
                  24 4 22 -1 
                  12 6 7 -1 
                  9 7 8 -1 
                  10 7 9 -1 
                  23 7 10 -1 
                  11 7 23 -1 
                  24 22 6 -1 
                  12 7 11 -1 
                  0 5 4 -1 
                  24 6 12 -1 
                  0 1 5 -1 
                  0 4 24 -1 
                  12 13 25 -1 
                  24 25 2 -1 
                  24 12 25 -1 
                  0 24 2 -1 
                  14 5 3 -1 
                  1 3 5 -1 
                  2 15 14 -1 
                  2 14 3 -1 
                  25 15 2 -1 
                  27 15 25 -1 
                  21 25 13 -1 
                  20 21 13 -1 
                  20 16 26 -1 
                  20 26 17 -1 
                  19 17 18 -1 
                  20 13 16 -1 
                  20 17 19 -1 
                  27 25 21 -1 
                  5 14 15 -1 
                  4 5 15 -1 
                  6 27 21 -1 
                  22 15 27 -1 
                  22 27 6 -1 
                  4 15 22 -1 
                  6 20 7 -1 
                  6 21 20 -1 
                  8 7 19 -1 
                  20 19 7 -1 
                  9 19 18 -1 
                  9 8 19 -1 
                  12 11 16 -1 
                  12 16 13 -1 
                  9 18 10 -1 
                  17 10 18 -1 
                  23 16 11 -1 
                  26 16 23 -1 
                  17 23 10 -1 
                  26 23 17 -1 
                ]
                normalIndex [
                  1 2 0 -1 
                  3 0 2 -1 
                  15 5 6 -1 
                  14 7 8 -1 
                  10 8 9 -1 
                  11 8 10 -1 
                  12 8 11 -1 
                  13 8 12 -1 
                  15 6 7 -1 
                  14 8 13 -1 
                  16 4 5 -1 
                  15 7 14 -1 
                  16 17 4 -1 
                  16 5 15 -1 
                  21 20 19 -1 
                  22 19 18 -1 
                  22 21 19 -1 
                  23 22 18 -1 
                  25 26 24 -1 
                  27 24 26 -1 
                  31 28 29 -1 
                  31 29 30 -1 
                  32 28 31 -1 
                  41 28 32 -1 
                  40 32 33 -1 
                  39 40 33 -1 
                  39 34 35 -1 
                  39 35 36 -1 
                  38 36 37 -1 
                  39 33 34 -1 
                  39 36 38 -1 
                  41 32 40 -1 
                  44 43 42 -1 
                  45 44 42 -1 
                  49 47 48 -1 
                  50 46 47 -1 
                  50 47 49 -1 
                  51 46 50 -1 
                  54 52 55 -1 
                  54 53 52 -1 
                  57 56 58 -1 
                  59 58 56 -1 
                  62 60 63 -1 
                  62 61 60 -1 
                  66 67 64 -1 
                  66 64 65 -1 
                  69 70 68 -1 
                  71 68 70 -1 
                  74 72 73 -1 
                  77 72 74 -1 
                  76 74 75 -1 
                  77 74 76 -1 
                ]
              }
            }
            DEF PinsArrayLR_25 Shape {
              appearance DEF __106 Appearance {
                material DEF __107 Material {
                  ambientIntensity 0.260947436094
                  diffuseColor 0.73400002718 0.773000001907 0.79699999094
                  shininess 0
                }
              }
              geometry DEF __108 IndexedFaceSet {
                solid FALSE
                coord Coordinate {
                  point [
                    -0.008 0.00011 0.00011,
                    -0.0076467783776 0.00011 0.00011,
                    -0.008 -0.00011 0.00011,
                    -0.0076467783776 -0.00011 0.00011,
                    -0.008 0.00011 0,
                    -0.0075983891888 0.00011 0,
                    -0.00756569142217 0.00011 0.000145670290863,
                    -0.00711378472205 0.00011 0.000638659418274,
                    -0.00703269776662 0.00011 0.000674329709137,
                    -0.007 0.00011 0.000674329709137,
                    -0.007 0.00011 0.000564329709137,
                    -0.00703269776662 0.00011 0.000564329709137,
                    -0.00751730223337 0.00011 3.56702908631e-05,
                    -0.00756569142217 -0.00011 0.000145670290863,
                    -0.008 -0.00011 0,
                    -0.0075983891888 -0.00011 0,
                    -0.00751730223337 -0.00011 3.56702908631e-05,
                    -0.00703269776662 -0.00011 0.000564329709137,
                    -0.007 -0.00011 0.000564329709137,
                    -0.007 -0.00011 0.000674329709137,
                    -0.00703269776662 -0.00011 0.000674329709137,
                    -0.00711378472205 -0.00011 0.000638659418274,
                    -0.00760248542107 0.00011 0.00011931169878,
                    -0.00707699072315 0.00011 0.000665018010357,
                    -0.00755409623228 0.00011 9.31169878032e-06,
                    -0.00760248542107 -0.00011 0.00011931169878,
                    -0.00755409623228 -0.00011 9.31169878032e-06,
                    -0.00707699072315 -0.00011 0.000665018010357

                  ]
                }
                normal Normal {
                  vector [
                    0 0 1,
                    0 0 1,
                    0 0 1,
                    0 0 1,
                    0 1 0,
                    0 1 0,
                    0 1 0,
                    0 1 0,
                    0 1 0,
                    0 1 0,
                    0 1 0,
                    0 1 0,
                    0 1 0,
                    0 1 0,
                    0 1 0,
                    0 1 0,
                    0 1 0,
                    0 1 0,
                    -0 -0 1,
                    -0 -0 1,
                    -0.40266323 -0 0.91534817,
                    -0.73715413 -0 0.67572463,
                    -0.73715413 -0 0.67572463,
                    -0.40266323 -0 0.91534817,
                    -1 -0 -0,
                    -1 -0 -0,
                    -1 -0 -0,
                    -1 -0 -0,
                    -8.6121087e-29 -1 9.730542e-29,
                    -8.6121087e-29 -1 9.730542e-29,
                    -8.6121087e-29 -1 9.730542e-29,
                    -8.6121087e-29 -1 9.730542e-29,
                    -8.6121087e-29 -1 9.730542e-29,
                    -8.6121087e-29 -1 9.730542e-29,
                    -8.6121087e-29 -1 9.730542e-29,
                    -8.6121087e-29 -1 9.730542e-29,
                    -8.6121087e-29 -1 9.730542e-29,
                    -8.6121087e-29 -1 9.730542e-29,
                    -8.6121087e-29 -1 9.730542e-29,
                    -8.6121087e-29 -1 9.730542e-29,
                    -8.6121087e-29 -1 9.730542e-29,
                    -8.6121087e-29 -1 9.730542e-29,
                    -0 -0 -1,
                    -0 -0 -1,
                    -0 -0 -1,
                    -0 -0 -1,
                    0 0 -1,
                    0 0 -1,
                    0.40266323 0 -0.91534817,
                    0.73715413 0 -0.67572463,
                    0.73715413 0 -0.67572463,
                    0.40266323 0 -0.91534817,
                    0.73715413 0 -0.67572463,
                    0.73715413 0 -0.67572463,
                    0.73715413 0 -0.67572463,
                    0.73715413 0 -0.67572463,
                    -0 -0 -1,
                    -0 -0 -1,
                    -0 -0 -1,
                    -0 -0 -1,
                    1 0 0,
                    1 0 0,
                    1 0 0,
                    1 0 0,
                    -0.73715413 -0 0.67572463,
                    -0.73715413 -0 0.67572463,
                    -0.73715413 -0 0.67572463,
                    -0.73715413 -0 0.67572463,
                    0 0 1,
                    0 0 1,
                    0 0 1,
                    0 0 1,
                    -0.73715413 0 0.67572463,
                    -0.40266323 0 0.91534817,
                    -8.2245322e-13 0 1,
                    -4.0945025e-13 0 1,
                    -0.40266323 0 0.91534817,
                    -0.73715413 0 0.67572463

                  ]
                }
                coordIndex [
                  2 1 0 -1 
                  3 1 2 -1 
                  1 5 4 -1 
                  1 4 0 -1 
                  22 5 1 -1 
                  24 5 22 -1 
                  12 22 6 -1 
                  11 12 6 -1 
                  11 7 23 -1 
                  11 23 8 -1 
                  10 8 9 -1 
                  11 6 7 -1 
                  11 8 10 -1 
                  24 22 12 -1 
                  22 1 3 -1 
                  25 22 3 -1 
                  13 6 22 -1 
                  25 13 22 -1 
                  14 2 4 -1 
                  0 4 2 -1 
                  25 15 26 -1 
                  18 19 17 -1 
                  13 16 17 -1 
                  20 17 19 -1 
                  27 17 20 -1 
                  21 17 27 -1 
                  25 26 16 -1 
                  13 17 21 -1 
                  3 14 15 -1 
                  25 16 13 -1 
                  3 15 25 -1 
                  2 14 3 -1 
                  14 5 15 -1 
                  14 4 5 -1 
                  24 15 5 -1 
                  26 15 24 -1 
                  16 24 12 -1 
                  26 24 16 -1 
                  12 11 17 -1 
                  12 17 16 -1 
                  11 10 17 -1 
                  18 17 10 -1 
                  18 10 19 -1 
                  9 19 10 -1 
                  6 21 7 -1 
                  6 13 21 -1 
                  9 20 19 -1 
                  8 20 9 -1 
                  8 27 20 -1 
                  23 21 27 -1 
                  23 27 8 -1 
                  7 21 23 -1 
                ]
                normalIndex [
                  2 0 1 -1 
                  3 0 2 -1 
                  7 4 5 -1 
                  7 5 6 -1 
                  8 4 7 -1 
                  17 4 8 -1 
                  16 8 9 -1 
                  15 16 9 -1 
                  15 10 11 -1 
                  15 11 12 -1 
                  14 12 13 -1 
                  15 9 10 -1 
                  15 12 14 -1 
                  17 8 16 -1 
                  20 19 18 -1 
                  23 20 18 -1 
                  22 21 20 -1 
                  23 22 20 -1 
                  25 24 26 -1 
                  27 26 24 -1 
                  39 29 30 -1 
                  33 34 32 -1 
                  38 31 32 -1 
                  35 32 34 -1 
                  36 32 35 -1 
                  37 32 36 -1 
                  39 30 31 -1 
                  38 32 37 -1 
                  40 28 29 -1 
                  39 31 38 -1 
                  40 29 39 -1 
                  41 28 40 -1 
                  44 42 45 -1 
                  44 43 42 -1 
                  48 46 47 -1 
                  51 46 48 -1 
                  50 48 49 -1 
                  51 48 50 -1 
                  54 55 52 -1 
                  54 52 53 -1 
                  57 56 58 -1 
                  59 58 56 -1 
                  61 62 60 -1 
                  63 60 62 -1 
                  66 64 67 -1 
                  66 65 64 -1 
                  70 68 69 -1 
                  71 68 70 -1 
                  75 73 74 -1 
                  76 72 73 -1 
                  76 73 75 -1 
                  77 72 76 -1 
                ]
              }
            }
            DEF PinsArrayLR_26 Shape {
              appearance DEF __110 Appearance {
                material DEF __111 Material {
                  ambientIntensity 0.260947436094
                  diffuseColor 0.73400002718 0.773000001907 0.79699999094
                  shininess 0
                }
              }
              geometry DEF __112 IndexedFaceSet {
                solid FALSE
                coord Coordinate {
                  point [
                    0.0076467783776 0.00011 0.00011,
                    0.008 0.00011 0.00011,
                    0.0076467783776 -0.00011 0.00011,
                    0.008 -0.00011 0.00011,
                    0.0075983891888 0.00011 0,
                    0.008 0.00011 0,
                    0.00751730223337 0.00011 3.56702908631e-05,
                    0.00703269776662 0.00011 0.000564329709137,
                    0.007 0.00011 0.000564329709137,
                    0.007 0.00011 0.000674329709137,
                    0.00703269776662 0.00011 0.000674329709137,
                    0.00711378472205 0.00011 0.000638659418274,
                    0.00756569142217 0.00011 0.000145670290863,
                    0.00756569142217 -0.00011 0.000145670290863,
                    0.008 -0.00011 0,
                    0.0075983891888 -0.00011 0,
                    0.00711378472205 -0.00011 0.000638659418274,
                    0.00703269776662 -0.00011 0.000674329709137,
                    0.007 -0.00011 0.000674329709137,
                    0.007 -0.00011 0.000564329709137,
                    0.00703269776662 -0.00011 0.000564329709137,
                    0.00751730223337 -0.00011 3.56702908631e-05,
                    0.00755409623228 0.00011 9.31169878033e-06,
                    0.00707699072315 0.00011 0.000665018010357,
                    0.00760248542107 0.00011 0.00011931169878,
                    0.00760248542107 -0.00011 0.00011931169878,
                    0.00707699072315 -0.00011 0.000665018010357,
                    0.00755409623228 -0.00011 9.31169878032e-06

                  ]
                }
                normal Normal {
                  vector [
                    0 0 1,
                    0 0 1,
                    0 0 1,
                    0 0 1,
                    8.6526525e-30 1 8.6637658e-30,
                    8.6526525e-30 1 8.6637658e-30,
                    8.6526525e-30 1 8.6637658e-30,
                    8.6526525e-30 1 8.6637658e-30,
                    8.6526525e-30 1 8.6637658e-30,
                    8.6526525e-30 1 8.6637658e-30,
                    8.6526525e-30 1 8.6637658e-30,
                    8.6526525e-30 1 8.6637658e-30,
                    8.6526525e-30 1 8.6637658e-30,
                    8.6526525e-30 1 8.6637658e-30,
                    8.6526525e-30 1 8.6637658e-30,
                    8.6526525e-30 1 8.6637658e-30,
                    8.6526525e-30 1 8.6637658e-30,
                    8.6526525e-30 1 8.6637658e-30,
                    -0 -0 1,
                    0.40266323 -0 0.91534817,
                    0.73715413 -0 0.67572463,
                    0.73715413 -0 0.67572463,
                    0.40266323 -0 0.91534817,
                    -0 -0 1,
                    1 0 0,
                    1 0 0,
                    1 0 0,
                    1 0 0,
                    2.550407e-28 -1 2.795957e-28,
                    2.550407e-28 -1 2.795957e-28,
                    2.550407e-28 -1 2.795957e-28,
                    2.550407e-28 -1 2.795957e-28,
                    2.550407e-28 -1 2.795957e-28,
                    2.550407e-28 -1 2.795957e-28,
                    2.550407e-28 -1 2.795957e-28,
                    2.550407e-28 -1 2.795957e-28,
                    2.550407e-28 -1 2.795957e-28,
                    2.550407e-28 -1 2.795957e-28,
                    2.550407e-28 -1 2.795957e-28,
                    2.550407e-28 -1 2.795957e-28,
                    2.550407e-28 -1 2.795957e-28,
                    2.550407e-28 -1 2.795957e-28,
                    -0 -0 -1,
                    -0 -0 -1,
                    -0 -0 -1,
                    -0 -0 -1,
                    2.0694557e-13 0 -1,
                    -0.40266323 0 -0.91534817,
                    -0.73715413 0 -0.67572463,
                    -0.73715413 0 -0.67572463,
                    -0.40266323 0 -0.91534817,
                    0 0 -1,
                    -0.73715413 -0 -0.67572463,
                    -0.73715413 -0 -0.67572463,
                    -0.73715413 -0 -0.67572463,
                    -0.73715413 -0 -0.67572463,
                    -0 -0 -1,
                    -0 -0 -1,
                    -0 -0 -1,
                    -0 -0 -1,
                    -1 -0 -0,
                    -1 -0 -0,
                    -1 -0 -0,
                    -1 -0 -0,
                    0.73715413 0 0.67572463,
                    0.73715413 0 0.67572463,
                    0.73715413 0 0.67572463,
                    0.73715413 0 0.67572463,
                    0 0 1,
                    0 0 1,
                    0 0 1,
                    0 0 1,
                    0.73715413 0 0.67572463,
                    0.73715413 0 0.67572463,
                    0.40266323 0 0.91534817,
                    1.5454305e-12 0 1,
                    4.0856207e-13 0 1,
                    0.40266323 0 0.91534817

                  ]
                }
                coordIndex [
                  0 2 1 -1 
                  3 1 2 -1 
                  24 4 22 -1 
                  12 6 7 -1 
                  9 7 8 -1 
                  10 7 9 -1 
                  23 7 10 -1 
                  11 7 23 -1 
                  24 22 6 -1 
                  12 7 11 -1 
                  0 5 4 -1 
                  24 6 12 -1 
                  0 1 5 -1 
                  0 4 24 -1 
                  12 13 25 -1 
                  24 25 2 -1 
                  24 12 25 -1 
                  0 24 2 -1 
                  14 5 3 -1 
                  1 3 5 -1 
                  2 15 14 -1 
                  2 14 3 -1 
                  25 15 2 -1 
                  27 15 25 -1 
                  21 25 13 -1 
                  20 21 13 -1 
                  20 16 26 -1 
                  20 26 17 -1 
                  19 17 18 -1 
                  20 13 16 -1 
                  20 17 19 -1 
                  27 25 21 -1 
                  5 14 15 -1 
                  4 5 15 -1 
                  6 27 21 -1 
                  22 15 27 -1 
                  22 27 6 -1 
                  4 15 22 -1 
                  6 20 7 -1 
                  6 21 20 -1 
                  8 7 19 -1 
                  20 19 7 -1 
                  9 19 18 -1 
                  9 8 19 -1 
                  12 11 16 -1 
                  12 16 13 -1 
                  9 18 10 -1 
                  17 10 18 -1 
                  23 16 11 -1 
                  26 16 23 -1 
                  17 23 10 -1 
                  26 23 17 -1 
                ]
                normalIndex [
                  1 2 0 -1 
                  3 0 2 -1 
                  15 5 6 -1 
                  14 7 8 -1 
                  10 8 9 -1 
                  11 8 10 -1 
                  12 8 11 -1 
                  13 8 12 -1 
                  15 6 7 -1 
                  14 8 13 -1 
                  16 4 5 -1 
                  15 7 14 -1 
                  16 17 4 -1 
                  16 5 15 -1 
                  21 20 19 -1 
                  22 19 18 -1 
                  22 21 19 -1 
                  23 22 18 -1 
                  25 26 24 -1 
                  27 24 26 -1 
                  31 28 29 -1 
                  31 29 30 -1 
                  32 28 31 -1 
                  41 28 32 -1 
                  40 32 33 -1 
                  39 40 33 -1 
                  39 34 35 -1 
                  39 35 36 -1 
                  38 36 37 -1 
                  39 33 34 -1 
                  39 36 38 -1 
                  41 32 40 -1 
                  44 43 42 -1 
                  45 44 42 -1 
                  49 47 48 -1 
                  50 46 47 -1 
                  50 47 49 -1 
                  51 46 50 -1 
                  54 52 55 -1 
                  54 53 52 -1 
                  57 56 58 -1 
                  59 58 56 -1 
                  62 60 63 -1 
                  62 61 60 -1 
                  66 67 64 -1 
                  66 64 65 -1 
                  69 70 68 -1 
                  71 68 70 -1 
                  74 72 73 -1 
                  77 72 74 -1 
                  76 74 75 -1 
                  77 74 76 -1 
                ]
              }
            }
            DEF PinsArrayLR_27 Shape {
              appearance DEF __114 Appearance {
                material DEF __115 Material {
                  ambientIntensity 0.260947436094
                  diffuseColor 0.73400002718 0.773000001907 0.79699999094
                  shininess 0
                }
              }
              geometry DEF __116 IndexedFaceSet {
                solid FALSE
                coord Coordinate {
                  point [
                    -0.008 -0.00039 0.00011,
                    -0.0076467783776 -0.00039 0.00011,
                    -0.008 -0.00061 0.00011,
                    -0.0076467783776 -0.00061 0.00011,
                    -0.008 -0.00039 0,
                    -0.0075983891888 -0.00039 0,
                    -0.00756569142217 -0.00039 0.000145670290863,
                    -0.00711378472205 -0.00039 0.000638659418274,
                    -0.00703269776662 -0.00039 0.000674329709137,
                    -0.007 -0.00039 0.000674329709137,
                    -0.007 -0.00039 0.000564329709137,
                    -0.00703269776662 -0.00039 0.000564329709137,
                    -0.00751730223337 -0.00039 3.56702908631e-05,
                    -0.00756569142217 -0.00061 0.000145670290863,
                    -0.008 -0.00061 0,
                    -0.0075983891888 -0.00061 0,
                    -0.00751730223337 -0.00061 3.56702908631e-05,
                    -0.00703269776662 -0.00061 0.000564329709137,
                    -0.007 -0.00061 0.000564329709137,
                    -0.007 -0.00061 0.000674329709137,
                    -0.00703269776662 -0.00061 0.000674329709137,
                    -0.00711378472205 -0.00061 0.000638659418274,
                    -0.00760248542107 -0.00039 0.00011931169878,
                    -0.00707699072315 -0.00039 0.000665018010357,
                    -0.00755409623228 -0.00039 9.31169878032e-06,
                    -0.00760248542107 -0.00061 0.00011931169878,
                    -0.00755409623228 -0.00061 9.31169878032e-06,
                    -0.00707699072315 -0.00061 0.000665018010357

                  ]
                }
                normal Normal {
                  vector [
                    0 0 1,
                    0 0 1,
                    0 0 1,
                    0 0 1,
                    0 1 0,
                    0 1 0,
                    0 1 0,
                    0 1 0,
                    0 1 0,
                    0 1 0,
                    0 1 0,
                    0 1 0,
                    0 1 0,
                    0 1 0,
                    0 1 0,
                    0 1 0,
                    0 1 0,
                    0 1 0,
                    -0 -0 1,
                    -0 -0 1,
                    -0.40266323 -0 0.91534817,
                    -0.73715413 -0 0.67572463,
                    -0.73715413 -0 0.67572463,
                    -0.40266323 -0 0.91534817,
                    -1 -0 -0,
                    -1 -0 -0,
                    -1 -0 -0,
                    -1 -0 -0,
                    -8.6121087e-29 -1 9.730542e-29,
                    -8.6121087e-29 -1 9.730542e-29,
                    -8.6121087e-29 -1 9.730542e-29,
                    -8.6121087e-29 -1 9.730542e-29,
                    -8.6121087e-29 -1 9.730542e-29,
                    -8.6121087e-29 -1 9.730542e-29,
                    -8.6121087e-29 -1 9.730542e-29,
                    -8.6121087e-29 -1 9.730542e-29,
                    -8.6121087e-29 -1 9.730542e-29,
                    -8.6121087e-29 -1 9.730542e-29,
                    -8.6121087e-29 -1 9.730542e-29,
                    -8.6121087e-29 -1 9.730542e-29,
                    -8.6121087e-29 -1 9.730542e-29,
                    -8.6121087e-29 -1 9.730542e-29,
                    -0 -0 -1,
                    -0 -0 -1,
                    -0 -0 -1,
                    -0 -0 -1,
                    0 0 -1,
                    0 0 -1,
                    0.40266323 0 -0.91534817,
                    0.73715413 0 -0.67572463,
                    0.73715413 0 -0.67572463,
                    0.40266323 0 -0.91534817,
                    0.73715413 0 -0.67572463,
                    0.73715413 0 -0.67572463,
                    0.73715413 0 -0.67572463,
                    0.73715413 0 -0.67572463,
                    -0 -0 -1,
                    -0 -0 -1,
                    -0 -0 -1,
                    -0 -0 -1,
                    1 0 0,
                    1 0 0,
                    1 0 0,
                    1 0 0,
                    -0.73715413 -0 0.67572463,
                    -0.73715413 -0 0.67572463,
                    -0.73715413 -0 0.67572463,
                    -0.73715413 -0 0.67572463,
                    0 0 1,
                    0 0 1,
                    0 0 1,
                    0 0 1,
                    -0.73715413 0 0.67572463,
                    -0.40266323 0 0.91534817,
                    -8.2245322e-13 0 1,
                    -4.0945025e-13 0 1,
                    -0.40266323 0 0.91534817,
                    -0.73715413 0 0.67572463

                  ]
                }
                coordIndex [
                  2 1 0 -1 
                  3 1 2 -1 
                  1 5 4 -1 
                  1 4 0 -1 
                  22 5 1 -1 
                  24 5 22 -1 
                  12 22 6 -1 
                  11 12 6 -1 
                  11 7 23 -1 
                  11 23 8 -1 
                  10 8 9 -1 
                  11 6 7 -1 
                  11 8 10 -1 
                  24 22 12 -1 
                  22 1 3 -1 
                  25 22 3 -1 
                  13 6 22 -1 
                  25 13 22 -1 
                  14 2 4 -1 
                  0 4 2 -1 
                  25 15 26 -1 
                  18 19 17 -1 
                  13 16 17 -1 
                  20 17 19 -1 
                  27 17 20 -1 
                  21 17 27 -1 
                  25 26 16 -1 
                  13 17 21 -1 
                  3 14 15 -1 
                  25 16 13 -1 
                  3 15 25 -1 
                  2 14 3 -1 
                  14 5 15 -1 
                  14 4 5 -1 
                  24 15 5 -1 
                  26 15 24 -1 
                  16 24 12 -1 
                  26 24 16 -1 
                  12 11 17 -1 
                  12 17 16 -1 
                  11 10 17 -1 
                  18 17 10 -1 
                  18 10 19 -1 
                  9 19 10 -1 
                  6 21 7 -1 
                  6 13 21 -1 
                  9 20 19 -1 
                  8 20 9 -1 
                  8 27 20 -1 
                  23 21 27 -1 
                  23 27 8 -1 
                  7 21 23 -1 
                ]
                normalIndex [
                  2 0 1 -1 
                  3 0 2 -1 
                  7 4 5 -1 
                  7 5 6 -1 
                  8 4 7 -1 
                  17 4 8 -1 
                  16 8 9 -1 
                  15 16 9 -1 
                  15 10 11 -1 
                  15 11 12 -1 
                  14 12 13 -1 
                  15 9 10 -1 
                  15 12 14 -1 
                  17 8 16 -1 
                  20 19 18 -1 
                  23 20 18 -1 
                  22 21 20 -1 
                  23 22 20 -1 
                  25 24 26 -1 
                  27 26 24 -1 
                  39 29 30 -1 
                  33 34 32 -1 
                  38 31 32 -1 
                  35 32 34 -1 
                  36 32 35 -1 
                  37 32 36 -1 
                  39 30 31 -1 
                  38 32 37 -1 
                  40 28 29 -1 
                  39 31 38 -1 
                  40 29 39 -1 
                  41 28 40 -1 
                  44 42 45 -1 
                  44 43 42 -1 
                  48 46 47 -1 
                  51 46 48 -1 
                  50 48 49 -1 
                  51 48 50 -1 
                  54 55 52 -1 
                  54 52 53 -1 
                  57 56 58 -1 
                  59 58 56 -1 
                  61 62 60 -1 
                  63 60 62 -1 
                  66 64 67 -1 
                  66 65 64 -1 
                  70 68 69 -1 
                  71 68 70 -1 
                  75 73 74 -1 
                  76 72 73 -1 
                  76 73 75 -1 
                  77 72 76 -1 
                ]
              }
            }
            DEF PinsArrayLR_28 Shape {
              appearance DEF __118 Appearance {
                material DEF __119 Material {
                  ambientIntensity 0.260947436094
                  diffuseColor 0.73400002718 0.773000001907 0.79699999094
                  shininess 0
                }
              }
              geometry DEF __120 IndexedFaceSet {
                solid FALSE
                coord Coordinate {
                  point [
                    0.0076467783776 -0.00039 0.00011,
                    0.008 -0.00039 0.00011,
                    0.0076467783776 -0.00061 0.00011,
                    0.008 -0.00061 0.00011,
                    0.0075983891888 -0.00039 0,
                    0.008 -0.00039 0,
                    0.00751730223337 -0.00039 3.56702908631e-05,
                    0.00703269776662 -0.00039 0.000564329709137,
                    0.007 -0.00039 0.000564329709137,
                    0.007 -0.00039 0.000674329709137,
                    0.00703269776662 -0.00039 0.000674329709137,
                    0.00711378472205 -0.00039 0.000638659418274,
                    0.00756569142217 -0.00039 0.000145670290863,
                    0.00756569142217 -0.00061 0.000145670290863,
                    0.008 -0.00061 0,
                    0.0075983891888 -0.00061 0,
                    0.00711378472205 -0.00061 0.000638659418274,
                    0.00703269776662 -0.00061 0.000674329709137,
                    0.007 -0.00061 0.000674329709137,
                    0.007 -0.00061 0.000564329709137,
                    0.00703269776662 -0.00061 0.000564329709137,
                    0.00751730223337 -0.00061 3.56702908631e-05,
                    0.00755409623228 -0.00039 9.31169878033e-06,
                    0.00707699072315 -0.00039 0.000665018010357,
                    0.00760248542107 -0.00039 0.00011931169878,
                    0.00760248542107 -0.00061 0.00011931169878,
                    0.00707699072315 -0.00061 0.000665018010357,
                    0.00755409623228 -0.00061 9.31169878032e-06

                  ]
                }
                normal Normal {
                  vector [
                    0 0 1,
                    0 0 1,
                    0 0 1,
                    0 0 1,
                    8.6526525e-30 1 8.6637658e-30,
                    8.6526525e-30 1 8.6637658e-30,
                    8.6526525e-30 1 8.6637658e-30,
                    8.6526525e-30 1 8.6637658e-30,
                    8.6526525e-30 1 8.6637658e-30,
                    8.6526525e-30 1 8.6637658e-30,
                    8.6526525e-30 1 8.6637658e-30,
                    8.6526525e-30 1 8.6637658e-30,
                    8.6526525e-30 1 8.6637658e-30,
                    8.6526525e-30 1 8.6637658e-30,
                    8.6526525e-30 1 8.6637658e-30,
                    8.6526525e-30 1 8.6637658e-30,
                    8.6526525e-30 1 8.6637658e-30,
                    8.6526525e-30 1 8.6637658e-30,
                    -0 -0 1,
                    0.40266323 -0 0.91534817,
                    0.73715413 -0 0.67572463,
                    0.73715413 -0 0.67572463,
                    0.40266323 -0 0.91534817,
                    -0 -0 1,
                    1 0 0,
                    1 0 0,
                    1 0 0,
                    1 0 0,
                    2.550407e-28 -1 2.795957e-28,
                    2.550407e-28 -1 2.795957e-28,
                    2.550407e-28 -1 2.795957e-28,
                    2.550407e-28 -1 2.795957e-28,
                    2.550407e-28 -1 2.795957e-28,
                    2.550407e-28 -1 2.795957e-28,
                    2.550407e-28 -1 2.795957e-28,
                    2.550407e-28 -1 2.795957e-28,
                    2.550407e-28 -1 2.795957e-28,
                    2.550407e-28 -1 2.795957e-28,
                    2.550407e-28 -1 2.795957e-28,
                    2.550407e-28 -1 2.795957e-28,
                    2.550407e-28 -1 2.795957e-28,
                    2.550407e-28 -1 2.795957e-28,
                    -0 -0 -1,
                    -0 -0 -1,
                    -0 -0 -1,
                    -0 -0 -1,
                    2.0694557e-13 0 -1,
                    -0.40266323 0 -0.91534817,
                    -0.73715413 0 -0.67572463,
                    -0.73715413 0 -0.67572463,
                    -0.40266323 0 -0.91534817,
                    0 0 -1,
                    -0.73715413 -0 -0.67572463,
                    -0.73715413 -0 -0.67572463,
                    -0.73715413 -0 -0.67572463,
                    -0.73715413 -0 -0.67572463,
                    -0 -0 -1,
                    -0 -0 -1,
                    -0 -0 -1,
                    -0 -0 -1,
                    -1 -0 -0,
                    -1 -0 -0,
                    -1 -0 -0,
                    -1 -0 -0,
                    0.73715413 0 0.67572463,
                    0.73715413 0 0.67572463,
                    0.73715413 0 0.67572463,
                    0.73715413 0 0.67572463,
                    0 0 1,
                    0 0 1,
                    0 0 1,
                    0 0 1,
                    0.73715413 0 0.67572463,
                    0.73715413 0 0.67572463,
                    0.40266323 0 0.91534817,
                    1.5454305e-12 0 1,
                    4.0856207e-13 0 1,
                    0.40266323 0 0.91534817

                  ]
                }
                coordIndex [
                  0 2 1 -1 
                  3 1 2 -1 
                  24 4 22 -1 
                  12 6 7 -1 
                  9 7 8 -1 
                  10 7 9 -1 
                  23 7 10 -1 
                  11 7 23 -1 
                  24 22 6 -1 
                  12 7 11 -1 
                  0 5 4 -1 
                  24 6 12 -1 
                  0 1 5 -1 
                  0 4 24 -1 
                  12 13 25 -1 
                  24 25 2 -1 
                  24 12 25 -1 
                  0 24 2 -1 
                  14 5 3 -1 
                  1 3 5 -1 
                  2 15 14 -1 
                  2 14 3 -1 
                  25 15 2 -1 
                  27 15 25 -1 
                  21 25 13 -1 
                  20 21 13 -1 
                  20 16 26 -1 
                  20 26 17 -1 
                  19 17 18 -1 
                  20 13 16 -1 
                  20 17 19 -1 
                  27 25 21 -1 
                  5 14 15 -1 
                  4 5 15 -1 
                  6 27 21 -1 
                  22 15 27 -1 
                  22 27 6 -1 
                  4 15 22 -1 
                  6 20 7 -1 
                  6 21 20 -1 
                  8 7 19 -1 
                  20 19 7 -1 
                  9 19 18 -1 
                  9 8 19 -1 
                  12 11 16 -1 
                  12 16 13 -1 
                  9 18 10 -1 
                  17 10 18 -1 
                  23 16 11 -1 
                  26 16 23 -1 
                  17 23 10 -1 
                  26 23 17 -1 
                ]
                normalIndex [
                  1 2 0 -1 
                  3 0 2 -1 
                  15 5 6 -1 
                  14 7 8 -1 
                  10 8 9 -1 
                  11 8 10 -1 
                  12 8 11 -1 
                  13 8 12 -1 
                  15 6 7 -1 
                  14 8 13 -1 
                  16 4 5 -1 
                  15 7 14 -1 
                  16 17 4 -1 
                  16 5 15 -1 
                  21 20 19 -1 
                  22 19 18 -1 
                  22 21 19 -1 
                  23 22 18 -1 
                  25 26 24 -1 
                  27 24 26 -1 
                  31 28 29 -1 
                  31 29 30 -1 
                  32 28 31 -1 
                  41 28 32 -1 
                  40 32 33 -1 
                  39 40 33 -1 
                  39 34 35 -1 
                  39 35 36 -1 
                  38 36 37 -1 
                  39 33 34 -1 
                  39 36 38 -1 
                  41 32 40 -1 
                  44 43 42 -1 
                  45 44 42 -1 
                  49 47 48 -1 
                  50 46 47 -1 
                  50 47 49 -1 
                  51 46 50 -1 
                  54 52 55 -1 
                  54 53 52 -1 
                  57 56 58 -1 
                  59 58 56 -1 
                  62 60 63 -1 
                  62 61 60 -1 
                  66 67 64 -1 
                  66 64 65 -1 
                  69 70 68 -1 
                  71 68 70 -1 
                  74 72 73 -1 
                  77 72 74 -1 
                  76 74 75 -1 
                  77 74 76 -1 
                ]
              }
            }
            DEF PinsArrayLR_29 Shape {
              appearance DEF __122 Appearance {
                material DEF __123 Material {
                  ambientIntensity 0.260947436094
                  diffuseColor 0.73400002718 0.773000001907 0.79699999094
                  shininess 0
                }
              }
              geometry DEF __124 IndexedFaceSet {
                solid FALSE
                coord Coordinate {
                  point [
                    -0.008 -0.00089 0.00011,
                    -0.0076467783776 -0.00089 0.00011,
                    -0.008 -0.00111 0.00011,
                    -0.0076467783776 -0.00111 0.00011,
                    -0.008 -0.00089 0,
                    -0.0075983891888 -0.00089 0,
                    -0.00756569142217 -0.00089 0.000145670290863,
                    -0.00711378472205 -0.00089 0.000638659418274,
                    -0.00703269776662 -0.00089 0.000674329709137,
                    -0.007 -0.00089 0.000674329709137,
                    -0.007 -0.00089 0.000564329709137,
                    -0.00703269776662 -0.00089 0.000564329709137,
                    -0.00751730223337 -0.00089 3.56702908631e-05,
                    -0.00756569142217 -0.00111 0.000145670290863,
                    -0.008 -0.00111 0,
                    -0.0075983891888 -0.00111 0,
                    -0.00751730223337 -0.00111 3.56702908631e-05,
                    -0.00703269776662 -0.00111 0.000564329709137,
                    -0.007 -0.00111 0.000564329709137,
                    -0.007 -0.00111 0.000674329709137,
                    -0.00703269776662 -0.00111 0.000674329709137,
                    -0.00711378472205 -0.00111 0.000638659418274,
                    -0.00760248542107 -0.00089 0.00011931169878,
                    -0.00707699072315 -0.00089 0.000665018010357,
                    -0.00755409623228 -0.00089 9.31169878032e-06,
                    -0.00760248542107 -0.00111 0.00011931169878,
                    -0.00755409623228 -0.00111 9.31169878032e-06,
                    -0.00707699072315 -0.00111 0.000665018010357

                  ]
                }
                normal Normal {
                  vector [
                    0 0 1,
                    0 0 1,
                    0 0 1,
                    0 0 1,
                    0 1 0,
                    0 1 0,
                    0 1 0,
                    0 1 0,
                    0 1 0,
                    0 1 0,
                    0 1 0,
                    0 1 0,
                    0 1 0,
                    0 1 0,
                    0 1 0,
                    0 1 0,
                    0 1 0,
                    0 1 0,
                    -0 -0 1,
                    -0 -0 1,
                    -0.40266323 -0 0.91534817,
                    -0.73715413 -0 0.67572463,
                    -0.73715413 -0 0.67572463,
                    -0.40266323 -0 0.91534817,
                    -1 -0 -0,
                    -1 -0 -0,
                    -1 -0 -0,
                    -1 -0 -0,
                    -8.6121087e-29 -1 9.730542e-29,
                    -8.6121087e-29 -1 9.730542e-29,
                    -8.6121087e-29 -1 9.730542e-29,
                    -8.6121087e-29 -1 9.730542e-29,
                    -8.6121087e-29 -1 9.730542e-29,
                    -8.6121087e-29 -1 9.730542e-29,
                    -8.6121087e-29 -1 9.730542e-29,
                    -8.6121087e-29 -1 9.730542e-29,
                    -8.6121087e-29 -1 9.730542e-29,
                    -8.6121087e-29 -1 9.730542e-29,
                    -8.6121087e-29 -1 9.730542e-29,
                    -8.6121087e-29 -1 9.730542e-29,
                    -8.6121087e-29 -1 9.730542e-29,
                    -8.6121087e-29 -1 9.730542e-29,
                    -0 -0 -1,
                    -0 -0 -1,
                    -0 -0 -1,
                    -0 -0 -1,
                    0 0 -1,
                    0 0 -1,
                    0.40266323 0 -0.91534817,
                    0.73715413 0 -0.67572463,
                    0.73715413 0 -0.67572463,
                    0.40266323 0 -0.91534817,
                    0.73715413 0 -0.67572463,
                    0.73715413 0 -0.67572463,
                    0.73715413 0 -0.67572463,
                    0.73715413 0 -0.67572463,
                    -0 -0 -1,
                    -0 -0 -1,
                    -0 -0 -1,
                    -0 -0 -1,
                    1 0 0,
                    1 0 0,
                    1 0 0,
                    1 0 0,
                    -0.73715413 -0 0.67572463,
                    -0.73715413 -0 0.67572463,
                    -0.73715413 -0 0.67572463,
                    -0.73715413 -0 0.67572463,
                    0 0 1,
                    0 0 1,
                    0 0 1,
                    0 0 1,
                    -0.73715413 0 0.67572463,
                    -0.40266323 0 0.91534817,
                    -8.2245322e-13 0 1,
                    -4.0945025e-13 0 1,
                    -0.40266323 0 0.91534817,
                    -0.73715413 0 0.67572463

                  ]
                }
                coordIndex [
                  2 1 0 -1 
                  3 1 2 -1 
                  1 5 4 -1 
                  1 4 0 -1 
                  22 5 1 -1 
                  24 5 22 -1 
                  12 22 6 -1 
                  11 12 6 -1 
                  11 7 23 -1 
                  11 23 8 -1 
                  10 8 9 -1 
                  11 6 7 -1 
                  11 8 10 -1 
                  24 22 12 -1 
                  22 1 3 -1 
                  25 22 3 -1 
                  13 6 22 -1 
                  25 13 22 -1 
                  14 2 4 -1 
                  0 4 2 -1 
                  25 15 26 -1 
                  18 19 17 -1 
                  13 16 17 -1 
                  20 17 19 -1 
                  27 17 20 -1 
                  21 17 27 -1 
                  25 26 16 -1 
                  13 17 21 -1 
                  3 14 15 -1 
                  25 16 13 -1 
                  3 15 25 -1 
                  2 14 3 -1 
                  14 5 15 -1 
                  14 4 5 -1 
                  24 15 5 -1 
                  26 15 24 -1 
                  16 24 12 -1 
                  26 24 16 -1 
                  12 11 17 -1 
                  12 17 16 -1 
                  11 10 17 -1 
                  18 17 10 -1 
                  18 10 19 -1 
                  9 19 10 -1 
                  6 21 7 -1 
                  6 13 21 -1 
                  9 20 19 -1 
                  8 20 9 -1 
                  8 27 20 -1 
                  23 21 27 -1 
                  23 27 8 -1 
                  7 21 23 -1 
                ]
                normalIndex [
                  2 0 1 -1 
                  3 0 2 -1 
                  7 4 5 -1 
                  7 5 6 -1 
                  8 4 7 -1 
                  17 4 8 -1 
                  16 8 9 -1 
                  15 16 9 -1 
                  15 10 11 -1 
                  15 11 12 -1 
                  14 12 13 -1 
                  15 9 10 -1 
                  15 12 14 -1 
                  17 8 16 -1 
                  20 19 18 -1 
                  23 20 18 -1 
                  22 21 20 -1 
                  23 22 20 -1 
                  25 24 26 -1 
                  27 26 24 -1 
                  39 29 30 -1 
                  33 34 32 -1 
                  38 31 32 -1 
                  35 32 34 -1 
                  36 32 35 -1 
                  37 32 36 -1 
                  39 30 31 -1 
                  38 32 37 -1 
                  40 28 29 -1 
                  39 31 38 -1 
                  40 29 39 -1 
                  41 28 40 -1 
                  44 42 45 -1 
                  44 43 42 -1 
                  48 46 47 -1 
                  51 46 48 -1 
                  50 48 49 -1 
                  51 48 50 -1 
                  54 55 52 -1 
                  54 52 53 -1 
                  57 56 58 -1 
                  59 58 56 -1 
                  61 62 60 -1 
                  63 60 62 -1 
                  66 64 67 -1 
                  66 65 64 -1 
                  70 68 69 -1 
                  71 68 70 -1 
                  75 73 74 -1 
                  76 72 73 -1 
                  76 73 75 -1 
                  77 72 76 -1 
                ]
              }
            }
            DEF PinsArrayLR_30 Shape {
              appearance DEF __126 Appearance {
                material DEF __127 Material {
                  ambientIntensity 0.260947436094
                  diffuseColor 0.73400002718 0.773000001907 0.79699999094
                  shininess 0
                }
              }
              geometry DEF __128 IndexedFaceSet {
                solid FALSE
                coord Coordinate {
                  point [
                    0.0076467783776 -0.00089 0.00011,
                    0.008 -0.00089 0.00011,
                    0.0076467783776 -0.00111 0.00011,
                    0.008 -0.00111 0.00011,
                    0.0075983891888 -0.00089 0,
                    0.008 -0.00089 0,
                    0.00751730223337 -0.00089 3.56702908631e-05,
                    0.00703269776662 -0.00089 0.000564329709137,
                    0.007 -0.00089 0.000564329709137,
                    0.007 -0.00089 0.000674329709137,
                    0.00703269776662 -0.00089 0.000674329709137,
                    0.00711378472205 -0.00089 0.000638659418274,
                    0.00756569142217 -0.00089 0.000145670290863,
                    0.00756569142217 -0.00111 0.000145670290863,
                    0.008 -0.00111 0,
                    0.0075983891888 -0.00111 0,
                    0.00711378472205 -0.00111 0.000638659418274,
                    0.00703269776662 -0.00111 0.000674329709137,
                    0.007 -0.00111 0.000674329709137,
                    0.007 -0.00111 0.000564329709137,
                    0.00703269776662 -0.00111 0.000564329709137,
                    0.00751730223337 -0.00111 3.56702908631e-05,
                    0.00755409623228 -0.00089 9.31169878033e-06,
                    0.00707699072315 -0.00089 0.000665018010357,
                    0.00760248542107 -0.00089 0.00011931169878,
                    0.00760248542107 -0.00111 0.00011931169878,
                    0.00707699072315 -0.00111 0.000665018010357,
                    0.00755409623228 -0.00111 9.31169878032e-06

                  ]
                }
                normal Normal {
                  vector [
                    0 0 1,
                    0 0 1,
                    0 0 1,
                    0 0 1,
                    8.6526525e-30 1 8.6637658e-30,
                    8.6526525e-30 1 8.6637658e-30,
                    8.6526525e-30 1 8.6637658e-30,
                    8.6526525e-30 1 8.6637658e-30,
                    8.6526525e-30 1 8.6637658e-30,
                    8.6526525e-30 1 8.6637658e-30,
                    8.6526525e-30 1 8.6637658e-30,
                    8.6526525e-30 1 8.6637658e-30,
                    8.6526525e-30 1 8.6637658e-30,
                    8.6526525e-30 1 8.6637658e-30,
                    8.6526525e-30 1 8.6637658e-30,
                    8.6526525e-30 1 8.6637658e-30,
                    8.6526525e-30 1 8.6637658e-30,
                    8.6526525e-30 1 8.6637658e-30,
                    -0 -0 1,
                    0.40266323 -0 0.91534817,
                    0.73715413 -0 0.67572463,
                    0.73715413 -0 0.67572463,
                    0.40266323 -0 0.91534817,
                    -0 -0 1,
                    1 0 0,
                    1 0 0,
                    1 0 0,
                    1 0 0,
                    2.550407e-28 -1 2.795957e-28,
                    2.550407e-28 -1 2.795957e-28,
                    2.550407e-28 -1 2.795957e-28,
                    2.550407e-28 -1 2.795957e-28,
                    2.550407e-28 -1 2.795957e-28,
                    2.550407e-28 -1 2.795957e-28,
                    2.550407e-28 -1 2.795957e-28,
                    2.550407e-28 -1 2.795957e-28,
                    2.550407e-28 -1 2.795957e-28,
                    2.550407e-28 -1 2.795957e-28,
                    2.550407e-28 -1 2.795957e-28,
                    2.550407e-28 -1 2.795957e-28,
                    2.550407e-28 -1 2.795957e-28,
                    2.550407e-28 -1 2.795957e-28,
                    -0 -0 -1,
                    -0 -0 -1,
                    -0 -0 -1,
                    -0 -0 -1,
                    2.0694557e-13 0 -1,
                    -0.40266323 0 -0.91534817,
                    -0.73715413 0 -0.67572463,
                    -0.73715413 0 -0.67572463,
                    -0.40266323 0 -0.91534817,
                    0 0 -1,
                    -0.73715413 -0 -0.67572463,
                    -0.73715413 -0 -0.67572463,
                    -0.73715413 -0 -0.67572463,
                    -0.73715413 -0 -0.67572463,
                    -0 -0 -1,
                    -0 -0 -1,
                    -0 -0 -1,
                    -0 -0 -1,
                    -1 -0 -0,
                    -1 -0 -0,
                    -1 -0 -0,
                    -1 -0 -0,
                    0.73715413 0 0.67572463,
                    0.73715413 0 0.67572463,
                    0.73715413 0 0.67572463,
                    0.73715413 0 0.67572463,
                    0 0 1,
                    0 0 1,
                    0 0 1,
                    0 0 1,
                    0.73715413 0 0.67572463,
                    0.73715413 0 0.67572463,
                    0.40266323 0 0.91534817,
                    1.5454305e-12 0 1,
                    4.0856207e-13 0 1,
                    0.40266323 0 0.91534817

                  ]
                }
                coordIndex [
                  0 2 1 -1 
                  3 1 2 -1 
                  24 4 22 -1 
                  12 6 7 -1 
                  9 7 8 -1 
                  10 7 9 -1 
                  23 7 10 -1 
                  11 7 23 -1 
                  24 22 6 -1 
                  12 7 11 -1 
                  0 5 4 -1 
                  24 6 12 -1 
                  0 1 5 -1 
                  0 4 24 -1 
                  12 13 25 -1 
                  24 25 2 -1 
                  24 12 25 -1 
                  0 24 2 -1 
                  14 5 3 -1 
                  1 3 5 -1 
                  2 15 14 -1 
                  2 14 3 -1 
                  25 15 2 -1 
                  27 15 25 -1 
                  21 25 13 -1 
                  20 21 13 -1 
                  20 16 26 -1 
                  20 26 17 -1 
                  19 17 18 -1 
                  20 13 16 -1 
                  20 17 19 -1 
                  27 25 21 -1 
                  5 14 15 -1 
                  4 5 15 -1 
                  6 27 21 -1 
                  22 15 27 -1 
                  22 27 6 -1 
                  4 15 22 -1 
                  6 20 7 -1 
                  6 21 20 -1 
                  8 7 19 -1 
                  20 19 7 -1 
                  9 19 18 -1 
                  9 8 19 -1 
                  12 11 16 -1 
                  12 16 13 -1 
                  9 18 10 -1 
                  17 10 18 -1 
                  23 16 11 -1 
                  26 16 23 -1 
                  17 23 10 -1 
                  26 23 17 -1 
                ]
                normalIndex [
                  1 2 0 -1 
                  3 0 2 -1 
                  15 5 6 -1 
                  14 7 8 -1 
                  10 8 9 -1 
                  11 8 10 -1 
                  12 8 11 -1 
                  13 8 12 -1 
                  15 6 7 -1 
                  14 8 13 -1 
                  16 4 5 -1 
                  15 7 14 -1 
                  16 17 4 -1 
                  16 5 15 -1 
                  21 20 19 -1 
                  22 19 18 -1 
                  22 21 19 -1 
                  23 22 18 -1 
                  25 26 24 -1 
                  27 24 26 -1 
                  31 28 29 -1 
                  31 29 30 -1 
                  32 28 31 -1 
                  41 28 32 -1 
                  40 32 33 -1 
                  39 40 33 -1 
                  39 34 35 -1 
                  39 35 36 -1 
                  38 36 37 -1 
                  39 33 34 -1 
                  39 36 38 -1 
                  41 32 40 -1 
                  44 43 42 -1 
                  45 44 42 -1 
                  49 47 48 -1 
                  50 46 47 -1 
                  50 47 49 -1 
                  51 46 50 -1 
                  54 52 55 -1 
                  54 53 52 -1 
                  57 56 58 -1 
                  59 58 56 -1 
                  62 60 63 -1 
                  62 61 60 -1 
                  66 67 64 -1 
                  66 64 65 -1 
                  69 70 68 -1 
                  71 68 70 -1 
                  74 72 73 -1 
                  77 72 74 -1 
                  76 74 75 -1 
                  77 74 76 -1 
                ]
              }
            }
            DEF PinsArrayLR_31 Shape {
              appearance DEF __130 Appearance {
                material DEF __131 Material {
                  ambientIntensity 0.260947436094
                  diffuseColor 0.73400002718 0.773000001907 0.79699999094
                  shininess 0
                }
              }
              geometry DEF __132 IndexedFaceSet {
                solid FALSE
                coord Coordinate {
                  point [
                    -0.008 -0.00139 0.00011,
                    -0.0076467783776 -0.00139 0.00011,
                    -0.008 -0.00161 0.00011,
                    -0.0076467783776 -0.00161 0.00011,
                    -0.008 -0.00139 0,
                    -0.0075983891888 -0.00139 0,
                    -0.00756569142217 -0.00139 0.000145670290863,
                    -0.00711378472205 -0.00139 0.000638659418274,
                    -0.00703269776662 -0.00139 0.000674329709137,
                    -0.007 -0.00139 0.000674329709137,
                    -0.007 -0.00139 0.000564329709137,
                    -0.00703269776662 -0.00139 0.000564329709137,
                    -0.00751730223337 -0.00139 3.56702908631e-05,
                    -0.00756569142217 -0.00161 0.000145670290863,
                    -0.008 -0.00161 0,
                    -0.0075983891888 -0.00161 0,
                    -0.00751730223337 -0.00161 3.56702908631e-05,
                    -0.00703269776662 -0.00161 0.000564329709137,
                    -0.007 -0.00161 0.000564329709137,
                    -0.007 -0.00161 0.000674329709137,
                    -0.00703269776662 -0.00161 0.000674329709137,
                    -0.00711378472205 -0.00161 0.000638659418274,
                    -0.00760248542107 -0.00139 0.00011931169878,
                    -0.00707699072315 -0.00139 0.000665018010357,
                    -0.00755409623228 -0.00139 9.31169878032e-06,
                    -0.00760248542107 -0.00161 0.00011931169878,
                    -0.00755409623228 -0.00161 9.31169878032e-06,
                    -0.00707699072315 -0.00161 0.000665018010357

                  ]
                }
                normal Normal {
                  vector [
                    0 0 1,
                    0 0 1,
                    0 0 1,
                    0 0 1,
                    0 1 0,
                    0 1 0,
                    0 1 0,
                    0 1 0,
                    0 1 0,
                    0 1 0,
                    0 1 0,
                    0 1 0,
                    0 1 0,
                    0 1 0,
                    0 1 0,
                    0 1 0,
                    0 1 0,
                    0 1 0,
                    -0 -0 1,
                    -0 -0 1,
                    -0.40266323 -0 0.91534817,
                    -0.73715413 -0 0.67572463,
                    -0.73715413 -0 0.67572463,
                    -0.40266323 -0 0.91534817,
                    -1 -0 -0,
                    -1 -0 -0,
                    -1 -0 -0,
                    -1 -0 -0,
                    -8.6121087e-29 -1 9.730542e-29,
                    -8.6121087e-29 -1 9.730542e-29,
                    -8.6121087e-29 -1 9.730542e-29,
                    -8.6121087e-29 -1 9.730542e-29,
                    -8.6121087e-29 -1 9.730542e-29,
                    -8.6121087e-29 -1 9.730542e-29,
                    -8.6121087e-29 -1 9.730542e-29,
                    -8.6121087e-29 -1 9.730542e-29,
                    -8.6121087e-29 -1 9.730542e-29,
                    -8.6121087e-29 -1 9.730542e-29,
                    -8.6121087e-29 -1 9.730542e-29,
                    -8.6121087e-29 -1 9.730542e-29,
                    -8.6121087e-29 -1 9.730542e-29,
                    -8.6121087e-29 -1 9.730542e-29,
                    -0 -0 -1,
                    -0 -0 -1,
                    -0 -0 -1,
                    -0 -0 -1,
                    0 0 -1,
                    0 0 -1,
                    0.40266323 0 -0.91534817,
                    0.73715413 0 -0.67572463,
                    0.73715413 0 -0.67572463,
                    0.40266323 0 -0.91534817,
                    0.73715413 0 -0.67572463,
                    0.73715413 0 -0.67572463,
                    0.73715413 0 -0.67572463,
                    0.73715413 0 -0.67572463,
                    -0 -0 -1,
                    -0 -0 -1,
                    -0 -0 -1,
                    -0 -0 -1,
                    1 0 0,
                    1 0 0,
                    1 0 0,
                    1 0 0,
                    -0.73715413 -0 0.67572463,
                    -0.73715413 -0 0.67572463,
                    -0.73715413 -0 0.67572463,
                    -0.73715413 -0 0.67572463,
                    0 0 1,
                    0 0 1,
                    0 0 1,
                    0 0 1,
                    -0.73715413 0 0.67572463,
                    -0.40266323 0 0.91534817,
                    -8.2245322e-13 0 1,
                    -4.0945025e-13 0 1,
                    -0.40266323 0 0.91534817,
                    -0.73715413 0 0.67572463

                  ]
                }
                coordIndex [
                  2 1 0 -1 
                  3 1 2 -1 
                  1 5 4 -1 
                  1 4 0 -1 
                  22 5 1 -1 
                  24 5 22 -1 
                  12 22 6 -1 
                  11 12 6 -1 
                  11 7 23 -1 
                  11 23 8 -1 
                  10 8 9 -1 
                  11 6 7 -1 
                  11 8 10 -1 
                  24 22 12 -1 
                  22 1 3 -1 
                  25 22 3 -1 
                  13 6 22 -1 
                  25 13 22 -1 
                  14 2 4 -1 
                  0 4 2 -1 
                  25 15 26 -1 
                  18 19 17 -1 
                  13 16 17 -1 
                  20 17 19 -1 
                  27 17 20 -1 
                  21 17 27 -1 
                  25 26 16 -1 
                  13 17 21 -1 
                  3 14 15 -1 
                  25 16 13 -1 
                  3 15 25 -1 
                  2 14 3 -1 
                  14 5 15 -1 
                  14 4 5 -1 
                  24 15 5 -1 
                  26 15 24 -1 
                  16 24 12 -1 
                  26 24 16 -1 
                  12 11 17 -1 
                  12 17 16 -1 
                  11 10 17 -1 
                  18 17 10 -1 
                  18 10 19 -1 
                  9 19 10 -1 
                  6 21 7 -1 
                  6 13 21 -1 
                  9 20 19 -1 
                  8 20 9 -1 
                  8 27 20 -1 
                  23 21 27 -1 
                  23 27 8 -1 
                  7 21 23 -1 
                ]
                normalIndex [
                  2 0 1 -1 
                  3 0 2 -1 
                  7 4 5 -1 
                  7 5 6 -1 
                  8 4 7 -1 
                  17 4 8 -1 
                  16 8 9 -1 
                  15 16 9 -1 
                  15 10 11 -1 
                  15 11 12 -1 
                  14 12 13 -1 
                  15 9 10 -1 
                  15 12 14 -1 
                  17 8 16 -1 
                  20 19 18 -1 
                  23 20 18 -1 
                  22 21 20 -1 
                  23 22 20 -1 
                  25 24 26 -1 
                  27 26 24 -1 
                  39 29 30 -1 
                  33 34 32 -1 
                  38 31 32 -1 
                  35 32 34 -1 
                  36 32 35 -1 
                  37 32 36 -1 
                  39 30 31 -1 
                  38 32 37 -1 
                  40 28 29 -1 
                  39 31 38 -1 
                  40 29 39 -1 
                  41 28 40 -1 
                  44 42 45 -1 
                  44 43 42 -1 
                  48 46 47 -1 
                  51 46 48 -1 
                  50 48 49 -1 
                  51 48 50 -1 
                  54 55 52 -1 
                  54 52 53 -1 
                  57 56 58 -1 
                  59 58 56 -1 
                  61 62 60 -1 
                  63 60 62 -1 
                  66 64 67 -1 
                  66 65 64 -1 
                  70 68 69 -1 
                  71 68 70 -1 
                  75 73 74 -1 
                  76 72 73 -1 
                  76 73 75 -1 
                  77 72 76 -1 
                ]
              }
            }
            DEF PinsArrayLR_32 Shape {
              appearance DEF __134 Appearance {
                material DEF __135 Material {
                  ambientIntensity 0.260947436094
                  diffuseColor 0.73400002718 0.773000001907 0.79699999094
                  shininess 0
                }
              }
              geometry DEF __136 IndexedFaceSet {
                solid FALSE
                coord Coordinate {
                  point [
                    0.0076467783776 -0.00139 0.00011,
                    0.008 -0.00139 0.00011,
                    0.0076467783776 -0.00161 0.00011,
                    0.008 -0.00161 0.00011,
                    0.0075983891888 -0.00139 0,
                    0.008 -0.00139 0,
                    0.00751730223337 -0.00139 3.56702908631e-05,
                    0.00703269776662 -0.00139 0.000564329709137,
                    0.007 -0.00139 0.000564329709137,
                    0.007 -0.00139 0.000674329709137,
                    0.00703269776662 -0.00139 0.000674329709137,
                    0.00711378472205 -0.00139 0.000638659418274,
                    0.00756569142217 -0.00139 0.000145670290863,
                    0.00756569142217 -0.00161 0.000145670290863,
                    0.008 -0.00161 0,
                    0.0075983891888 -0.00161 0,
                    0.00711378472205 -0.00161 0.000638659418274,
                    0.00703269776662 -0.00161 0.000674329709137,
                    0.007 -0.00161 0.000674329709137,
                    0.007 -0.00161 0.000564329709137,
                    0.00703269776662 -0.00161 0.000564329709137,
                    0.00751730223337 -0.00161 3.56702908631e-05,
                    0.00755409623228 -0.00139 9.31169878033e-06,
                    0.00707699072315 -0.00139 0.000665018010357,
                    0.00760248542107 -0.00139 0.00011931169878,
                    0.00760248542107 -0.00161 0.00011931169878,
                    0.00707699072315 -0.00161 0.000665018010357,
                    0.00755409623228 -0.00161 9.31169878032e-06

                  ]
                }
                normal Normal {
                  vector [
                    0 0 1,
                    0 0 1,
                    0 0 1,
                    0 0 1,
                    8.6526525e-30 1 8.6637658e-30,
                    8.6526525e-30 1 8.6637658e-30,
                    8.6526525e-30 1 8.6637658e-30,
                    8.6526525e-30 1 8.6637658e-30,
                    8.6526525e-30 1 8.6637658e-30,
                    8.6526525e-30 1 8.6637658e-30,
                    8.6526525e-30 1 8.6637658e-30,
                    8.6526525e-30 1 8.6637658e-30,
                    8.6526525e-30 1 8.6637658e-30,
                    8.6526525e-30 1 8.6637658e-30,
                    8.6526525e-30 1 8.6637658e-30,
                    8.6526525e-30 1 8.6637658e-30,
                    8.6526525e-30 1 8.6637658e-30,
                    8.6526525e-30 1 8.6637658e-30,
                    -0 -0 1,
                    0.40266323 -0 0.91534817,
                    0.73715413 -0 0.67572463,
                    0.73715413 -0 0.67572463,
                    0.40266323 -0 0.91534817,
                    -0 -0 1,
                    1 0 0,
                    1 0 0,
                    1 0 0,
                    1 0 0,
                    2.550407e-28 -1 2.795957e-28,
                    2.550407e-28 -1 2.795957e-28,
                    2.550407e-28 -1 2.795957e-28,
                    2.550407e-28 -1 2.795957e-28,
                    2.550407e-28 -1 2.795957e-28,
                    2.550407e-28 -1 2.795957e-28,
                    2.550407e-28 -1 2.795957e-28,
                    2.550407e-28 -1 2.795957e-28,
                    2.550407e-28 -1 2.795957e-28,
                    2.550407e-28 -1 2.795957e-28,
                    2.550407e-28 -1 2.795957e-28,
                    2.550407e-28 -1 2.795957e-28,
                    2.550407e-28 -1 2.795957e-28,
                    2.550407e-28 -1 2.795957e-28,
                    -0 -0 -1,
                    -0 -0 -1,
                    -0 -0 -1,
                    -0 -0 -1,
                    2.0694557e-13 0 -1,
                    -0.40266323 0 -0.91534817,
                    -0.73715413 0 -0.67572463,
                    -0.73715413 0 -0.67572463,
                    -0.40266323 0 -0.91534817,
                    0 0 -1,
                    -0.73715413 -0 -0.67572463,
                    -0.73715413 -0 -0.67572463,
                    -0.73715413 -0 -0.67572463,
                    -0.73715413 -0 -0.67572463,
                    -0 -0 -1,
                    -0 -0 -1,
                    -0 -0 -1,
                    -0 -0 -1,
                    -1 -0 -0,
                    -1 -0 -0,
                    -1 -0 -0,
                    -1 -0 -0,
                    0.73715413 0 0.67572463,
                    0.73715413 0 0.67572463,
                    0.73715413 0 0.67572463,
                    0.73715413 0 0.67572463,
                    0 0 1,
                    0 0 1,
                    0 0 1,
                    0 0 1,
                    0.73715413 0 0.67572463,
                    0.73715413 0 0.67572463,
                    0.40266323 0 0.91534817,
                    1.5454305e-12 0 1,
                    4.0856207e-13 0 1,
                    0.40266323 0 0.91534817

                  ]
                }
                coordIndex [
                  0 2 1 -1 
                  3 1 2 -1 
                  24 4 22 -1 
                  12 6 7 -1 
                  9 7 8 -1 
                  10 7 9 -1 
                  23 7 10 -1 
                  11 7 23 -1 
                  24 22 6 -1 
                  12 7 11 -1 
                  0 5 4 -1 
                  24 6 12 -1 
                  0 1 5 -1 
                  0 4 24 -1 
                  12 13 25 -1 
                  24 25 2 -1 
                  24 12 25 -1 
                  0 24 2 -1 
                  14 5 3 -1 
                  1 3 5 -1 
                  2 15 14 -1 
                  2 14 3 -1 
                  25 15 2 -1 
                  27 15 25 -1 
                  21 25 13 -1 
                  20 21 13 -1 
                  20 16 26 -1 
                  20 26 17 -1 
                  19 17 18 -1 
                  20 13 16 -1 
                  20 17 19 -1 
                  27 25 21 -1 
                  5 14 15 -1 
                  4 5 15 -1 
                  6 27 21 -1 
                  22 15 27 -1 
                  22 27 6 -1 
                  4 15 22 -1 
                  6 20 7 -1 
                  6 21 20 -1 
                  8 7 19 -1 
                  20 19 7 -1 
                  9 19 18 -1 
                  9 8 19 -1 
                  12 11 16 -1 
                  12 16 13 -1 
                  9 18 10 -1 
                  17 10 18 -1 
                  23 16 11 -1 
                  26 16 23 -1 
                  17 23 10 -1 
                  26 23 17 -1 
                ]
                normalIndex [
                  1 2 0 -1 
                  3 0 2 -1 
                  15 5 6 -1 
                  14 7 8 -1 
                  10 8 9 -1 
                  11 8 10 -1 
                  12 8 11 -1 
                  13 8 12 -1 
                  15 6 7 -1 
                  14 8 13 -1 
                  16 4 5 -1 
                  15 7 14 -1 
                  16 17 4 -1 
                  16 5 15 -1 
                  21 20 19 -1 
                  22 19 18 -1 
                  22 21 19 -1 
                  23 22 18 -1 
                  25 26 24 -1 
                  27 24 26 -1 
                  31 28 29 -1 
                  31 29 30 -1 
                  32 28 31 -1 
                  41 28 32 -1 
                  40 32 33 -1 
                  39 40 33 -1 
                  39 34 35 -1 
                  39 35 36 -1 
                  38 36 37 -1 
                  39 33 34 -1 
                  39 36 38 -1 
                  41 32 40 -1 
                  44 43 42 -1 
                  45 44 42 -1 
                  49 47 48 -1 
                  50 46 47 -1 
                  50 47 49 -1 
                  51 46 50 -1 
                  54 52 55 -1 
                  54 53 52 -1 
                  57 56 58 -1 
                  59 58 56 -1 
                  62 60 63 -1 
                  62 61 60 -1 
                  66 67 64 -1 
                  66 64 65 -1 
                  69 70 68 -1 
                  71 68 70 -1 
                  74 72 73 -1 
                  77 72 74 -1 
                  76 74 75 -1 
                  77 74 76 -1 
                ]
              }
            }
            DEF PinsArrayLR_33 Shape {
              appearance DEF __138 Appearance {
                material DEF __139 Material {
                  ambientIntensity 0.260947436094
                  diffuseColor 0.73400002718 0.773000001907 0.79699999094
                  shininess 0
                }
              }
              geometry DEF __140 IndexedFaceSet {
                solid FALSE
                coord Coordinate {
                  point [
                    -0.008 -0.00189 0.00011,
                    -0.0076467783776 -0.00189 0.00011,
                    -0.008 -0.00211 0.00011,
                    -0.0076467783776 -0.00211 0.00011,
                    -0.008 -0.00189 0,
                    -0.0075983891888 -0.00189 0,
                    -0.00756569142217 -0.00189 0.000145670290863,
                    -0.00711378472205 -0.00189 0.000638659418274,
                    -0.00703269776662 -0.00189 0.000674329709137,
                    -0.007 -0.00189 0.000674329709137,
                    -0.007 -0.00189 0.000564329709137,
                    -0.00703269776662 -0.00189 0.000564329709137,
                    -0.00751730223337 -0.00189 3.56702908631e-05,
                    -0.00756569142217 -0.00211 0.000145670290863,
                    -0.008 -0.00211 0,
                    -0.0075983891888 -0.00211 0,
                    -0.00751730223337 -0.00211 3.56702908631e-05,
                    -0.00703269776662 -0.00211 0.000564329709137,
                    -0.007 -0.00211 0.000564329709137,
                    -0.007 -0.00211 0.000674329709137,
                    -0.00703269776662 -0.00211 0.000674329709137,
                    -0.00711378472205 -0.00211 0.000638659418274,
                    -0.00760248542107 -0.00189 0.00011931169878,
                    -0.00707699072315 -0.00189 0.000665018010357,
                    -0.00755409623228 -0.00189 9.31169878032e-06,
                    -0.00760248542107 -0.00211 0.00011931169878,
                    -0.00755409623228 -0.00211 9.31169878032e-06,
                    -0.00707699072315 -0.00211 0.000665018010357

                  ]
                }
                normal Normal {
                  vector [
                    0 0 1,
                    0 0 1,
                    0 0 1,
                    0 0 1,
                    0 1 0,
                    0 1 0,
                    0 1 0,
                    0 1 0,
                    0 1 0,
                    0 1 0,
                    0 1 0,
                    0 1 0,
                    0 1 0,
                    0 1 0,
                    0 1 0,
                    0 1 0,
                    0 1 0,
                    0 1 0,
                    -0 -0 1,
                    -0 -0 1,
                    -0.40266323 -0 0.91534817,
                    -0.73715413 -0 0.67572463,
                    -0.73715413 -0 0.67572463,
                    -0.40266323 -0 0.91534817,
                    -1 -0 -0,
                    -1 -0 -0,
                    -1 -0 -0,
                    -1 -0 -0,
                    -8.6121087e-29 -1 9.730542e-29,
                    -8.6121087e-29 -1 9.730542e-29,
                    -8.6121087e-29 -1 9.730542e-29,
                    -8.6121087e-29 -1 9.730542e-29,
                    -8.6121087e-29 -1 9.730542e-29,
                    -8.6121087e-29 -1 9.730542e-29,
                    -8.6121087e-29 -1 9.730542e-29,
                    -8.6121087e-29 -1 9.730542e-29,
                    -8.6121087e-29 -1 9.730542e-29,
                    -8.6121087e-29 -1 9.730542e-29,
                    -8.6121087e-29 -1 9.730542e-29,
                    -8.6121087e-29 -1 9.730542e-29,
                    -8.6121087e-29 -1 9.730542e-29,
                    -8.6121087e-29 -1 9.730542e-29,
                    -0 -0 -1,
                    -0 -0 -1,
                    -0 -0 -1,
                    -0 -0 -1,
                    0 0 -1,
                    0 0 -1,
                    0.40266323 0 -0.91534817,
                    0.73715413 0 -0.67572463,
                    0.73715413 0 -0.67572463,
                    0.40266323 0 -0.91534817,
                    0.73715413 0 -0.67572463,
                    0.73715413 0 -0.67572463,
                    0.73715413 0 -0.67572463,
                    0.73715413 0 -0.67572463,
                    -0 -0 -1,
                    -0 -0 -1,
                    -0 -0 -1,
                    -0 -0 -1,
                    1 0 0,
                    1 0 0,
                    1 0 0,
                    1 0 0,
                    -0.73715413 -0 0.67572463,
                    -0.73715413 -0 0.67572463,
                    -0.73715413 -0 0.67572463,
                    -0.73715413 -0 0.67572463,
                    0 0 1,
                    0 0 1,
                    0 0 1,
                    0 0 1,
                    -0.73715413 0 0.67572463,
                    -0.40266323 0 0.91534817,
                    -8.2245322e-13 0 1,
                    -4.0945025e-13 0 1,
                    -0.40266323 0 0.91534817,
                    -0.73715413 0 0.67572463

                  ]
                }
                coordIndex [
                  2 1 0 -1 
                  3 1 2 -1 
                  1 5 4 -1 
                  1 4 0 -1 
                  22 5 1 -1 
                  24 5 22 -1 
                  12 22 6 -1 
                  11 12 6 -1 
                  11 7 23 -1 
                  11 23 8 -1 
                  10 8 9 -1 
                  11 6 7 -1 
                  11 8 10 -1 
                  24 22 12 -1 
                  22 1 3 -1 
                  25 22 3 -1 
                  13 6 22 -1 
                  25 13 22 -1 
                  14 2 4 -1 
                  0 4 2 -1 
                  25 15 26 -1 
                  18 19 17 -1 
                  13 16 17 -1 
                  20 17 19 -1 
                  27 17 20 -1 
                  21 17 27 -1 
                  25 26 16 -1 
                  13 17 21 -1 
                  3 14 15 -1 
                  25 16 13 -1 
                  3 15 25 -1 
                  2 14 3 -1 
                  14 5 15 -1 
                  14 4 5 -1 
                  24 15 5 -1 
                  26 15 24 -1 
                  16 24 12 -1 
                  26 24 16 -1 
                  12 11 17 -1 
                  12 17 16 -1 
                  11 10 17 -1 
                  18 17 10 -1 
                  18 10 19 -1 
                  9 19 10 -1 
                  6 21 7 -1 
                  6 13 21 -1 
                  9 20 19 -1 
                  8 20 9 -1 
                  8 27 20 -1 
                  23 21 27 -1 
                  23 27 8 -1 
                  7 21 23 -1 
                ]
                normalIndex [
                  2 0 1 -1 
                  3 0 2 -1 
                  7 4 5 -1 
                  7 5 6 -1 
                  8 4 7 -1 
                  17 4 8 -1 
                  16 8 9 -1 
                  15 16 9 -1 
                  15 10 11 -1 
                  15 11 12 -1 
                  14 12 13 -1 
                  15 9 10 -1 
                  15 12 14 -1 
                  17 8 16 -1 
                  20 19 18 -1 
                  23 20 18 -1 
                  22 21 20 -1 
                  23 22 20 -1 
                  25 24 26 -1 
                  27 26 24 -1 
                  39 29 30 -1 
                  33 34 32 -1 
                  38 31 32 -1 
                  35 32 34 -1 
                  36 32 35 -1 
                  37 32 36 -1 
                  39 30 31 -1 
                  38 32 37 -1 
                  40 28 29 -1 
                  39 31 38 -1 
                  40 29 39 -1 
                  41 28 40 -1 
                  44 42 45 -1 
                  44 43 42 -1 
                  48 46 47 -1 
                  51 46 48 -1 
                  50 48 49 -1 
                  51 48 50 -1 
                  54 55 52 -1 
                  54 52 53 -1 
                  57 56 58 -1 
                  59 58 56 -1 
                  61 62 60 -1 
                  63 60 62 -1 
                  66 64 67 -1 
                  66 65 64 -1 
                  70 68 69 -1 
                  71 68 70 -1 
                  75 73 74 -1 
                  76 72 73 -1 
                  76 73 75 -1 
                  77 72 76 -1 
                ]
              }
            }
            DEF PinsArrayLR_34 Shape {
              appearance DEF __142 Appearance {
                material DEF __143 Material {
                  ambientIntensity 0.260947436094
                  diffuseColor 0.73400002718 0.773000001907 0.79699999094
                  shininess 0
                }
              }
              geometry DEF __144 IndexedFaceSet {
                solid FALSE
                coord Coordinate {
                  point [
                    0.0076467783776 -0.00189 0.00011,
                    0.008 -0.00189 0.00011,
                    0.0076467783776 -0.00211 0.00011,
                    0.008 -0.00211 0.00011,
                    0.0075983891888 -0.00189 0,
                    0.008 -0.00189 0,
                    0.00751730223337 -0.00189 3.56702908631e-05,
                    0.00703269776662 -0.00189 0.000564329709137,
                    0.007 -0.00189 0.000564329709137,
                    0.007 -0.00189 0.000674329709137,
                    0.00703269776662 -0.00189 0.000674329709137,
                    0.00711378472205 -0.00189 0.000638659418274,
                    0.00756569142217 -0.00189 0.000145670290863,
                    0.00756569142217 -0.00211 0.000145670290863,
                    0.008 -0.00211 0,
                    0.0075983891888 -0.00211 0,
                    0.00711378472205 -0.00211 0.000638659418274,
                    0.00703269776662 -0.00211 0.000674329709137,
                    0.007 -0.00211 0.000674329709137,
                    0.007 -0.00211 0.000564329709137,
                    0.00703269776662 -0.00211 0.000564329709137,
                    0.00751730223337 -0.00211 3.56702908631e-05,
                    0.00755409623228 -0.00189 9.31169878033e-06,
                    0.00707699072315 -0.00189 0.000665018010357,
                    0.00760248542107 -0.00189 0.00011931169878,
                    0.00760248542107 -0.00211 0.00011931169878,
                    0.00707699072315 -0.00211 0.000665018010357,
                    0.00755409623228 -0.00211 9.31169878032e-06

                  ]
                }
                normal Normal {
                  vector [
                    0 0 1,
                    0 0 1,
                    0 0 1,
                    0 0 1,
                    8.6526525e-30 1 8.6637658e-30,
                    8.6526525e-30 1 8.6637658e-30,
                    8.6526525e-30 1 8.6637658e-30,
                    8.6526525e-30 1 8.6637658e-30,
                    8.6526525e-30 1 8.6637658e-30,
                    8.6526525e-30 1 8.6637658e-30,
                    8.6526525e-30 1 8.6637658e-30,
                    8.6526525e-30 1 8.6637658e-30,
                    8.6526525e-30 1 8.6637658e-30,
                    8.6526525e-30 1 8.6637658e-30,
                    8.6526525e-30 1 8.6637658e-30,
                    8.6526525e-30 1 8.6637658e-30,
                    8.6526525e-30 1 8.6637658e-30,
                    8.6526525e-30 1 8.6637658e-30,
                    -0 -0 1,
                    0.40266323 -0 0.91534817,
                    0.73715413 -0 0.67572463,
                    0.73715413 -0 0.67572463,
                    0.40266323 -0 0.91534817,
                    -0 -0 1,
                    1 0 0,
                    1 0 0,
                    1 0 0,
                    1 0 0,
                    2.550407e-28 -1 2.795957e-28,
                    2.550407e-28 -1 2.795957e-28,
                    2.550407e-28 -1 2.795957e-28,
                    2.550407e-28 -1 2.795957e-28,
                    2.550407e-28 -1 2.795957e-28,
                    2.550407e-28 -1 2.795957e-28,
                    2.550407e-28 -1 2.795957e-28,
                    2.550407e-28 -1 2.795957e-28,
                    2.550407e-28 -1 2.795957e-28,
                    2.550407e-28 -1 2.795957e-28,
                    2.550407e-28 -1 2.795957e-28,
                    2.550407e-28 -1 2.795957e-28,
                    2.550407e-28 -1 2.795957e-28,
                    2.550407e-28 -1 2.795957e-28,
                    -0 -0 -1,
                    -0 -0 -1,
                    -0 -0 -1,
                    -0 -0 -1,
                    2.0694557e-13 0 -1,
                    -0.40266323 0 -0.91534817,
                    -0.73715413 0 -0.67572463,
                    -0.73715413 0 -0.67572463,
                    -0.40266323 0 -0.91534817,
                    0 0 -1,
                    -0.73715413 -0 -0.67572463,
                    -0.73715413 -0 -0.67572463,
                    -0.73715413 -0 -0.67572463,
                    -0.73715413 -0 -0.67572463,
                    -0 -0 -1,
                    -0 -0 -1,
                    -0 -0 -1,
                    -0 -0 -1,
                    -1 -0 -0,
                    -1 -0 -0,
                    -1 -0 -0,
                    -1 -0 -0,
                    0.73715413 0 0.67572463,
                    0.73715413 0 0.67572463,
                    0.73715413 0 0.67572463,
                    0.73715413 0 0.67572463,
                    0 0 1,
                    0 0 1,
                    0 0 1,
                    0 0 1,
                    0.73715413 0 0.67572463,
                    0.73715413 0 0.67572463,
                    0.40266323 0 0.91534817,
                    1.5454305e-12 0 1,
                    4.0856207e-13 0 1,
                    0.40266323 0 0.91534817

                  ]
                }
                coordIndex [
                  0 2 1 -1 
                  3 1 2 -1 
                  24 4 22 -1 
                  12 6 7 -1 
                  9 7 8 -1 
                  10 7 9 -1 
                  23 7 10 -1 
                  11 7 23 -1 
                  24 22 6 -1 
                  12 7 11 -1 
                  0 5 4 -1 
                  24 6 12 -1 
                  0 1 5 -1 
                  0 4 24 -1 
                  12 13 25 -1 
                  24 25 2 -1 
                  24 12 25 -1 
                  0 24 2 -1 
                  14 5 3 -1 
                  1 3 5 -1 
                  2 15 14 -1 
                  2 14 3 -1 
                  25 15 2 -1 
                  27 15 25 -1 
                  21 25 13 -1 
                  20 21 13 -1 
                  20 16 26 -1 
                  20 26 17 -1 
                  19 17 18 -1 
                  20 13 16 -1 
                  20 17 19 -1 
                  27 25 21 -1 
                  5 14 15 -1 
                  4 5 15 -1 
                  6 27 21 -1 
                  22 15 27 -1 
                  22 27 6 -1 
                  4 15 22 -1 
                  6 20 7 -1 
                  6 21 20 -1 
                  8 7 19 -1 
                  20 19 7 -1 
                  9 19 18 -1 
                  9 8 19 -1 
                  12 11 16 -1 
                  12 16 13 -1 
                  9 18 10 -1 
                  17 10 18 -1 
                  23 16 11 -1 
                  26 16 23 -1 
                  17 23 10 -1 
                  26 23 17 -1 
                ]
                normalIndex [
                  1 2 0 -1 
                  3 0 2 -1 
                  15 5 6 -1 
                  14 7 8 -1 
                  10 8 9 -1 
                  11 8 10 -1 
                  12 8 11 -1 
                  13 8 12 -1 
                  15 6 7 -1 
                  14 8 13 -1 
                  16 4 5 -1 
                  15 7 14 -1 
                  16 17 4 -1 
                  16 5 15 -1 
                  21 20 19 -1 
                  22 19 18 -1 
                  22 21 19 -1 
                  23 22 18 -1 
                  25 26 24 -1 
                  27 24 26 -1 
                  31 28 29 -1 
                  31 29 30 -1 
                  32 28 31 -1 
                  41 28 32 -1 
                  40 32 33 -1 
                  39 40 33 -1 
                  39 34 35 -1 
                  39 35 36 -1 
                  38 36 37 -1 
                  39 33 34 -1 
                  39 36 38 -1 
                  41 32 40 -1 
                  44 43 42 -1 
                  45 44 42 -1 
                  49 47 48 -1 
                  50 46 47 -1 
                  50 47 49 -1 
                  51 46 50 -1 
                  54 52 55 -1 
                  54 53 52 -1 
                  57 56 58 -1 
                  59 58 56 -1 
                  62 60 63 -1 
                  62 61 60 -1 
                  66 67 64 -1 
                  66 64 65 -1 
                  69 70 68 -1 
                  71 68 70 -1 
                  74 72 73 -1 
                  77 72 74 -1 
                  76 74 75 -1 
                  77 74 76 -1 
                ]
              }
            }
            DEF PinsArrayLR_35 Shape {
              appearance DEF __146 Appearance {
                material DEF __147 Material {
                  ambientIntensity 0.260947436094
                  diffuseColor 0.73400002718 0.773000001907 0.79699999094
                  shininess 0
                }
              }
              geometry DEF __148 IndexedFaceSet {
                solid FALSE
                coord Coordinate {
                  point [
                    -0.008 -0.00239 0.00011,
                    -0.0076467783776 -0.00239 0.00011,
                    -0.008 -0.00261 0.00011,
                    -0.0076467783776 -0.00261 0.00011,
                    -0.008 -0.00239 0,
                    -0.0075983891888 -0.00239 0,
                    -0.00756569142217 -0.00239 0.000145670290863,
                    -0.00711378472205 -0.00239 0.000638659418274,
                    -0.00703269776662 -0.00239 0.000674329709137,
                    -0.007 -0.00239 0.000674329709137,
                    -0.007 -0.00239 0.000564329709137,
                    -0.00703269776662 -0.00239 0.000564329709137,
                    -0.00751730223337 -0.00239 3.56702908631e-05,
                    -0.00756569142217 -0.00261 0.000145670290863,
                    -0.008 -0.00261 0,
                    -0.0075983891888 -0.00261 0,
                    -0.00751730223337 -0.00261 3.56702908631e-05,
                    -0.00703269776662 -0.00261 0.000564329709137,
                    -0.007 -0.00261 0.000564329709137,
                    -0.007 -0.00261 0.000674329709137,
                    -0.00703269776662 -0.00261 0.000674329709137,
                    -0.00711378472205 -0.00261 0.000638659418274,
                    -0.00760248542107 -0.00239 0.00011931169878,
                    -0.00707699072315 -0.00239 0.000665018010357,
                    -0.00755409623228 -0.00239 9.31169878032e-06,
                    -0.00760248542107 -0.00261 0.00011931169878,
                    -0.00755409623228 -0.00261 9.31169878032e-06,
                    -0.00707699072315 -0.00261 0.000665018010357

                  ]
                }
                normal Normal {
                  vector [
                    0 0 1,
                    0 0 1,
                    0 0 1,
                    0 0 1,
                    0 1 0,
                    0 1 0,
                    0 1 0,
                    0 1 0,
                    0 1 0,
                    0 1 0,
                    0 1 0,
                    0 1 0,
                    0 1 0,
                    0 1 0,
                    0 1 0,
                    0 1 0,
                    0 1 0,
                    0 1 0,
                    -0 -0 1,
                    -0 -0 1,
                    -0.40266323 -0 0.91534817,
                    -0.73715413 -0 0.67572463,
                    -0.73715413 -0 0.67572463,
                    -0.40266323 -0 0.91534817,
                    -1 -0 -0,
                    -1 -0 -0,
                    -1 -0 -0,
                    -1 -0 -0,
                    -8.6121087e-29 -1 9.730542e-29,
                    -8.6121087e-29 -1 9.730542e-29,
                    -8.6121087e-29 -1 9.730542e-29,
                    -8.6121087e-29 -1 9.730542e-29,
                    -8.6121087e-29 -1 9.730542e-29,
                    -8.6121087e-29 -1 9.730542e-29,
                    -8.6121087e-29 -1 9.730542e-29,
                    -8.6121087e-29 -1 9.730542e-29,
                    -8.6121087e-29 -1 9.730542e-29,
                    -8.6121087e-29 -1 9.730542e-29,
                    -8.6121087e-29 -1 9.730542e-29,
                    -8.6121087e-29 -1 9.730542e-29,
                    -8.6121087e-29 -1 9.730542e-29,
                    -8.6121087e-29 -1 9.730542e-29,
                    -0 -0 -1,
                    -0 -0 -1,
                    -0 -0 -1,
                    -0 -0 -1,
                    0 0 -1,
                    0 0 -1,
                    0.40266323 0 -0.91534817,
                    0.73715413 0 -0.67572463,
                    0.73715413 0 -0.67572463,
                    0.40266323 0 -0.91534817,
                    0.73715413 0 -0.67572463,
                    0.73715413 0 -0.67572463,
                    0.73715413 0 -0.67572463,
                    0.73715413 0 -0.67572463,
                    -0 -0 -1,
                    -0 -0 -1,
                    -0 -0 -1,
                    -0 -0 -1,
                    1 0 0,
                    1 0 0,
                    1 0 0,
                    1 0 0,
                    -0.73715413 -0 0.67572463,
                    -0.73715413 -0 0.67572463,
                    -0.73715413 -0 0.67572463,
                    -0.73715413 -0 0.67572463,
                    0 0 1,
                    0 0 1,
                    0 0 1,
                    0 0 1,
                    -0.73715413 0 0.67572463,
                    -0.40266323 0 0.91534817,
                    -8.2245322e-13 0 1,
                    -4.0945025e-13 0 1,
                    -0.40266323 0 0.91534817,
                    -0.73715413 0 0.67572463

                  ]
                }
                coordIndex [
                  2 1 0 -1 
                  3 1 2 -1 
                  1 5 4 -1 
                  1 4 0 -1 
                  22 5 1 -1 
                  24 5 22 -1 
                  12 22 6 -1 
                  11 12 6 -1 
                  11 7 23 -1 
                  11 23 8 -1 
                  10 8 9 -1 
                  11 6 7 -1 
                  11 8 10 -1 
                  24 22 12 -1 
                  22 1 3 -1 
                  25 22 3 -1 
                  13 6 22 -1 
                  25 13 22 -1 
                  14 2 4 -1 
                  0 4 2 -1 
                  25 15 26 -1 
                  18 19 17 -1 
                  13 16 17 -1 
                  20 17 19 -1 
                  27 17 20 -1 
                  21 17 27 -1 
                  25 26 16 -1 
                  13 17 21 -1 
                  3 14 15 -1 
                  25 16 13 -1 
                  3 15 25 -1 
                  2 14 3 -1 
                  14 5 15 -1 
                  14 4 5 -1 
                  24 15 5 -1 
                  26 15 24 -1 
                  16 24 12 -1 
                  26 24 16 -1 
                  12 11 17 -1 
                  12 17 16 -1 
                  11 10 17 -1 
                  18 17 10 -1 
                  18 10 19 -1 
                  9 19 10 -1 
                  6 21 7 -1 
                  6 13 21 -1 
                  9 20 19 -1 
                  8 20 9 -1 
                  8 27 20 -1 
                  23 21 27 -1 
                  23 27 8 -1 
                  7 21 23 -1 
                ]
                normalIndex [
                  2 0 1 -1 
                  3 0 2 -1 
                  7 4 5 -1 
                  7 5 6 -1 
                  8 4 7 -1 
                  17 4 8 -1 
                  16 8 9 -1 
                  15 16 9 -1 
                  15 10 11 -1 
                  15 11 12 -1 
                  14 12 13 -1 
                  15 9 10 -1 
                  15 12 14 -1 
                  17 8 16 -1 
                  20 19 18 -1 
                  23 20 18 -1 
                  22 21 20 -1 
                  23 22 20 -1 
                  25 24 26 -1 
                  27 26 24 -1 
                  39 29 30 -1 
                  33 34 32 -1 
                  38 31 32 -1 
                  35 32 34 -1 
                  36 32 35 -1 
                  37 32 36 -1 
                  39 30 31 -1 
                  38 32 37 -1 
                  40 28 29 -1 
                  39 31 38 -1 
                  40 29 39 -1 
                  41 28 40 -1 
                  44 42 45 -1 
                  44 43 42 -1 
                  48 46 47 -1 
                  51 46 48 -1 
                  50 48 49 -1 
                  51 48 50 -1 
                  54 55 52 -1 
                  54 52 53 -1 
                  57 56 58 -1 
                  59 58 56 -1 
                  61 62 60 -1 
                  63 60 62 -1 
                  66 64 67 -1 
                  66 65 64 -1 
                  70 68 69 -1 
                  71 68 70 -1 
                  75 73 74 -1 
                  76 72 73 -1 
                  76 73 75 -1 
                  77 72 76 -1 
                ]
              }
            }
            DEF PinsArrayLR_36 Shape {
              appearance DEF __150 Appearance {
                material DEF __151 Material {
                  ambientIntensity 0.260947436094
                  diffuseColor 0.73400002718 0.773000001907 0.79699999094
                  shininess 0
                }
              }
              geometry DEF __152 IndexedFaceSet {
                solid FALSE
                coord Coordinate {
                  point [
                    0.0076467783776 -0.00239 0.00011,
                    0.008 -0.00239 0.00011,
                    0.0076467783776 -0.00261 0.00011,
                    0.008 -0.00261 0.00011,
                    0.0075983891888 -0.00239 0,
                    0.008 -0.00239 0,
                    0.00751730223337 -0.00239 3.56702908631e-05,
                    0.00703269776662 -0.00239 0.000564329709137,
                    0.007 -0.00239 0.000564329709137,
                    0.007 -0.00239 0.000674329709137,
                    0.00703269776662 -0.00239 0.000674329709137,
                    0.00711378472205 -0.00239 0.000638659418274,
                    0.00756569142217 -0.00239 0.000145670290863,
                    0.00756569142217 -0.00261 0.000145670290863,
                    0.008 -0.00261 0,
                    0.0075983891888 -0.00261 0,
                    0.00711378472205 -0.00261 0.000638659418274,
                    0.00703269776662 -0.00261 0.000674329709137,
                    0.007 -0.00261 0.000674329709137,
                    0.007 -0.00261 0.000564329709137,
                    0.00703269776662 -0.00261 0.000564329709137,
                    0.00751730223337 -0.00261 3.56702908631e-05,
                    0.00755409623228 -0.00239 9.31169878033e-06,
                    0.00707699072315 -0.00239 0.000665018010357,
                    0.00760248542107 -0.00239 0.00011931169878,
                    0.00760248542107 -0.00261 0.00011931169878,
                    0.00707699072315 -0.00261 0.000665018010357,
                    0.00755409623228 -0.00261 9.31169878032e-06

                  ]
                }
                normal Normal {
                  vector [
                    0 0 1,
                    0 0 1,
                    0 0 1,
                    0 0 1,
                    8.6526525e-30 1 8.6637658e-30,
                    8.6526525e-30 1 8.6637658e-30,
                    8.6526525e-30 1 8.6637658e-30,
                    8.6526525e-30 1 8.6637658e-30,
                    8.6526525e-30 1 8.6637658e-30,
                    8.6526525e-30 1 8.6637658e-30,
                    8.6526525e-30 1 8.6637658e-30,
                    8.6526525e-30 1 8.6637658e-30,
                    8.6526525e-30 1 8.6637658e-30,
                    8.6526525e-30 1 8.6637658e-30,
                    8.6526525e-30 1 8.6637658e-30,
                    8.6526525e-30 1 8.6637658e-30,
                    8.6526525e-30 1 8.6637658e-30,
                    8.6526525e-30 1 8.6637658e-30,
                    -0 -0 1,
                    0.40266323 -0 0.91534817,
                    0.73715413 -0 0.67572463,
                    0.73715413 -0 0.67572463,
                    0.40266323 -0 0.91534817,
                    -0 -0 1,
                    1 0 0,
                    1 0 0,
                    1 0 0,
                    1 0 0,
                    2.550407e-28 -1 2.795957e-28,
                    2.550407e-28 -1 2.795957e-28,
                    2.550407e-28 -1 2.795957e-28,
                    2.550407e-28 -1 2.795957e-28,
                    2.550407e-28 -1 2.795957e-28,
                    2.550407e-28 -1 2.795957e-28,
                    2.550407e-28 -1 2.795957e-28,
                    2.550407e-28 -1 2.795957e-28,
                    2.550407e-28 -1 2.795957e-28,
                    2.550407e-28 -1 2.795957e-28,
                    2.550407e-28 -1 2.795957e-28,
                    2.550407e-28 -1 2.795957e-28,
                    2.550407e-28 -1 2.795957e-28,
                    2.550407e-28 -1 2.795957e-28,
                    -0 -0 -1,
                    -0 -0 -1,
                    -0 -0 -1,
                    -0 -0 -1,
                    2.0694557e-13 0 -1,
                    -0.40266323 0 -0.91534817,
                    -0.73715413 0 -0.67572463,
                    -0.73715413 0 -0.67572463,
                    -0.40266323 0 -0.91534817,
                    0 0 -1,
                    -0.73715413 -0 -0.67572463,
                    -0.73715413 -0 -0.67572463,
                    -0.73715413 -0 -0.67572463,
                    -0.73715413 -0 -0.67572463,
                    -0 -0 -1,
                    -0 -0 -1,
                    -0 -0 -1,
                    -0 -0 -1,
                    -1 -0 -0,
                    -1 -0 -0,
                    -1 -0 -0,
                    -1 -0 -0,
                    0.73715413 0 0.67572463,
                    0.73715413 0 0.67572463,
                    0.73715413 0 0.67572463,
                    0.73715413 0 0.67572463,
                    0 0 1,
                    0 0 1,
                    0 0 1,
                    0 0 1,
                    0.73715413 0 0.67572463,
                    0.73715413 0 0.67572463,
                    0.40266323 0 0.91534817,
                    1.5454305e-12 0 1,
                    4.0856207e-13 0 1,
                    0.40266323 0 0.91534817

                  ]
                }
                coordIndex [
                  0 2 1 -1 
                  3 1 2 -1 
                  24 4 22 -1 
                  12 6 7 -1 
                  9 7 8 -1 
                  10 7 9 -1 
                  23 7 10 -1 
                  11 7 23 -1 
                  24 22 6 -1 
                  12 7 11 -1 
                  0 5 4 -1 
                  24 6 12 -1 
                  0 1 5 -1 
                  0 4 24 -1 
                  12 13 25 -1 
                  24 25 2 -1 
                  24 12 25 -1 
                  0 24 2 -1 
                  14 5 3 -1 
                  1 3 5 -1 
                  2 15 14 -1 
                  2 14 3 -1 
                  25 15 2 -1 
                  27 15 25 -1 
                  21 25 13 -1 
                  20 21 13 -1 
                  20 16 26 -1 
                  20 26 17 -1 
                  19 17 18 -1 
                  20 13 16 -1 
                  20 17 19 -1 
                  27 25 21 -1 
                  5 14 15 -1 
                  4 5 15 -1 
                  6 27 21 -1 
                  22 15 27 -1 
                  22 27 6 -1 
                  4 15 22 -1 
                  6 20 7 -1 
                  6 21 20 -1 
                  8 7 19 -1 
                  20 19 7 -1 
                  9 19 18 -1 
                  9 8 19 -1 
                  12 11 16 -1 
                  12 16 13 -1 
                  9 18 10 -1 
                  17 10 18 -1 
                  23 16 11 -1 
                  26 16 23 -1 
                  17 23 10 -1 
                  26 23 17 -1 
                ]
                normalIndex [
                  1 2 0 -1 
                  3 0 2 -1 
                  15 5 6 -1 
                  14 7 8 -1 
                  10 8 9 -1 
                  11 8 10 -1 
                  12 8 11 -1 
                  13 8 12 -1 
                  15 6 7 -1 
                  14 8 13 -1 
                  16 4 5 -1 
                  15 7 14 -1 
                  16 17 4 -1 
                  16 5 15 -1 
                  21 20 19 -1 
                  22 19 18 -1 
                  22 21 19 -1 
                  23 22 18 -1 
                  25 26 24 -1 
                  27 24 26 -1 
                  31 28 29 -1 
                  31 29 30 -1 
                  32 28 31 -1 
                  41 28 32 -1 
                  40 32 33 -1 
                  39 40 33 -1 
                  39 34 35 -1 
                  39 35 36 -1 
                  38 36 37 -1 
                  39 33 34 -1 
                  39 36 38 -1 
                  41 32 40 -1 
                  44 43 42 -1 
                  45 44 42 -1 
                  49 47 48 -1 
                  50 46 47 -1 
                  50 47 49 -1 
                  51 46 50 -1 
                  54 52 55 -1 
                  54 53 52 -1 
                  57 56 58 -1 
                  59 58 56 -1 
                  62 60 63 -1 
                  62 61 60 -1 
                  66 67 64 -1 
                  66 64 65 -1 
                  69 70 68 -1 
                  71 68 70 -1 
                  74 72 73 -1 
                  77 72 74 -1 
                  76 74 75 -1 
                  77 74 76 -1 
                ]
              }
            }
            DEF PinsArrayLR_37 Shape {
              appearance DEF __154 Appearance {
                material DEF __155 Material {
                  ambientIntensity 0.260947436094
                  diffuseColor 0.73400002718 0.773000001907 0.79699999094
                  shininess 0
                }
              }
              geometry DEF __156 IndexedFaceSet {
                solid FALSE
                coord Coordinate {
                  point [
                    -0.008 -0.00289 0.00011,
                    -0.0076467783776 -0.00289 0.00011,
                    -0.008 -0.00311 0.00011,
                    -0.0076467783776 -0.00311 0.00011,
                    -0.008 -0.00289 0,
                    -0.0075983891888 -0.00289 0,
                    -0.00756569142217 -0.00289 0.000145670290863,
                    -0.00711378472205 -0.00289 0.000638659418274,
                    -0.00703269776662 -0.00289 0.000674329709137,
                    -0.007 -0.00289 0.000674329709137,
                    -0.007 -0.00289 0.000564329709137,
                    -0.00703269776662 -0.00289 0.000564329709137,
                    -0.00751730223337 -0.00289 3.56702908631e-05,
                    -0.00756569142217 -0.00311 0.000145670290863,
                    -0.008 -0.00311 0,
                    -0.0075983891888 -0.00311 0,
                    -0.00751730223337 -0.00311 3.56702908631e-05,
                    -0.00703269776662 -0.00311 0.000564329709137,
                    -0.007 -0.00311 0.000564329709137,
                    -0.007 -0.00311 0.000674329709137,
                    -0.00703269776662 -0.00311 0.000674329709137,
                    -0.00711378472205 -0.00311 0.000638659418274,
                    -0.00760248542107 -0.00289 0.00011931169878,
                    -0.00707699072315 -0.00289 0.000665018010357,
                    -0.00755409623228 -0.00289 9.31169878032e-06,
                    -0.00760248542107 -0.00311 0.00011931169878,
                    -0.00755409623228 -0.00311 9.31169878032e-06,
                    -0.00707699072315 -0.00311 0.000665018010357

                  ]
                }
                normal Normal {
                  vector [
                    0 0 1,
                    0 0 1,
                    0 0 1,
                    0 0 1,
                    0 1 0,
                    0 1 0,
                    0 1 0,
                    0 1 0,
                    0 1 0,
                    0 1 0,
                    0 1 0,
                    0 1 0,
                    0 1 0,
                    0 1 0,
                    0 1 0,
                    0 1 0,
                    0 1 0,
                    0 1 0,
                    -0 -0 1,
                    -0 -0 1,
                    -0.40266323 -0 0.91534817,
                    -0.73715413 -0 0.67572463,
                    -0.73715413 -0 0.67572463,
                    -0.40266323 -0 0.91534817,
                    -1 -0 -0,
                    -1 -0 -0,
                    -1 -0 -0,
                    -1 -0 -0,
                    -8.6121087e-29 -1 9.730542e-29,
                    -8.6121087e-29 -1 9.730542e-29,
                    -8.6121087e-29 -1 9.730542e-29,
                    -8.6121087e-29 -1 9.730542e-29,
                    -8.6121087e-29 -1 9.730542e-29,
                    -8.6121087e-29 -1 9.730542e-29,
                    -8.6121087e-29 -1 9.730542e-29,
                    -8.6121087e-29 -1 9.730542e-29,
                    -8.6121087e-29 -1 9.730542e-29,
                    -8.6121087e-29 -1 9.730542e-29,
                    -8.6121087e-29 -1 9.730542e-29,
                    -8.6121087e-29 -1 9.730542e-29,
                    -8.6121087e-29 -1 9.730542e-29,
                    -8.6121087e-29 -1 9.730542e-29,
                    -0 -0 -1,
                    -0 -0 -1,
                    -0 -0 -1,
                    -0 -0 -1,
                    0 0 -1,
                    0 0 -1,
                    0.40266323 0 -0.91534817,
                    0.73715413 0 -0.67572463,
                    0.73715413 0 -0.67572463,
                    0.40266323 0 -0.91534817,
                    0.73715413 0 -0.67572463,
                    0.73715413 0 -0.67572463,
                    0.73715413 0 -0.67572463,
                    0.73715413 0 -0.67572463,
                    -0 -0 -1,
                    -0 -0 -1,
                    -0 -0 -1,
                    -0 -0 -1,
                    1 0 0,
                    1 0 0,
                    1 0 0,
                    1 0 0,
                    -0.73715413 -0 0.67572463,
                    -0.73715413 -0 0.67572463,
                    -0.73715413 -0 0.67572463,
                    -0.73715413 -0 0.67572463,
                    0 0 1,
                    0 0 1,
                    0 0 1,
                    0 0 1,
                    -0.73715413 0 0.67572463,
                    -0.40266323 0 0.91534817,
                    -8.2245322e-13 0 1,
                    -4.0945025e-13 0 1,
                    -0.40266323 0 0.91534817,
                    -0.73715413 0 0.67572463

                  ]
                }
                coordIndex [
                  2 1 0 -1 
                  3 1 2 -1 
                  1 5 4 -1 
                  1 4 0 -1 
                  22 5 1 -1 
                  24 5 22 -1 
                  12 22 6 -1 
                  11 12 6 -1 
                  11 7 23 -1 
                  11 23 8 -1 
                  10 8 9 -1 
                  11 6 7 -1 
                  11 8 10 -1 
                  24 22 12 -1 
                  22 1 3 -1 
                  25 22 3 -1 
                  13 6 22 -1 
                  25 13 22 -1 
                  14 2 4 -1 
                  0 4 2 -1 
                  25 15 26 -1 
                  18 19 17 -1 
                  13 16 17 -1 
                  20 17 19 -1 
                  27 17 20 -1 
                  21 17 27 -1 
                  25 26 16 -1 
                  13 17 21 -1 
                  3 14 15 -1 
                  25 16 13 -1 
                  3 15 25 -1 
                  2 14 3 -1 
                  14 5 15 -1 
                  14 4 5 -1 
                  24 15 5 -1 
                  26 15 24 -1 
                  16 24 12 -1 
                  26 24 16 -1 
                  12 11 17 -1 
                  12 17 16 -1 
                  11 10 17 -1 
                  18 17 10 -1 
                  18 10 19 -1 
                  9 19 10 -1 
                  6 21 7 -1 
                  6 13 21 -1 
                  9 20 19 -1 
                  8 20 9 -1 
                  8 27 20 -1 
                  23 21 27 -1 
                  23 27 8 -1 
                  7 21 23 -1 
                ]
                normalIndex [
                  2 0 1 -1 
                  3 0 2 -1 
                  7 4 5 -1 
                  7 5 6 -1 
                  8 4 7 -1 
                  17 4 8 -1 
                  16 8 9 -1 
                  15 16 9 -1 
                  15 10 11 -1 
                  15 11 12 -1 
                  14 12 13 -1 
                  15 9 10 -1 
                  15 12 14 -1 
                  17 8 16 -1 
                  20 19 18 -1 
                  23 20 18 -1 
                  22 21 20 -1 
                  23 22 20 -1 
                  25 24 26 -1 
                  27 26 24 -1 
                  39 29 30 -1 
                  33 34 32 -1 
                  38 31 32 -1 
                  35 32 34 -1 
                  36 32 35 -1 
                  37 32 36 -1 
                  39 30 31 -1 
                  38 32 37 -1 
                  40 28 29 -1 
                  39 31 38 -1 
                  40 29 39 -1 
                  41 28 40 -1 
                  44 42 45 -1 
                  44 43 42 -1 
                  48 46 47 -1 
                  51 46 48 -1 
                  50 48 49 -1 
                  51 48 50 -1 
                  54 55 52 -1 
                  54 52 53 -1 
                  57 56 58 -1 
                  59 58 56 -1 
                  61 62 60 -1 
                  63 60 62 -1 
                  66 64 67 -1 
                  66 65 64 -1 
                  70 68 69 -1 
                  71 68 70 -1 
                  75 73 74 -1 
                  76 72 73 -1 
                  76 73 75 -1 
                  77 72 76 -1 
                ]
              }
            }
            DEF PinsArrayLR_38 Shape {
              appearance DEF __158 Appearance {
                material DEF __159 Material {
                  ambientIntensity 0.260947436094
                  diffuseColor 0.73400002718 0.773000001907 0.79699999094
                  shininess 0
                }
              }
              geometry DEF __160 IndexedFaceSet {
                solid FALSE
                coord Coordinate {
                  point [
                    0.0076467783776 -0.00289 0.00011,
                    0.008 -0.00289 0.00011,
                    0.0076467783776 -0.00311 0.00011,
                    0.008 -0.00311 0.00011,
                    0.0075983891888 -0.00289 0,
                    0.008 -0.00289 0,
                    0.00751730223337 -0.00289 3.56702908631e-05,
                    0.00703269776662 -0.00289 0.000564329709137,
                    0.007 -0.00289 0.000564329709137,
                    0.007 -0.00289 0.000674329709137,
                    0.00703269776662 -0.00289 0.000674329709137,
                    0.00711378472205 -0.00289 0.000638659418274,
                    0.00756569142217 -0.00289 0.000145670290863,
                    0.00756569142217 -0.00311 0.000145670290863,
                    0.008 -0.00311 0,
                    0.0075983891888 -0.00311 0,
                    0.00711378472205 -0.00311 0.000638659418274,
                    0.00703269776662 -0.00311 0.000674329709137,
                    0.007 -0.00311 0.000674329709137,
                    0.007 -0.00311 0.000564329709137,
                    0.00703269776662 -0.00311 0.000564329709137,
                    0.00751730223337 -0.00311 3.56702908631e-05,
                    0.00755409623228 -0.00289 9.31169878033e-06,
                    0.00707699072315 -0.00289 0.000665018010357,
                    0.00760248542107 -0.00289 0.00011931169878,
                    0.00760248542107 -0.00311 0.00011931169878,
                    0.00707699072315 -0.00311 0.000665018010357,
                    0.00755409623228 -0.00311 9.31169878033e-06

                  ]
                }
                normal Normal {
                  vector [
                    0 0 1,
                    0 0 1,
                    0 0 1,
                    0 0 1,
                    8.6526525e-30 1 8.6637658e-30,
                    8.6526525e-30 1 8.6637658e-30,
                    8.6526525e-30 1 8.6637658e-30,
                    8.6526525e-30 1 8.6637658e-30,
                    8.6526525e-30 1 8.6637658e-30,
                    8.6526525e-30 1 8.6637658e-30,
                    8.6526525e-30 1 8.6637658e-30,
                    8.6526525e-30 1 8.6637658e-30,
                    8.6526525e-30 1 8.6637658e-30,
                    8.6526525e-30 1 8.6637658e-30,
                    8.6526525e-30 1 8.6637658e-30,
                    8.6526525e-30 1 8.6637658e-30,
                    8.6526525e-30 1 8.6637658e-30,
                    8.6526525e-30 1 8.6637658e-30,
                    -0 -0 1,
                    0.40266323 -0 0.91534817,
                    0.73715413 -0 0.67572463,
                    0.73715413 -0 0.67572463,
                    0.40266323 -0 0.91534817,
                    -0 -0 1,
                    1 0 0,
                    1 0 0,
                    1 0 0,
                    1 0 0,
                    2.550407e-28 -1 2.795957e-28,
                    2.550407e-28 -1 2.795957e-28,
                    2.550407e-28 -1 2.795957e-28,
                    2.550407e-28 -1 2.795957e-28,
                    2.550407e-28 -1 2.795957e-28,
                    2.550407e-28 -1 2.795957e-28,
                    2.550407e-28 -1 2.795957e-28,
                    2.550407e-28 -1 2.795957e-28,
                    2.550407e-28 -1 2.795957e-28,
                    2.550407e-28 -1 2.795957e-28,
                    2.550407e-28 -1 2.795957e-28,
                    2.550407e-28 -1 2.795957e-28,
                    2.550407e-28 -1 2.795957e-28,
                    2.550407e-28 -1 2.795957e-28,
                    -0 -0 -1,
                    -0 -0 -1,
                    -0 -0 -1,
                    -0 -0 -1,
                    0 0 -1,
                    -0.40266323 0 -0.91534817,
                    -0.73715413 0 -0.67572463,
                    -0.73715413 0 -0.67572463,
                    -0.40266323 0 -0.91534817,
                    0 0 -1,
                    -0.73715413 -0 -0.67572463,
                    -0.73715413 -0 -0.67572463,
                    -0.73715413 -0 -0.67572463,
                    -0.73715413 -0 -0.67572463,
                    -0 -0 -1,
                    -0 -0 -1,
                    -0 -0 -1,
                    -0 -0 -1,
                    -1 -0 -0,
                    -1 -0 -0,
                    -1 -0 -0,
                    -1 -0 -0,
                    0.73715413 0 0.67572463,
                    0.73715413 0 0.67572463,
                    0.73715413 0 0.67572463,
                    0.73715413 0 0.67572463,
                    0 0 1,
                    0 0 1,
                    0 0 1,
                    0 0 1,
                    0.73715413 0 0.67572463,
                    0.73715413 0 0.67572463,
                    0.40266323 0 0.91534817,
                    1.5454305e-12 0 1,
                    4.0856207e-13 0 1,
                    0.40266323 0 0.91534817

                  ]
                }
                coordIndex [
                  0 2 1 -1 
                  3 1 2 -1 
                  24 4 22 -1 
                  12 6 7 -1 
                  9 7 8 -1 
                  10 7 9 -1 
                  23 7 10 -1 
                  11 7 23 -1 
                  24 22 6 -1 
                  12 7 11 -1 
                  0 5 4 -1 
                  24 6 12 -1 
                  0 1 5 -1 
                  0 4 24 -1 
                  12 13 25 -1 
                  24 25 2 -1 
                  24 12 25 -1 
                  0 24 2 -1 
                  14 5 3 -1 
                  1 3 5 -1 
                  2 15 14 -1 
                  2 14 3 -1 
                  25 15 2 -1 
                  27 15 25 -1 
                  21 25 13 -1 
                  20 21 13 -1 
                  20 16 26 -1 
                  20 26 17 -1 
                  19 17 18 -1 
                  20 13 16 -1 
                  20 17 19 -1 
                  27 25 21 -1 
                  5 14 15 -1 
                  4 5 15 -1 
                  6 27 21 -1 
                  22 15 27 -1 
                  22 27 6 -1 
                  4 15 22 -1 
                  6 20 7 -1 
                  6 21 20 -1 
                  8 7 19 -1 
                  20 19 7 -1 
                  9 19 18 -1 
                  9 8 19 -1 
                  12 11 16 -1 
                  12 16 13 -1 
                  9 18 10 -1 
                  17 10 18 -1 
                  23 16 11 -1 
                  26 16 23 -1 
                  17 23 10 -1 
                  26 23 17 -1 
                ]
                normalIndex [
                  1 2 0 -1 
                  3 0 2 -1 
                  15 5 6 -1 
                  14 7 8 -1 
                  10 8 9 -1 
                  11 8 10 -1 
                  12 8 11 -1 
                  13 8 12 -1 
                  15 6 7 -1 
                  14 8 13 -1 
                  16 4 5 -1 
                  15 7 14 -1 
                  16 17 4 -1 
                  16 5 15 -1 
                  21 20 19 -1 
                  22 19 18 -1 
                  22 21 19 -1 
                  23 22 18 -1 
                  25 26 24 -1 
                  27 24 26 -1 
                  31 28 29 -1 
                  31 29 30 -1 
                  32 28 31 -1 
                  41 28 32 -1 
                  40 32 33 -1 
                  39 40 33 -1 
                  39 34 35 -1 
                  39 35 36 -1 
                  38 36 37 -1 
                  39 33 34 -1 
                  39 36 38 -1 
                  41 32 40 -1 
                  44 43 42 -1 
                  45 44 42 -1 
                  49 47 48 -1 
                  50 46 47 -1 
                  50 47 49 -1 
                  51 46 50 -1 
                  54 52 55 -1 
                  54 53 52 -1 
                  57 56 58 -1 
                  59 58 56 -1 
                  62 60 63 -1 
                  62 61 60 -1 
                  66 67 64 -1 
                  66 64 65 -1 
                  69 70 68 -1 
                  71 68 70 -1 
                  74 72 73 -1 
                  77 72 74 -1 
                  76 74 75 -1 
                  77 74 76 -1 
                ]
              }
            }
            DEF PinsArrayLR_39 Shape {
              appearance DEF __162 Appearance {
                material DEF __163 Material {
                  ambientIntensity 0.260947436094
                  diffuseColor 0.73400002718 0.773000001907 0.79699999094
                  shininess 0
                }
              }
              geometry DEF __164 IndexedFaceSet {
                solid FALSE
                coord Coordinate {
                  point [
                    -0.008 -0.00339 0.00011,
                    -0.0076467783776 -0.00339 0.00011,
                    -0.008 -0.00361 0.00011,
                    -0.0076467783776 -0.00361 0.00011,
                    -0.008 -0.00339 0,
                    -0.0075983891888 -0.00339 0,
                    -0.00756569142217 -0.00339 0.000145670290863,
                    -0.00711378472205 -0.00339 0.000638659418274,
                    -0.00703269776662 -0.00339 0.000674329709137,
                    -0.007 -0.00339 0.000674329709137,
                    -0.007 -0.00339 0.000564329709137,
                    -0.00703269776662 -0.00339 0.000564329709137,
                    -0.00751730223337 -0.00339 3.56702908631e-05,
                    -0.00756569142217 -0.00361 0.000145670290863,
                    -0.008 -0.00361 0,
                    -0.0075983891888 -0.00361 0,
                    -0.00751730223337 -0.00361 3.56702908631e-05,
                    -0.00703269776662 -0.00361 0.000564329709137,
                    -0.007 -0.00361 0.000564329709137,
                    -0.007 -0.00361 0.000674329709137,
                    -0.00703269776662 -0.00361 0.000674329709137,
                    -0.00711378472205 -0.00361 0.000638659418274,
                    -0.00760248542107 -0.00339 0.00011931169878,
                    -0.00707699072315 -0.00339 0.000665018010357,
                    -0.00755409623228 -0.00339 9.31169878032e-06,
                    -0.00760248542107 -0.00361 0.00011931169878,
                    -0.00755409623228 -0.00361 9.31169878032e-06,
                    -0.00707699072315 -0.00361 0.000665018010357

                  ]
                }
                normal Normal {
                  vector [
                    0 0 1,
                    0 0 1,
                    0 0 1,
                    0 0 1,
                    0 1 0,
                    0 1 0,
                    0 1 0,
                    0 1 0,
                    0 1 0,
                    0 1 0,
                    0 1 0,
                    0 1 0,
                    0 1 0,
                    0 1 0,
                    0 1 0,
                    0 1 0,
                    0 1 0,
                    0 1 0,
                    -0 -0 1,
                    -0 -0 1,
                    -0.40266323 -0 0.91534817,
                    -0.73715413 -0 0.67572463,
                    -0.73715413 -0 0.67572463,
                    -0.40266323 -0 0.91534817,
                    -1 -0 -0,
                    -1 -0 -0,
                    -1 -0 -0,
                    -1 -0 -0,
                    -8.6121087e-29 -1 9.730542e-29,
                    -8.6121087e-29 -1 9.730542e-29,
                    -8.6121087e-29 -1 9.730542e-29,
                    -8.6121087e-29 -1 9.730542e-29,
                    -8.6121087e-29 -1 9.730542e-29,
                    -8.6121087e-29 -1 9.730542e-29,
                    -8.6121087e-29 -1 9.730542e-29,
                    -8.6121087e-29 -1 9.730542e-29,
                    -8.6121087e-29 -1 9.730542e-29,
                    -8.6121087e-29 -1 9.730542e-29,
                    -8.6121087e-29 -1 9.730542e-29,
                    -8.6121087e-29 -1 9.730542e-29,
                    -8.6121087e-29 -1 9.730542e-29,
                    -8.6121087e-29 -1 9.730542e-29,
                    -0 -0 -1,
                    -0 -0 -1,
                    -0 -0 -1,
                    -0 -0 -1,
                    0 0 -1,
                    0 0 -1,
                    0.40266323 0 -0.91534817,
                    0.73715413 0 -0.67572463,
                    0.73715413 0 -0.67572463,
                    0.40266323 0 -0.91534817,
                    0.73715413 0 -0.67572463,
                    0.73715413 0 -0.67572463,
                    0.73715413 0 -0.67572463,
                    0.73715413 0 -0.67572463,
                    -0 -0 -1,
                    -0 -0 -1,
                    -0 -0 -1,
                    -0 -0 -1,
                    1 0 0,
                    1 0 0,
                    1 0 0,
                    1 0 0,
                    -0.73715413 -0 0.67572463,
                    -0.73715413 -0 0.67572463,
                    -0.73715413 -0 0.67572463,
                    -0.73715413 -0 0.67572463,
                    0 0 1,
                    0 0 1,
                    0 0 1,
                    0 0 1,
                    -0.73715413 0 0.67572463,
                    -0.40266323 0 0.91534817,
                    -8.2245322e-13 0 1,
                    -4.0945025e-13 0 1,
                    -0.40266323 0 0.91534817,
                    -0.73715413 0 0.67572463

                  ]
                }
                coordIndex [
                  2 1 0 -1 
                  3 1 2 -1 
                  1 5 4 -1 
                  1 4 0 -1 
                  22 5 1 -1 
                  24 5 22 -1 
                  12 22 6 -1 
                  11 12 6 -1 
                  11 7 23 -1 
                  11 23 8 -1 
                  10 8 9 -1 
                  11 6 7 -1 
                  11 8 10 -1 
                  24 22 12 -1 
                  22 1 3 -1 
                  25 22 3 -1 
                  13 6 22 -1 
                  25 13 22 -1 
                  14 2 4 -1 
                  0 4 2 -1 
                  25 15 26 -1 
                  18 19 17 -1 
                  13 16 17 -1 
                  20 17 19 -1 
                  27 17 20 -1 
                  21 17 27 -1 
                  25 26 16 -1 
                  13 17 21 -1 
                  3 14 15 -1 
                  25 16 13 -1 
                  3 15 25 -1 
                  2 14 3 -1 
                  14 5 15 -1 
                  14 4 5 -1 
                  24 15 5 -1 
                  26 15 24 -1 
                  16 24 12 -1 
                  26 24 16 -1 
                  12 11 17 -1 
                  12 17 16 -1 
                  11 10 17 -1 
                  18 17 10 -1 
                  18 10 19 -1 
                  9 19 10 -1 
                  6 21 7 -1 
                  6 13 21 -1 
                  9 20 19 -1 
                  8 20 9 -1 
                  8 27 20 -1 
                  23 21 27 -1 
                  23 27 8 -1 
                  7 21 23 -1 
                ]
                normalIndex [
                  2 0 1 -1 
                  3 0 2 -1 
                  7 4 5 -1 
                  7 5 6 -1 
                  8 4 7 -1 
                  17 4 8 -1 
                  16 8 9 -1 
                  15 16 9 -1 
                  15 10 11 -1 
                  15 11 12 -1 
                  14 12 13 -1 
                  15 9 10 -1 
                  15 12 14 -1 
                  17 8 16 -1 
                  20 19 18 -1 
                  23 20 18 -1 
                  22 21 20 -1 
                  23 22 20 -1 
                  25 24 26 -1 
                  27 26 24 -1 
                  39 29 30 -1 
                  33 34 32 -1 
                  38 31 32 -1 
                  35 32 34 -1 
                  36 32 35 -1 
                  37 32 36 -1 
                  39 30 31 -1 
                  38 32 37 -1 
                  40 28 29 -1 
                  39 31 38 -1 
                  40 29 39 -1 
                  41 28 40 -1 
                  44 42 45 -1 
                  44 43 42 -1 
                  48 46 47 -1 
                  51 46 48 -1 
                  50 48 49 -1 
                  51 48 50 -1 
                  54 55 52 -1 
                  54 52 53 -1 
                  57 56 58 -1 
                  59 58 56 -1 
                  61 62 60 -1 
                  63 60 62 -1 
                  66 64 67 -1 
                  66 65 64 -1 
                  70 68 69 -1 
                  71 68 70 -1 
                  75 73 74 -1 
                  76 72 73 -1 
                  76 73 75 -1 
                  77 72 76 -1 
                ]
              }
            }
            DEF PinsArrayLR_40 Shape {
              appearance DEF __166 Appearance {
                material DEF __167 Material {
                  ambientIntensity 0.260947436094
                  diffuseColor 0.73400002718 0.773000001907 0.79699999094
                  shininess 0
                }
              }
              geometry DEF __168 IndexedFaceSet {
                solid FALSE
                coord Coordinate {
                  point [
                    0.0076467783776 -0.00339 0.00011,
                    0.008 -0.00339 0.00011,
                    0.0076467783776 -0.00361 0.00011,
                    0.008 -0.00361 0.00011,
                    0.0075983891888 -0.00339 0,
                    0.008 -0.00339 0,
                    0.00751730223337 -0.00339 3.56702908631e-05,
                    0.00703269776662 -0.00339 0.000564329709137,
                    0.007 -0.00339 0.000564329709137,
                    0.007 -0.00339 0.000674329709137,
                    0.00703269776662 -0.00339 0.000674329709137,
                    0.00711378472205 -0.00339 0.000638659418274,
                    0.00756569142217 -0.00339 0.000145670290863,
                    0.00756569142217 -0.00361 0.000145670290863,
                    0.008 -0.00361 0,
                    0.0075983891888 -0.00361 0,
                    0.00711378472205 -0.00361 0.000638659418274,
                    0.00703269776662 -0.00361 0.000674329709137,
                    0.007 -0.00361 0.000674329709137,
                    0.007 -0.00361 0.000564329709137,
                    0.00703269776662 -0.00361 0.000564329709137,
                    0.00751730223337 -0.00361 3.56702908631e-05,
                    0.00755409623228 -0.00339 9.31169878033e-06,
                    0.00707699072315 -0.00339 0.000665018010357,
                    0.00760248542107 -0.00339 0.00011931169878,
                    0.00760248542107 -0.00361 0.00011931169878,
                    0.00707699072315 -0.00361 0.000665018010357,
                    0.00755409623228 -0.00361 9.31169878032e-06

                  ]
                }
                normal Normal {
                  vector [
                    0 0 1,
                    0 0 1,
                    0 0 1,
                    0 0 1,
                    8.6526525e-30 1 8.6637658e-30,
                    8.6526525e-30 1 8.6637658e-30,
                    8.6526525e-30 1 8.6637658e-30,
                    8.6526525e-30 1 8.6637658e-30,
                    8.6526525e-30 1 8.6637658e-30,
                    8.6526525e-30 1 8.6637658e-30,
                    8.6526525e-30 1 8.6637658e-30,
                    8.6526525e-30 1 8.6637658e-30,
                    8.6526525e-30 1 8.6637658e-30,
                    8.6526525e-30 1 8.6637658e-30,
                    8.6526525e-30 1 8.6637658e-30,
                    8.6526525e-30 1 8.6637658e-30,
                    8.6526525e-30 1 8.6637658e-30,
                    8.6526525e-30 1 8.6637658e-30,
                    -0 -0 1,
                    0.40266323 -0 0.91534817,
                    0.73715413 -0 0.67572463,
                    0.73715413 -0 0.67572463,
                    0.40266323 -0 0.91534817,
                    -0 -0 1,
                    1 0 0,
                    1 0 0,
                    1 0 0,
                    1 0 0,
                    2.550407e-28 -1 2.795957e-28,
                    2.550407e-28 -1 2.795957e-28,
                    2.550407e-28 -1 2.795957e-28,
                    2.550407e-28 -1 2.795957e-28,
                    2.550407e-28 -1 2.795957e-28,
                    2.550407e-28 -1 2.795957e-28,
                    2.550407e-28 -1 2.795957e-28,
                    2.550407e-28 -1 2.795957e-28,
                    2.550407e-28 -1 2.795957e-28,
                    2.550407e-28 -1 2.795957e-28,
                    2.550407e-28 -1 2.795957e-28,
                    2.550407e-28 -1 2.795957e-28,
                    2.550407e-28 -1 2.795957e-28,
                    2.550407e-28 -1 2.795957e-28,
                    -0 -0 -1,
                    -0 -0 -1,
                    -0 -0 -1,
                    -0 -0 -1,
                    2.0694557e-13 0 -1,
                    -0.40266323 0 -0.91534817,
                    -0.73715413 0 -0.67572463,
                    -0.73715413 0 -0.67572463,
                    -0.40266323 0 -0.91534817,
                    0 0 -1,
                    -0.73715413 -0 -0.67572463,
                    -0.73715413 -0 -0.67572463,
                    -0.73715413 -0 -0.67572463,
                    -0.73715413 -0 -0.67572463,
                    -0 -0 -1,
                    -0 -0 -1,
                    -0 -0 -1,
                    -0 -0 -1,
                    -1 -0 -0,
                    -1 -0 -0,
                    -1 -0 -0,
                    -1 -0 -0,
                    0.73715413 0 0.67572463,
                    0.73715413 0 0.67572463,
                    0.73715413 0 0.67572463,
                    0.73715413 0 0.67572463,
                    0 0 1,
                    0 0 1,
                    0 0 1,
                    0 0 1,
                    0.73715413 0 0.67572463,
                    0.73715413 0 0.67572463,
                    0.40266323 0 0.91534817,
                    1.5454305e-12 0 1,
                    4.0856207e-13 0 1,
                    0.40266323 0 0.91534817

                  ]
                }
                coordIndex [
                  0 2 1 -1 
                  3 1 2 -1 
                  24 4 22 -1 
                  12 6 7 -1 
                  9 7 8 -1 
                  10 7 9 -1 
                  23 7 10 -1 
                  11 7 23 -1 
                  24 22 6 -1 
                  12 7 11 -1 
                  0 5 4 -1 
                  24 6 12 -1 
                  0 1 5 -1 
                  0 4 24 -1 
                  12 13 25 -1 
                  24 25 2 -1 
                  24 12 25 -1 
                  0 24 2 -1 
                  14 5 3 -1 
                  1 3 5 -1 
                  2 15 14 -1 
                  2 14 3 -1 
                  25 15 2 -1 
                  27 15 25 -1 
                  21 25 13 -1 
                  20 21 13 -1 
                  20 16 26 -1 
                  20 26 17 -1 
                  19 17 18 -1 
                  20 13 16 -1 
                  20 17 19 -1 
                  27 25 21 -1 
                  5 14 15 -1 
                  4 5 15 -1 
                  6 27 21 -1 
                  22 15 27 -1 
                  22 27 6 -1 
                  4 15 22 -1 
                  6 20 7 -1 
                  6 21 20 -1 
                  8 7 19 -1 
                  20 19 7 -1 
                  9 19 18 -1 
                  9 8 19 -1 
                  12 11 16 -1 
                  12 16 13 -1 
                  9 18 10 -1 
                  17 10 18 -1 
                  23 16 11 -1 
                  26 16 23 -1 
                  17 23 10 -1 
                  26 23 17 -1 
                ]
                normalIndex [
                  1 2 0 -1 
                  3 0 2 -1 
                  15 5 6 -1 
                  14 7 8 -1 
                  10 8 9 -1 
                  11 8 10 -1 
                  12 8 11 -1 
                  13 8 12 -1 
                  15 6 7 -1 
                  14 8 13 -1 
                  16 4 5 -1 
                  15 7 14 -1 
                  16 17 4 -1 
                  16 5 15 -1 
                  21 20 19 -1 
                  22 19 18 -1 
                  22 21 19 -1 
                  23 22 18 -1 
                  25 26 24 -1 
                  27 24 26 -1 
                  31 28 29 -1 
                  31 29 30 -1 
                  32 28 31 -1 
                  41 28 32 -1 
                  40 32 33 -1 
                  39 40 33 -1 
                  39 34 35 -1 
                  39 35 36 -1 
                  38 36 37 -1 
                  39 33 34 -1 
                  39 36 38 -1 
                  41 32 40 -1 
                  44 43 42 -1 
                  45 44 42 -1 
                  49 47 48 -1 
                  50 46 47 -1 
                  50 47 49 -1 
                  51 46 50 -1 
                  54 52 55 -1 
                  54 53 52 -1 
                  57 56 58 -1 
                  59 58 56 -1 
                  62 60 63 -1 
                  62 61 60 -1 
                  66 67 64 -1 
                  66 64 65 -1 
                  69 70 68 -1 
                  71 68 70 -1 
                  74 72 73 -1 
                  77 72 74 -1 
                  76 74 75 -1 
                  77 74 76 -1 
                ]
              }
            }
            DEF PinsArrayLR_41 Shape {
              appearance DEF __170 Appearance {
                material DEF __171 Material {
                  ambientIntensity 0.260947436094
                  diffuseColor 0.73400002718 0.773000001907 0.79699999094
                  shininess 0
                }
              }
              geometry DEF __172 IndexedFaceSet {
                solid FALSE
                coord Coordinate {
                  point [
                    -0.008 -0.00389 0.00011,
                    -0.0076467783776 -0.00389 0.00011,
                    -0.008 -0.00411 0.00011,
                    -0.0076467783776 -0.00411 0.00011,
                    -0.008 -0.00389 0,
                    -0.0075983891888 -0.00389 0,
                    -0.00756569142217 -0.00389 0.000145670290863,
                    -0.00711378472205 -0.00389 0.000638659418274,
                    -0.00703269776662 -0.00389 0.000674329709137,
                    -0.007 -0.00389 0.000674329709137,
                    -0.007 -0.00389 0.000564329709137,
                    -0.00703269776662 -0.00389 0.000564329709137,
                    -0.00751730223337 -0.00389 3.56702908631e-05,
                    -0.00756569142217 -0.00411 0.000145670290863,
                    -0.008 -0.00411 0,
                    -0.0075983891888 -0.00411 0,
                    -0.00751730223337 -0.00411 3.56702908631e-05,
                    -0.00703269776662 -0.00411 0.000564329709137,
                    -0.007 -0.00411 0.000564329709137,
                    -0.007 -0.00411 0.000674329709137,
                    -0.00703269776662 -0.00411 0.000674329709137,
                    -0.00711378472205 -0.00411 0.000638659418274,
                    -0.00760248542107 -0.00389 0.00011931169878,
                    -0.00707699072315 -0.00389 0.000665018010357,
                    -0.00755409623228 -0.00389 9.31169878032e-06,
                    -0.00760248542107 -0.00411 0.00011931169878,
                    -0.00755409623228 -0.00411 9.31169878032e-06,
                    -0.00707699072315 -0.00411 0.000665018010357

                  ]
                }
                normal Normal {
                  vector [
                    0 0 1,
                    0 0 1,
                    0 0 1,
                    0 0 1,
                    0 1 0,
                    0 1 0,
                    0 1 0,
                    0 1 0,
                    0 1 0,
                    0 1 0,
                    0 1 0,
                    0 1 0,
                    0 1 0,
                    0 1 0,
                    0 1 0,
                    0 1 0,
                    0 1 0,
                    0 1 0,
                    -0 -0 1,
                    -0 -0 1,
                    -0.40266323 -0 0.91534817,
                    -0.73715413 -0 0.67572463,
                    -0.73715413 -0 0.67572463,
                    -0.40266323 -0 0.91534817,
                    -1 -0 -0,
                    -1 -0 -0,
                    -1 -0 -0,
                    -1 -0 -0,
                    -8.6121087e-29 -1 9.730542e-29,
                    -8.6121087e-29 -1 9.730542e-29,
                    -8.6121087e-29 -1 9.730542e-29,
                    -8.6121087e-29 -1 9.730542e-29,
                    -8.6121087e-29 -1 9.730542e-29,
                    -8.6121087e-29 -1 9.730542e-29,
                    -8.6121087e-29 -1 9.730542e-29,
                    -8.6121087e-29 -1 9.730542e-29,
                    -8.6121087e-29 -1 9.730542e-29,
                    -8.6121087e-29 -1 9.730542e-29,
                    -8.6121087e-29 -1 9.730542e-29,
                    -8.6121087e-29 -1 9.730542e-29,
                    -8.6121087e-29 -1 9.730542e-29,
                    -8.6121087e-29 -1 9.730542e-29,
                    -0 -0 -1,
                    -0 -0 -1,
                    -0 -0 -1,
                    -0 -0 -1,
                    0 0 -1,
                    0 0 -1,
                    0.40266323 0 -0.91534817,
                    0.73715413 0 -0.67572463,
                    0.73715413 0 -0.67572463,
                    0.40266323 0 -0.91534817,
                    0.73715413 0 -0.67572463,
                    0.73715413 0 -0.67572463,
                    0.73715413 0 -0.67572463,
                    0.73715413 0 -0.67572463,
                    -0 -0 -1,
                    -0 -0 -1,
                    -0 -0 -1,
                    -0 -0 -1,
                    1 0 0,
                    1 0 0,
                    1 0 0,
                    1 0 0,
                    -0.73715413 -0 0.67572463,
                    -0.73715413 -0 0.67572463,
                    -0.73715413 -0 0.67572463,
                    -0.73715413 -0 0.67572463,
                    0 0 1,
                    0 0 1,
                    0 0 1,
                    0 0 1,
                    -0.73715413 0 0.67572463,
                    -0.40266323 0 0.91534817,
                    -8.2245322e-13 0 1,
                    -4.0945025e-13 0 1,
                    -0.40266323 0 0.91534817,
                    -0.73715413 0 0.67572463

                  ]
                }
                coordIndex [
                  2 1 0 -1 
                  3 1 2 -1 
                  1 5 4 -1 
                  1 4 0 -1 
                  22 5 1 -1 
                  24 5 22 -1 
                  12 22 6 -1 
                  11 12 6 -1 
                  11 7 23 -1 
                  11 23 8 -1 
                  10 8 9 -1 
                  11 6 7 -1 
                  11 8 10 -1 
                  24 22 12 -1 
                  22 1 3 -1 
                  25 22 3 -1 
                  13 6 22 -1 
                  25 13 22 -1 
                  14 2 4 -1 
                  0 4 2 -1 
                  25 15 26 -1 
                  18 19 17 -1 
                  13 16 17 -1 
                  20 17 19 -1 
                  27 17 20 -1 
                  21 17 27 -1 
                  25 26 16 -1 
                  13 17 21 -1 
                  3 14 15 -1 
                  25 16 13 -1 
                  3 15 25 -1 
                  2 14 3 -1 
                  14 5 15 -1 
                  14 4 5 -1 
                  24 15 5 -1 
                  26 15 24 -1 
                  16 24 12 -1 
                  26 24 16 -1 
                  12 11 17 -1 
                  12 17 16 -1 
                  11 10 17 -1 
                  18 17 10 -1 
                  18 10 19 -1 
                  9 19 10 -1 
                  6 21 7 -1 
                  6 13 21 -1 
                  9 20 19 -1 
                  8 20 9 -1 
                  8 27 20 -1 
                  23 21 27 -1 
                  23 27 8 -1 
                  7 21 23 -1 
                ]
                normalIndex [
                  2 0 1 -1 
                  3 0 2 -1 
                  7 4 5 -1 
                  7 5 6 -1 
                  8 4 7 -1 
                  17 4 8 -1 
                  16 8 9 -1 
                  15 16 9 -1 
                  15 10 11 -1 
                  15 11 12 -1 
                  14 12 13 -1 
                  15 9 10 -1 
                  15 12 14 -1 
                  17 8 16 -1 
                  20 19 18 -1 
                  23 20 18 -1 
                  22 21 20 -1 
                  23 22 20 -1 
                  25 24 26 -1 
                  27 26 24 -1 
                  39 29 30 -1 
                  33 34 32 -1 
                  38 31 32 -1 
                  35 32 34 -1 
                  36 32 35 -1 
                  37 32 36 -1 
                  39 30 31 -1 
                  38 32 37 -1 
                  40 28 29 -1 
                  39 31 38 -1 
                  40 29 39 -1 
                  41 28 40 -1 
                  44 42 45 -1 
                  44 43 42 -1 
                  48 46 47 -1 
                  51 46 48 -1 
                  50 48 49 -1 
                  51 48 50 -1 
                  54 55 52 -1 
                  54 52 53 -1 
                  57 56 58 -1 
                  59 58 56 -1 
                  61 62 60 -1 
                  63 60 62 -1 
                  66 64 67 -1 
                  66 65 64 -1 
                  70 68 69 -1 
                  71 68 70 -1 
                  75 73 74 -1 
                  76 72 73 -1 
                  76 73 75 -1 
                  77 72 76 -1 
                ]
              }
            }
            DEF PinsArrayLR_42 Shape {
              appearance DEF __174 Appearance {
                material DEF __175 Material {
                  ambientIntensity 0.260947436094
                  diffuseColor 0.73400002718 0.773000001907 0.79699999094
                  shininess 0
                }
              }
              geometry DEF __176 IndexedFaceSet {
                solid FALSE
                coord Coordinate {
                  point [
                    0.0076467783776 -0.00389 0.00011,
                    0.008 -0.00389 0.00011,
                    0.0076467783776 -0.00411 0.00011,
                    0.008 -0.00411 0.00011,
                    0.0075983891888 -0.00389 0,
                    0.008 -0.00389 0,
                    0.00751730223337 -0.00389 3.56702908631e-05,
                    0.00703269776662 -0.00389 0.000564329709137,
                    0.007 -0.00389 0.000564329709137,
                    0.007 -0.00389 0.000674329709137,
                    0.00703269776662 -0.00389 0.000674329709137,
                    0.00711378472205 -0.00389 0.000638659418274,
                    0.00756569142217 -0.00389 0.000145670290863,
                    0.00756569142217 -0.00411 0.000145670290863,
                    0.008 -0.00411 0,
                    0.0075983891888 -0.00411 0,
                    0.00711378472205 -0.00411 0.000638659418274,
                    0.00703269776662 -0.00411 0.000674329709137,
                    0.007 -0.00411 0.000674329709137,
                    0.007 -0.00411 0.000564329709137,
                    0.00703269776662 -0.00411 0.000564329709137,
                    0.00751730223337 -0.00411 3.56702908631e-05,
                    0.00755409623228 -0.00389 9.31169878033e-06,
                    0.00707699072315 -0.00389 0.000665018010357,
                    0.00760248542107 -0.00389 0.00011931169878,
                    0.00760248542107 -0.00411 0.00011931169878,
                    0.00707699072315 -0.00411 0.000665018010357,
                    0.00755409623228 -0.00411 9.31169878032e-06

                  ]
                }
                normal Normal {
                  vector [
                    0 0 1,
                    0 0 1,
                    0 0 1,
                    0 0 1,
                    8.6526525e-30 1 8.6637658e-30,
                    8.6526525e-30 1 8.6637658e-30,
                    8.6526525e-30 1 8.6637658e-30,
                    8.6526525e-30 1 8.6637658e-30,
                    8.6526525e-30 1 8.6637658e-30,
                    8.6526525e-30 1 8.6637658e-30,
                    8.6526525e-30 1 8.6637658e-30,
                    8.6526525e-30 1 8.6637658e-30,
                    8.6526525e-30 1 8.6637658e-30,
                    8.6526525e-30 1 8.6637658e-30,
                    8.6526525e-30 1 8.6637658e-30,
                    8.6526525e-30 1 8.6637658e-30,
                    8.6526525e-30 1 8.6637658e-30,
                    8.6526525e-30 1 8.6637658e-30,
                    -0 -0 1,
                    0.40266323 -0 0.91534817,
                    0.73715413 -0 0.67572463,
                    0.73715413 -0 0.67572463,
                    0.40266323 -0 0.91534817,
                    -0 -0 1,
                    1 0 0,
                    1 0 0,
                    1 0 0,
                    1 0 0,
                    2.550407e-28 -1 2.795957e-28,
                    2.550407e-28 -1 2.795957e-28,
                    2.550407e-28 -1 2.795957e-28,
                    2.550407e-28 -1 2.795957e-28,
                    2.550407e-28 -1 2.795957e-28,
                    2.550407e-28 -1 2.795957e-28,
                    2.550407e-28 -1 2.795957e-28,
                    2.550407e-28 -1 2.795957e-28,
                    2.550407e-28 -1 2.795957e-28,
                    2.550407e-28 -1 2.795957e-28,
                    2.550407e-28 -1 2.795957e-28,
                    2.550407e-28 -1 2.795957e-28,
                    2.550407e-28 -1 2.795957e-28,
                    2.550407e-28 -1 2.795957e-28,
                    -0 -0 -1,
                    -0 -0 -1,
                    -0 -0 -1,
                    -0 -0 -1,
                    2.0694557e-13 0 -1,
                    -0.40266323 0 -0.91534817,
                    -0.73715413 0 -0.67572463,
                    -0.73715413 0 -0.67572463,
                    -0.40266323 0 -0.91534817,
                    0 0 -1,
                    -0.73715413 -0 -0.67572463,
                    -0.73715413 -0 -0.67572463,
                    -0.73715413 -0 -0.67572463,
                    -0.73715413 -0 -0.67572463,
                    -0 -0 -1,
                    -0 -0 -1,
                    -0 -0 -1,
                    -0 -0 -1,
                    -1 -0 -0,
                    -1 -0 -0,
                    -1 -0 -0,
                    -1 -0 -0,
                    0.73715413 0 0.67572463,
                    0.73715413 0 0.67572463,
                    0.73715413 0 0.67572463,
                    0.73715413 0 0.67572463,
                    0 0 1,
                    0 0 1,
                    0 0 1,
                    0 0 1,
                    0.73715413 0 0.67572463,
                    0.73715413 0 0.67572463,
                    0.40266323 0 0.91534817,
                    1.5454305e-12 0 1,
                    4.0856207e-13 0 1,
                    0.40266323 0 0.91534817

                  ]
                }
                coordIndex [
                  0 2 1 -1 
                  3 1 2 -1 
                  24 4 22 -1 
                  12 6 7 -1 
                  9 7 8 -1 
                  10 7 9 -1 
                  23 7 10 -1 
                  11 7 23 -1 
                  24 22 6 -1 
                  12 7 11 -1 
                  0 5 4 -1 
                  24 6 12 -1 
                  0 1 5 -1 
                  0 4 24 -1 
                  12 13 25 -1 
                  24 25 2 -1 
                  24 12 25 -1 
                  0 24 2 -1 
                  14 5 3 -1 
                  1 3 5 -1 
                  2 15 14 -1 
                  2 14 3 -1 
                  25 15 2 -1 
                  27 15 25 -1 
                  21 25 13 -1 
                  20 21 13 -1 
                  20 16 26 -1 
                  20 26 17 -1 
                  19 17 18 -1 
                  20 13 16 -1 
                  20 17 19 -1 
                  27 25 21 -1 
                  5 14 15 -1 
                  4 5 15 -1 
                  6 27 21 -1 
                  22 15 27 -1 
                  22 27 6 -1 
                  4 15 22 -1 
                  6 20 7 -1 
                  6 21 20 -1 
                  8 7 19 -1 
                  20 19 7 -1 
                  9 19 18 -1 
                  9 8 19 -1 
                  12 11 16 -1 
                  12 16 13 -1 
                  9 18 10 -1 
                  17 10 18 -1 
                  23 16 11 -1 
                  26 16 23 -1 
                  17 23 10 -1 
                  26 23 17 -1 
                ]
                normalIndex [
                  1 2 0 -1 
                  3 0 2 -1 
                  15 5 6 -1 
                  14 7 8 -1 
                  10 8 9 -1 
                  11 8 10 -1 
                  12 8 11 -1 
                  13 8 12 -1 
                  15 6 7 -1 
                  14 8 13 -1 
                  16 4 5 -1 
                  15 7 14 -1 
                  16 17 4 -1 
                  16 5 15 -1 
                  21 20 19 -1 
                  22 19 18 -1 
                  22 21 19 -1 
                  23 22 18 -1 
                  25 26 24 -1 
                  27 24 26 -1 
                  31 28 29 -1 
                  31 29 30 -1 
                  32 28 31 -1 
                  41 28 32 -1 
                  40 32 33 -1 
                  39 40 33 -1 
                  39 34 35 -1 
                  39 35 36 -1 
                  38 36 37 -1 
                  39 33 34 -1 
                  39 36 38 -1 
                  41 32 40 -1 
                  44 43 42 -1 
                  45 44 42 -1 
                  49 47 48 -1 
                  50 46 47 -1 
                  50 47 49 -1 
                  51 46 50 -1 
                  54 52 55 -1 
                  54 53 52 -1 
                  57 56 58 -1 
                  59 58 56 -1 
                  62 60 63 -1 
                  62 61 60 -1 
                  66 67 64 -1 
                  66 64 65 -1 
                  69 70 68 -1 
                  71 68 70 -1 
                  74 72 73 -1 
                  77 72 74 -1 
                  76 74 75 -1 
                  77 74 76 -1 
                ]
              }
            }
            DEF PinsArrayLR_43 Shape {
              appearance DEF __178 Appearance {
                material DEF __179 Material {
                  ambientIntensity 0.260947436094
                  diffuseColor 0.73400002718 0.773000001907 0.79699999094
                  shininess 0
                }
              }
              geometry DEF __180 IndexedFaceSet {
                solid FALSE
                coord Coordinate {
                  point [
                    -0.008 -0.00439 0.00011,
                    -0.0076467783776 -0.00439 0.00011,
                    -0.008 -0.00461 0.00011,
                    -0.0076467783776 -0.00461 0.00011,
                    -0.008 -0.00439 0,
                    -0.0075983891888 -0.00439 0,
                    -0.00756569142217 -0.00439 0.000145670290863,
                    -0.00711378472205 -0.00439 0.000638659418274,
                    -0.00703269776662 -0.00439 0.000674329709137,
                    -0.007 -0.00439 0.000674329709137,
                    -0.007 -0.00439 0.000564329709137,
                    -0.00703269776662 -0.00439 0.000564329709137,
                    -0.00751730223337 -0.00439 3.56702908631e-05,
                    -0.00756569142217 -0.00461 0.000145670290863,
                    -0.008 -0.00461 0,
                    -0.0075983891888 -0.00461 0,
                    -0.00751730223337 -0.00461 3.56702908631e-05,
                    -0.00703269776662 -0.00461 0.000564329709137,
                    -0.007 -0.00461 0.000564329709137,
                    -0.007 -0.00461 0.000674329709137,
                    -0.00703269776662 -0.00461 0.000674329709137,
                    -0.00711378472205 -0.00461 0.000638659418274,
                    -0.00760248542107 -0.00439 0.00011931169878,
                    -0.00707699072315 -0.00439 0.000665018010357,
                    -0.00755409623228 -0.00439 9.31169878032e-06,
                    -0.00760248542107 -0.00461 0.00011931169878,
                    -0.00755409623228 -0.00461 9.31169878032e-06,
                    -0.00707699072315 -0.00461 0.000665018010357

                  ]
                }
                normal Normal {
                  vector [
                    0 0 1,
                    0 0 1,
                    0 0 1,
                    0 0 1,
                    0 1 0,
                    0 1 0,
                    0 1 0,
                    0 1 0,
                    0 1 0,
                    0 1 0,
                    0 1 0,
                    0 1 0,
                    0 1 0,
                    0 1 0,
                    0 1 0,
                    0 1 0,
                    0 1 0,
                    0 1 0,
                    -0 -0 1,
                    -0 -0 1,
                    -0.40266323 -0 0.91534817,
                    -0.73715413 -0 0.67572463,
                    -0.73715413 -0 0.67572463,
                    -0.40266323 -0 0.91534817,
                    -1 -0 -0,
                    -1 -0 -0,
                    -1 -0 -0,
                    -1 -0 -0,
                    -8.6121087e-29 -1 9.730542e-29,
                    -8.6121087e-29 -1 9.730542e-29,
                    -8.6121087e-29 -1 9.730542e-29,
                    -8.6121087e-29 -1 9.730542e-29,
                    -8.6121087e-29 -1 9.730542e-29,
                    -8.6121087e-29 -1 9.730542e-29,
                    -8.6121087e-29 -1 9.730542e-29,
                    -8.6121087e-29 -1 9.730542e-29,
                    -8.6121087e-29 -1 9.730542e-29,
                    -8.6121087e-29 -1 9.730542e-29,
                    -8.6121087e-29 -1 9.730542e-29,
                    -8.6121087e-29 -1 9.730542e-29,
                    -8.6121087e-29 -1 9.730542e-29,
                    -8.6121087e-29 -1 9.730542e-29,
                    -0 -0 -1,
                    -0 -0 -1,
                    -0 -0 -1,
                    -0 -0 -1,
                    0 0 -1,
                    0 0 -1,
                    0.40266323 0 -0.91534817,
                    0.73715413 0 -0.67572463,
                    0.73715413 0 -0.67572463,
                    0.40266323 0 -0.91534817,
                    0.73715413 0 -0.67572463,
                    0.73715413 0 -0.67572463,
                    0.73715413 0 -0.67572463,
                    0.73715413 0 -0.67572463,
                    -0 -0 -1,
                    -0 -0 -1,
                    -0 -0 -1,
                    -0 -0 -1,
                    1 0 0,
                    1 0 0,
                    1 0 0,
                    1 0 0,
                    -0.73715413 -0 0.67572463,
                    -0.73715413 -0 0.67572463,
                    -0.73715413 -0 0.67572463,
                    -0.73715413 -0 0.67572463,
                    0 0 1,
                    0 0 1,
                    0 0 1,
                    0 0 1,
                    -0.73715413 0 0.67572463,
                    -0.40266323 0 0.91534817,
                    -8.2245322e-13 0 1,
                    -4.0945025e-13 0 1,
                    -0.40266323 0 0.91534817,
                    -0.73715413 0 0.67572463

                  ]
                }
                coordIndex [
                  2 1 0 -1 
                  3 1 2 -1 
                  1 5 4 -1 
                  1 4 0 -1 
                  22 5 1 -1 
                  24 5 22 -1 
                  12 22 6 -1 
                  11 12 6 -1 
                  11 7 23 -1 
                  11 23 8 -1 
                  10 8 9 -1 
                  11 6 7 -1 
                  11 8 10 -1 
                  24 22 12 -1 
                  22 1 3 -1 
                  25 22 3 -1 
                  13 6 22 -1 
                  25 13 22 -1 
                  14 2 4 -1 
                  0 4 2 -1 
                  25 15 26 -1 
                  18 19 17 -1 
                  13 16 17 -1 
                  20 17 19 -1 
                  27 17 20 -1 
                  21 17 27 -1 
                  25 26 16 -1 
                  13 17 21 -1 
                  3 14 15 -1 
                  25 16 13 -1 
                  3 15 25 -1 
                  2 14 3 -1 
                  14 5 15 -1 
                  14 4 5 -1 
                  24 15 5 -1 
                  26 15 24 -1 
                  16 24 12 -1 
                  26 24 16 -1 
                  12 11 17 -1 
                  12 17 16 -1 
                  11 10 17 -1 
                  18 17 10 -1 
                  18 10 19 -1 
                  9 19 10 -1 
                  6 21 7 -1 
                  6 13 21 -1 
                  9 20 19 -1 
                  8 20 9 -1 
                  8 27 20 -1 
                  23 21 27 -1 
                  23 27 8 -1 
                  7 21 23 -1 
                ]
                normalIndex [
                  2 0 1 -1 
                  3 0 2 -1 
                  7 4 5 -1 
                  7 5 6 -1 
                  8 4 7 -1 
                  17 4 8 -1 
                  16 8 9 -1 
                  15 16 9 -1 
                  15 10 11 -1 
                  15 11 12 -1 
                  14 12 13 -1 
                  15 9 10 -1 
                  15 12 14 -1 
                  17 8 16 -1 
                  20 19 18 -1 
                  23 20 18 -1 
                  22 21 20 -1 
                  23 22 20 -1 
                  25 24 26 -1 
                  27 26 24 -1 
                  39 29 30 -1 
                  33 34 32 -1 
                  38 31 32 -1 
                  35 32 34 -1 
                  36 32 35 -1 
                  37 32 36 -1 
                  39 30 31 -1 
                  38 32 37 -1 
                  40 28 29 -1 
                  39 31 38 -1 
                  40 29 39 -1 
                  41 28 40 -1 
                  44 42 45 -1 
                  44 43 42 -1 
                  48 46 47 -1 
                  51 46 48 -1 
                  50 48 49 -1 
                  51 48 50 -1 
                  54 55 52 -1 
                  54 52 53 -1 
                  57 56 58 -1 
                  59 58 56 -1 
                  61 62 60 -1 
                  63 60 62 -1 
                  66 64 67 -1 
                  66 65 64 -1 
                  70 68 69 -1 
                  71 68 70 -1 
                  75 73 74 -1 
                  76 72 73 -1 
                  76 73 75 -1 
                  77 72 76 -1 
                ]
              }
            }
            DEF PinsArrayLR_44 Shape {
              appearance DEF __182 Appearance {
                material DEF __183 Material {
                  ambientIntensity 0.260947436094
                  diffuseColor 0.73400002718 0.773000001907 0.79699999094
                  shininess 0
                }
              }
              geometry DEF __184 IndexedFaceSet {
                solid FALSE
                coord Coordinate {
                  point [
                    0.0076467783776 -0.00439 0.00011,
                    0.008 -0.00439 0.00011,
                    0.0076467783776 -0.00461 0.00011,
                    0.008 -0.00461 0.00011,
                    0.0075983891888 -0.00439 0,
                    0.008 -0.00439 0,
                    0.00751730223337 -0.00439 3.56702908631e-05,
                    0.00703269776662 -0.00439 0.000564329709137,
                    0.007 -0.00439 0.000564329709137,
                    0.007 -0.00439 0.000674329709137,
                    0.00703269776662 -0.00439 0.000674329709137,
                    0.00711378472205 -0.00439 0.000638659418274,
                    0.00756569142217 -0.00439 0.000145670290863,
                    0.00756569142217 -0.00461 0.000145670290863,
                    0.008 -0.00461 0,
                    0.0075983891888 -0.00461 0,
                    0.00711378472205 -0.00461 0.000638659418274,
                    0.00703269776662 -0.00461 0.000674329709137,
                    0.007 -0.00461 0.000674329709137,
                    0.007 -0.00461 0.000564329709137,
                    0.00703269776662 -0.00461 0.000564329709137,
                    0.00751730223337 -0.00461 3.56702908631e-05,
                    0.00755409623228 -0.00439 9.31169878033e-06,
                    0.00707699072315 -0.00439 0.000665018010357,
                    0.00760248542107 -0.00439 0.00011931169878,
                    0.00760248542107 -0.00461 0.00011931169878,
                    0.00707699072315 -0.00461 0.000665018010357,
                    0.00755409623228 -0.00461 9.31169878032e-06

                  ]
                }
                normal Normal {
                  vector [
                    0 0 1,
                    0 0 1,
                    0 0 1,
                    0 0 1,
                    8.6526525e-30 1 8.6637658e-30,
                    8.6526525e-30 1 8.6637658e-30,
                    8.6526525e-30 1 8.6637658e-30,
                    8.6526525e-30 1 8.6637658e-30,
                    8.6526525e-30 1 8.6637658e-30,
                    8.6526525e-30 1 8.6637658e-30,
                    8.6526525e-30 1 8.6637658e-30,
                    8.6526525e-30 1 8.6637658e-30,
                    8.6526525e-30 1 8.6637658e-30,
                    8.6526525e-30 1 8.6637658e-30,
                    8.6526525e-30 1 8.6637658e-30,
                    8.6526525e-30 1 8.6637658e-30,
                    8.6526525e-30 1 8.6637658e-30,
                    8.6526525e-30 1 8.6637658e-30,
                    -0 -0 1,
                    0.40266323 -0 0.91534817,
                    0.73715413 -0 0.67572463,
                    0.73715413 -0 0.67572463,
                    0.40266323 -0 0.91534817,
                    -0 -0 1,
                    1 0 0,
                    1 0 0,
                    1 0 0,
                    1 0 0,
                    2.550407e-28 -1 2.795957e-28,
                    2.550407e-28 -1 2.795957e-28,
                    2.550407e-28 -1 2.795957e-28,
                    2.550407e-28 -1 2.795957e-28,
                    2.550407e-28 -1 2.795957e-28,
                    2.550407e-28 -1 2.795957e-28,
                    2.550407e-28 -1 2.795957e-28,
                    2.550407e-28 -1 2.795957e-28,
                    2.550407e-28 -1 2.795957e-28,
                    2.550407e-28 -1 2.795957e-28,
                    2.550407e-28 -1 2.795957e-28,
                    2.550407e-28 -1 2.795957e-28,
                    2.550407e-28 -1 2.795957e-28,
                    2.550407e-28 -1 2.795957e-28,
                    -0 -0 -1,
                    -0 -0 -1,
                    -0 -0 -1,
                    -0 -0 -1,
                    2.0694557e-13 0 -1,
                    -0.40266323 0 -0.91534817,
                    -0.73715413 0 -0.67572463,
                    -0.73715413 0 -0.67572463,
                    -0.40266323 0 -0.91534817,
                    0 0 -1,
                    -0.73715413 -0 -0.67572463,
                    -0.73715413 -0 -0.67572463,
                    -0.73715413 -0 -0.67572463,
                    -0.73715413 -0 -0.67572463,
                    -0 -0 -1,
                    -0 -0 -1,
                    -0 -0 -1,
                    -0 -0 -1,
                    -1 -0 -0,
                    -1 -0 -0,
                    -1 -0 -0,
                    -1 -0 -0,
                    0.73715413 0 0.67572463,
                    0.73715413 0 0.67572463,
                    0.73715413 0 0.67572463,
                    0.73715413 0 0.67572463,
                    0 0 1,
                    0 0 1,
                    0 0 1,
                    0 0 1,
                    0.73715413 0 0.67572463,
                    0.73715413 0 0.67572463,
                    0.40266323 0 0.91534817,
                    1.5454305e-12 0 1,
                    4.0856207e-13 0 1,
                    0.40266323 0 0.91534817

                  ]
                }
                coordIndex [
                  0 2 1 -1 
                  3 1 2 -1 
                  24 4 22 -1 
                  12 6 7 -1 
                  9 7 8 -1 
                  10 7 9 -1 
                  23 7 10 -1 
                  11 7 23 -1 
                  24 22 6 -1 
                  12 7 11 -1 
                  0 5 4 -1 
                  24 6 12 -1 
                  0 1 5 -1 
                  0 4 24 -1 
                  12 13 25 -1 
                  24 25 2 -1 
                  24 12 25 -1 
                  0 24 2 -1 
                  14 5 3 -1 
                  1 3 5 -1 
                  2 15 14 -1 
                  2 14 3 -1 
                  25 15 2 -1 
                  27 15 25 -1 
                  21 25 13 -1 
                  20 21 13 -1 
                  20 16 26 -1 
                  20 26 17 -1 
                  19 17 18 -1 
                  20 13 16 -1 
                  20 17 19 -1 
                  27 25 21 -1 
                  5 14 15 -1 
                  4 5 15 -1 
                  6 27 21 -1 
                  22 15 27 -1 
                  22 27 6 -1 
                  4 15 22 -1 
                  6 20 7 -1 
                  6 21 20 -1 
                  8 7 19 -1 
                  20 19 7 -1 
                  9 19 18 -1 
                  9 8 19 -1 
                  12 11 16 -1 
                  12 16 13 -1 
                  9 18 10 -1 
                  17 10 18 -1 
                  23 16 11 -1 
                  26 16 23 -1 
                  17 23 10 -1 
                  26 23 17 -1 
                ]
                normalIndex [
                  1 2 0 -1 
                  3 0 2 -1 
                  15 5 6 -1 
                  14 7 8 -1 
                  10 8 9 -1 
                  11 8 10 -1 
                  12 8 11 -1 
                  13 8 12 -1 
                  15 6 7 -1 
                  14 8 13 -1 
                  16 4 5 -1 
                  15 7 14 -1 
                  16 17 4 -1 
                  16 5 15 -1 
                  21 20 19 -1 
                  22 19 18 -1 
                  22 21 19 -1 
                  23 22 18 -1 
                  25 26 24 -1 
                  27 24 26 -1 
                  31 28 29 -1 
                  31 29 30 -1 
                  32 28 31 -1 
                  41 28 32 -1 
                  40 32 33 -1 
                  39 40 33 -1 
                  39 34 35 -1 
                  39 35 36 -1 
                  38 36 37 -1 
                  39 33 34 -1 
                  39 36 38 -1 
                  41 32 40 -1 
                  44 43 42 -1 
                  45 44 42 -1 
                  49 47 48 -1 
                  50 46 47 -1 
                  50 47 49 -1 
                  51 46 50 -1 
                  54 52 55 -1 
                  54 53 52 -1 
                  57 56 58 -1 
                  59 58 56 -1 
                  62 60 63 -1 
                  62 61 60 -1 
                  66 67 64 -1 
                  66 64 65 -1 
                  69 70 68 -1 
                  71 68 70 -1 
                  74 72 73 -1 
                  77 72 74 -1 
                  76 74 75 -1 
                  77 74 76 -1 
                ]
              }
            }
            DEF PinsArrayLR_45 Shape {
              appearance DEF __186 Appearance {
                material DEF __187 Material {
                  ambientIntensity 0.260947436094
                  diffuseColor 0.73400002718 0.773000001907 0.79699999094
                  shininess 0
                }
              }
              geometry DEF __188 IndexedFaceSet {
                solid FALSE
                coord Coordinate {
                  point [
                    -0.008 -0.00489 0.00011,
                    -0.0076467783776 -0.00489 0.00011,
                    -0.008 -0.00511 0.00011,
                    -0.0076467783776 -0.00511 0.00011,
                    -0.008 -0.00489 0,
                    -0.0075983891888 -0.00489 0,
                    -0.00756569142217 -0.00489 0.000145670290863,
                    -0.00711378472205 -0.00489 0.000638659418274,
                    -0.00703269776662 -0.00489 0.000674329709137,
                    -0.007 -0.00489 0.000674329709137,
                    -0.007 -0.00489 0.000564329709137,
                    -0.00703269776662 -0.00489 0.000564329709137,
                    -0.00751730223337 -0.00489 3.56702908631e-05,
                    -0.00756569142217 -0.00511 0.000145670290863,
                    -0.008 -0.00511 0,
                    -0.0075983891888 -0.00511 0,
                    -0.00751730223337 -0.00511 3.56702908631e-05,
                    -0.00703269776662 -0.00511 0.000564329709137,
                    -0.007 -0.00511 0.000564329709137,
                    -0.007 -0.00511 0.000674329709137,
                    -0.00703269776662 -0.00511 0.000674329709137,
                    -0.00711378472205 -0.00511 0.000638659418274,
                    -0.00760248542107 -0.00489 0.00011931169878,
                    -0.00707699072315 -0.00489 0.000665018010357,
                    -0.00755409623228 -0.00489 9.31169878032e-06,
                    -0.00760248542107 -0.00511 0.00011931169878,
                    -0.00755409623228 -0.00511 9.31169878032e-06,
                    -0.00707699072315 -0.00511 0.000665018010357

                  ]
                }
                normal Normal {
                  vector [
                    0 0 1,
                    0 0 1,
                    0 0 1,
                    0 0 1,
                    0 1 0,
                    0 1 0,
                    0 1 0,
                    0 1 0,
                    0 1 0,
                    0 1 0,
                    0 1 0,
                    0 1 0,
                    0 1 0,
                    0 1 0,
                    0 1 0,
                    0 1 0,
                    0 1 0,
                    0 1 0,
                    -0 -0 1,
                    -0 -0 1,
                    -0.40266323 -0 0.91534817,
                    -0.73715413 -0 0.67572463,
                    -0.73715413 -0 0.67572463,
                    -0.40266323 -0 0.91534817,
                    -1 -0 -0,
                    -1 -0 -0,
                    -1 -0 -0,
                    -1 -0 -0,
                    -8.6121087e-29 -1 9.730542e-29,
                    -8.6121087e-29 -1 9.730542e-29,
                    -8.6121087e-29 -1 9.730542e-29,
                    -8.6121087e-29 -1 9.730542e-29,
                    -8.6121087e-29 -1 9.730542e-29,
                    -8.6121087e-29 -1 9.730542e-29,
                    -8.6121087e-29 -1 9.730542e-29,
                    -8.6121087e-29 -1 9.730542e-29,
                    -8.6121087e-29 -1 9.730542e-29,
                    -8.6121087e-29 -1 9.730542e-29,
                    -8.6121087e-29 -1 9.730542e-29,
                    -8.6121087e-29 -1 9.730542e-29,
                    -8.6121087e-29 -1 9.730542e-29,
                    -8.6121087e-29 -1 9.730542e-29,
                    -0 -0 -1,
                    -0 -0 -1,
                    -0 -0 -1,
                    -0 -0 -1,
                    0 0 -1,
                    0 0 -1,
                    0.40266323 0 -0.91534817,
                    0.73715413 0 -0.67572463,
                    0.73715413 0 -0.67572463,
                    0.40266323 0 -0.91534817,
                    0.73715413 0 -0.67572463,
                    0.73715413 0 -0.67572463,
                    0.73715413 0 -0.67572463,
                    0.73715413 0 -0.67572463,
                    -0 -0 -1,
                    -0 -0 -1,
                    -0 -0 -1,
                    -0 -0 -1,
                    1 0 0,
                    1 0 0,
                    1 0 0,
                    1 0 0,
                    -0.73715413 -0 0.67572463,
                    -0.73715413 -0 0.67572463,
                    -0.73715413 -0 0.67572463,
                    -0.73715413 -0 0.67572463,
                    0 0 1,
                    0 0 1,
                    0 0 1,
                    0 0 1,
                    -0.73715413 0 0.67572463,
                    -0.40266323 0 0.91534817,
                    -8.2245322e-13 0 1,
                    -4.0945025e-13 0 1,
                    -0.40266323 0 0.91534817,
                    -0.73715413 0 0.67572463

                  ]
                }
                coordIndex [
                  2 1 0 -1 
                  3 1 2 -1 
                  1 5 4 -1 
                  1 4 0 -1 
                  22 5 1 -1 
                  24 5 22 -1 
                  12 22 6 -1 
                  11 12 6 -1 
                  11 7 23 -1 
                  11 23 8 -1 
                  10 8 9 -1 
                  11 6 7 -1 
                  11 8 10 -1 
                  24 22 12 -1 
                  22 1 3 -1 
                  25 22 3 -1 
                  13 6 22 -1 
                  25 13 22 -1 
                  14 2 4 -1 
                  0 4 2 -1 
                  25 15 26 -1 
                  18 19 17 -1 
                  13 16 17 -1 
                  20 17 19 -1 
                  27 17 20 -1 
                  21 17 27 -1 
                  25 26 16 -1 
                  13 17 21 -1 
                  3 14 15 -1 
                  25 16 13 -1 
                  3 15 25 -1 
                  2 14 3 -1 
                  14 5 15 -1 
                  14 4 5 -1 
                  24 15 5 -1 
                  26 15 24 -1 
                  16 24 12 -1 
                  26 24 16 -1 
                  12 11 17 -1 
                  12 17 16 -1 
                  11 10 17 -1 
                  18 17 10 -1 
                  18 10 19 -1 
                  9 19 10 -1 
                  6 21 7 -1 
                  6 13 21 -1 
                  9 20 19 -1 
                  8 20 9 -1 
                  8 27 20 -1 
                  23 21 27 -1 
                  23 27 8 -1 
                  7 21 23 -1 
                ]
                normalIndex [
                  2 0 1 -1 
                  3 0 2 -1 
                  7 4 5 -1 
                  7 5 6 -1 
                  8 4 7 -1 
                  17 4 8 -1 
                  16 8 9 -1 
                  15 16 9 -1 
                  15 10 11 -1 
                  15 11 12 -1 
                  14 12 13 -1 
                  15 9 10 -1 
                  15 12 14 -1 
                  17 8 16 -1 
                  20 19 18 -1 
                  23 20 18 -1 
                  22 21 20 -1 
                  23 22 20 -1 
                  25 24 26 -1 
                  27 26 24 -1 
                  39 29 30 -1 
                  33 34 32 -1 
                  38 31 32 -1 
                  35 32 34 -1 
                  36 32 35 -1 
                  37 32 36 -1 
                  39 30 31 -1 
                  38 32 37 -1 
                  40 28 29 -1 
                  39 31 38 -1 
                  40 29 39 -1 
                  41 28 40 -1 
                  44 42 45 -1 
                  44 43 42 -1 
                  48 46 47 -1 
                  51 46 48 -1 
                  50 48 49 -1 
                  51 48 50 -1 
                  54 55 52 -1 
                  54 52 53 -1 
                  57 56 58 -1 
                  59 58 56 -1 
                  61 62 60 -1 
                  63 60 62 -1 
                  66 64 67 -1 
                  66 65 64 -1 
                  70 68 69 -1 
                  71 68 70 -1 
                  75 73 74 -1 
                  76 72 73 -1 
                  76 73 75 -1 
                  77 72 76 -1 
                ]
              }
            }
            DEF PinsArrayLR_46 Shape {
              appearance DEF __190 Appearance {
                material DEF __191 Material {
                  ambientIntensity 0.260947436094
                  diffuseColor 0.73400002718 0.773000001907 0.79699999094
                  shininess 0
                }
              }
              geometry DEF __192 IndexedFaceSet {
                solid FALSE
                coord Coordinate {
                  point [
                    0.0076467783776 -0.00489 0.00011,
                    0.008 -0.00489 0.00011,
                    0.0076467783776 -0.00511 0.00011,
                    0.008 -0.00511 0.00011,
                    0.0075983891888 -0.00489 0,
                    0.008 -0.00489 0,
                    0.00751730223337 -0.00489 3.56702908631e-05,
                    0.00703269776662 -0.00489 0.000564329709137,
                    0.007 -0.00489 0.000564329709137,
                    0.007 -0.00489 0.000674329709137,
                    0.00703269776662 -0.00489 0.000674329709137,
                    0.00711378472205 -0.00489 0.000638659418274,
                    0.00756569142217 -0.00489 0.000145670290863,
                    0.00756569142217 -0.00511 0.000145670290863,
                    0.008 -0.00511 0,
                    0.0075983891888 -0.00511 0,
                    0.00711378472205 -0.00511 0.000638659418274,
                    0.00703269776662 -0.00511 0.000674329709137,
                    0.007 -0.00511 0.000674329709137,
                    0.007 -0.00511 0.000564329709137,
                    0.00703269776662 -0.00511 0.000564329709137,
                    0.00751730223337 -0.00511 3.56702908631e-05,
                    0.00755409623228 -0.00489 9.31169878033e-06,
                    0.00707699072315 -0.00489 0.000665018010357,
                    0.00760248542107 -0.00489 0.00011931169878,
                    0.00760248542107 -0.00511 0.00011931169878,
                    0.00707699072315 -0.00511 0.000665018010357,
                    0.00755409623228 -0.00511 9.31169878033e-06

                  ]
                }
                normal Normal {
                  vector [
                    0 0 1,
                    0 0 1,
                    0 0 1,
                    0 0 1,
                    8.6526525e-30 1 8.6637658e-30,
                    8.6526525e-30 1 8.6637658e-30,
                    8.6526525e-30 1 8.6637658e-30,
                    8.6526525e-30 1 8.6637658e-30,
                    8.6526525e-30 1 8.6637658e-30,
                    8.6526525e-30 1 8.6637658e-30,
                    8.6526525e-30 1 8.6637658e-30,
                    8.6526525e-30 1 8.6637658e-30,
                    8.6526525e-30 1 8.6637658e-30,
                    8.6526525e-30 1 8.6637658e-30,
                    8.6526525e-30 1 8.6637658e-30,
                    8.6526525e-30 1 8.6637658e-30,
                    8.6526525e-30 1 8.6637658e-30,
                    8.6526525e-30 1 8.6637658e-30,
                    -0 -0 1,
                    0.40266323 -0 0.91534817,
                    0.73715413 -0 0.67572463,
                    0.73715413 -0 0.67572463,
                    0.40266323 -0 0.91534817,
                    -0 -0 1,
                    1 0 0,
                    1 0 0,
                    1 0 0,
                    1 0 0,
                    2.550407e-28 -1 2.795957e-28,
                    2.550407e-28 -1 2.795957e-28,
                    2.550407e-28 -1 2.795957e-28,
                    2.550407e-28 -1 2.795957e-28,
                    2.550407e-28 -1 2.795957e-28,
                    2.550407e-28 -1 2.795957e-28,
                    2.550407e-28 -1 2.795957e-28,
                    2.550407e-28 -1 2.795957e-28,
                    2.550407e-28 -1 2.795957e-28,
                    2.550407e-28 -1 2.795957e-28,
                    2.550407e-28 -1 2.795957e-28,
                    2.550407e-28 -1 2.795957e-28,
                    2.550407e-28 -1 2.795957e-28,
                    2.550407e-28 -1 2.795957e-28,
                    -0 -0 -1,
                    -0 -0 -1,
                    -0 -0 -1,
                    -0 -0 -1,
                    0 0 -1,
                    -0.40266323 0 -0.91534817,
                    -0.73715413 0 -0.67572463,
                    -0.73715413 0 -0.67572463,
                    -0.40266323 0 -0.91534817,
                    0 0 -1,
                    -0.73715413 -0 -0.67572463,
                    -0.73715413 -0 -0.67572463,
                    -0.73715413 -0 -0.67572463,
                    -0.73715413 -0 -0.67572463,
                    -0 -0 -1,
                    -0 -0 -1,
                    -0 -0 -1,
                    -0 -0 -1,
                    -1 -0 -0,
                    -1 -0 -0,
                    -1 -0 -0,
                    -1 -0 -0,
                    0.73715413 0 0.67572463,
                    0.73715413 0 0.67572463,
                    0.73715413 0 0.67572463,
                    0.73715413 0 0.67572463,
                    0 0 1,
                    0 0 1,
                    0 0 1,
                    0 0 1,
                    0.73715413 0 0.67572463,
                    0.73715413 0 0.67572463,
                    0.40266323 0 0.91534817,
                    1.5454305e-12 0 1,
                    4.0856207e-13 0 1,
                    0.40266323 0 0.91534817

                  ]
                }
                coordIndex [
                  0 2 1 -1 
                  3 1 2 -1 
                  24 4 22 -1 
                  12 6 7 -1 
                  9 7 8 -1 
                  10 7 9 -1 
                  23 7 10 -1 
                  11 7 23 -1 
                  24 22 6 -1 
                  12 7 11 -1 
                  0 5 4 -1 
                  24 6 12 -1 
                  0 1 5 -1 
                  0 4 24 -1 
                  12 13 25 -1 
                  24 25 2 -1 
                  24 12 25 -1 
                  0 24 2 -1 
                  14 5 3 -1 
                  1 3 5 -1 
                  2 15 14 -1 
                  2 14 3 -1 
                  25 15 2 -1 
                  27 15 25 -1 
                  21 25 13 -1 
                  20 21 13 -1 
                  20 16 26 -1 
                  20 26 17 -1 
                  19 17 18 -1 
                  20 13 16 -1 
                  20 17 19 -1 
                  27 25 21 -1 
                  5 14 15 -1 
                  4 5 15 -1 
                  6 27 21 -1 
                  22 15 27 -1 
                  22 27 6 -1 
                  4 15 22 -1 
                  6 20 7 -1 
                  6 21 20 -1 
                  8 7 19 -1 
                  20 19 7 -1 
                  9 19 18 -1 
                  9 8 19 -1 
                  12 11 16 -1 
                  12 16 13 -1 
                  9 18 10 -1 
                  17 10 18 -1 
                  23 16 11 -1 
                  26 16 23 -1 
                  17 23 10 -1 
                  26 23 17 -1 
                ]
                normalIndex [
                  1 2 0 -1 
                  3 0 2 -1 
                  15 5 6 -1 
                  14 7 8 -1 
                  10 8 9 -1 
                  11 8 10 -1 
                  12 8 11 -1 
                  13 8 12 -1 
                  15 6 7 -1 
                  14 8 13 -1 
                  16 4 5 -1 
                  15 7 14 -1 
                  16 17 4 -1 
                  16 5 15 -1 
                  21 20 19 -1 
                  22 19 18 -1 
                  22 21 19 -1 
                  23 22 18 -1 
                  25 26 24 -1 
                  27 24 26 -1 
                  31 28 29 -1 
                  31 29 30 -1 
                  32 28 31 -1 
                  41 28 32 -1 
                  40 32 33 -1 
                  39 40 33 -1 
                  39 34 35 -1 
                  39 35 36 -1 
                  38 36 37 -1 
                  39 33 34 -1 
                  39 36 38 -1 
                  41 32 40 -1 
                  44 43 42 -1 
                  45 44 42 -1 
                  49 47 48 -1 
                  50 46 47 -1 
                  50 47 49 -1 
                  51 46 50 -1 
                  54 52 55 -1 
                  54 53 52 -1 
                  57 56 58 -1 
                  59 58 56 -1 
                  62 60 63 -1 
                  62 61 60 -1 
                  66 67 64 -1 
                  66 64 65 -1 
                  69 70 68 -1 
                  71 68 70 -1 
                  74 72 73 -1 
                  77 72 74 -1 
                  76 74 75 -1 
                  77 74 76 -1 
                ]
              }
            }
            DEF PinsArrayLR_47 Shape {
              appearance DEF __194 Appearance {
                material DEF __195 Material {
                  ambientIntensity 0.260947436094
                  diffuseColor 0.73400002718 0.773000001907 0.79699999094
                  shininess 0
                }
              }
              geometry DEF __196 IndexedFaceSet {
                solid FALSE
                coord Coordinate {
                  point [
                    -0.008 -0.00539 0.00011,
                    -0.0076467783776 -0.00539 0.00011,
                    -0.008 -0.00561 0.00011,
                    -0.0076467783776 -0.00561 0.00011,
                    -0.008 -0.00539 0,
                    -0.0075983891888 -0.00539 0,
                    -0.00756569142217 -0.00539 0.000145670290863,
                    -0.00711378472205 -0.00539 0.000638659418274,
                    -0.00703269776662 -0.00539 0.000674329709137,
                    -0.007 -0.00539 0.000674329709137,
                    -0.007 -0.00539 0.000564329709137,
                    -0.00703269776662 -0.00539 0.000564329709137,
                    -0.00751730223337 -0.00539 3.56702908631e-05,
                    -0.00756569142217 -0.00561 0.000145670290863,
                    -0.008 -0.00561 0,
                    -0.0075983891888 -0.00561 0,
                    -0.00751730223337 -0.00561 3.56702908631e-05,
                    -0.00703269776662 -0.00561 0.000564329709137,
                    -0.007 -0.00561 0.000564329709137,
                    -0.007 -0.00561 0.000674329709137,
                    -0.00703269776662 -0.00561 0.000674329709137,
                    -0.00711378472205 -0.00561 0.000638659418274,
                    -0.00760248542107 -0.00539 0.00011931169878,
                    -0.00707699072315 -0.00539 0.000665018010357,
                    -0.00755409623228 -0.00539 9.31169878032e-06,
                    -0.00760248542107 -0.00561 0.00011931169878,
                    -0.00755409623228 -0.00561 9.31169878032e-06,
                    -0.00707699072315 -0.00561 0.000665018010357

                  ]
                }
                normal Normal {
                  vector [
                    0 0 1,
                    0 0 1,
                    0 0 1,
                    0 0 1,
                    0 1 0,
                    0 1 0,
                    0 1 0,
                    0 1 0,
                    0 1 0,
                    0 1 0,
                    0 1 0,
                    0 1 0,
                    0 1 0,
                    0 1 0,
                    0 1 0,
                    0 1 0,
                    0 1 0,
                    0 1 0,
                    -0 -0 1,
                    -0 -0 1,
                    -0.40266323 -0 0.91534817,
                    -0.73715413 -0 0.67572463,
                    -0.73715413 -0 0.67572463,
                    -0.40266323 -0 0.91534817,
                    -1 -0 -0,
                    -1 -0 -0,
                    -1 -0 -0,
                    -1 -0 -0,
                    -8.6121087e-29 -1 9.730542e-29,
                    -8.6121087e-29 -1 9.730542e-29,
                    -8.6121087e-29 -1 9.730542e-29,
                    -8.6121087e-29 -1 9.730542e-29,
                    -8.6121087e-29 -1 9.730542e-29,
                    -8.6121087e-29 -1 9.730542e-29,
                    -8.6121087e-29 -1 9.730542e-29,
                    -8.6121087e-29 -1 9.730542e-29,
                    -8.6121087e-29 -1 9.730542e-29,
                    -8.6121087e-29 -1 9.730542e-29,
                    -8.6121087e-29 -1 9.730542e-29,
                    -8.6121087e-29 -1 9.730542e-29,
                    -8.6121087e-29 -1 9.730542e-29,
                    -8.6121087e-29 -1 9.730542e-29,
                    -0 -0 -1,
                    -0 -0 -1,
                    -0 -0 -1,
                    -0 -0 -1,
                    0 0 -1,
                    0 0 -1,
                    0.40266323 0 -0.91534817,
                    0.73715413 0 -0.67572463,
                    0.73715413 0 -0.67572463,
                    0.40266323 0 -0.91534817,
                    0.73715413 0 -0.67572463,
                    0.73715413 0 -0.67572463,
                    0.73715413 0 -0.67572463,
                    0.73715413 0 -0.67572463,
                    -0 -0 -1,
                    -0 -0 -1,
                    -0 -0 -1,
                    -0 -0 -1,
                    1 0 0,
                    1 0 0,
                    1 0 0,
                    1 0 0,
                    -0.73715413 -0 0.67572463,
                    -0.73715413 -0 0.67572463,
                    -0.73715413 -0 0.67572463,
                    -0.73715413 -0 0.67572463,
                    0 0 1,
                    0 0 1,
                    0 0 1,
                    0 0 1,
                    -0.73715413 0 0.67572463,
                    -0.40266323 0 0.91534817,
                    -8.2245322e-13 0 1,
                    -4.0945025e-13 0 1,
                    -0.40266323 0 0.91534817,
                    -0.73715413 0 0.67572463

                  ]
                }
                coordIndex [
                  2 1 0 -1 
                  3 1 2 -1 
                  1 5 4 -1 
                  1 4 0 -1 
                  22 5 1 -1 
                  24 5 22 -1 
                  12 22 6 -1 
                  11 12 6 -1 
                  11 7 23 -1 
                  11 23 8 -1 
                  10 8 9 -1 
                  11 6 7 -1 
                  11 8 10 -1 
                  24 22 12 -1 
                  22 1 3 -1 
                  25 22 3 -1 
                  13 6 22 -1 
                  25 13 22 -1 
                  14 2 4 -1 
                  0 4 2 -1 
                  25 15 26 -1 
                  18 19 17 -1 
                  13 16 17 -1 
                  20 17 19 -1 
                  27 17 20 -1 
                  21 17 27 -1 
                  25 26 16 -1 
                  13 17 21 -1 
                  3 14 15 -1 
                  25 16 13 -1 
                  3 15 25 -1 
                  2 14 3 -1 
                  14 5 15 -1 
                  14 4 5 -1 
                  24 15 5 -1 
                  26 15 24 -1 
                  16 24 12 -1 
                  26 24 16 -1 
                  12 11 17 -1 
                  12 17 16 -1 
                  11 10 17 -1 
                  18 17 10 -1 
                  18 10 19 -1 
                  9 19 10 -1 
                  6 21 7 -1 
                  6 13 21 -1 
                  9 20 19 -1 
                  8 20 9 -1 
                  8 27 20 -1 
                  23 21 27 -1 
                  23 27 8 -1 
                  7 21 23 -1 
                ]
                normalIndex [
                  2 0 1 -1 
                  3 0 2 -1 
                  7 4 5 -1 
                  7 5 6 -1 
                  8 4 7 -1 
                  17 4 8 -1 
                  16 8 9 -1 
                  15 16 9 -1 
                  15 10 11 -1 
                  15 11 12 -1 
                  14 12 13 -1 
                  15 9 10 -1 
                  15 12 14 -1 
                  17 8 16 -1 
                  20 19 18 -1 
                  23 20 18 -1 
                  22 21 20 -1 
                  23 22 20 -1 
                  25 24 26 -1 
                  27 26 24 -1 
                  39 29 30 -1 
                  33 34 32 -1 
                  38 31 32 -1 
                  35 32 34 -1 
                  36 32 35 -1 
                  37 32 36 -1 
                  39 30 31 -1 
                  38 32 37 -1 
                  40 28 29 -1 
                  39 31 38 -1 
                  40 29 39 -1 
                  41 28 40 -1 
                  44 42 45 -1 
                  44 43 42 -1 
                  48 46 47 -1 
                  51 46 48 -1 
                  50 48 49 -1 
                  51 48 50 -1 
                  54 55 52 -1 
                  54 52 53 -1 
                  57 56 58 -1 
                  59 58 56 -1 
                  61 62 60 -1 
                  63 60 62 -1 
                  66 64 67 -1 
                  66 65 64 -1 
                  70 68 69 -1 
                  71 68 70 -1 
                  75 73 74 -1 
                  76 72 73 -1 
                  76 73 75 -1 
                  77 72 76 -1 
                ]
              }
            }
            DEF PinsArrayLR_48 Shape {
              appearance DEF __198 Appearance {
                material DEF __199 Material {
                  ambientIntensity 0.260947436094
                  diffuseColor 0.73400002718 0.773000001907 0.79699999094
                  shininess 0
                }
              }
              geometry DEF __200 IndexedFaceSet {
                solid FALSE
                coord Coordinate {
                  point [
                    0.0076467783776 -0.00539 0.00011,
                    0.008 -0.00539 0.00011,
                    0.0076467783776 -0.00561 0.00011,
                    0.008 -0.00561 0.00011,
                    0.0075983891888 -0.00539 0,
                    0.008 -0.00539 0,
                    0.00751730223337 -0.00539 3.56702908631e-05,
                    0.00703269776662 -0.00539 0.000564329709137,
                    0.007 -0.00539 0.000564329709137,
                    0.007 -0.00539 0.000674329709137,
                    0.00703269776662 -0.00539 0.000674329709137,
                    0.00711378472205 -0.00539 0.000638659418274,
                    0.00756569142217 -0.00539 0.000145670290863,
                    0.00756569142217 -0.00561 0.000145670290863,
                    0.008 -0.00561 0,
                    0.0075983891888 -0.00561 0,
                    0.00711378472205 -0.00561 0.000638659418274,
                    0.00703269776662 -0.00561 0.000674329709137,
                    0.007 -0.00561 0.000674329709137,
                    0.007 -0.00561 0.000564329709137,
                    0.00703269776662 -0.00561 0.000564329709137,
                    0.00751730223337 -0.00561 3.56702908631e-05,
                    0.00755409623228 -0.00539 9.31169878033e-06,
                    0.00707699072315 -0.00539 0.000665018010357,
                    0.00760248542107 -0.00539 0.00011931169878,
                    0.00760248542107 -0.00561 0.00011931169878,
                    0.00707699072315 -0.00561 0.000665018010357,
                    0.00755409623228 -0.00561 9.31169878032e-06

                  ]
                }
                normal Normal {
                  vector [
                    0 0 1,
                    0 0 1,
                    0 0 1,
                    0 0 1,
                    8.6526525e-30 1 8.6637658e-30,
                    8.6526525e-30 1 8.6637658e-30,
                    8.6526525e-30 1 8.6637658e-30,
                    8.6526525e-30 1 8.6637658e-30,
                    8.6526525e-30 1 8.6637658e-30,
                    8.6526525e-30 1 8.6637658e-30,
                    8.6526525e-30 1 8.6637658e-30,
                    8.6526525e-30 1 8.6637658e-30,
                    8.6526525e-30 1 8.6637658e-30,
                    8.6526525e-30 1 8.6637658e-30,
                    8.6526525e-30 1 8.6637658e-30,
                    8.6526525e-30 1 8.6637658e-30,
                    8.6526525e-30 1 8.6637658e-30,
                    8.6526525e-30 1 8.6637658e-30,
                    -0 -0 1,
                    0.40266323 -0 0.91534817,
                    0.73715413 -0 0.67572463,
                    0.73715413 -0 0.67572463,
                    0.40266323 -0 0.91534817,
                    -0 -0 1,
                    1 0 0,
                    1 0 0,
                    1 0 0,
                    1 0 0,
                    2.550407e-28 -1 2.795957e-28,
                    2.550407e-28 -1 2.795957e-28,
                    2.550407e-28 -1 2.795957e-28,
                    2.550407e-28 -1 2.795957e-28,
                    2.550407e-28 -1 2.795957e-28,
                    2.550407e-28 -1 2.795957e-28,
                    2.550407e-28 -1 2.795957e-28,
                    2.550407e-28 -1 2.795957e-28,
                    2.550407e-28 -1 2.795957e-28,
                    2.550407e-28 -1 2.795957e-28,
                    2.550407e-28 -1 2.795957e-28,
                    2.550407e-28 -1 2.795957e-28,
                    2.550407e-28 -1 2.795957e-28,
                    2.550407e-28 -1 2.795957e-28,
                    -0 -0 -1,
                    -0 -0 -1,
                    -0 -0 -1,
                    -0 -0 -1,
                    2.0694557e-13 0 -1,
                    -0.40266323 0 -0.91534817,
                    -0.73715413 0 -0.67572463,
                    -0.73715413 0 -0.67572463,
                    -0.40266323 0 -0.91534817,
                    0 0 -1,
                    -0.73715413 -0 -0.67572463,
                    -0.73715413 -0 -0.67572463,
                    -0.73715413 -0 -0.67572463,
                    -0.73715413 -0 -0.67572463,
                    -0 -0 -1,
                    -0 -0 -1,
                    -0 -0 -1,
                    -0 -0 -1,
                    -1 -0 -0,
                    -1 -0 -0,
                    -1 -0 -0,
                    -1 -0 -0,
                    0.73715413 0 0.67572463,
                    0.73715413 0 0.67572463,
                    0.73715413 0 0.67572463,
                    0.73715413 0 0.67572463,
                    0 0 1,
                    0 0 1,
                    0 0 1,
                    0 0 1,
                    0.73715413 0 0.67572463,
                    0.73715413 0 0.67572463,
                    0.40266323 0 0.91534817,
                    1.5454305e-12 0 1,
                    4.0856207e-13 0 1,
                    0.40266323 0 0.91534817

                  ]
                }
                coordIndex [
                  0 2 1 -1 
                  3 1 2 -1 
                  24 4 22 -1 
                  12 6 7 -1 
                  9 7 8 -1 
                  10 7 9 -1 
                  23 7 10 -1 
                  11 7 23 -1 
                  24 22 6 -1 
                  12 7 11 -1 
                  0 5 4 -1 
                  24 6 12 -1 
                  0 1 5 -1 
                  0 4 24 -1 
                  12 13 25 -1 
                  24 25 2 -1 
                  24 12 25 -1 
                  0 24 2 -1 
                  14 5 3 -1 
                  1 3 5 -1 
                  2 15 14 -1 
                  2 14 3 -1 
                  25 15 2 -1 
                  27 15 25 -1 
                  21 25 13 -1 
                  20 21 13 -1 
                  20 16 26 -1 
                  20 26 17 -1 
                  19 17 18 -1 
                  20 13 16 -1 
                  20 17 19 -1 
                  27 25 21 -1 
                  5 14 15 -1 
                  4 5 15 -1 
                  6 27 21 -1 
                  22 15 27 -1 
                  22 27 6 -1 
                  4 15 22 -1 
                  6 20 7 -1 
                  6 21 20 -1 
                  8 7 19 -1 
                  20 19 7 -1 
                  9 19 18 -1 
                  9 8 19 -1 
                  12 11 16 -1 
                  12 16 13 -1 
                  9 18 10 -1 
                  17 10 18 -1 
                  23 16 11 -1 
                  26 16 23 -1 
                  17 23 10 -1 
                  26 23 17 -1 
                ]
                normalIndex [
                  1 2 0 -1 
                  3 0 2 -1 
                  15 5 6 -1 
                  14 7 8 -1 
                  10 8 9 -1 
                  11 8 10 -1 
                  12 8 11 -1 
                  13 8 12 -1 
                  15 6 7 -1 
                  14 8 13 -1 
                  16 4 5 -1 
                  15 7 14 -1 
                  16 17 4 -1 
                  16 5 15 -1 
                  21 20 19 -1 
                  22 19 18 -1 
                  22 21 19 -1 
                  23 22 18 -1 
                  25 26 24 -1 
                  27 24 26 -1 
                  31 28 29 -1 
                  31 29 30 -1 
                  32 28 31 -1 
                  41 28 32 -1 
                  40 32 33 -1 
                  39 40 33 -1 
                  39 34 35 -1 
                  39 35 36 -1 
                  38 36 37 -1 
                  39 33 34 -1 
                  39 36 38 -1 
                  41 32 40 -1 
                  44 43 42 -1 
                  45 44 42 -1 
                  49 47 48 -1 
                  50 46 47 -1 
                  50 47 49 -1 
                  51 46 50 -1 
                  54 52 55 -1 
                  54 53 52 -1 
                  57 56 58 -1 
                  59 58 56 -1 
                  62 60 63 -1 
                  62 61 60 -1 
                  66 67 64 -1 
                  66 64 65 -1 
                  69 70 68 -1 
                  71 68 70 -1 
                  74 72 73 -1 
                  77 72 74 -1 
                  76 74 75 -1 
                  77 74 76 -1 
                ]
              }
            }
            DEF PinsArrayLR_49 Shape {
              appearance DEF __202 Appearance {
                material DEF __203 Material {
                  ambientIntensity 0.260947436094
                  diffuseColor 0.73400002718 0.773000001907 0.79699999094
                  shininess 0
                }
              }
              geometry DEF __204 IndexedFaceSet {
                solid FALSE
                coord Coordinate {
                  point [
                    -0.008 -0.00589 0.00011,
                    -0.0076467783776 -0.00589 0.00011,
                    -0.008 -0.00611 0.00011,
                    -0.0076467783776 -0.00611 0.00011,
                    -0.008 -0.00589 0,
                    -0.0075983891888 -0.00589 0,
                    -0.00756569142217 -0.00589 0.000145670290863,
                    -0.00711378472205 -0.00589 0.000638659418274,
                    -0.00703269776662 -0.00589 0.000674329709137,
                    -0.007 -0.00589 0.000674329709137,
                    -0.007 -0.00589 0.000564329709137,
                    -0.00703269776662 -0.00589 0.000564329709137,
                    -0.00751730223337 -0.00589 3.56702908631e-05,
                    -0.00756569142217 -0.00611 0.000145670290863,
                    -0.008 -0.00611 0,
                    -0.0075983891888 -0.00611 0,
                    -0.00751730223337 -0.00611 3.56702908631e-05,
                    -0.00703269776662 -0.00611 0.000564329709137,
                    -0.007 -0.00611 0.000564329709137,
                    -0.007 -0.00611 0.000674329709137,
                    -0.00703269776662 -0.00611 0.000674329709137,
                    -0.00711378472205 -0.00611 0.000638659418274,
                    -0.00760248542107 -0.00589 0.00011931169878,
                    -0.00707699072315 -0.00589 0.000665018010357,
                    -0.00755409623228 -0.00589 9.31169878032e-06,
                    -0.00760248542107 -0.00611 0.00011931169878,
                    -0.00755409623228 -0.00611 9.31169878032e-06,
                    -0.00707699072315 -0.00611 0.000665018010357

                  ]
                }
                normal Normal {
                  vector [
                    0 0 1,
                    0 0 1,
                    0 0 1,
                    0 0 1,
                    0 1 0,
                    0 1 0,
                    0 1 0,
                    0 1 0,
                    0 1 0,
                    0 1 0,
                    0 1 0,
                    0 1 0,
                    0 1 0,
                    0 1 0,
                    0 1 0,
                    0 1 0,
                    0 1 0,
                    0 1 0,
                    -0 -0 1,
                    -0 -0 1,
                    -0.40266323 -0 0.91534817,
                    -0.73715413 -0 0.67572463,
                    -0.73715413 -0 0.67572463,
                    -0.40266323 -0 0.91534817,
                    -1 -0 -0,
                    -1 -0 -0,
                    -1 -0 -0,
                    -1 -0 -0,
                    -8.6121087e-29 -1 9.730542e-29,
                    -8.6121087e-29 -1 9.730542e-29,
                    -8.6121087e-29 -1 9.730542e-29,
                    -8.6121087e-29 -1 9.730542e-29,
                    -8.6121087e-29 -1 9.730542e-29,
                    -8.6121087e-29 -1 9.730542e-29,
                    -8.6121087e-29 -1 9.730542e-29,
                    -8.6121087e-29 -1 9.730542e-29,
                    -8.6121087e-29 -1 9.730542e-29,
                    -8.6121087e-29 -1 9.730542e-29,
                    -8.6121087e-29 -1 9.730542e-29,
                    -8.6121087e-29 -1 9.730542e-29,
                    -8.6121087e-29 -1 9.730542e-29,
                    -8.6121087e-29 -1 9.730542e-29,
                    -0 -0 -1,
                    -0 -0 -1,
                    -0 -0 -1,
                    -0 -0 -1,
                    0 0 -1,
                    0 0 -1,
                    0.40266323 0 -0.91534817,
                    0.73715413 0 -0.67572463,
                    0.73715413 0 -0.67572463,
                    0.40266323 0 -0.91534817,
                    0.73715413 0 -0.67572463,
                    0.73715413 0 -0.67572463,
                    0.73715413 0 -0.67572463,
                    0.73715413 0 -0.67572463,
                    -0 -0 -1,
                    -0 -0 -1,
                    -0 -0 -1,
                    -0 -0 -1,
                    1 0 0,
                    1 0 0,
                    1 0 0,
                    1 0 0,
                    -0.73715413 -0 0.67572463,
                    -0.73715413 -0 0.67572463,
                    -0.73715413 -0 0.67572463,
                    -0.73715413 -0 0.67572463,
                    0 0 1,
                    0 0 1,
                    0 0 1,
                    0 0 1,
                    -0.73715413 0 0.67572463,
                    -0.40266323 0 0.91534817,
                    -8.2245322e-13 0 1,
                    -4.0945025e-13 0 1,
                    -0.40266323 0 0.91534817,
                    -0.73715413 0 0.67572463

                  ]
                }
                coordIndex [
                  2 1 0 -1 
                  3 1 2 -1 
                  1 5 4 -1 
                  1 4 0 -1 
                  22 5 1 -1 
                  24 5 22 -1 
                  12 22 6 -1 
                  11 12 6 -1 
                  11 7 23 -1 
                  11 23 8 -1 
                  10 8 9 -1 
                  11 6 7 -1 
                  11 8 10 -1 
                  24 22 12 -1 
                  22 1 3 -1 
                  25 22 3 -1 
                  13 6 22 -1 
                  25 13 22 -1 
                  14 2 4 -1 
                  0 4 2 -1 
                  25 15 26 -1 
                  18 19 17 -1 
                  13 16 17 -1 
                  20 17 19 -1 
                  27 17 20 -1 
                  21 17 27 -1 
                  25 26 16 -1 
                  13 17 21 -1 
                  3 14 15 -1 
                  25 16 13 -1 
                  3 15 25 -1 
                  2 14 3 -1 
                  14 5 15 -1 
                  14 4 5 -1 
                  24 15 5 -1 
                  26 15 24 -1 
                  16 24 12 -1 
                  26 24 16 -1 
                  12 11 17 -1 
                  12 17 16 -1 
                  11 10 17 -1 
                  18 17 10 -1 
                  18 10 19 -1 
                  9 19 10 -1 
                  6 21 7 -1 
                  6 13 21 -1 
                  9 20 19 -1 
                  8 20 9 -1 
                  8 27 20 -1 
                  23 21 27 -1 
                  23 27 8 -1 
                  7 21 23 -1 
                ]
                normalIndex [
                  2 0 1 -1 
                  3 0 2 -1 
                  7 4 5 -1 
                  7 5 6 -1 
                  8 4 7 -1 
                  17 4 8 -1 
                  16 8 9 -1 
                  15 16 9 -1 
                  15 10 11 -1 
                  15 11 12 -1 
                  14 12 13 -1 
                  15 9 10 -1 
                  15 12 14 -1 
                  17 8 16 -1 
                  20 19 18 -1 
                  23 20 18 -1 
                  22 21 20 -1 
                  23 22 20 -1 
                  25 24 26 -1 
                  27 26 24 -1 
                  39 29 30 -1 
                  33 34 32 -1 
                  38 31 32 -1 
                  35 32 34 -1 
                  36 32 35 -1 
                  37 32 36 -1 
                  39 30 31 -1 
                  38 32 37 -1 
                  40 28 29 -1 
                  39 31 38 -1 
                  40 29 39 -1 
                  41 28 40 -1 
                  44 42 45 -1 
                  44 43 42 -1 
                  48 46 47 -1 
                  51 46 48 -1 
                  50 48 49 -1 
                  51 48 50 -1 
                  54 55 52 -1 
                  54 52 53 -1 
                  57 56 58 -1 
                  59 58 56 -1 
                  61 62 60 -1 
                  63 60 62 -1 
                  66 64 67 -1 
                  66 65 64 -1 
                  70 68 69 -1 
                  71 68 70 -1 
                  75 73 74 -1 
                  76 72 73 -1 
                  76 73 75 -1 
                  77 72 76 -1 
                ]
              }
            }
            DEF PinsArrayLR_50 Shape {
              appearance DEF __206 Appearance {
                material DEF __207 Material {
                  ambientIntensity 0.260947436094
                  diffuseColor 0.73400002718 0.773000001907 0.79699999094
                  shininess 0
                }
              }
              geometry DEF __208 IndexedFaceSet {
                solid FALSE
                coord Coordinate {
                  point [
                    0.0076467783776 -0.00589 0.00011,
                    0.008 -0.00589 0.00011,
                    0.0076467783776 -0.00611 0.00011,
                    0.008 -0.00611 0.00011,
                    0.0075983891888 -0.00589 0,
                    0.008 -0.00589 0,
                    0.00751730223337 -0.00589 3.56702908631e-05,
                    0.00703269776662 -0.00589 0.000564329709137,
                    0.007 -0.00589 0.000564329709137,
                    0.007 -0.00589 0.000674329709137,
                    0.00703269776662 -0.00589 0.000674329709137,
                    0.00711378472205 -0.00589 0.000638659418274,
                    0.00756569142217 -0.00589 0.000145670290863,
                    0.00756569142217 -0.00611 0.000145670290863,
                    0.008 -0.00611 0,
                    0.0075983891888 -0.00611 0,
                    0.00711378472205 -0.00611 0.000638659418274,
                    0.00703269776662 -0.00611 0.000674329709137,
                    0.007 -0.00611 0.000674329709137,
                    0.007 -0.00611 0.000564329709137,
                    0.00703269776662 -0.00611 0.000564329709137,
                    0.00751730223337 -0.00611 3.56702908631e-05,
                    0.00755409623228 -0.00589 9.31169878033e-06,
                    0.00707699072315 -0.00589 0.000665018010357,
                    0.00760248542107 -0.00589 0.00011931169878,
                    0.00760248542107 -0.00611 0.00011931169878,
                    0.00707699072315 -0.00611 0.000665018010357,
                    0.00755409623228 -0.00611 9.31169878033e-06

                  ]
                }
                normal Normal {
                  vector [
                    0 0 1,
                    0 0 1,
                    0 0 1,
                    0 0 1,
                    8.6526525e-30 1 8.6637658e-30,
                    8.6526525e-30 1 8.6637658e-30,
                    8.6526525e-30 1 8.6637658e-30,
                    8.6526525e-30 1 8.6637658e-30,
                    8.6526525e-30 1 8.6637658e-30,
                    8.6526525e-30 1 8.6637658e-30,
                    8.6526525e-30 1 8.6637658e-30,
                    8.6526525e-30 1 8.6637658e-30,
                    8.6526525e-30 1 8.6637658e-30,
                    8.6526525e-30 1 8.6637658e-30,
                    8.6526525e-30 1 8.6637658e-30,
                    8.6526525e-30 1 8.6637658e-30,
                    8.6526525e-30 1 8.6637658e-30,
                    8.6526525e-30 1 8.6637658e-30,
                    -0 -0 1,
                    0.40266323 -0 0.91534817,
                    0.73715413 -0 0.67572463,
                    0.73715413 -0 0.67572463,
                    0.40266323 -0 0.91534817,
                    -0 -0 1,
                    1 0 0,
                    1 0 0,
                    1 0 0,
                    1 0 0,
                    2.550407e-28 -1 2.795957e-28,
                    2.550407e-28 -1 2.795957e-28,
                    2.550407e-28 -1 2.795957e-28,
                    2.550407e-28 -1 2.795957e-28,
                    2.550407e-28 -1 2.795957e-28,
                    2.550407e-28 -1 2.795957e-28,
                    2.550407e-28 -1 2.795957e-28,
                    2.550407e-28 -1 2.795957e-28,
                    2.550407e-28 -1 2.795957e-28,
                    2.550407e-28 -1 2.795957e-28,
                    2.550407e-28 -1 2.795957e-28,
                    2.550407e-28 -1 2.795957e-28,
                    2.550407e-28 -1 2.795957e-28,
                    2.550407e-28 -1 2.795957e-28,
                    -0 -0 -1,
                    -0 -0 -1,
                    -0 -0 -1,
                    -0 -0 -1,
                    0 0 -1,
                    -0.40266323 0 -0.91534817,
                    -0.73715413 0 -0.67572463,
                    -0.73715413 0 -0.67572463,
                    -0.40266323 0 -0.91534817,
                    0 0 -1,
                    -0.73715413 -0 -0.67572463,
                    -0.73715413 -0 -0.67572463,
                    -0.73715413 -0 -0.67572463,
                    -0.73715413 -0 -0.67572463,
                    -0 -0 -1,
                    -0 -0 -1,
                    -0 -0 -1,
                    -0 -0 -1,
                    -1 -0 -0,
                    -1 -0 -0,
                    -1 -0 -0,
                    -1 -0 -0,
                    0.73715413 0 0.67572463,
                    0.73715413 0 0.67572463,
                    0.73715413 0 0.67572463,
                    0.73715413 0 0.67572463,
                    0 0 1,
                    0 0 1,
                    0 0 1,
                    0 0 1,
                    0.73715413 0 0.67572463,
                    0.73715413 0 0.67572463,
                    0.40266323 0 0.91534817,
                    1.5454305e-12 0 1,
                    4.0856207e-13 0 1,
                    0.40266323 0 0.91534817

                  ]
                }
                coordIndex [
                  0 2 1 -1 
                  3 1 2 -1 
                  24 4 22 -1 
                  12 6 7 -1 
                  9 7 8 -1 
                  10 7 9 -1 
                  23 7 10 -1 
                  11 7 23 -1 
                  24 22 6 -1 
                  12 7 11 -1 
                  0 5 4 -1 
                  24 6 12 -1 
                  0 1 5 -1 
                  0 4 24 -1 
                  12 13 25 -1 
                  24 25 2 -1 
                  24 12 25 -1 
                  0 24 2 -1 
                  14 5 3 -1 
                  1 3 5 -1 
                  2 15 14 -1 
                  2 14 3 -1 
                  25 15 2 -1 
                  27 15 25 -1 
                  21 25 13 -1 
                  20 21 13 -1 
                  20 16 26 -1 
                  20 26 17 -1 
                  19 17 18 -1 
                  20 13 16 -1 
                  20 17 19 -1 
                  27 25 21 -1 
                  5 14 15 -1 
                  4 5 15 -1 
                  6 27 21 -1 
                  22 15 27 -1 
                  22 27 6 -1 
                  4 15 22 -1 
                  6 20 7 -1 
                  6 21 20 -1 
                  8 7 19 -1 
                  20 19 7 -1 
                  9 19 18 -1 
                  9 8 19 -1 
                  12 11 16 -1 
                  12 16 13 -1 
                  9 18 10 -1 
                  17 10 18 -1 
                  23 16 11 -1 
                  26 16 23 -1 
                  17 23 10 -1 
                  26 23 17 -1 
                ]
                normalIndex [
                  1 2 0 -1 
                  3 0 2 -1 
                  15 5 6 -1 
                  14 7 8 -1 
                  10 8 9 -1 
                  11 8 10 -1 
                  12 8 11 -1 
                  13 8 12 -1 
                  15 6 7 -1 
                  14 8 13 -1 
                  16 4 5 -1 
                  15 7 14 -1 
                  16 17 4 -1 
                  16 5 15 -1 
                  21 20 19 -1 
                  22 19 18 -1 
                  22 21 19 -1 
                  23 22 18 -1 
                  25 26 24 -1 
                  27 24 26 -1 
                  31 28 29 -1 
                  31 29 30 -1 
                  32 28 31 -1 
                  41 28 32 -1 
                  40 32 33 -1 
                  39 40 33 -1 
                  39 34 35 -1 
                  39 35 36 -1 
                  38 36 37 -1 
                  39 33 34 -1 
                  39 36 38 -1 
                  41 32 40 -1 
                  44 43 42 -1 
                  45 44 42 -1 
                  49 47 48 -1 
                  50 46 47 -1 
                  50 47 49 -1 
                  51 46 50 -1 
                  54 52 55 -1 
                  54 53 52 -1 
                  57 56 58 -1 
                  59 58 56 -1 
                  62 60 63 -1 
                  62 61 60 -1 
                  66 67 64 -1 
                  66 64 65 -1 
                  69 70 68 -1 
                  71 68 70 -1 
                  74 72 73 -1 
                  77 72 74 -1 
                  76 74 75 -1 
                  77 74 76 -1 
                ]
              }
            }
          ]
        }
        DEF PinsArrayTB Group {
          children [
            DEF PinsArrayTB_1 Shape {
              appearance DEF __211 Appearance {
                material DEF __212 Material {
                  ambientIntensity 0.260947436094
                  diffuseColor 0.73400002718 0.773000001907 0.79699999094
                  shininess 0
                }
              }
              geometry DEF __213 IndexedFaceSet {
                solid FALSE
                coord Coordinate {
                  point [
                    -0.00611 0.0075983891888 0,
                    -0.00611 0.008 0,
                    -0.00589 0.0075983891888 0,
                    -0.00589 0.008 0,
                    -0.00611 0.0076467783776 0.00011,
                    -0.00611 0.008 0.00011,
                    -0.00611 0.00751730223337 3.56702908631e-05,
                    -0.00611 0.00703269776662 0.000564329709137,
                    -0.00611 0.007 0.000564329709137,
                    -0.00611 0.007 0.000674329709137,
                    -0.00611 0.00703269776662 0.000674329709137,
                    -0.00611 0.00711378472205 0.000638659418274,
                    -0.00611 0.00756569142217 0.000145670290863,
                    -0.00589 0.00751730223337 3.56702908631e-05,
                    -0.00589 0.008 0.00011,
                    -0.00589 0.0076467783776 0.00011,
                    -0.00589 0.00756569142217 0.000145670290863,
                    -0.00589 0.00711378472205 0.000638659418274,
                    -0.00589 0.00703269776662 0.000674329709137,
                    -0.00589 0.007 0.000674329709137,
                    -0.00589 0.007 0.000564329709137,
                    -0.00589 0.00703269776662 0.000564329709137,
                    -0.00611 0.00755409623228 9.31169878032e-06,
                    -0.00611 0.00707699072315 0.000665018010357,
                    -0.00611 0.00760248542107 0.00011931169878,
                    -0.00589 0.00755409623228 9.31169878032e-06,
                    -0.00589 0.00760248542107 0.00011931169878,
                    -0.00589 0.00707699072315 0.000665018010357

                  ]
                }
                normal Normal {
                  vector [
                    -0 -0 -1,
                    -0 -0 -1,
                    -0 -0 -1,
                    -0 -0 -1,
                    -1 -8.9457333e-29 -9.830337e-29,
                    -1 -8.9457333e-29 -9.830337e-29,
                    -1 -8.9457333e-29 -9.830337e-29,
                    -1 -8.9457333e-29 -9.830337e-29,
                    -1 -8.9457333e-29 -9.830337e-29,
                    -1 -8.9457333e-29 -9.830337e-29,
                    -1 -8.9457333e-29 -9.830337e-29,
                    -1 -8.9457333e-29 -9.830337e-29,
                    -1 -8.9457333e-29 -9.830337e-29,
                    -1 -8.9457333e-29 -9.830337e-29,
                    -1 -8.9457333e-29 -9.830337e-29,
                    -1 -8.9457333e-29 -9.830337e-29,
                    -1 -8.9457333e-29 -9.830337e-29,
                    -1 -8.9457333e-29 -9.830337e-29,
                    0 0 -1,
                    0 0 -1,
                    0 -0.40266323 -0.91534817,
                    0 -0.73715413 -0.67572463,
                    0 -0.73715413 -0.67572463,
                    0 -0.40266323 -0.91534817,
                    0 1 0,
                    0 1 0,
                    0 1 0,
                    0 1 0,
                    1 0 0,
                    1 0 0,
                    1 0 0,
                    1 0 0,
                    1 0 0,
                    1 0 0,
                    1 0 0,
                    1 0 0,
                    1 0 0,
                    1 0 0,
                    1 0 0,
                    1 0 0,
                    1 0 0,
                    1 0 0,
                    0 0 1,
                    0 0 1,
                    0 0 1,
                    0 0 1,
                    -0 -0 1,
                    -0 0.40266323 0.91534817,
                    -0 0.73715413 0.67572463,
                    -0 0.73715413 0.67572463,
                    -0 0.40266323 0.91534817,
                    -0 -0 1,
                    0 0.73715413 0.67572463,
                    0 0.73715413 0.67572463,
                    0 0.73715413 0.67572463,
                    0 0.73715413 0.67572463,
                    0 0.73715413 0.67572463,
                    0 0.40266323 0.91534817,
                    0 8.2245322e-13 1,
                    0 4.0945025e-13 1,
                    0 0.40266323 0.91534817,
                    0 0.73715413 0.67572463,
                    0 0 1,
                    0 0 1,
                    0 0 1,
                    0 0 1,
                    -0 -0.73715413 -0.67572463,
                    -0 -0.73715413 -0.67572463,
                    -0 -0.73715413 -0.67572463,
                    -0 -0.73715413 -0.67572463,
                    -0 -1 -0,
                    -0 -1 -0,
                    -0 -1 -0,
                    -0 -1 -0,
                    -0 -0 -1,
                    -0 -0 -1,
                    -0 -0 -1,
                    -0 -0 -1

                  ]
                }
                coordIndex [
                  2 1 3 -1 
                  2 0 1 -1 
                  1 0 4 -1 
                  1 4 5 -1 
                  24 4 0 -1 
                  12 7 11 -1 
                  8 9 7 -1 
                  12 6 7 -1 
                  10 7 9 -1 
                  23 7 10 -1 
                  11 7 23 -1 
                  24 22 6 -1 
                  24 0 22 -1 
                  24 6 12 -1 
                  25 0 2 -1 
                  22 25 6 -1 
                  6 25 13 -1 
                  22 0 25 -1 
                  5 14 3 -1 
                  5 3 1 -1 
                  3 14 15 -1 
                  16 13 26 -1 
                  21 13 16 -1 
                  21 17 27 -1 
                  21 27 18 -1 
                  20 18 19 -1 
                  21 16 17 -1 
                  21 18 20 -1 
                  2 15 26 -1 
                  25 26 13 -1 
                  2 26 25 -1 
                  3 15 2 -1 
                  15 14 5 -1 
                  15 5 4 -1 
                  12 16 26 -1 
                  24 26 15 -1 
                  24 12 26 -1 
                  4 24 15 -1 
                  12 11 17 -1 
                  12 17 16 -1 
                  18 23 10 -1 
                  27 11 23 -1 
                  27 23 18 -1 
                  17 11 27 -1 
                  19 10 9 -1 
                  18 10 19 -1 
                  6 21 7 -1 
                  6 13 21 -1 
                  9 20 19 -1 
                  9 8 20 -1 
                  20 8 7 -1 
                  21 20 7 -1 
                ]
                normalIndex [
                  2 0 3 -1 
                  2 1 0 -1 
                  6 7 4 -1 
                  6 4 5 -1 
                  17 4 7 -1 
                  16 10 15 -1 
                  11 12 10 -1 
                  16 9 10 -1 
                  13 10 12 -1 
                  14 10 13 -1 
                  15 10 14 -1 
                  17 8 9 -1 
                  17 7 8 -1 
                  17 9 16 -1 
                  20 18 19 -1 
                  23 20 22 -1 
                  22 20 21 -1 
                  23 18 20 -1 
                  26 27 24 -1 
                  26 24 25 -1 
                  41 28 29 -1 
                  31 38 30 -1 
                  37 38 31 -1 
                  37 32 33 -1 
                  37 33 34 -1 
                  36 34 35 -1 
                  37 31 32 -1 
                  37 34 36 -1 
                  40 29 30 -1 
                  39 30 38 -1 
                  40 30 39 -1 
                  41 29 40 -1 
                  44 45 42 -1 
                  44 42 43 -1 
                  49 48 47 -1 
                  50 47 46 -1 
                  50 49 47 -1 
                  51 50 46 -1 
                  54 55 52 -1 
                  54 52 53 -1 
                  59 57 58 -1 
                  60 56 57 -1 
                  60 57 59 -1 
                  61 56 60 -1 
                  64 62 63 -1 
                  65 62 64 -1 
                  68 66 69 -1 
                  68 67 66 -1 
                  72 70 73 -1 
                  72 71 70 -1 
                  76 75 74 -1 
                  77 76 74 -1 
                ]
              }
            }
            DEF PinsArrayTB_2 Shape {
              appearance DEF __215 Appearance {
                material DEF __216 Material {
                  ambientIntensity 0.260947436094
                  diffuseColor 0.73400002718 0.773000001907 0.79699999094
                  shininess 0
                }
              }
              geometry DEF __217 IndexedFaceSet {
                solid FALSE
                coord Coordinate {
                  point [
                    -0.00611 -0.008 0,
                    -0.00611 -0.0075983891888 0,
                    -0.00589 -0.008 0,
                    -0.00589 -0.0075983891888 0,
                    -0.00611 -0.008 0.00011,
                    -0.00611 -0.0076467783776 0.00011,
                    -0.00611 -0.00756569142217 0.000145670290863,
                    -0.00611 -0.00711378472205 0.000638659418274,
                    -0.00611 -0.00703269776662 0.000674329709137,
                    -0.00611 -0.007 0.000674329709137,
                    -0.00611 -0.007 0.000564329709137,
                    -0.00611 -0.00703269776662 0.000564329709137,
                    -0.00611 -0.00751730223337 3.56702908631e-05,
                    -0.00589 -0.00751730223337 3.56702908631e-05,
                    -0.00589 -0.008 0.00011,
                    -0.00589 -0.0076467783776 0.00011,
                    -0.00589 -0.00703269776662 0.000564329709137,
                    -0.00589 -0.007 0.000564329709137,
                    -0.00589 -0.007 0.000674329709137,
                    -0.00589 -0.00703269776662 0.000674329709137,
                    -0.00589 -0.00711378472205 0.000638659418274,
                    -0.00589 -0.00756569142217 0.000145670290863,
                    -0.00611 -0.00760248542107 0.00011931169878,
                    -0.00611 -0.00707699072315 0.000665018010357,
                    -0.00611 -0.00755409623228 9.31169878032e-06,
                    -0.00589 -0.00755409623228 9.31169878033e-06,
                    -0.00589 -0.00707699072315 0.000665018010357,
                    -0.00589 -0.00760248542107 0.00011931169878

                  ]
                }
                normal Normal {
                  vector [
                    -0 -0 -1,
                    -0 -0 -1,
                    -0 -0 -1,
                    -0 -0 -1,
                    -1 1.558915e-28 -1.7244317e-28,
                    -1 1.558915e-28 -1.7244317e-28,
                    -1 1.558915e-28 -1.7244317e-28,
                    -1 1.558915e-28 -1.7244317e-28,
                    -1 1.558915e-28 -1.7244317e-28,
                    -1 1.558915e-28 -1.7244317e-28,
                    -1 1.558915e-28 -1.7244317e-28,
                    -1 1.558915e-28 -1.7244317e-28,
                    -1 1.558915e-28 -1.7244317e-28,
                    -1 1.558915e-28 -1.7244317e-28,
                    -1 1.558915e-28 -1.7244317e-28,
                    -1 1.558915e-28 -1.7244317e-28,
                    -1 1.558915e-28 -1.7244317e-28,
                    -1 1.558915e-28 -1.7244317e-28,
                    0 -2.0694557e-13 -1,
                    0 0.40266323 -0.91534817,
                    0 0.73715413 -0.67572463,
                    0 0.73715413 -0.67572463,
                    0 0.40266323 -0.91534817,
                    0 0 -1,
                    -0 -1 -0,
                    -0 -1 -0,
                    -0 -1 -0,
                    -0 -1 -0,
                    1 -1.5637003e-28 1.7265799e-28,
                    1 -1.5637003e-28 1.7265799e-28,
                    1 -1.5637003e-28 1.7265799e-28,
                    1 -1.5637003e-28 1.7265799e-28,
                    1 -1.5637003e-28 1.7265799e-28,
                    1 -1.5637003e-28 1.7265799e-28,
                    1 -1.5637003e-28 1.7265799e-28,
                    1 -1.5637003e-28 1.7265799e-28,
                    1 -1.5637003e-28 1.7265799e-28,
                    1 -1.5637003e-28 1.7265799e-28,
                    1 -1.5637003e-28 1.7265799e-28,
                    1 -1.5637003e-28 1.7265799e-28,
                    1 -1.5637003e-28 1.7265799e-28,
                    1 -1.5637003e-28 1.7265799e-28,
                    0 0 1,
                    0 0 1,
                    0 0 1,
                    0 0 1,
                    -0 -0 1,
                    -0 -0 1,
                    -0 -0.40266323 0.91534817,
                    -0 -0.73715413 0.67572463,
                    -0 -0.73715413 0.67572463,
                    -0 -0.40266323 0.91534817,
                    -0 -0.73715413 0.67572463,
                    -0 -0.73715413 0.67572463,
                    -0 -0.73715413 0.67572463,
                    -0 -0.73715413 0.67572463,
                    0 -0.73715413 0.67572463,
                    0 -0.73715413 0.67572463,
                    0 -0.40266323 0.91534817,
                    0 -1.5454305e-12 1,
                    0 -4.0856207e-13 1,
                    0 -0.40266323 0.91534817,
                    0 0 1,
                    0 0 1,
                    0 0 1,
                    0 0 1,
                    0 0.73715413 -0.67572463,
                    0 0.73715413 -0.67572463,
                    0 0.73715413 -0.67572463,
                    0 0.73715413 -0.67572463,
                    0 1 0,
                    0 1 0,
                    0 1 0,
                    0 1 0,
                    -0 -0 -1,
                    -0 -0 -1,
                    -0 -0 -1,
                    -0 -0 -1

                  ]
                }
                coordIndex [
                  2 1 3 -1 
                  2 0 1 -1 
                  0 4 5 -1 
                  1 5 22 -1 
                  11 12 6 -1 
                  11 7 23 -1 
                  11 23 8 -1 
                  10 8 9 -1 
                  11 6 7 -1 
                  11 8 10 -1 
                  12 22 6 -1 
                  24 22 12 -1 
                  1 0 5 -1 
                  1 22 24 -1 
                  13 24 12 -1 
                  25 1 24 -1 
                  25 24 13 -1 
                  3 1 25 -1 
                  4 2 14 -1 
                  4 0 2 -1 
                  19 16 18 -1 
                  2 15 14 -1 
                  3 15 2 -1 
                  27 15 3 -1 
                  21 13 16 -1 
                  18 16 17 -1 
                  26 16 19 -1 
                  20 16 26 -1 
                  27 25 13 -1 
                  21 16 20 -1 
                  27 3 25 -1 
                  27 13 21 -1 
                  14 15 5 -1 
                  14 5 4 -1 
                  22 5 15 -1 
                  27 22 15 -1 
                  21 6 22 -1 
                  27 21 22 -1 
                  6 20 7 -1 
                  6 21 20 -1 
                  26 7 20 -1 
                  23 26 8 -1 
                  8 26 19 -1 
                  23 7 26 -1 
                  19 9 8 -1 
                  18 9 19 -1 
                  12 11 16 -1 
                  12 16 13 -1 
                  17 10 18 -1 
                  9 18 10 -1 
                  16 11 10 -1 
                  17 16 10 -1 
                ]
                normalIndex [
                  2 0 3 -1 
                  2 1 0 -1 
                  17 4 5 -1 
                  16 5 6 -1 
                  13 14 7 -1 
                  13 8 9 -1 
                  13 9 10 -1 
                  12 10 11 -1 
                  13 7 8 -1 
                  13 10 12 -1 
                  14 6 7 -1 
                  15 6 14 -1 
                  16 17 5 -1 
                  16 6 15 -1 
                  21 19 20 -1 
                  22 18 19 -1 
                  22 19 21 -1 
                  23 18 22 -1 
                  26 24 27 -1 
                  26 25 24 -1 
                  37 34 36 -1 
                  30 28 29 -1 
                  31 28 30 -1 
                  41 28 31 -1 
                  40 33 34 -1 
                  36 34 35 -1 
                  38 34 37 -1 
                  39 34 38 -1 
                  41 32 33 -1 
                  40 34 39 -1 
                  41 31 32 -1 
                  41 33 40 -1 
                  44 45 42 -1 
                  44 42 43 -1 
                  48 47 46 -1 
                  51 48 46 -1 
                  50 49 48 -1 
                  51 50 48 -1 
                  54 52 55 -1 
                  54 53 52 -1 
                  58 56 57 -1 
                  61 58 60 -1 
                  60 58 59 -1 
                  61 56 58 -1 
                  64 62 63 -1 
                  65 62 64 -1 
                  68 69 66 -1 
                  68 66 67 -1 
                  71 72 70 -1 
                  73 70 72 -1 
                  76 75 74 -1 
                  77 76 74 -1 
                ]
              }
            }
            DEF PinsArrayTB_3 Shape {
              appearance DEF __219 Appearance {
                material DEF __220 Material {
                  ambientIntensity 0.260947436094
                  diffuseColor 0.73400002718 0.773000001907 0.79699999094
                  shininess 0
                }
              }
              geometry DEF __221 IndexedFaceSet {
                solid FALSE
                coord Coordinate {
                  point [
                    -0.00561 0.0075983891888 0,
                    -0.00561 0.008 0,
                    -0.00539 0.0075983891888 0,
                    -0.00539 0.008 0,
                    -0.00561 0.0076467783776 0.00011,
                    -0.00561 0.008 0.00011,
                    -0.00561 0.00751730223337 3.56702908631e-05,
                    -0.00561 0.00703269776662 0.000564329709137,
                    -0.00561 0.007 0.000564329709137,
                    -0.00561 0.007 0.000674329709137,
                    -0.00561 0.00703269776662 0.000674329709137,
                    -0.00561 0.00711378472205 0.000638659418274,
                    -0.00561 0.00756569142217 0.000145670290863,
                    -0.00539 0.00751730223337 3.56702908631e-05,
                    -0.00539 0.008 0.00011,
                    -0.00539 0.0076467783776 0.00011,
                    -0.00539 0.00756569142217 0.000145670290863,
                    -0.00539 0.00711378472205 0.000638659418274,
                    -0.00539 0.00703269776662 0.000674329709137,
                    -0.00539 0.007 0.000674329709137,
                    -0.00539 0.007 0.000564329709137,
                    -0.00539 0.00703269776662 0.000564329709137,
                    -0.00561 0.00755409623228 9.31169878032e-06,
                    -0.00561 0.00707699072315 0.000665018010357,
                    -0.00561 0.00760248542107 0.00011931169878,
                    -0.00539 0.00755409623228 9.31169878032e-06,
                    -0.00539 0.00760248542107 0.00011931169878,
                    -0.00539 0.00707699072315 0.000665018010357

                  ]
                }
                normal Normal {
                  vector [
                    -0 -0 -1,
                    -0 -0 -1,
                    -0 -0 -1,
                    -0 -0 -1,
                    -1 -8.9457333e-29 -9.830337e-29,
                    -1 -8.9457333e-29 -9.830337e-29,
                    -1 -8.9457333e-29 -9.830337e-29,
                    -1 -8.9457333e-29 -9.830337e-29,
                    -1 -8.9457333e-29 -9.830337e-29,
                    -1 -8.9457333e-29 -9.830337e-29,
                    -1 -8.9457333e-29 -9.830337e-29,
                    -1 -8.9457333e-29 -9.830337e-29,
                    -1 -8.9457333e-29 -9.830337e-29,
                    -1 -8.9457333e-29 -9.830337e-29,
                    -1 -8.9457333e-29 -9.830337e-29,
                    -1 -8.9457333e-29 -9.830337e-29,
                    -1 -8.9457333e-29 -9.830337e-29,
                    -1 -8.9457333e-29 -9.830337e-29,
                    0 0 -1,
                    0 0 -1,
                    0 -0.40266323 -0.91534817,
                    0 -0.73715413 -0.67572463,
                    0 -0.73715413 -0.67572463,
                    0 -0.40266323 -0.91534817,
                    0 1 0,
                    0 1 0,
                    0 1 0,
                    0 1 0,
                    1 0 0,
                    1 0 0,
                    1 0 0,
                    1 0 0,
                    1 0 0,
                    1 0 0,
                    1 0 0,
                    1 0 0,
                    1 0 0,
                    1 0 0,
                    1 0 0,
                    1 0 0,
                    1 0 0,
                    1 0 0,
                    0 0 1,
                    0 0 1,
                    0 0 1,
                    0 0 1,
                    -0 -0 1,
                    -0 0.40266323 0.91534817,
                    -0 0.73715413 0.67572463,
                    -0 0.73715413 0.67572463,
                    -0 0.40266323 0.91534817,
                    -0 -0 1,
                    0 0.73715413 0.67572463,
                    0 0.73715413 0.67572463,
                    0 0.73715413 0.67572463,
                    0 0.73715413 0.67572463,
                    0 0.73715413 0.67572463,
                    0 0.40266323 0.91534817,
                    0 8.2245322e-13 1,
                    0 4.0945025e-13 1,
                    0 0.40266323 0.91534817,
                    0 0.73715413 0.67572463,
                    0 0 1,
                    0 0 1,
                    0 0 1,
                    0 0 1,
                    -0 -0.73715413 -0.67572463,
                    -0 -0.73715413 -0.67572463,
                    -0 -0.73715413 -0.67572463,
                    -0 -0.73715413 -0.67572463,
                    -0 -1 -0,
                    -0 -1 -0,
                    -0 -1 -0,
                    -0 -1 -0,
                    -0 -0 -1,
                    -0 -0 -1,
                    -0 -0 -1,
                    -0 -0 -1

                  ]
                }
                coordIndex [
                  2 1 3 -1 
                  2 0 1 -1 
                  1 0 4 -1 
                  1 4 5 -1 
                  24 4 0 -1 
                  12 7 11 -1 
                  8 9 7 -1 
                  12 6 7 -1 
                  10 7 9 -1 
                  23 7 10 -1 
                  11 7 23 -1 
                  24 22 6 -1 
                  24 0 22 -1 
                  24 6 12 -1 
                  25 0 2 -1 
                  22 25 6 -1 
                  6 25 13 -1 
                  22 0 25 -1 
                  5 14 3 -1 
                  5 3 1 -1 
                  3 14 15 -1 
                  16 13 26 -1 
                  21 13 16 -1 
                  21 17 27 -1 
                  21 27 18 -1 
                  20 18 19 -1 
                  21 16 17 -1 
                  21 18 20 -1 
                  2 15 26 -1 
                  25 26 13 -1 
                  2 26 25 -1 
                  3 15 2 -1 
                  15 14 5 -1 
                  15 5 4 -1 
                  12 16 26 -1 
                  24 26 15 -1 
                  24 12 26 -1 
                  4 24 15 -1 
                  12 11 17 -1 
                  12 17 16 -1 
                  18 23 10 -1 
                  27 11 23 -1 
                  27 23 18 -1 
                  17 11 27 -1 
                  19 10 9 -1 
                  18 10 19 -1 
                  6 21 7 -1 
                  6 13 21 -1 
                  9 20 19 -1 
                  9 8 20 -1 
                  20 8 7 -1 
                  21 20 7 -1 
                ]
                normalIndex [
                  2 0 3 -1 
                  2 1 0 -1 
                  6 7 4 -1 
                  6 4 5 -1 
                  17 4 7 -1 
                  16 10 15 -1 
                  11 12 10 -1 
                  16 9 10 -1 
                  13 10 12 -1 
                  14 10 13 -1 
                  15 10 14 -1 
                  17 8 9 -1 
                  17 7 8 -1 
                  17 9 16 -1 
                  20 18 19 -1 
                  23 20 22 -1 
                  22 20 21 -1 
                  23 18 20 -1 
                  26 27 24 -1 
                  26 24 25 -1 
                  41 28 29 -1 
                  31 38 30 -1 
                  37 38 31 -1 
                  37 32 33 -1 
                  37 33 34 -1 
                  36 34 35 -1 
                  37 31 32 -1 
                  37 34 36 -1 
                  40 29 30 -1 
                  39 30 38 -1 
                  40 30 39 -1 
                  41 29 40 -1 
                  44 45 42 -1 
                  44 42 43 -1 
                  49 48 47 -1 
                  50 47 46 -1 
                  50 49 47 -1 
                  51 50 46 -1 
                  54 55 52 -1 
                  54 52 53 -1 
                  59 57 58 -1 
                  60 56 57 -1 
                  60 57 59 -1 
                  61 56 60 -1 
                  64 62 63 -1 
                  65 62 64 -1 
                  68 66 69 -1 
                  68 67 66 -1 
                  72 70 73 -1 
                  72 71 70 -1 
                  76 75 74 -1 
                  77 76 74 -1 
                ]
              }
            }
            DEF PinsArrayTB_4 Shape {
              appearance DEF __223 Appearance {
                material DEF __224 Material {
                  ambientIntensity 0.260947436094
                  diffuseColor 0.73400002718 0.773000001907 0.79699999094
                  shininess 0
                }
              }
              geometry DEF __225 IndexedFaceSet {
                solid FALSE
                coord Coordinate {
                  point [
                    -0.00561 -0.008 0,
                    -0.00561 -0.0075983891888 0,
                    -0.00539 -0.008 0,
                    -0.00539 -0.0075983891888 0,
                    -0.00561 -0.008 0.00011,
                    -0.00561 -0.0076467783776 0.00011,
                    -0.00561 -0.00756569142217 0.000145670290863,
                    -0.00561 -0.00711378472205 0.000638659418274,
                    -0.00561 -0.00703269776662 0.000674329709137,
                    -0.00561 -0.007 0.000674329709137,
                    -0.00561 -0.007 0.000564329709137,
                    -0.00561 -0.00703269776662 0.000564329709137,
                    -0.00561 -0.00751730223337 3.56702908631e-05,
                    -0.00539 -0.00751730223337 3.56702908631e-05,
                    -0.00539 -0.008 0.00011,
                    -0.00539 -0.0076467783776 0.00011,
                    -0.00539 -0.00703269776662 0.000564329709137,
                    -0.00539 -0.007 0.000564329709137,
                    -0.00539 -0.007 0.000674329709137,
                    -0.00539 -0.00703269776662 0.000674329709137,
                    -0.00539 -0.00711378472205 0.000638659418274,
                    -0.00539 -0.00756569142217 0.000145670290863,
                    -0.00561 -0.00760248542107 0.00011931169878,
                    -0.00561 -0.00707699072315 0.000665018010357,
                    -0.00561 -0.00755409623228 9.31169878032e-06,
                    -0.00539 -0.00755409623228 9.31169878033e-06,
                    -0.00539 -0.00707699072315 0.000665018010357,
                    -0.00539 -0.00760248542107 0.00011931169878

                  ]
                }
                normal Normal {
                  vector [
                    -0 -0 -1,
                    -0 -0 -1,
                    -0 -0 -1,
                    -0 -0 -1,
                    -1 1.558915e-28 -1.7244317e-28,
                    -1 1.558915e-28 -1.7244317e-28,
                    -1 1.558915e-28 -1.7244317e-28,
                    -1 1.558915e-28 -1.7244317e-28,
                    -1 1.558915e-28 -1.7244317e-28,
                    -1 1.558915e-28 -1.7244317e-28,
                    -1 1.558915e-28 -1.7244317e-28,
                    -1 1.558915e-28 -1.7244317e-28,
                    -1 1.558915e-28 -1.7244317e-28,
                    -1 1.558915e-28 -1.7244317e-28,
                    -1 1.558915e-28 -1.7244317e-28,
                    -1 1.558915e-28 -1.7244317e-28,
                    -1 1.558915e-28 -1.7244317e-28,
                    -1 1.558915e-28 -1.7244317e-28,
                    0 -2.0694557e-13 -1,
                    0 0.40266323 -0.91534817,
                    0 0.73715413 -0.67572463,
                    0 0.73715413 -0.67572463,
                    0 0.40266323 -0.91534817,
                    0 0 -1,
                    -0 -1 -0,
                    -0 -1 -0,
                    -0 -1 -0,
                    -0 -1 -0,
                    1 -1.5637003e-28 1.7265799e-28,
                    1 -1.5637003e-28 1.7265799e-28,
                    1 -1.5637003e-28 1.7265799e-28,
                    1 -1.5637003e-28 1.7265799e-28,
                    1 -1.5637003e-28 1.7265799e-28,
                    1 -1.5637003e-28 1.7265799e-28,
                    1 -1.5637003e-28 1.7265799e-28,
                    1 -1.5637003e-28 1.7265799e-28,
                    1 -1.5637003e-28 1.7265799e-28,
                    1 -1.5637003e-28 1.7265799e-28,
                    1 -1.5637003e-28 1.7265799e-28,
                    1 -1.5637003e-28 1.7265799e-28,
                    1 -1.5637003e-28 1.7265799e-28,
                    1 -1.5637003e-28 1.7265799e-28,
                    0 0 1,
                    0 0 1,
                    0 0 1,
                    0 0 1,
                    -0 -0 1,
                    -0 -0 1,
                    -0 -0.40266323 0.91534817,
                    -0 -0.73715413 0.67572463,
                    -0 -0.73715413 0.67572463,
                    -0 -0.40266323 0.91534817,
                    -0 -0.73715413 0.67572463,
                    -0 -0.73715413 0.67572463,
                    -0 -0.73715413 0.67572463,
                    -0 -0.73715413 0.67572463,
                    0 -0.73715413 0.67572463,
                    0 -0.73715413 0.67572463,
                    0 -0.40266323 0.91534817,
                    0 -1.5454305e-12 1,
                    0 -4.0856207e-13 1,
                    0 -0.40266323 0.91534817,
                    0 0 1,
                    0 0 1,
                    0 0 1,
                    0 0 1,
                    0 0.73715413 -0.67572463,
                    0 0.73715413 -0.67572463,
                    0 0.73715413 -0.67572463,
                    0 0.73715413 -0.67572463,
                    0 1 0,
                    0 1 0,
                    0 1 0,
                    0 1 0,
                    -0 -0 -1,
                    -0 -0 -1,
                    -0 -0 -1,
                    -0 -0 -1

                  ]
                }
                coordIndex [
                  2 1 3 -1 
                  2 0 1 -1 
                  0 4 5 -1 
                  1 5 22 -1 
                  11 12 6 -1 
                  11 7 23 -1 
                  11 23 8 -1 
                  10 8 9 -1 
                  11 6 7 -1 
                  11 8 10 -1 
                  12 22 6 -1 
                  24 22 12 -1 
                  1 0 5 -1 
                  1 22 24 -1 
                  13 24 12 -1 
                  25 1 24 -1 
                  25 24 13 -1 
                  3 1 25 -1 
                  4 2 14 -1 
                  4 0 2 -1 
                  19 16 18 -1 
                  2 15 14 -1 
                  3 15 2 -1 
                  27 15 3 -1 
                  21 13 16 -1 
                  18 16 17 -1 
                  26 16 19 -1 
                  20 16 26 -1 
                  27 25 13 -1 
                  21 16 20 -1 
                  27 3 25 -1 
                  27 13 21 -1 
                  14 15 5 -1 
                  14 5 4 -1 
                  22 5 15 -1 
                  27 22 15 -1 
                  21 6 22 -1 
                  27 21 22 -1 
                  6 20 7 -1 
                  6 21 20 -1 
                  26 7 20 -1 
                  23 26 8 -1 
                  8 26 19 -1 
                  23 7 26 -1 
                  19 9 8 -1 
                  18 9 19 -1 
                  12 11 16 -1 
                  12 16 13 -1 
                  17 10 18 -1 
                  9 18 10 -1 
                  16 11 10 -1 
                  17 16 10 -1 
                ]
                normalIndex [
                  2 0 3 -1 
                  2 1 0 -1 
                  17 4 5 -1 
                  16 5 6 -1 
                  13 14 7 -1 
                  13 8 9 -1 
                  13 9 10 -1 
                  12 10 11 -1 
                  13 7 8 -1 
                  13 10 12 -1 
                  14 6 7 -1 
                  15 6 14 -1 
                  16 17 5 -1 
                  16 6 15 -1 
                  21 19 20 -1 
                  22 18 19 -1 
                  22 19 21 -1 
                  23 18 22 -1 
                  26 24 27 -1 
                  26 25 24 -1 
                  37 34 36 -1 
                  30 28 29 -1 
                  31 28 30 -1 
                  41 28 31 -1 
                  40 33 34 -1 
                  36 34 35 -1 
                  38 34 37 -1 
                  39 34 38 -1 
                  41 32 33 -1 
                  40 34 39 -1 
                  41 31 32 -1 
                  41 33 40 -1 
                  44 45 42 -1 
                  44 42 43 -1 
                  48 47 46 -1 
                  51 48 46 -1 
                  50 49 48 -1 
                  51 50 48 -1 
                  54 52 55 -1 
                  54 53 52 -1 
                  58 56 57 -1 
                  61 58 60 -1 
                  60 58 59 -1 
                  61 56 58 -1 
                  64 62 63 -1 
                  65 62 64 -1 
                  68 69 66 -1 
                  68 66 67 -1 
                  71 72 70 -1 
                  73 70 72 -1 
                  76 75 74 -1 
                  77 76 74 -1 
                ]
              }
            }
            DEF PinsArrayTB_5 Shape {
              appearance DEF __227 Appearance {
                material DEF __228 Material {
                  ambientIntensity 0.260947436094
                  diffuseColor 0.73400002718 0.773000001907 0.79699999094
                  shininess 0
                }
              }
              geometry DEF __229 IndexedFaceSet {
                solid FALSE
                coord Coordinate {
                  point [
                    -0.00511 0.0075983891888 0,
                    -0.00511 0.008 0,
                    -0.00489 0.0075983891888 0,
                    -0.00489 0.008 0,
                    -0.00511 0.0076467783776 0.00011,
                    -0.00511 0.008 0.00011,
                    -0.00511 0.00751730223337 3.56702908631e-05,
                    -0.00511 0.00703269776662 0.000564329709137,
                    -0.00511 0.007 0.000564329709137,
                    -0.00511 0.007 0.000674329709137,
                    -0.00511 0.00703269776662 0.000674329709137,
                    -0.00511 0.00711378472205 0.000638659418274,
                    -0.00511 0.00756569142217 0.000145670290863,
                    -0.00489 0.00751730223337 3.56702908631e-05,
                    -0.00489 0.008 0.00011,
                    -0.00489 0.0076467783776 0.00011,
                    -0.00489 0.00756569142217 0.000145670290863,
                    -0.00489 0.00711378472205 0.000638659418274,
                    -0.00489 0.00703269776662 0.000674329709137,
                    -0.00489 0.007 0.000674329709137,
                    -0.00489 0.007 0.000564329709137,
                    -0.00489 0.00703269776662 0.000564329709137,
                    -0.00511 0.00755409623228 9.31169878032e-06,
                    -0.00511 0.00707699072315 0.000665018010357,
                    -0.00511 0.00760248542107 0.00011931169878,
                    -0.00489 0.00755409623228 9.31169878032e-06,
                    -0.00489 0.00760248542107 0.00011931169878,
                    -0.00489 0.00707699072315 0.000665018010357

                  ]
                }
                normal Normal {
                  vector [
                    -0 -0 -1,
                    -0 -0 -1,
                    -0 -0 -1,
                    -0 -0 -1,
                    -1 -8.9457333e-29 -9.830337e-29,
                    -1 -8.9457333e-29 -9.830337e-29,
                    -1 -8.9457333e-29 -9.830337e-29,
                    -1 -8.9457333e-29 -9.830337e-29,
                    -1 -8.9457333e-29 -9.830337e-29,
                    -1 -8.9457333e-29 -9.830337e-29,
                    -1 -8.9457333e-29 -9.830337e-29,
                    -1 -8.9457333e-29 -9.830337e-29,
                    -1 -8.9457333e-29 -9.830337e-29,
                    -1 -8.9457333e-29 -9.830337e-29,
                    -1 -8.9457333e-29 -9.830337e-29,
                    -1 -8.9457333e-29 -9.830337e-29,
                    -1 -8.9457333e-29 -9.830337e-29,
                    -1 -8.9457333e-29 -9.830337e-29,
                    0 0 -1,
                    0 0 -1,
                    0 -0.40266323 -0.91534817,
                    0 -0.73715413 -0.67572463,
                    0 -0.73715413 -0.67572463,
                    0 -0.40266323 -0.91534817,
                    0 1 0,
                    0 1 0,
                    0 1 0,
                    0 1 0,
                    1 0 0,
                    1 0 0,
                    1 0 0,
                    1 0 0,
                    1 0 0,
                    1 0 0,
                    1 0 0,
                    1 0 0,
                    1 0 0,
                    1 0 0,
                    1 0 0,
                    1 0 0,
                    1 0 0,
                    1 0 0,
                    0 0 1,
                    0 0 1,
                    0 0 1,
                    0 0 1,
                    -0 -0 1,
                    -0 0.40266323 0.91534817,
                    -0 0.73715413 0.67572463,
                    -0 0.73715413 0.67572463,
                    -0 0.40266323 0.91534817,
                    -0 -0 1,
                    0 0.73715413 0.67572463,
                    0 0.73715413 0.67572463,
                    0 0.73715413 0.67572463,
                    0 0.73715413 0.67572463,
                    0 0.73715413 0.67572463,
                    0 0.40266323 0.91534817,
                    0 8.2245322e-13 1,
                    0 4.0945025e-13 1,
                    0 0.40266323 0.91534817,
                    0 0.73715413 0.67572463,
                    0 0 1,
                    0 0 1,
                    0 0 1,
                    0 0 1,
                    -0 -0.73715413 -0.67572463,
                    -0 -0.73715413 -0.67572463,
                    -0 -0.73715413 -0.67572463,
                    -0 -0.73715413 -0.67572463,
                    -0 -1 -0,
                    -0 -1 -0,
                    -0 -1 -0,
                    -0 -1 -0,
                    -0 -0 -1,
                    -0 -0 -1,
                    -0 -0 -1,
                    -0 -0 -1

                  ]
                }
                coordIndex [
                  2 1 3 -1 
                  2 0 1 -1 
                  1 0 4 -1 
                  1 4 5 -1 
                  24 4 0 -1 
                  12 7 11 -1 
                  8 9 7 -1 
                  12 6 7 -1 
                  10 7 9 -1 
                  23 7 10 -1 
                  11 7 23 -1 
                  24 22 6 -1 
                  24 0 22 -1 
                  24 6 12 -1 
                  25 0 2 -1 
                  22 25 6 -1 
                  6 25 13 -1 
                  22 0 25 -1 
                  5 14 3 -1 
                  5 3 1 -1 
                  3 14 15 -1 
                  16 13 26 -1 
                  21 13 16 -1 
                  21 17 27 -1 
                  21 27 18 -1 
                  20 18 19 -1 
                  21 16 17 -1 
                  21 18 20 -1 
                  2 15 26 -1 
                  25 26 13 -1 
                  2 26 25 -1 
                  3 15 2 -1 
                  15 14 5 -1 
                  15 5 4 -1 
                  12 16 26 -1 
                  24 26 15 -1 
                  24 12 26 -1 
                  4 24 15 -1 
                  12 11 17 -1 
                  12 17 16 -1 
                  18 23 10 -1 
                  27 11 23 -1 
                  27 23 18 -1 
                  17 11 27 -1 
                  19 10 9 -1 
                  18 10 19 -1 
                  6 21 7 -1 
                  6 13 21 -1 
                  9 20 19 -1 
                  9 8 20 -1 
                  20 8 7 -1 
                  21 20 7 -1 
                ]
                normalIndex [
                  2 0 3 -1 
                  2 1 0 -1 
                  6 7 4 -1 
                  6 4 5 -1 
                  17 4 7 -1 
                  16 10 15 -1 
                  11 12 10 -1 
                  16 9 10 -1 
                  13 10 12 -1 
                  14 10 13 -1 
                  15 10 14 -1 
                  17 8 9 -1 
                  17 7 8 -1 
                  17 9 16 -1 
                  20 18 19 -1 
                  23 20 22 -1 
                  22 20 21 -1 
                  23 18 20 -1 
                  26 27 24 -1 
                  26 24 25 -1 
                  41 28 29 -1 
                  31 38 30 -1 
                  37 38 31 -1 
                  37 32 33 -1 
                  37 33 34 -1 
                  36 34 35 -1 
                  37 31 32 -1 
                  37 34 36 -1 
                  40 29 30 -1 
                  39 30 38 -1 
                  40 30 39 -1 
                  41 29 40 -1 
                  44 45 42 -1 
                  44 42 43 -1 
                  49 48 47 -1 
                  50 47 46 -1 
                  50 49 47 -1 
                  51 50 46 -1 
                  54 55 52 -1 
                  54 52 53 -1 
                  59 57 58 -1 
                  60 56 57 -1 
                  60 57 59 -1 
                  61 56 60 -1 
                  64 62 63 -1 
                  65 62 64 -1 
                  68 66 69 -1 
                  68 67 66 -1 
                  72 70 73 -1 
                  72 71 70 -1 
                  76 75 74 -1 
                  77 76 74 -1 
                ]
              }
            }
            DEF PinsArrayTB_6 Shape {
              appearance DEF __231 Appearance {
                material DEF __232 Material {
                  ambientIntensity 0.260947436094
                  diffuseColor 0.73400002718 0.773000001907 0.79699999094
                  shininess 0
                }
              }
              geometry DEF __233 IndexedFaceSet {
                solid FALSE
                coord Coordinate {
                  point [
                    -0.00511 -0.008 0,
                    -0.00511 -0.0075983891888 0,
                    -0.00489 -0.008 0,
                    -0.00489 -0.0075983891888 0,
                    -0.00511 -0.008 0.00011,
                    -0.00511 -0.0076467783776 0.00011,
                    -0.00511 -0.00756569142217 0.000145670290863,
                    -0.00511 -0.00711378472205 0.000638659418274,
                    -0.00511 -0.00703269776662 0.000674329709137,
                    -0.00511 -0.007 0.000674329709137,
                    -0.00511 -0.007 0.000564329709137,
                    -0.00511 -0.00703269776662 0.000564329709137,
                    -0.00511 -0.00751730223337 3.56702908631e-05,
                    -0.00489 -0.00751730223337 3.56702908631e-05,
                    -0.00489 -0.008 0.00011,
                    -0.00489 -0.0076467783776 0.00011,
                    -0.00489 -0.00703269776662 0.000564329709137,
                    -0.00489 -0.007 0.000564329709137,
                    -0.00489 -0.007 0.000674329709137,
                    -0.00489 -0.00703269776662 0.000674329709137,
                    -0.00489 -0.00711378472205 0.000638659418274,
                    -0.00489 -0.00756569142217 0.000145670290863,
                    -0.00511 -0.00760248542107 0.00011931169878,
                    -0.00511 -0.00707699072315 0.000665018010357,
                    -0.00511 -0.00755409623228 9.31169878032e-06,
                    -0.00489 -0.00755409623228 9.31169878033e-06,
                    -0.00489 -0.00707699072315 0.000665018010357,
                    -0.00489 -0.00760248542107 0.00011931169878

                  ]
                }
                normal Normal {
                  vector [
                    -0 -0 -1,
                    -0 -0 -1,
                    -0 -0 -1,
                    -0 -0 -1,
                    -1 1.558915e-28 -1.7244317e-28,
                    -1 1.558915e-28 -1.7244317e-28,
                    -1 1.558915e-28 -1.7244317e-28,
                    -1 1.558915e-28 -1.7244317e-28,
                    -1 1.558915e-28 -1.7244317e-28,
                    -1 1.558915e-28 -1.7244317e-28,
                    -1 1.558915e-28 -1.7244317e-28,
                    -1 1.558915e-28 -1.7244317e-28,
                    -1 1.558915e-28 -1.7244317e-28,
                    -1 1.558915e-28 -1.7244317e-28,
                    -1 1.558915e-28 -1.7244317e-28,
                    -1 1.558915e-28 -1.7244317e-28,
                    -1 1.558915e-28 -1.7244317e-28,
                    -1 1.558915e-28 -1.7244317e-28,
                    0 -2.0694557e-13 -1,
                    0 0.40266323 -0.91534817,
                    0 0.73715413 -0.67572463,
                    0 0.73715413 -0.67572463,
                    0 0.40266323 -0.91534817,
                    0 0 -1,
                    -0 -1 -0,
                    -0 -1 -0,
                    -0 -1 -0,
                    -0 -1 -0,
                    1 -1.5637003e-28 1.7265799e-28,
                    1 -1.5637003e-28 1.7265799e-28,
                    1 -1.5637003e-28 1.7265799e-28,
                    1 -1.5637003e-28 1.7265799e-28,
                    1 -1.5637003e-28 1.7265799e-28,
                    1 -1.5637003e-28 1.7265799e-28,
                    1 -1.5637003e-28 1.7265799e-28,
                    1 -1.5637003e-28 1.7265799e-28,
                    1 -1.5637003e-28 1.7265799e-28,
                    1 -1.5637003e-28 1.7265799e-28,
                    1 -1.5637003e-28 1.7265799e-28,
                    1 -1.5637003e-28 1.7265799e-28,
                    1 -1.5637003e-28 1.7265799e-28,
                    1 -1.5637003e-28 1.7265799e-28,
                    0 0 1,
                    0 0 1,
                    0 0 1,
                    0 0 1,
                    -0 -0 1,
                    -0 -0 1,
                    -0 -0.40266323 0.91534817,
                    -0 -0.73715413 0.67572463,
                    -0 -0.73715413 0.67572463,
                    -0 -0.40266323 0.91534817,
                    -0 -0.73715413 0.67572463,
                    -0 -0.73715413 0.67572463,
                    -0 -0.73715413 0.67572463,
                    -0 -0.73715413 0.67572463,
                    0 -0.73715413 0.67572463,
                    0 -0.73715413 0.67572463,
                    0 -0.40266323 0.91534817,
                    0 -1.5454305e-12 1,
                    0 -4.0856207e-13 1,
                    0 -0.40266323 0.91534817,
                    0 0 1,
                    0 0 1,
                    0 0 1,
                    0 0 1,
                    0 0.73715413 -0.67572463,
                    0 0.73715413 -0.67572463,
                    0 0.73715413 -0.67572463,
                    0 0.73715413 -0.67572463,
                    0 1 0,
                    0 1 0,
                    0 1 0,
                    0 1 0,
                    -0 -0 -1,
                    -0 -0 -1,
                    -0 -0 -1,
                    -0 -0 -1

                  ]
                }
                coordIndex [
                  2 1 3 -1 
                  2 0 1 -1 
                  0 4 5 -1 
                  1 5 22 -1 
                  11 12 6 -1 
                  11 7 23 -1 
                  11 23 8 -1 
                  10 8 9 -1 
                  11 6 7 -1 
                  11 8 10 -1 
                  12 22 6 -1 
                  24 22 12 -1 
                  1 0 5 -1 
                  1 22 24 -1 
                  13 24 12 -1 
                  25 1 24 -1 
                  25 24 13 -1 
                  3 1 25 -1 
                  4 2 14 -1 
                  4 0 2 -1 
                  19 16 18 -1 
                  2 15 14 -1 
                  3 15 2 -1 
                  27 15 3 -1 
                  21 13 16 -1 
                  18 16 17 -1 
                  26 16 19 -1 
                  20 16 26 -1 
                  27 25 13 -1 
                  21 16 20 -1 
                  27 3 25 -1 
                  27 13 21 -1 
                  14 15 5 -1 
                  14 5 4 -1 
                  22 5 15 -1 
                  27 22 15 -1 
                  21 6 22 -1 
                  27 21 22 -1 
                  6 20 7 -1 
                  6 21 20 -1 
                  26 7 20 -1 
                  23 26 8 -1 
                  8 26 19 -1 
                  23 7 26 -1 
                  19 9 8 -1 
                  18 9 19 -1 
                  12 11 16 -1 
                  12 16 13 -1 
                  17 10 18 -1 
                  9 18 10 -1 
                  16 11 10 -1 
                  17 16 10 -1 
                ]
                normalIndex [
                  2 0 3 -1 
                  2 1 0 -1 
                  17 4 5 -1 
                  16 5 6 -1 
                  13 14 7 -1 
                  13 8 9 -1 
                  13 9 10 -1 
                  12 10 11 -1 
                  13 7 8 -1 
                  13 10 12 -1 
                  14 6 7 -1 
                  15 6 14 -1 
                  16 17 5 -1 
                  16 6 15 -1 
                  21 19 20 -1 
                  22 18 19 -1 
                  22 19 21 -1 
                  23 18 22 -1 
                  26 24 27 -1 
                  26 25 24 -1 
                  37 34 36 -1 
                  30 28 29 -1 
                  31 28 30 -1 
                  41 28 31 -1 
                  40 33 34 -1 
                  36 34 35 -1 
                  38 34 37 -1 
                  39 34 38 -1 
                  41 32 33 -1 
                  40 34 39 -1 
                  41 31 32 -1 
                  41 33 40 -1 
                  44 45 42 -1 
                  44 42 43 -1 
                  48 47 46 -1 
                  51 48 46 -1 
                  50 49 48 -1 
                  51 50 48 -1 
                  54 52 55 -1 
                  54 53 52 -1 
                  58 56 57 -1 
                  61 58 60 -1 
                  60 58 59 -1 
                  61 56 58 -1 
                  64 62 63 -1 
                  65 62 64 -1 
                  68 69 66 -1 
                  68 66 67 -1 
                  71 72 70 -1 
                  73 70 72 -1 
                  76 75 74 -1 
                  77 76 74 -1 
                ]
              }
            }
            DEF PinsArrayTB_7 Shape {
              appearance DEF __235 Appearance {
                material DEF __236 Material {
                  ambientIntensity 0.260947436094
                  diffuseColor 0.73400002718 0.773000001907 0.79699999094
                  shininess 0
                }
              }
              geometry DEF __237 IndexedFaceSet {
                solid FALSE
                coord Coordinate {
                  point [
                    -0.00461 0.0075983891888 0,
                    -0.00461 0.008 0,
                    -0.00439 0.0075983891888 0,
                    -0.00439 0.008 0,
                    -0.00461 0.0076467783776 0.00011,
                    -0.00461 0.008 0.00011,
                    -0.00461 0.00751730223337 3.56702908631e-05,
                    -0.00461 0.00703269776662 0.000564329709137,
                    -0.00461 0.007 0.000564329709137,
                    -0.00461 0.007 0.000674329709137,
                    -0.00461 0.00703269776662 0.000674329709137,
                    -0.00461 0.00711378472205 0.000638659418274,
                    -0.00461 0.00756569142217 0.000145670290863,
                    -0.00439 0.00751730223337 3.56702908631e-05,
                    -0.00439 0.008 0.00011,
                    -0.00439 0.0076467783776 0.00011,
                    -0.00439 0.00756569142217 0.000145670290863,
                    -0.00439 0.00711378472205 0.000638659418274,
                    -0.00439 0.00703269776662 0.000674329709137,
                    -0.00439 0.007 0.000674329709137,
                    -0.00439 0.007 0.000564329709137,
                    -0.00439 0.00703269776662 0.000564329709137,
                    -0.00461 0.00755409623228 9.31169878032e-06,
                    -0.00461 0.00707699072315 0.000665018010357,
                    -0.00461 0.00760248542107 0.00011931169878,
                    -0.00439 0.00755409623228 9.31169878032e-06,
                    -0.00439 0.00760248542107 0.00011931169878,
                    -0.00439 0.00707699072315 0.000665018010357

                  ]
                }
                normal Normal {
                  vector [
                    -0 -0 -1,
                    -0 -0 -1,
                    -0 -0 -1,
                    -0 -0 -1,
                    -1 -8.9457333e-29 -9.830337e-29,
                    -1 -8.9457333e-29 -9.830337e-29,
                    -1 -8.9457333e-29 -9.830337e-29,
                    -1 -8.9457333e-29 -9.830337e-29,
                    -1 -8.9457333e-29 -9.830337e-29,
                    -1 -8.9457333e-29 -9.830337e-29,
                    -1 -8.9457333e-29 -9.830337e-29,
                    -1 -8.9457333e-29 -9.830337e-29,
                    -1 -8.9457333e-29 -9.830337e-29,
                    -1 -8.9457333e-29 -9.830337e-29,
                    -1 -8.9457333e-29 -9.830337e-29,
                    -1 -8.9457333e-29 -9.830337e-29,
                    -1 -8.9457333e-29 -9.830337e-29,
                    -1 -8.9457333e-29 -9.830337e-29,
                    0 0 -1,
                    0 0 -1,
                    0 -0.40266323 -0.91534817,
                    0 -0.73715413 -0.67572463,
                    0 -0.73715413 -0.67572463,
                    0 -0.40266323 -0.91534817,
                    0 1 0,
                    0 1 0,
                    0 1 0,
                    0 1 0,
                    1 0 0,
                    1 0 0,
                    1 0 0,
                    1 0 0,
                    1 0 0,
                    1 0 0,
                    1 0 0,
                    1 0 0,
                    1 0 0,
                    1 0 0,
                    1 0 0,
                    1 0 0,
                    1 0 0,
                    1 0 0,
                    0 0 1,
                    0 0 1,
                    0 0 1,
                    0 0 1,
                    -0 -0 1,
                    -0 0.40266323 0.91534817,
                    -0 0.73715413 0.67572463,
                    -0 0.73715413 0.67572463,
                    -0 0.40266323 0.91534817,
                    -0 -0 1,
                    0 0.73715413 0.67572463,
                    0 0.73715413 0.67572463,
                    0 0.73715413 0.67572463,
                    0 0.73715413 0.67572463,
                    0 0.73715413 0.67572463,
                    0 0.40266323 0.91534817,
                    0 8.2245322e-13 1,
                    0 4.0945025e-13 1,
                    0 0.40266323 0.91534817,
                    0 0.73715413 0.67572463,
                    0 0 1,
                    0 0 1,
                    0 0 1,
                    0 0 1,
                    -0 -0.73715413 -0.67572463,
                    -0 -0.73715413 -0.67572463,
                    -0 -0.73715413 -0.67572463,
                    -0 -0.73715413 -0.67572463,
                    -0 -1 -0,
                    -0 -1 -0,
                    -0 -1 -0,
                    -0 -1 -0,
                    -0 -0 -1,
                    -0 -0 -1,
                    -0 -0 -1,
                    -0 -0 -1

                  ]
                }
                coordIndex [
                  2 1 3 -1 
                  2 0 1 -1 
                  1 0 4 -1 
                  1 4 5 -1 
                  24 4 0 -1 
                  12 7 11 -1 
                  8 9 7 -1 
                  12 6 7 -1 
                  10 7 9 -1 
                  23 7 10 -1 
                  11 7 23 -1 
                  24 22 6 -1 
                  24 0 22 -1 
                  24 6 12 -1 
                  25 0 2 -1 
                  22 25 6 -1 
                  6 25 13 -1 
                  22 0 25 -1 
                  5 14 3 -1 
                  5 3 1 -1 
                  3 14 15 -1 
                  16 13 26 -1 
                  21 13 16 -1 
                  21 17 27 -1 
                  21 27 18 -1 
                  20 18 19 -1 
                  21 16 17 -1 
                  21 18 20 -1 
                  2 15 26 -1 
                  25 26 13 -1 
                  2 26 25 -1 
                  3 15 2 -1 
                  15 14 5 -1 
                  15 5 4 -1 
                  12 16 26 -1 
                  24 26 15 -1 
                  24 12 26 -1 
                  4 24 15 -1 
                  12 11 17 -1 
                  12 17 16 -1 
                  18 23 10 -1 
                  27 11 23 -1 
                  27 23 18 -1 
                  17 11 27 -1 
                  19 10 9 -1 
                  18 10 19 -1 
                  6 21 7 -1 
                  6 13 21 -1 
                  9 20 19 -1 
                  9 8 20 -1 
                  20 8 7 -1 
                  21 20 7 -1 
                ]
                normalIndex [
                  2 0 3 -1 
                  2 1 0 -1 
                  6 7 4 -1 
                  6 4 5 -1 
                  17 4 7 -1 
                  16 10 15 -1 
                  11 12 10 -1 
                  16 9 10 -1 
                  13 10 12 -1 
                  14 10 13 -1 
                  15 10 14 -1 
                  17 8 9 -1 
                  17 7 8 -1 
                  17 9 16 -1 
                  20 18 19 -1 
                  23 20 22 -1 
                  22 20 21 -1 
                  23 18 20 -1 
                  26 27 24 -1 
                  26 24 25 -1 
                  41 28 29 -1 
                  31 38 30 -1 
                  37 38 31 -1 
                  37 32 33 -1 
                  37 33 34 -1 
                  36 34 35 -1 
                  37 31 32 -1 
                  37 34 36 -1 
                  40 29 30 -1 
                  39 30 38 -1 
                  40 30 39 -1 
                  41 29 40 -1 
                  44 45 42 -1 
                  44 42 43 -1 
                  49 48 47 -1 
                  50 47 46 -1 
                  50 49 47 -1 
                  51 50 46 -1 
                  54 55 52 -1 
                  54 52 53 -1 
                  59 57 58 -1 
                  60 56 57 -1 
                  60 57 59 -1 
                  61 56 60 -1 
                  64 62 63 -1 
                  65 62 64 -1 
                  68 66 69 -1 
                  68 67 66 -1 
                  72 70 73 -1 
                  72 71 70 -1 
                  76 75 74 -1 
                  77 76 74 -1 
                ]
              }
            }
            DEF PinsArrayTB_8 Shape {
              appearance DEF __239 Appearance {
                material DEF __240 Material {
                  ambientIntensity 0.260947436094
                  diffuseColor 0.73400002718 0.773000001907 0.79699999094
                  shininess 0
                }
              }
              geometry DEF __241 IndexedFaceSet {
                solid FALSE
                coord Coordinate {
                  point [
                    -0.00461 -0.008 0,
                    -0.00461 -0.0075983891888 0,
                    -0.00439 -0.008 0,
                    -0.00439 -0.0075983891888 0,
                    -0.00461 -0.008 0.00011,
                    -0.00461 -0.0076467783776 0.00011,
                    -0.00461 -0.00756569142217 0.000145670290863,
                    -0.00461 -0.00711378472205 0.000638659418274,
                    -0.00461 -0.00703269776662 0.000674329709137,
                    -0.00461 -0.007 0.000674329709137,
                    -0.00461 -0.007 0.000564329709137,
                    -0.00461 -0.00703269776662 0.000564329709137,
                    -0.00461 -0.00751730223337 3.56702908631e-05,
                    -0.00439 -0.00751730223337 3.56702908631e-05,
                    -0.00439 -0.008 0.00011,
                    -0.00439 -0.0076467783776 0.00011,
                    -0.00439 -0.00703269776662 0.000564329709137,
                    -0.00439 -0.007 0.000564329709137,
                    -0.00439 -0.007 0.000674329709137,
                    -0.00439 -0.00703269776662 0.000674329709137,
                    -0.00439 -0.00711378472205 0.000638659418274,
                    -0.00439 -0.00756569142217 0.000145670290863,
                    -0.00461 -0.00760248542107 0.00011931169878,
                    -0.00461 -0.00707699072315 0.000665018010357,
                    -0.00461 -0.00755409623228 9.31169878032e-06,
                    -0.00439 -0.00755409623228 9.31169878033e-06,
                    -0.00439 -0.00707699072315 0.000665018010357,
                    -0.00439 -0.00760248542107 0.00011931169878

                  ]
                }
                normal Normal {
                  vector [
                    -0 -0 -1,
                    -0 -0 -1,
                    -0 -0 -1,
                    -0 -0 -1,
                    -1 1.558915e-28 -1.7244317e-28,
                    -1 1.558915e-28 -1.7244317e-28,
                    -1 1.558915e-28 -1.7244317e-28,
                    -1 1.558915e-28 -1.7244317e-28,
                    -1 1.558915e-28 -1.7244317e-28,
                    -1 1.558915e-28 -1.7244317e-28,
                    -1 1.558915e-28 -1.7244317e-28,
                    -1 1.558915e-28 -1.7244317e-28,
                    -1 1.558915e-28 -1.7244317e-28,
                    -1 1.558915e-28 -1.7244317e-28,
                    -1 1.558915e-28 -1.7244317e-28,
                    -1 1.558915e-28 -1.7244317e-28,
                    -1 1.558915e-28 -1.7244317e-28,
                    -1 1.558915e-28 -1.7244317e-28,
                    0 -2.0694557e-13 -1,
                    0 0.40266323 -0.91534817,
                    0 0.73715413 -0.67572463,
                    0 0.73715413 -0.67572463,
                    0 0.40266323 -0.91534817,
                    0 0 -1,
                    -0 -1 -0,
                    -0 -1 -0,
                    -0 -1 -0,
                    -0 -1 -0,
                    1 -1.5637003e-28 1.7265799e-28,
                    1 -1.5637003e-28 1.7265799e-28,
                    1 -1.5637003e-28 1.7265799e-28,
                    1 -1.5637003e-28 1.7265799e-28,
                    1 -1.5637003e-28 1.7265799e-28,
                    1 -1.5637003e-28 1.7265799e-28,
                    1 -1.5637003e-28 1.7265799e-28,
                    1 -1.5637003e-28 1.7265799e-28,
                    1 -1.5637003e-28 1.7265799e-28,
                    1 -1.5637003e-28 1.7265799e-28,
                    1 -1.5637003e-28 1.7265799e-28,
                    1 -1.5637003e-28 1.7265799e-28,
                    1 -1.5637003e-28 1.7265799e-28,
                    1 -1.5637003e-28 1.7265799e-28,
                    0 0 1,
                    0 0 1,
                    0 0 1,
                    0 0 1,
                    -0 -0 1,
                    -0 -0 1,
                    -0 -0.40266323 0.91534817,
                    -0 -0.73715413 0.67572463,
                    -0 -0.73715413 0.67572463,
                    -0 -0.40266323 0.91534817,
                    -0 -0.73715413 0.67572463,
                    -0 -0.73715413 0.67572463,
                    -0 -0.73715413 0.67572463,
                    -0 -0.73715413 0.67572463,
                    0 -0.73715413 0.67572463,
                    0 -0.73715413 0.67572463,
                    0 -0.40266323 0.91534817,
                    0 -1.5454305e-12 1,
                    0 -4.0856207e-13 1,
                    0 -0.40266323 0.91534817,
                    0 0 1,
                    0 0 1,
                    0 0 1,
                    0 0 1,
                    0 0.73715413 -0.67572463,
                    0 0.73715413 -0.67572463,
                    0 0.73715413 -0.67572463,
                    0 0.73715413 -0.67572463,
                    0 1 0,
                    0 1 0,
                    0 1 0,
                    0 1 0,
                    -0 -0 -1,
                    -0 -0 -1,
                    -0 -0 -1,
                    -0 -0 -1

                  ]
                }
                coordIndex [
                  2 1 3 -1 
                  2 0 1 -1 
                  0 4 5 -1 
                  1 5 22 -1 
                  11 12 6 -1 
                  11 7 23 -1 
                  11 23 8 -1 
                  10 8 9 -1 
                  11 6 7 -1 
                  11 8 10 -1 
                  12 22 6 -1 
                  24 22 12 -1 
                  1 0 5 -1 
                  1 22 24 -1 
                  13 24 12 -1 
                  25 1 24 -1 
                  25 24 13 -1 
                  3 1 25 -1 
                  4 2 14 -1 
                  4 0 2 -1 
                  19 16 18 -1 
                  2 15 14 -1 
                  3 15 2 -1 
                  27 15 3 -1 
                  21 13 16 -1 
                  18 16 17 -1 
                  26 16 19 -1 
                  20 16 26 -1 
                  27 25 13 -1 
                  21 16 20 -1 
                  27 3 25 -1 
                  27 13 21 -1 
                  14 15 5 -1 
                  14 5 4 -1 
                  22 5 15 -1 
                  27 22 15 -1 
                  21 6 22 -1 
                  27 21 22 -1 
                  6 20 7 -1 
                  6 21 20 -1 
                  26 7 20 -1 
                  23 26 8 -1 
                  8 26 19 -1 
                  23 7 26 -1 
                  19 9 8 -1 
                  18 9 19 -1 
                  12 11 16 -1 
                  12 16 13 -1 
                  17 10 18 -1 
                  9 18 10 -1 
                  16 11 10 -1 
                  17 16 10 -1 
                ]
                normalIndex [
                  2 0 3 -1 
                  2 1 0 -1 
                  17 4 5 -1 
                  16 5 6 -1 
                  13 14 7 -1 
                  13 8 9 -1 
                  13 9 10 -1 
                  12 10 11 -1 
                  13 7 8 -1 
                  13 10 12 -1 
                  14 6 7 -1 
                  15 6 14 -1 
                  16 17 5 -1 
                  16 6 15 -1 
                  21 19 20 -1 
                  22 18 19 -1 
                  22 19 21 -1 
                  23 18 22 -1 
                  26 24 27 -1 
                  26 25 24 -1 
                  37 34 36 -1 
                  30 28 29 -1 
                  31 28 30 -1 
                  41 28 31 -1 
                  40 33 34 -1 
                  36 34 35 -1 
                  38 34 37 -1 
                  39 34 38 -1 
                  41 32 33 -1 
                  40 34 39 -1 
                  41 31 32 -1 
                  41 33 40 -1 
                  44 45 42 -1 
                  44 42 43 -1 
                  48 47 46 -1 
                  51 48 46 -1 
                  50 49 48 -1 
                  51 50 48 -1 
                  54 52 55 -1 
                  54 53 52 -1 
                  58 56 57 -1 
                  61 58 60 -1 
                  60 58 59 -1 
                  61 56 58 -1 
                  64 62 63 -1 
                  65 62 64 -1 
                  68 69 66 -1 
                  68 66 67 -1 
                  71 72 70 -1 
                  73 70 72 -1 
                  76 75 74 -1 
                  77 76 74 -1 
                ]
              }
            }
            DEF PinsArrayTB_9 Shape {
              appearance DEF __243 Appearance {
                material DEF __244 Material {
                  ambientIntensity 0.260947436094
                  diffuseColor 0.73400002718 0.773000001907 0.79699999094
                  shininess 0
                }
              }
              geometry DEF __245 IndexedFaceSet {
                solid FALSE
                coord Coordinate {
                  point [
                    -0.00411 0.0075983891888 0,
                    -0.00411 0.008 0,
                    -0.00389 0.0075983891888 0,
                    -0.00389 0.008 0,
                    -0.00411 0.0076467783776 0.00011,
                    -0.00411 0.008 0.00011,
                    -0.00411 0.00751730223337 3.56702908631e-05,
                    -0.00411 0.00703269776662 0.000564329709137,
                    -0.00411 0.007 0.000564329709137,
                    -0.00411 0.007 0.000674329709137,
                    -0.00411 0.00703269776662 0.000674329709137,
                    -0.00411 0.00711378472205 0.000638659418274,
                    -0.00411 0.00756569142217 0.000145670290863,
                    -0.00389 0.00751730223337 3.56702908631e-05,
                    -0.00389 0.008 0.00011,
                    -0.00389 0.0076467783776 0.00011,
                    -0.00389 0.00756569142217 0.000145670290863,
                    -0.00389 0.00711378472205 0.000638659418274,
                    -0.00389 0.00703269776662 0.000674329709137,
                    -0.00389 0.007 0.000674329709137,
                    -0.00389 0.007 0.000564329709137,
                    -0.00389 0.00703269776662 0.000564329709137,
                    -0.00411 0.00755409623228 9.31169878032e-06,
                    -0.00411 0.00707699072315 0.000665018010357,
                    -0.00411 0.00760248542107 0.00011931169878,
                    -0.00389 0.00755409623228 9.31169878032e-06,
                    -0.00389 0.00760248542107 0.00011931169878,
                    -0.00389 0.00707699072315 0.000665018010357

                  ]
                }
                normal Normal {
                  vector [
                    -0 -0 -1,
                    -0 -0 -1,
                    -0 -0 -1,
                    -0 -0 -1,
                    -1 -8.9457333e-29 -9.830337e-29,
                    -1 -8.9457333e-29 -9.830337e-29,
                    -1 -8.9457333e-29 -9.830337e-29,
                    -1 -8.9457333e-29 -9.830337e-29,
                    -1 -8.9457333e-29 -9.830337e-29,
                    -1 -8.9457333e-29 -9.830337e-29,
                    -1 -8.9457333e-29 -9.830337e-29,
                    -1 -8.9457333e-29 -9.830337e-29,
                    -1 -8.9457333e-29 -9.830337e-29,
                    -1 -8.9457333e-29 -9.830337e-29,
                    -1 -8.9457333e-29 -9.830337e-29,
                    -1 -8.9457333e-29 -9.830337e-29,
                    -1 -8.9457333e-29 -9.830337e-29,
                    -1 -8.9457333e-29 -9.830337e-29,
                    0 0 -1,
                    0 0 -1,
                    0 -0.40266323 -0.91534817,
                    0 -0.73715413 -0.67572463,
                    0 -0.73715413 -0.67572463,
                    0 -0.40266323 -0.91534817,
                    0 1 0,
                    0 1 0,
                    0 1 0,
                    0 1 0,
                    1 0 0,
                    1 0 0,
                    1 0 0,
                    1 0 0,
                    1 0 0,
                    1 0 0,
                    1 0 0,
                    1 0 0,
                    1 0 0,
                    1 0 0,
                    1 0 0,
                    1 0 0,
                    1 0 0,
                    1 0 0,
                    0 0 1,
                    0 0 1,
                    0 0 1,
                    0 0 1,
                    -0 -0 1,
                    -0 0.40266323 0.91534817,
                    -0 0.73715413 0.67572463,
                    -0 0.73715413 0.67572463,
                    -0 0.40266323 0.91534817,
                    -0 -0 1,
                    0 0.73715413 0.67572463,
                    0 0.73715413 0.67572463,
                    0 0.73715413 0.67572463,
                    0 0.73715413 0.67572463,
                    0 0.73715413 0.67572463,
                    0 0.40266323 0.91534817,
                    0 8.2245322e-13 1,
                    0 4.0945025e-13 1,
                    0 0.40266323 0.91534817,
                    0 0.73715413 0.67572463,
                    0 0 1,
                    0 0 1,
                    0 0 1,
                    0 0 1,
                    -0 -0.73715413 -0.67572463,
                    -0 -0.73715413 -0.67572463,
                    -0 -0.73715413 -0.67572463,
                    -0 -0.73715413 -0.67572463,
                    -0 -1 -0,
                    -0 -1 -0,
                    -0 -1 -0,
                    -0 -1 -0,
                    -0 -0 -1,
                    -0 -0 -1,
                    -0 -0 -1,
                    -0 -0 -1

                  ]
                }
                coordIndex [
                  2 1 3 -1 
                  2 0 1 -1 
                  1 0 4 -1 
                  1 4 5 -1 
                  24 4 0 -1 
                  12 7 11 -1 
                  8 9 7 -1 
                  12 6 7 -1 
                  10 7 9 -1 
                  23 7 10 -1 
                  11 7 23 -1 
                  24 22 6 -1 
                  24 0 22 -1 
                  24 6 12 -1 
                  25 0 2 -1 
                  22 25 6 -1 
                  6 25 13 -1 
                  22 0 25 -1 
                  5 14 3 -1 
                  5 3 1 -1 
                  3 14 15 -1 
                  16 13 26 -1 
                  21 13 16 -1 
                  21 17 27 -1 
                  21 27 18 -1 
                  20 18 19 -1 
                  21 16 17 -1 
                  21 18 20 -1 
                  2 15 26 -1 
                  25 26 13 -1 
                  2 26 25 -1 
                  3 15 2 -1 
                  15 14 5 -1 
                  15 5 4 -1 
                  12 16 26 -1 
                  24 26 15 -1 
                  24 12 26 -1 
                  4 24 15 -1 
                  12 11 17 -1 
                  12 17 16 -1 
                  18 23 10 -1 
                  27 11 23 -1 
                  27 23 18 -1 
                  17 11 27 -1 
                  19 10 9 -1 
                  18 10 19 -1 
                  6 21 7 -1 
                  6 13 21 -1 
                  9 20 19 -1 
                  9 8 20 -1 
                  20 8 7 -1 
                  21 20 7 -1 
                ]
                normalIndex [
                  2 0 3 -1 
                  2 1 0 -1 
                  6 7 4 -1 
                  6 4 5 -1 
                  17 4 7 -1 
                  16 10 15 -1 
                  11 12 10 -1 
                  16 9 10 -1 
                  13 10 12 -1 
                  14 10 13 -1 
                  15 10 14 -1 
                  17 8 9 -1 
                  17 7 8 -1 
                  17 9 16 -1 
                  20 18 19 -1 
                  23 20 22 -1 
                  22 20 21 -1 
                  23 18 20 -1 
                  26 27 24 -1 
                  26 24 25 -1 
                  41 28 29 -1 
                  31 38 30 -1 
                  37 38 31 -1 
                  37 32 33 -1 
                  37 33 34 -1 
                  36 34 35 -1 
                  37 31 32 -1 
                  37 34 36 -1 
                  40 29 30 -1 
                  39 30 38 -1 
                  40 30 39 -1 
                  41 29 40 -1 
                  44 45 42 -1 
                  44 42 43 -1 
                  49 48 47 -1 
                  50 47 46 -1 
                  50 49 47 -1 
                  51 50 46 -1 
                  54 55 52 -1 
                  54 52 53 -1 
                  59 57 58 -1 
                  60 56 57 -1 
                  60 57 59 -1 
                  61 56 60 -1 
                  64 62 63 -1 
                  65 62 64 -1 
                  68 66 69 -1 
                  68 67 66 -1 
                  72 70 73 -1 
                  72 71 70 -1 
                  76 75 74 -1 
                  77 76 74 -1 
                ]
              }
            }
            DEF PinsArrayTB_10 Shape {
              appearance DEF __247 Appearance {
                material DEF __248 Material {
                  ambientIntensity 0.260947436094
                  diffuseColor 0.73400002718 0.773000001907 0.79699999094
                  shininess 0
                }
              }
              geometry DEF __249 IndexedFaceSet {
                solid FALSE
                coord Coordinate {
                  point [
                    -0.00411 -0.008 0,
                    -0.00411 -0.0075983891888 0,
                    -0.00389 -0.008 0,
                    -0.00389 -0.0075983891888 0,
                    -0.00411 -0.008 0.00011,
                    -0.00411 -0.0076467783776 0.00011,
                    -0.00411 -0.00756569142217 0.000145670290863,
                    -0.00411 -0.00711378472205 0.000638659418274,
                    -0.00411 -0.00703269776662 0.000674329709137,
                    -0.00411 -0.007 0.000674329709137,
                    -0.00411 -0.007 0.000564329709137,
                    -0.00411 -0.00703269776662 0.000564329709137,
                    -0.00411 -0.00751730223337 3.56702908631e-05,
                    -0.00389 -0.00751730223337 3.56702908631e-05,
                    -0.00389 -0.008 0.00011,
                    -0.00389 -0.0076467783776 0.00011,
                    -0.00389 -0.00703269776662 0.000564329709137,
                    -0.00389 -0.007 0.000564329709137,
                    -0.00389 -0.007 0.000674329709137,
                    -0.00389 -0.00703269776662 0.000674329709137,
                    -0.00389 -0.00711378472205 0.000638659418274,
                    -0.00389 -0.00756569142217 0.000145670290863,
                    -0.00411 -0.00760248542107 0.00011931169878,
                    -0.00411 -0.00707699072315 0.000665018010357,
                    -0.00411 -0.00755409623228 9.31169878032e-06,
                    -0.00389 -0.00755409623228 9.31169878033e-06,
                    -0.00389 -0.00707699072315 0.000665018010357,
                    -0.00389 -0.00760248542107 0.00011931169878

                  ]
                }
                normal Normal {
                  vector [
                    -0 -0 -1,
                    -0 -0 -1,
                    -0 -0 -1,
                    -0 -0 -1,
                    -1 1.558915e-28 -1.7244317e-28,
                    -1 1.558915e-28 -1.7244317e-28,
                    -1 1.558915e-28 -1.7244317e-28,
                    -1 1.558915e-28 -1.7244317e-28,
                    -1 1.558915e-28 -1.7244317e-28,
                    -1 1.558915e-28 -1.7244317e-28,
                    -1 1.558915e-28 -1.7244317e-28,
                    -1 1.558915e-28 -1.7244317e-28,
                    -1 1.558915e-28 -1.7244317e-28,
                    -1 1.558915e-28 -1.7244317e-28,
                    -1 1.558915e-28 -1.7244317e-28,
                    -1 1.558915e-28 -1.7244317e-28,
                    -1 1.558915e-28 -1.7244317e-28,
                    -1 1.558915e-28 -1.7244317e-28,
                    0 -2.0694557e-13 -1,
                    0 0.40266323 -0.91534817,
                    0 0.73715413 -0.67572463,
                    0 0.73715413 -0.67572463,
                    0 0.40266323 -0.91534817,
                    0 0 -1,
                    -0 -1 -0,
                    -0 -1 -0,
                    -0 -1 -0,
                    -0 -1 -0,
                    1 -1.5637003e-28 1.7265799e-28,
                    1 -1.5637003e-28 1.7265799e-28,
                    1 -1.5637003e-28 1.7265799e-28,
                    1 -1.5637003e-28 1.7265799e-28,
                    1 -1.5637003e-28 1.7265799e-28,
                    1 -1.5637003e-28 1.7265799e-28,
                    1 -1.5637003e-28 1.7265799e-28,
                    1 -1.5637003e-28 1.7265799e-28,
                    1 -1.5637003e-28 1.7265799e-28,
                    1 -1.5637003e-28 1.7265799e-28,
                    1 -1.5637003e-28 1.7265799e-28,
                    1 -1.5637003e-28 1.7265799e-28,
                    1 -1.5637003e-28 1.7265799e-28,
                    1 -1.5637003e-28 1.7265799e-28,
                    0 0 1,
                    0 0 1,
                    0 0 1,
                    0 0 1,
                    -0 -0 1,
                    -0 -0 1,
                    -0 -0.40266323 0.91534817,
                    -0 -0.73715413 0.67572463,
                    -0 -0.73715413 0.67572463,
                    -0 -0.40266323 0.91534817,
                    -0 -0.73715413 0.67572463,
                    -0 -0.73715413 0.67572463,
                    -0 -0.73715413 0.67572463,
                    -0 -0.73715413 0.67572463,
                    0 -0.73715413 0.67572463,
                    0 -0.73715413 0.67572463,
                    0 -0.40266323 0.91534817,
                    0 -1.5454305e-12 1,
                    0 -4.0856207e-13 1,
                    0 -0.40266323 0.91534817,
                    0 0 1,
                    0 0 1,
                    0 0 1,
                    0 0 1,
                    0 0.73715413 -0.67572463,
                    0 0.73715413 -0.67572463,
                    0 0.73715413 -0.67572463,
                    0 0.73715413 -0.67572463,
                    0 1 0,
                    0 1 0,
                    0 1 0,
                    0 1 0,
                    -0 -0 -1,
                    -0 -0 -1,
                    -0 -0 -1,
                    -0 -0 -1

                  ]
                }
                coordIndex [
                  2 1 3 -1 
                  2 0 1 -1 
                  0 4 5 -1 
                  1 5 22 -1 
                  11 12 6 -1 
                  11 7 23 -1 
                  11 23 8 -1 
                  10 8 9 -1 
                  11 6 7 -1 
                  11 8 10 -1 
                  12 22 6 -1 
                  24 22 12 -1 
                  1 0 5 -1 
                  1 22 24 -1 
                  13 24 12 -1 
                  25 1 24 -1 
                  25 24 13 -1 
                  3 1 25 -1 
                  4 2 14 -1 
                  4 0 2 -1 
                  19 16 18 -1 
                  2 15 14 -1 
                  3 15 2 -1 
                  27 15 3 -1 
                  21 13 16 -1 
                  18 16 17 -1 
                  26 16 19 -1 
                  20 16 26 -1 
                  27 25 13 -1 
                  21 16 20 -1 
                  27 3 25 -1 
                  27 13 21 -1 
                  14 15 5 -1 
                  14 5 4 -1 
                  22 5 15 -1 
                  27 22 15 -1 
                  21 6 22 -1 
                  27 21 22 -1 
                  6 20 7 -1 
                  6 21 20 -1 
                  26 7 20 -1 
                  23 26 8 -1 
                  8 26 19 -1 
                  23 7 26 -1 
                  19 9 8 -1 
                  18 9 19 -1 
                  12 11 16 -1 
                  12 16 13 -1 
                  17 10 18 -1 
                  9 18 10 -1 
                  16 11 10 -1 
                  17 16 10 -1 
                ]
                normalIndex [
                  2 0 3 -1 
                  2 1 0 -1 
                  17 4 5 -1 
                  16 5 6 -1 
                  13 14 7 -1 
                  13 8 9 -1 
                  13 9 10 -1 
                  12 10 11 -1 
                  13 7 8 -1 
                  13 10 12 -1 
                  14 6 7 -1 
                  15 6 14 -1 
                  16 17 5 -1 
                  16 6 15 -1 
                  21 19 20 -1 
                  22 18 19 -1 
                  22 19 21 -1 
                  23 18 22 -1 
                  26 24 27 -1 
                  26 25 24 -1 
                  37 34 36 -1 
                  30 28 29 -1 
                  31 28 30 -1 
                  41 28 31 -1 
                  40 33 34 -1 
                  36 34 35 -1 
                  38 34 37 -1 
                  39 34 38 -1 
                  41 32 33 -1 
                  40 34 39 -1 
                  41 31 32 -1 
                  41 33 40 -1 
                  44 45 42 -1 
                  44 42 43 -1 
                  48 47 46 -1 
                  51 48 46 -1 
                  50 49 48 -1 
                  51 50 48 -1 
                  54 52 55 -1 
                  54 53 52 -1 
                  58 56 57 -1 
                  61 58 60 -1 
                  60 58 59 -1 
                  61 56 58 -1 
                  64 62 63 -1 
                  65 62 64 -1 
                  68 69 66 -1 
                  68 66 67 -1 
                  71 72 70 -1 
                  73 70 72 -1 
                  76 75 74 -1 
                  77 76 74 -1 
                ]
              }
            }
            DEF PinsArrayTB_11 Shape {
              appearance DEF __251 Appearance {
                material DEF __252 Material {
                  ambientIntensity 0.260947436094
                  diffuseColor 0.73400002718 0.773000001907 0.79699999094
                  shininess 0
                }
              }
              geometry DEF __253 IndexedFaceSet {
                solid FALSE
                coord Coordinate {
                  point [
                    -0.00361 0.0075983891888 0,
                    -0.00361 0.008 0,
                    -0.00339 0.0075983891888 0,
                    -0.00339 0.008 0,
                    -0.00361 0.0076467783776 0.00011,
                    -0.00361 0.008 0.00011,
                    -0.00361 0.00751730223337 3.56702908631e-05,
                    -0.00361 0.00703269776662 0.000564329709137,
                    -0.00361 0.007 0.000564329709137,
                    -0.00361 0.007 0.000674329709137,
                    -0.00361 0.00703269776662 0.000674329709137,
                    -0.00361 0.00711378472205 0.000638659418274,
                    -0.00361 0.00756569142217 0.000145670290863,
                    -0.00339 0.00751730223337 3.56702908631e-05,
                    -0.00339 0.008 0.00011,
                    -0.00339 0.0076467783776 0.00011,
                    -0.00339 0.00756569142217 0.000145670290863,
                    -0.00339 0.00711378472205 0.000638659418274,
                    -0.00339 0.00703269776662 0.000674329709137,
                    -0.00339 0.007 0.000674329709137,
                    -0.00339 0.007 0.000564329709137,
                    -0.00339 0.00703269776662 0.000564329709137,
                    -0.00361 0.00755409623228 9.31169878032e-06,
                    -0.00361 0.00707699072315 0.000665018010357,
                    -0.00361 0.00760248542107 0.00011931169878,
                    -0.00339 0.00755409623228 9.31169878032e-06,
                    -0.00339 0.00760248542107 0.00011931169878,
                    -0.00339 0.00707699072315 0.000665018010357

                  ]
                }
                normal Normal {
                  vector [
                    -0 -0 -1,
                    -0 -0 -1,
                    -0 -0 -1,
                    -0 -0 -1,
                    -1 -8.9457333e-29 -9.830337e-29,
                    -1 -8.9457333e-29 -9.830337e-29,
                    -1 -8.9457333e-29 -9.830337e-29,
                    -1 -8.9457333e-29 -9.830337e-29,
                    -1 -8.9457333e-29 -9.830337e-29,
                    -1 -8.9457333e-29 -9.830337e-29,
                    -1 -8.9457333e-29 -9.830337e-29,
                    -1 -8.9457333e-29 -9.830337e-29,
                    -1 -8.9457333e-29 -9.830337e-29,
                    -1 -8.9457333e-29 -9.830337e-29,
                    -1 -8.9457333e-29 -9.830337e-29,
                    -1 -8.9457333e-29 -9.830337e-29,
                    -1 -8.9457333e-29 -9.830337e-29,
                    -1 -8.9457333e-29 -9.830337e-29,
                    0 0 -1,
                    0 0 -1,
                    0 -0.40266323 -0.91534817,
                    0 -0.73715413 -0.67572463,
                    0 -0.73715413 -0.67572463,
                    0 -0.40266323 -0.91534817,
                    0 1 0,
                    0 1 0,
                    0 1 0,
                    0 1 0,
                    1 0 0,
                    1 0 0,
                    1 0 0,
                    1 0 0,
                    1 0 0,
                    1 0 0,
                    1 0 0,
                    1 0 0,
                    1 0 0,
                    1 0 0,
                    1 0 0,
                    1 0 0,
                    1 0 0,
                    1 0 0,
                    0 0 1,
                    0 0 1,
                    0 0 1,
                    0 0 1,
                    -0 -0 1,
                    -0 0.40266323 0.91534817,
                    -0 0.73715413 0.67572463,
                    -0 0.73715413 0.67572463,
                    -0 0.40266323 0.91534817,
                    -0 -0 1,
                    0 0.73715413 0.67572463,
                    0 0.73715413 0.67572463,
                    0 0.73715413 0.67572463,
                    0 0.73715413 0.67572463,
                    0 0.73715413 0.67572463,
                    0 0.40266323 0.91534817,
                    0 8.2245322e-13 1,
                    0 4.0945025e-13 1,
                    0 0.40266323 0.91534817,
                    0 0.73715413 0.67572463,
                    0 0 1,
                    0 0 1,
                    0 0 1,
                    0 0 1,
                    -0 -0.73715413 -0.67572463,
                    -0 -0.73715413 -0.67572463,
                    -0 -0.73715413 -0.67572463,
                    -0 -0.73715413 -0.67572463,
                    -0 -1 -0,
                    -0 -1 -0,
                    -0 -1 -0,
                    -0 -1 -0,
                    -0 -0 -1,
                    -0 -0 -1,
                    -0 -0 -1,
                    -0 -0 -1

                  ]
                }
                coordIndex [
                  2 1 3 -1 
                  2 0 1 -1 
                  1 0 4 -1 
                  1 4 5 -1 
                  24 4 0 -1 
                  12 7 11 -1 
                  8 9 7 -1 
                  12 6 7 -1 
                  10 7 9 -1 
                  23 7 10 -1 
                  11 7 23 -1 
                  24 22 6 -1 
                  24 0 22 -1 
                  24 6 12 -1 
                  25 0 2 -1 
                  22 25 6 -1 
                  6 25 13 -1 
                  22 0 25 -1 
                  5 14 3 -1 
                  5 3 1 -1 
                  3 14 15 -1 
                  16 13 26 -1 
                  21 13 16 -1 
                  21 17 27 -1 
                  21 27 18 -1 
                  20 18 19 -1 
                  21 16 17 -1 
                  21 18 20 -1 
                  2 15 26 -1 
                  25 26 13 -1 
                  2 26 25 -1 
                  3 15 2 -1 
                  15 14 5 -1 
                  15 5 4 -1 
                  12 16 26 -1 
                  24 26 15 -1 
                  24 12 26 -1 
                  4 24 15 -1 
                  12 11 17 -1 
                  12 17 16 -1 
                  18 23 10 -1 
                  27 11 23 -1 
                  27 23 18 -1 
                  17 11 27 -1 
                  19 10 9 -1 
                  18 10 19 -1 
                  6 21 7 -1 
                  6 13 21 -1 
                  9 20 19 -1 
                  9 8 20 -1 
                  20 8 7 -1 
                  21 20 7 -1 
                ]
                normalIndex [
                  2 0 3 -1 
                  2 1 0 -1 
                  6 7 4 -1 
                  6 4 5 -1 
                  17 4 7 -1 
                  16 10 15 -1 
                  11 12 10 -1 
                  16 9 10 -1 
                  13 10 12 -1 
                  14 10 13 -1 
                  15 10 14 -1 
                  17 8 9 -1 
                  17 7 8 -1 
                  17 9 16 -1 
                  20 18 19 -1 
                  23 20 22 -1 
                  22 20 21 -1 
                  23 18 20 -1 
                  26 27 24 -1 
                  26 24 25 -1 
                  41 28 29 -1 
                  31 38 30 -1 
                  37 38 31 -1 
                  37 32 33 -1 
                  37 33 34 -1 
                  36 34 35 -1 
                  37 31 32 -1 
                  37 34 36 -1 
                  40 29 30 -1 
                  39 30 38 -1 
                  40 30 39 -1 
                  41 29 40 -1 
                  44 45 42 -1 
                  44 42 43 -1 
                  49 48 47 -1 
                  50 47 46 -1 
                  50 49 47 -1 
                  51 50 46 -1 
                  54 55 52 -1 
                  54 52 53 -1 
                  59 57 58 -1 
                  60 56 57 -1 
                  60 57 59 -1 
                  61 56 60 -1 
                  64 62 63 -1 
                  65 62 64 -1 
                  68 66 69 -1 
                  68 67 66 -1 
                  72 70 73 -1 
                  72 71 70 -1 
                  76 75 74 -1 
                  77 76 74 -1 
                ]
              }
            }
            DEF PinsArrayTB_12 Shape {
              appearance DEF __255 Appearance {
                material DEF __256 Material {
                  ambientIntensity 0.260947436094
                  diffuseColor 0.73400002718 0.773000001907 0.79699999094
                  shininess 0
                }
              }
              geometry DEF __257 IndexedFaceSet {
                solid FALSE
                coord Coordinate {
                  point [
                    -0.00361 -0.008 0,
                    -0.00361 -0.0075983891888 0,
                    -0.00339 -0.008 0,
                    -0.00339 -0.0075983891888 0,
                    -0.00361 -0.008 0.00011,
                    -0.00361 -0.0076467783776 0.00011,
                    -0.00361 -0.00756569142217 0.000145670290863,
                    -0.00361 -0.00711378472205 0.000638659418274,
                    -0.00361 -0.00703269776662 0.000674329709137,
                    -0.00361 -0.007 0.000674329709137,
                    -0.00361 -0.007 0.000564329709137,
                    -0.00361 -0.00703269776662 0.000564329709137,
                    -0.00361 -0.00751730223337 3.56702908631e-05,
                    -0.00339 -0.00751730223337 3.56702908631e-05,
                    -0.00339 -0.008 0.00011,
                    -0.00339 -0.0076467783776 0.00011,
                    -0.00339 -0.00703269776662 0.000564329709137,
                    -0.00339 -0.007 0.000564329709137,
                    -0.00339 -0.007 0.000674329709137,
                    -0.00339 -0.00703269776662 0.000674329709137,
                    -0.00339 -0.00711378472205 0.000638659418274,
                    -0.00339 -0.00756569142217 0.000145670290863,
                    -0.00361 -0.00760248542107 0.00011931169878,
                    -0.00361 -0.00707699072315 0.000665018010357,
                    -0.00361 -0.00755409623228 9.31169878033e-06,
                    -0.00339 -0.00755409623228 9.31169878033e-06,
                    -0.00339 -0.00707699072315 0.000665018010357,
                    -0.00339 -0.00760248542107 0.00011931169878

                  ]
                }
                normal Normal {
                  vector [
                    -0 -0 -1,
                    -0 -0 -1,
                    -0 -0 -1,
                    -0 -0 -1,
                    -1 1.558915e-28 -1.7244317e-28,
                    -1 1.558915e-28 -1.7244317e-28,
                    -1 1.558915e-28 -1.7244317e-28,
                    -1 1.558915e-28 -1.7244317e-28,
                    -1 1.558915e-28 -1.7244317e-28,
                    -1 1.558915e-28 -1.7244317e-28,
                    -1 1.558915e-28 -1.7244317e-28,
                    -1 1.558915e-28 -1.7244317e-28,
                    -1 1.558915e-28 -1.7244317e-28,
                    -1 1.558915e-28 -1.7244317e-28,
                    -1 1.558915e-28 -1.7244317e-28,
                    -1 1.558915e-28 -1.7244317e-28,
                    -1 1.558915e-28 -1.7244317e-28,
                    -1 1.558915e-28 -1.7244317e-28,
                    0 0 -1,
                    0 0.40266323 -0.91534817,
                    0 0.73715413 -0.67572463,
                    0 0.73715413 -0.67572463,
                    0 0.40266323 -0.91534817,
                    0 0 -1,
                    -0 -1 -0,
                    -0 -1 -0,
                    -0 -1 -0,
                    -0 -1 -0,
                    1 -1.5637003e-28 1.7265799e-28,
                    1 -1.5637003e-28 1.7265799e-28,
                    1 -1.5637003e-28 1.7265799e-28,
                    1 -1.5637003e-28 1.7265799e-28,
                    1 -1.5637003e-28 1.7265799e-28,
                    1 -1.5637003e-28 1.7265799e-28,
                    1 -1.5637003e-28 1.7265799e-28,
                    1 -1.5637003e-28 1.7265799e-28,
                    1 -1.5637003e-28 1.7265799e-28,
                    1 -1.5637003e-28 1.7265799e-28,
                    1 -1.5637003e-28 1.7265799e-28,
                    1 -1.5637003e-28 1.7265799e-28,
                    1 -1.5637003e-28 1.7265799e-28,
                    1 -1.5637003e-28 1.7265799e-28,
                    0 0 1,
                    0 0 1,
                    0 0 1,
                    0 0 1,
                    -0 -0 1,
                    -0 -0 1,
                    -0 -0.40266323 0.91534817,
                    -0 -0.73715413 0.67572463,
                    -0 -0.73715413 0.67572463,
                    -0 -0.40266323 0.91534817,
                    -0 -0.73715413 0.67572463,
                    -0 -0.73715413 0.67572463,
                    -0 -0.73715413 0.67572463,
                    -0 -0.73715413 0.67572463,
                    0 -0.73715413 0.67572463,
                    0 -0.73715413 0.67572463,
                    0 -0.40266323 0.91534817,
                    0 -1.5454305e-12 1,
                    0 -4.0856207e-13 1,
                    0 -0.40266323 0.91534817,
                    0 0 1,
                    0 0 1,
                    0 0 1,
                    0 0 1,
                    0 0.73715413 -0.67572463,
                    0 0.73715413 -0.67572463,
                    0 0.73715413 -0.67572463,
                    0 0.73715413 -0.67572463,
                    0 1 0,
                    0 1 0,
                    0 1 0,
                    0 1 0,
                    -0 -0 -1,
                    -0 -0 -1,
                    -0 -0 -1,
                    -0 -0 -1

                  ]
                }
                coordIndex [
                  2 1 3 -1 
                  2 0 1 -1 
                  0 4 5 -1 
                  1 5 22 -1 
                  11 12 6 -1 
                  11 7 23 -1 
                  11 23 8 -1 
                  10 8 9 -1 
                  11 6 7 -1 
                  11 8 10 -1 
                  12 22 6 -1 
                  24 22 12 -1 
                  1 0 5 -1 
                  1 22 24 -1 
                  13 24 12 -1 
                  25 1 24 -1 
                  25 24 13 -1 
                  3 1 25 -1 
                  4 2 14 -1 
                  4 0 2 -1 
                  19 16 18 -1 
                  2 15 14 -1 
                  3 15 2 -1 
                  27 15 3 -1 
                  21 13 16 -1 
                  18 16 17 -1 
                  26 16 19 -1 
                  20 16 26 -1 
                  27 25 13 -1 
                  21 16 20 -1 
                  27 3 25 -1 
                  27 13 21 -1 
                  14 15 5 -1 
                  14 5 4 -1 
                  22 5 15 -1 
                  27 22 15 -1 
                  21 6 22 -1 
                  27 21 22 -1 
                  6 20 7 -1 
                  6 21 20 -1 
                  26 7 20 -1 
                  23 26 8 -1 
                  8 26 19 -1 
                  23 7 26 -1 
                  19 9 8 -1 
                  18 9 19 -1 
                  12 11 16 -1 
                  12 16 13 -1 
                  17 10 18 -1 
                  9 18 10 -1 
                  16 11 10 -1 
                  17 16 10 -1 
                ]
                normalIndex [
                  2 0 3 -1 
                  2 1 0 -1 
                  17 4 5 -1 
                  16 5 6 -1 
                  13 14 7 -1 
                  13 8 9 -1 
                  13 9 10 -1 
                  12 10 11 -1 
                  13 7 8 -1 
                  13 10 12 -1 
                  14 6 7 -1 
                  15 6 14 -1 
                  16 17 5 -1 
                  16 6 15 -1 
                  21 19 20 -1 
                  22 18 19 -1 
                  22 19 21 -1 
                  23 18 22 -1 
                  26 24 27 -1 
                  26 25 24 -1 
                  37 34 36 -1 
                  30 28 29 -1 
                  31 28 30 -1 
                  41 28 31 -1 
                  40 33 34 -1 
                  36 34 35 -1 
                  38 34 37 -1 
                  39 34 38 -1 
                  41 32 33 -1 
                  40 34 39 -1 
                  41 31 32 -1 
                  41 33 40 -1 
                  44 45 42 -1 
                  44 42 43 -1 
                  48 47 46 -1 
                  51 48 46 -1 
                  50 49 48 -1 
                  51 50 48 -1 
                  54 52 55 -1 
                  54 53 52 -1 
                  58 56 57 -1 
                  61 58 60 -1 
                  60 58 59 -1 
                  61 56 58 -1 
                  64 62 63 -1 
                  65 62 64 -1 
                  68 69 66 -1 
                  68 66 67 -1 
                  71 72 70 -1 
                  73 70 72 -1 
                  76 75 74 -1 
                  77 76 74 -1 
                ]
              }
            }
            DEF PinsArrayTB_13 Shape {
              appearance DEF __259 Appearance {
                material DEF __260 Material {
                  ambientIntensity 0.260947436094
                  diffuseColor 0.73400002718 0.773000001907 0.79699999094
                  shininess 0
                }
              }
              geometry DEF __261 IndexedFaceSet {
                solid FALSE
                coord Coordinate {
                  point [
                    -0.00311 0.0075983891888 0,
                    -0.00311 0.008 0,
                    -0.00289 0.0075983891888 0,
                    -0.00289 0.008 0,
                    -0.00311 0.0076467783776 0.00011,
                    -0.00311 0.008 0.00011,
                    -0.00311 0.00751730223337 3.56702908631e-05,
                    -0.00311 0.00703269776662 0.000564329709137,
                    -0.00311 0.007 0.000564329709137,
                    -0.00311 0.007 0.000674329709137,
                    -0.00311 0.00703269776662 0.000674329709137,
                    -0.00311 0.00711378472205 0.000638659418274,
                    -0.00311 0.00756569142217 0.000145670290863,
                    -0.00289 0.00751730223337 3.56702908631e-05,
                    -0.00289 0.008 0.00011,
                    -0.00289 0.0076467783776 0.00011,
                    -0.00289 0.00756569142217 0.000145670290863,
                    -0.00289 0.00711378472205 0.000638659418274,
                    -0.00289 0.00703269776662 0.000674329709137,
                    -0.00289 0.007 0.000674329709137,
                    -0.00289 0.007 0.000564329709137,
                    -0.00289 0.00703269776662 0.000564329709137,
                    -0.00311 0.00755409623228 9.31169878032e-06,
                    -0.00311 0.00707699072315 0.000665018010357,
                    -0.00311 0.00760248542107 0.00011931169878,
                    -0.00289 0.00755409623228 9.31169878032e-06,
                    -0.00289 0.00760248542107 0.00011931169878,
                    -0.00289 0.00707699072315 0.000665018010357

                  ]
                }
                normal Normal {
                  vector [
                    -0 -0 -1,
                    -0 -0 -1,
                    -0 -0 -1,
                    -0 -0 -1,
                    -1 -8.9457333e-29 -9.830337e-29,
                    -1 -8.9457333e-29 -9.830337e-29,
                    -1 -8.9457333e-29 -9.830337e-29,
                    -1 -8.9457333e-29 -9.830337e-29,
                    -1 -8.9457333e-29 -9.830337e-29,
                    -1 -8.9457333e-29 -9.830337e-29,
                    -1 -8.9457333e-29 -9.830337e-29,
                    -1 -8.9457333e-29 -9.830337e-29,
                    -1 -8.9457333e-29 -9.830337e-29,
                    -1 -8.9457333e-29 -9.830337e-29,
                    -1 -8.9457333e-29 -9.830337e-29,
                    -1 -8.9457333e-29 -9.830337e-29,
                    -1 -8.9457333e-29 -9.830337e-29,
                    -1 -8.9457333e-29 -9.830337e-29,
                    0 0 -1,
                    0 0 -1,
                    0 -0.40266323 -0.91534817,
                    0 -0.73715413 -0.67572463,
                    0 -0.73715413 -0.67572463,
                    0 -0.40266323 -0.91534817,
                    0 1 0,
                    0 1 0,
                    0 1 0,
                    0 1 0,
                    1 0 0,
                    1 0 0,
                    1 0 0,
                    1 0 0,
                    1 0 0,
                    1 0 0,
                    1 0 0,
                    1 0 0,
                    1 0 0,
                    1 0 0,
                    1 0 0,
                    1 0 0,
                    1 0 0,
                    1 0 0,
                    0 0 1,
                    0 0 1,
                    0 0 1,
                    0 0 1,
                    -0 -0 1,
                    -0 0.40266323 0.91534817,
                    -0 0.73715413 0.67572463,
                    -0 0.73715413 0.67572463,
                    -0 0.40266323 0.91534817,
                    -0 -0 1,
                    0 0.73715413 0.67572463,
                    0 0.73715413 0.67572463,
                    0 0.73715413 0.67572463,
                    0 0.73715413 0.67572463,
                    0 0.73715413 0.67572463,
                    0 0.40266323 0.91534817,
                    0 8.2245322e-13 1,
                    0 4.0945025e-13 1,
                    0 0.40266323 0.91534817,
                    0 0.73715413 0.67572463,
                    0 0 1,
                    0 0 1,
                    0 0 1,
                    0 0 1,
                    -0 -0.73715413 -0.67572463,
                    -0 -0.73715413 -0.67572463,
                    -0 -0.73715413 -0.67572463,
                    -0 -0.73715413 -0.67572463,
                    -0 -1 -0,
                    -0 -1 -0,
                    -0 -1 -0,
                    -0 -1 -0,
                    -0 -0 -1,
                    -0 -0 -1,
                    -0 -0 -1,
                    -0 -0 -1

                  ]
                }
                coordIndex [
                  2 1 3 -1 
                  2 0 1 -1 
                  1 0 4 -1 
                  1 4 5 -1 
                  24 4 0 -1 
                  12 7 11 -1 
                  8 9 7 -1 
                  12 6 7 -1 
                  10 7 9 -1 
                  23 7 10 -1 
                  11 7 23 -1 
                  24 22 6 -1 
                  24 0 22 -1 
                  24 6 12 -1 
                  25 0 2 -1 
                  22 25 6 -1 
                  6 25 13 -1 
                  22 0 25 -1 
                  5 14 3 -1 
                  5 3 1 -1 
                  3 14 15 -1 
                  16 13 26 -1 
                  21 13 16 -1 
                  21 17 27 -1 
                  21 27 18 -1 
                  20 18 19 -1 
                  21 16 17 -1 
                  21 18 20 -1 
                  2 15 26 -1 
                  25 26 13 -1 
                  2 26 25 -1 
                  3 15 2 -1 
                  15 14 5 -1 
                  15 5 4 -1 
                  12 16 26 -1 
                  24 26 15 -1 
                  24 12 26 -1 
                  4 24 15 -1 
                  12 11 17 -1 
                  12 17 16 -1 
                  18 23 10 -1 
                  27 11 23 -1 
                  27 23 18 -1 
                  17 11 27 -1 
                  19 10 9 -1 
                  18 10 19 -1 
                  6 21 7 -1 
                  6 13 21 -1 
                  9 20 19 -1 
                  9 8 20 -1 
                  20 8 7 -1 
                  21 20 7 -1 
                ]
                normalIndex [
                  2 0 3 -1 
                  2 1 0 -1 
                  6 7 4 -1 
                  6 4 5 -1 
                  17 4 7 -1 
                  16 10 15 -1 
                  11 12 10 -1 
                  16 9 10 -1 
                  13 10 12 -1 
                  14 10 13 -1 
                  15 10 14 -1 
                  17 8 9 -1 
                  17 7 8 -1 
                  17 9 16 -1 
                  20 18 19 -1 
                  23 20 22 -1 
                  22 20 21 -1 
                  23 18 20 -1 
                  26 27 24 -1 
                  26 24 25 -1 
                  41 28 29 -1 
                  31 38 30 -1 
                  37 38 31 -1 
                  37 32 33 -1 
                  37 33 34 -1 
                  36 34 35 -1 
                  37 31 32 -1 
                  37 34 36 -1 
                  40 29 30 -1 
                  39 30 38 -1 
                  40 30 39 -1 
                  41 29 40 -1 
                  44 45 42 -1 
                  44 42 43 -1 
                  49 48 47 -1 
                  50 47 46 -1 
                  50 49 47 -1 
                  51 50 46 -1 
                  54 55 52 -1 
                  54 52 53 -1 
                  59 57 58 -1 
                  60 56 57 -1 
                  60 57 59 -1 
                  61 56 60 -1 
                  64 62 63 -1 
                  65 62 64 -1 
                  68 66 69 -1 
                  68 67 66 -1 
                  72 70 73 -1 
                  72 71 70 -1 
                  76 75 74 -1 
                  77 76 74 -1 
                ]
              }
            }
            DEF PinsArrayTB_14 Shape {
              appearance DEF __263 Appearance {
                material DEF __264 Material {
                  ambientIntensity 0.260947436094
                  diffuseColor 0.73400002718 0.773000001907 0.79699999094
                  shininess 0
                }
              }
              geometry DEF __265 IndexedFaceSet {
                solid FALSE
                coord Coordinate {
                  point [
                    -0.00311 -0.008 0,
                    -0.00311 -0.0075983891888 0,
                    -0.00289 -0.008 0,
                    -0.00289 -0.0075983891888 0,
                    -0.00311 -0.008 0.00011,
                    -0.00311 -0.0076467783776 0.00011,
                    -0.00311 -0.00756569142217 0.000145670290863,
                    -0.00311 -0.00711378472205 0.000638659418274,
                    -0.00311 -0.00703269776662 0.000674329709137,
                    -0.00311 -0.007 0.000674329709137,
                    -0.00311 -0.007 0.000564329709137,
                    -0.00311 -0.00703269776662 0.000564329709137,
                    -0.00311 -0.00751730223337 3.56702908631e-05,
                    -0.00289 -0.00751730223337 3.56702908631e-05,
                    -0.00289 -0.008 0.00011,
                    -0.00289 -0.0076467783776 0.00011,
                    -0.00289 -0.00703269776662 0.000564329709137,
                    -0.00289 -0.007 0.000564329709137,
                    -0.00289 -0.007 0.000674329709137,
                    -0.00289 -0.00703269776662 0.000674329709137,
                    -0.00289 -0.00711378472205 0.000638659418274,
                    -0.00289 -0.00756569142217 0.000145670290863,
                    -0.00311 -0.00760248542107 0.00011931169878,
                    -0.00311 -0.00707699072315 0.000665018010357,
                    -0.00311 -0.00755409623228 9.31169878032e-06,
                    -0.00289 -0.00755409623228 9.31169878033e-06,
                    -0.00289 -0.00707699072315 0.000665018010357,
                    -0.00289 -0.00760248542107 0.00011931169878

                  ]
                }
                normal Normal {
                  vector [
                    -0 -0 -1,
                    -0 -0 -1,
                    -0 -0 -1,
                    -0 -0 -1,
                    -1 1.558915e-28 -1.7244317e-28,
                    -1 1.558915e-28 -1.7244317e-28,
                    -1 1.558915e-28 -1.7244317e-28,
                    -1 1.558915e-28 -1.7244317e-28,
                    -1 1.558915e-28 -1.7244317e-28,
                    -1 1.558915e-28 -1.7244317e-28,
                    -1 1.558915e-28 -1.7244317e-28,
                    -1 1.558915e-28 -1.7244317e-28,
                    -1 1.558915e-28 -1.7244317e-28,
                    -1 1.558915e-28 -1.7244317e-28,
                    -1 1.558915e-28 -1.7244317e-28,
                    -1 1.558915e-28 -1.7244317e-28,
                    -1 1.558915e-28 -1.7244317e-28,
                    -1 1.558915e-28 -1.7244317e-28,
                    0 -2.0694557e-13 -1,
                    0 0.40266323 -0.91534817,
                    0 0.73715413 -0.67572463,
                    0 0.73715413 -0.67572463,
                    0 0.40266323 -0.91534817,
                    0 0 -1,
                    -0 -1 -0,
                    -0 -1 -0,
                    -0 -1 -0,
                    -0 -1 -0,
                    1 -1.5637003e-28 1.7265799e-28,
                    1 -1.5637003e-28 1.7265799e-28,
                    1 -1.5637003e-28 1.7265799e-28,
                    1 -1.5637003e-28 1.7265799e-28,
                    1 -1.5637003e-28 1.7265799e-28,
                    1 -1.5637003e-28 1.7265799e-28,
                    1 -1.5637003e-28 1.7265799e-28,
                    1 -1.5637003e-28 1.7265799e-28,
                    1 -1.5637003e-28 1.7265799e-28,
                    1 -1.5637003e-28 1.7265799e-28,
                    1 -1.5637003e-28 1.7265799e-28,
                    1 -1.5637003e-28 1.7265799e-28,
                    1 -1.5637003e-28 1.7265799e-28,
                    1 -1.5637003e-28 1.7265799e-28,
                    0 0 1,
                    0 0 1,
                    0 0 1,
                    0 0 1,
                    -0 -0 1,
                    -0 -0 1,
                    -0 -0.40266323 0.91534817,
                    -0 -0.73715413 0.67572463,
                    -0 -0.73715413 0.67572463,
                    -0 -0.40266323 0.91534817,
                    -0 -0.73715413 0.67572463,
                    -0 -0.73715413 0.67572463,
                    -0 -0.73715413 0.67572463,
                    -0 -0.73715413 0.67572463,
                    0 -0.73715413 0.67572463,
                    0 -0.73715413 0.67572463,
                    0 -0.40266323 0.91534817,
                    0 -1.5454305e-12 1,
                    0 -4.0856207e-13 1,
                    0 -0.40266323 0.91534817,
                    0 0 1,
                    0 0 1,
                    0 0 1,
                    0 0 1,
                    0 0.73715413 -0.67572463,
                    0 0.73715413 -0.67572463,
                    0 0.73715413 -0.67572463,
                    0 0.73715413 -0.67572463,
                    0 1 0,
                    0 1 0,
                    0 1 0,
                    0 1 0,
                    -0 -0 -1,
                    -0 -0 -1,
                    -0 -0 -1,
                    -0 -0 -1

                  ]
                }
                coordIndex [
                  2 1 3 -1 
                  2 0 1 -1 
                  0 4 5 -1 
                  1 5 22 -1 
                  11 12 6 -1 
                  11 7 23 -1 
                  11 23 8 -1 
                  10 8 9 -1 
                  11 6 7 -1 
                  11 8 10 -1 
                  12 22 6 -1 
                  24 22 12 -1 
                  1 0 5 -1 
                  1 22 24 -1 
                  13 24 12 -1 
                  25 1 24 -1 
                  25 24 13 -1 
                  3 1 25 -1 
                  4 2 14 -1 
                  4 0 2 -1 
                  19 16 18 -1 
                  2 15 14 -1 
                  3 15 2 -1 
                  27 15 3 -1 
                  21 13 16 -1 
                  18 16 17 -1 
                  26 16 19 -1 
                  20 16 26 -1 
                  27 25 13 -1 
                  21 16 20 -1 
                  27 3 25 -1 
                  27 13 21 -1 
                  14 15 5 -1 
                  14 5 4 -1 
                  22 5 15 -1 
                  27 22 15 -1 
                  21 6 22 -1 
                  27 21 22 -1 
                  6 20 7 -1 
                  6 21 20 -1 
                  26 7 20 -1 
                  23 26 8 -1 
                  8 26 19 -1 
                  23 7 26 -1 
                  19 9 8 -1 
                  18 9 19 -1 
                  12 11 16 -1 
                  12 16 13 -1 
                  17 10 18 -1 
                  9 18 10 -1 
                  16 11 10 -1 
                  17 16 10 -1 
                ]
                normalIndex [
                  2 0 3 -1 
                  2 1 0 -1 
                  17 4 5 -1 
                  16 5 6 -1 
                  13 14 7 -1 
                  13 8 9 -1 
                  13 9 10 -1 
                  12 10 11 -1 
                  13 7 8 -1 
                  13 10 12 -1 
                  14 6 7 -1 
                  15 6 14 -1 
                  16 17 5 -1 
                  16 6 15 -1 
                  21 19 20 -1 
                  22 18 19 -1 
                  22 19 21 -1 
                  23 18 22 -1 
                  26 24 27 -1 
                  26 25 24 -1 
                  37 34 36 -1 
                  30 28 29 -1 
                  31 28 30 -1 
                  41 28 31 -1 
                  40 33 34 -1 
                  36 34 35 -1 
                  38 34 37 -1 
                  39 34 38 -1 
                  41 32 33 -1 
                  40 34 39 -1 
                  41 31 32 -1 
                  41 33 40 -1 
                  44 45 42 -1 
                  44 42 43 -1 
                  48 47 46 -1 
                  51 48 46 -1 
                  50 49 48 -1 
                  51 50 48 -1 
                  54 52 55 -1 
                  54 53 52 -1 
                  58 56 57 -1 
                  61 58 60 -1 
                  60 58 59 -1 
                  61 56 58 -1 
                  64 62 63 -1 
                  65 62 64 -1 
                  68 69 66 -1 
                  68 66 67 -1 
                  71 72 70 -1 
                  73 70 72 -1 
                  76 75 74 -1 
                  77 76 74 -1 
                ]
              }
            }
            DEF PinsArrayTB_15 Shape {
              appearance DEF __267 Appearance {
                material DEF __268 Material {
                  ambientIntensity 0.260947436094
                  diffuseColor 0.73400002718 0.773000001907 0.79699999094
                  shininess 0
                }
              }
              geometry DEF __269 IndexedFaceSet {
                solid FALSE
                coord Coordinate {
                  point [
                    -0.00261 0.0075983891888 0,
                    -0.00261 0.008 0,
                    -0.00239 0.0075983891888 0,
                    -0.00239 0.008 0,
                    -0.00261 0.0076467783776 0.00011,
                    -0.00261 0.008 0.00011,
                    -0.00261 0.00751730223337 3.56702908631e-05,
                    -0.00261 0.00703269776662 0.000564329709137,
                    -0.00261 0.007 0.000564329709137,
                    -0.00261 0.007 0.000674329709137,
                    -0.00261 0.00703269776662 0.000674329709137,
                    -0.00261 0.00711378472205 0.000638659418274,
                    -0.00261 0.00756569142217 0.000145670290863,
                    -0.00239 0.00751730223337 3.56702908631e-05,
                    -0.00239 0.008 0.00011,
                    -0.00239 0.0076467783776 0.00011,
                    -0.00239 0.00756569142217 0.000145670290863,
                    -0.00239 0.00711378472205 0.000638659418274,
                    -0.00239 0.00703269776662 0.000674329709137,
                    -0.00239 0.007 0.000674329709137,
                    -0.00239 0.007 0.000564329709137,
                    -0.00239 0.00703269776662 0.000564329709137,
                    -0.00261 0.00755409623228 9.31169878032e-06,
                    -0.00261 0.00707699072315 0.000665018010357,
                    -0.00261 0.00760248542107 0.00011931169878,
                    -0.00239 0.00755409623228 9.31169878032e-06,
                    -0.00239 0.00760248542107 0.00011931169878,
                    -0.00239 0.00707699072315 0.000665018010357

                  ]
                }
                normal Normal {
                  vector [
                    -0 -0 -1,
                    -0 -0 -1,
                    -0 -0 -1,
                    -0 -0 -1,
                    -1 -8.9457333e-29 -9.830337e-29,
                    -1 -8.9457333e-29 -9.830337e-29,
                    -1 -8.9457333e-29 -9.830337e-29,
                    -1 -8.9457333e-29 -9.830337e-29,
                    -1 -8.9457333e-29 -9.830337e-29,
                    -1 -8.9457333e-29 -9.830337e-29,
                    -1 -8.9457333e-29 -9.830337e-29,
                    -1 -8.9457333e-29 -9.830337e-29,
                    -1 -8.9457333e-29 -9.830337e-29,
                    -1 -8.9457333e-29 -9.830337e-29,
                    -1 -8.9457333e-29 -9.830337e-29,
                    -1 -8.9457333e-29 -9.830337e-29,
                    -1 -8.9457333e-29 -9.830337e-29,
                    -1 -8.9457333e-29 -9.830337e-29,
                    0 0 -1,
                    0 0 -1,
                    0 -0.40266323 -0.91534817,
                    0 -0.73715413 -0.67572463,
                    0 -0.73715413 -0.67572463,
                    0 -0.40266323 -0.91534817,
                    0 1 0,
                    0 1 0,
                    0 1 0,
                    0 1 0,
                    1 0 0,
                    1 0 0,
                    1 0 0,
                    1 0 0,
                    1 0 0,
                    1 0 0,
                    1 0 0,
                    1 0 0,
                    1 0 0,
                    1 0 0,
                    1 0 0,
                    1 0 0,
                    1 0 0,
                    1 0 0,
                    0 0 1,
                    0 0 1,
                    0 0 1,
                    0 0 1,
                    -0 -0 1,
                    -0 0.40266323 0.91534817,
                    -0 0.73715413 0.67572463,
                    -0 0.73715413 0.67572463,
                    -0 0.40266323 0.91534817,
                    -0 -0 1,
                    0 0.73715413 0.67572463,
                    0 0.73715413 0.67572463,
                    0 0.73715413 0.67572463,
                    0 0.73715413 0.67572463,
                    0 0.73715413 0.67572463,
                    0 0.40266323 0.91534817,
                    0 8.2245322e-13 1,
                    0 4.0945025e-13 1,
                    0 0.40266323 0.91534817,
                    0 0.73715413 0.67572463,
                    0 0 1,
                    0 0 1,
                    0 0 1,
                    0 0 1,
                    -0 -0.73715413 -0.67572463,
                    -0 -0.73715413 -0.67572463,
                    -0 -0.73715413 -0.67572463,
                    -0 -0.73715413 -0.67572463,
                    -0 -1 -0,
                    -0 -1 -0,
                    -0 -1 -0,
                    -0 -1 -0,
                    -0 -0 -1,
                    -0 -0 -1,
                    -0 -0 -1,
                    -0 -0 -1

                  ]
                }
                coordIndex [
                  2 1 3 -1 
                  2 0 1 -1 
                  1 0 4 -1 
                  1 4 5 -1 
                  24 4 0 -1 
                  12 7 11 -1 
                  8 9 7 -1 
                  12 6 7 -1 
                  10 7 9 -1 
                  23 7 10 -1 
                  11 7 23 -1 
                  24 22 6 -1 
                  24 0 22 -1 
                  24 6 12 -1 
                  25 0 2 -1 
                  22 25 6 -1 
                  6 25 13 -1 
                  22 0 25 -1 
                  5 14 3 -1 
                  5 3 1 -1 
                  3 14 15 -1 
                  16 13 26 -1 
                  21 13 16 -1 
                  21 17 27 -1 
                  21 27 18 -1 
                  20 18 19 -1 
                  21 16 17 -1 
                  21 18 20 -1 
                  2 15 26 -1 
                  25 26 13 -1 
                  2 26 25 -1 
                  3 15 2 -1 
                  15 14 5 -1 
                  15 5 4 -1 
                  12 16 26 -1 
                  24 26 15 -1 
                  24 12 26 -1 
                  4 24 15 -1 
                  12 11 17 -1 
                  12 17 16 -1 
                  18 23 10 -1 
                  27 11 23 -1 
                  27 23 18 -1 
                  17 11 27 -1 
                  19 10 9 -1 
                  18 10 19 -1 
                  6 21 7 -1 
                  6 13 21 -1 
                  9 20 19 -1 
                  9 8 20 -1 
                  20 8 7 -1 
                  21 20 7 -1 
                ]
                normalIndex [
                  2 0 3 -1 
                  2 1 0 -1 
                  6 7 4 -1 
                  6 4 5 -1 
                  17 4 7 -1 
                  16 10 15 -1 
                  11 12 10 -1 
                  16 9 10 -1 
                  13 10 12 -1 
                  14 10 13 -1 
                  15 10 14 -1 
                  17 8 9 -1 
                  17 7 8 -1 
                  17 9 16 -1 
                  20 18 19 -1 
                  23 20 22 -1 
                  22 20 21 -1 
                  23 18 20 -1 
                  26 27 24 -1 
                  26 24 25 -1 
                  41 28 29 -1 
                  31 38 30 -1 
                  37 38 31 -1 
                  37 32 33 -1 
                  37 33 34 -1 
                  36 34 35 -1 
                  37 31 32 -1 
                  37 34 36 -1 
                  40 29 30 -1 
                  39 30 38 -1 
                  40 30 39 -1 
                  41 29 40 -1 
                  44 45 42 -1 
                  44 42 43 -1 
                  49 48 47 -1 
                  50 47 46 -1 
                  50 49 47 -1 
                  51 50 46 -1 
                  54 55 52 -1 
                  54 52 53 -1 
                  59 57 58 -1 
                  60 56 57 -1 
                  60 57 59 -1 
                  61 56 60 -1 
                  64 62 63 -1 
                  65 62 64 -1 
                  68 66 69 -1 
                  68 67 66 -1 
                  72 70 73 -1 
                  72 71 70 -1 
                  76 75 74 -1 
                  77 76 74 -1 
                ]
              }
            }
            DEF PinsArrayTB_16 Shape {
              appearance DEF __271 Appearance {
                material DEF __272 Material {
                  ambientIntensity 0.260947436094
                  diffuseColor 0.73400002718 0.773000001907 0.79699999094
                  shininess 0
                }
              }
              geometry DEF __273 IndexedFaceSet {
                solid FALSE
                coord Coordinate {
                  point [
                    -0.00261 -0.008 0,
                    -0.00261 -0.0075983891888 0,
                    -0.00239 -0.008 0,
                    -0.00239 -0.0075983891888 0,
                    -0.00261 -0.008 0.00011,
                    -0.00261 -0.0076467783776 0.00011,
                    -0.00261 -0.00756569142217 0.000145670290863,
                    -0.00261 -0.00711378472205 0.000638659418274,
                    -0.00261 -0.00703269776662 0.000674329709137,
                    -0.00261 -0.007 0.000674329709137,
                    -0.00261 -0.007 0.000564329709137,
                    -0.00261 -0.00703269776662 0.000564329709137,
                    -0.00261 -0.00751730223337 3.56702908631e-05,
                    -0.00239 -0.00751730223337 3.56702908631e-05,
                    -0.00239 -0.008 0.00011,
                    -0.00239 -0.0076467783776 0.00011,
                    -0.00239 -0.00703269776662 0.000564329709137,
                    -0.00239 -0.007 0.000564329709137,
                    -0.00239 -0.007 0.000674329709137,
                    -0.00239 -0.00703269776662 0.000674329709137,
                    -0.00239 -0.00711378472205 0.000638659418274,
                    -0.00239 -0.00756569142217 0.000145670290863,
                    -0.00261 -0.00760248542107 0.00011931169878,
                    -0.00261 -0.00707699072315 0.000665018010357,
                    -0.00261 -0.00755409623228 9.31169878032e-06,
                    -0.00239 -0.00755409623228 9.31169878033e-06,
                    -0.00239 -0.00707699072315 0.000665018010357,
                    -0.00239 -0.00760248542107 0.00011931169878

                  ]
                }
                normal Normal {
                  vector [
                    -0 -0 -1,
                    -0 -0 -1,
                    -0 -0 -1,
                    -0 -0 -1,
                    -1 1.558915e-28 -1.7244317e-28,
                    -1 1.558915e-28 -1.7244317e-28,
                    -1 1.558915e-28 -1.7244317e-28,
                    -1 1.558915e-28 -1.7244317e-28,
                    -1 1.558915e-28 -1.7244317e-28,
                    -1 1.558915e-28 -1.7244317e-28,
                    -1 1.558915e-28 -1.7244317e-28,
                    -1 1.558915e-28 -1.7244317e-28,
                    -1 1.558915e-28 -1.7244317e-28,
                    -1 1.558915e-28 -1.7244317e-28,
                    -1 1.558915e-28 -1.7244317e-28,
                    -1 1.558915e-28 -1.7244317e-28,
                    -1 1.558915e-28 -1.7244317e-28,
                    -1 1.558915e-28 -1.7244317e-28,
                    0 -2.0694557e-13 -1,
                    0 0.40266323 -0.91534817,
                    0 0.73715413 -0.67572463,
                    0 0.73715413 -0.67572463,
                    0 0.40266323 -0.91534817,
                    0 0 -1,
                    -0 -1 -0,
                    -0 -1 -0,
                    -0 -1 -0,
                    -0 -1 -0,
                    1 -1.5637003e-28 1.7265799e-28,
                    1 -1.5637003e-28 1.7265799e-28,
                    1 -1.5637003e-28 1.7265799e-28,
                    1 -1.5637003e-28 1.7265799e-28,
                    1 -1.5637003e-28 1.7265799e-28,
                    1 -1.5637003e-28 1.7265799e-28,
                    1 -1.5637003e-28 1.7265799e-28,
                    1 -1.5637003e-28 1.7265799e-28,
                    1 -1.5637003e-28 1.7265799e-28,
                    1 -1.5637003e-28 1.7265799e-28,
                    1 -1.5637003e-28 1.7265799e-28,
                    1 -1.5637003e-28 1.7265799e-28,
                    1 -1.5637003e-28 1.7265799e-28,
                    1 -1.5637003e-28 1.7265799e-28,
                    0 0 1,
                    0 0 1,
                    0 0 1,
                    0 0 1,
                    -0 -0 1,
                    -0 -0 1,
                    -0 -0.40266323 0.91534817,
                    -0 -0.73715413 0.67572463,
                    -0 -0.73715413 0.67572463,
                    -0 -0.40266323 0.91534817,
                    -0 -0.73715413 0.67572463,
                    -0 -0.73715413 0.67572463,
                    -0 -0.73715413 0.67572463,
                    -0 -0.73715413 0.67572463,
                    0 -0.73715413 0.67572463,
                    0 -0.73715413 0.67572463,
                    0 -0.40266323 0.91534817,
                    0 -1.5454305e-12 1,
                    0 -4.0856207e-13 1,
                    0 -0.40266323 0.91534817,
                    0 0 1,
                    0 0 1,
                    0 0 1,
                    0 0 1,
                    0 0.73715413 -0.67572463,
                    0 0.73715413 -0.67572463,
                    0 0.73715413 -0.67572463,
                    0 0.73715413 -0.67572463,
                    0 1 0,
                    0 1 0,
                    0 1 0,
                    0 1 0,
                    -0 -0 -1,
                    -0 -0 -1,
                    -0 -0 -1,
                    -0 -0 -1

                  ]
                }
                coordIndex [
                  2 1 3 -1 
                  2 0 1 -1 
                  0 4 5 -1 
                  1 5 22 -1 
                  11 12 6 -1 
                  11 7 23 -1 
                  11 23 8 -1 
                  10 8 9 -1 
                  11 6 7 -1 
                  11 8 10 -1 
                  12 22 6 -1 
                  24 22 12 -1 
                  1 0 5 -1 
                  1 22 24 -1 
                  13 24 12 -1 
                  25 1 24 -1 
                  25 24 13 -1 
                  3 1 25 -1 
                  4 2 14 -1 
                  4 0 2 -1 
                  19 16 18 -1 
                  2 15 14 -1 
                  3 15 2 -1 
                  27 15 3 -1 
                  21 13 16 -1 
                  18 16 17 -1 
                  26 16 19 -1 
                  20 16 26 -1 
                  27 25 13 -1 
                  21 16 20 -1 
                  27 3 25 -1 
                  27 13 21 -1 
                  14 15 5 -1 
                  14 5 4 -1 
                  22 5 15 -1 
                  27 22 15 -1 
                  21 6 22 -1 
                  27 21 22 -1 
                  6 20 7 -1 
                  6 21 20 -1 
                  26 7 20 -1 
                  23 26 8 -1 
                  8 26 19 -1 
                  23 7 26 -1 
                  19 9 8 -1 
                  18 9 19 -1 
                  12 11 16 -1 
                  12 16 13 -1 
                  17 10 18 -1 
                  9 18 10 -1 
                  16 11 10 -1 
                  17 16 10 -1 
                ]
                normalIndex [
                  2 0 3 -1 
                  2 1 0 -1 
                  17 4 5 -1 
                  16 5 6 -1 
                  13 14 7 -1 
                  13 8 9 -1 
                  13 9 10 -1 
                  12 10 11 -1 
                  13 7 8 -1 
                  13 10 12 -1 
                  14 6 7 -1 
                  15 6 14 -1 
                  16 17 5 -1 
                  16 6 15 -1 
                  21 19 20 -1 
                  22 18 19 -1 
                  22 19 21 -1 
                  23 18 22 -1 
                  26 24 27 -1 
                  26 25 24 -1 
                  37 34 36 -1 
                  30 28 29 -1 
                  31 28 30 -1 
                  41 28 31 -1 
                  40 33 34 -1 
                  36 34 35 -1 
                  38 34 37 -1 
                  39 34 38 -1 
                  41 32 33 -1 
                  40 34 39 -1 
                  41 31 32 -1 
                  41 33 40 -1 
                  44 45 42 -1 
                  44 42 43 -1 
                  48 47 46 -1 
                  51 48 46 -1 
                  50 49 48 -1 
                  51 50 48 -1 
                  54 52 55 -1 
                  54 53 52 -1 
                  58 56 57 -1 
                  61 58 60 -1 
                  60 58 59 -1 
                  61 56 58 -1 
                  64 62 63 -1 
                  65 62 64 -1 
                  68 69 66 -1 
                  68 66 67 -1 
                  71 72 70 -1 
                  73 70 72 -1 
                  76 75 74 -1 
                  77 76 74 -1 
                ]
              }
            }
            DEF PinsArrayTB_17 Shape {
              appearance DEF __275 Appearance {
                material DEF __276 Material {
                  ambientIntensity 0.260947436094
                  diffuseColor 0.73400002718 0.773000001907 0.79699999094
                  shininess 0
                }
              }
              geometry DEF __277 IndexedFaceSet {
                solid FALSE
                coord Coordinate {
                  point [
                    -0.00211 0.0075983891888 0,
                    -0.00211 0.008 0,
                    -0.00189 0.0075983891888 0,
                    -0.00189 0.008 0,
                    -0.00211 0.0076467783776 0.00011,
                    -0.00211 0.008 0.00011,
                    -0.00211 0.00751730223337 3.56702908631e-05,
                    -0.00211 0.00703269776662 0.000564329709137,
                    -0.00211 0.007 0.000564329709137,
                    -0.00211 0.007 0.000674329709137,
                    -0.00211 0.00703269776662 0.000674329709137,
                    -0.00211 0.00711378472205 0.000638659418274,
                    -0.00211 0.00756569142217 0.000145670290863,
                    -0.00189 0.00751730223337 3.56702908631e-05,
                    -0.00189 0.008 0.00011,
                    -0.00189 0.0076467783776 0.00011,
                    -0.00189 0.00756569142217 0.000145670290863,
                    -0.00189 0.00711378472205 0.000638659418274,
                    -0.00189 0.00703269776662 0.000674329709137,
                    -0.00189 0.007 0.000674329709137,
                    -0.00189 0.007 0.000564329709137,
                    -0.00189 0.00703269776662 0.000564329709137,
                    -0.00211 0.00755409623228 9.31169878032e-06,
                    -0.00211 0.00707699072315 0.000665018010357,
                    -0.00211 0.00760248542107 0.00011931169878,
                    -0.00189 0.00755409623228 9.31169878032e-06,
                    -0.00189 0.00760248542107 0.00011931169878,
                    -0.00189 0.00707699072315 0.000665018010357

                  ]
                }
                normal Normal {
                  vector [
                    -0 -0 -1,
                    -0 -0 -1,
                    -0 -0 -1,
                    -0 -0 -1,
                    -1 -8.9457333e-29 -9.830337e-29,
                    -1 -8.9457333e-29 -9.830337e-29,
                    -1 -8.9457333e-29 -9.830337e-29,
                    -1 -8.9457333e-29 -9.830337e-29,
                    -1 -8.9457333e-29 -9.830337e-29,
                    -1 -8.9457333e-29 -9.830337e-29,
                    -1 -8.9457333e-29 -9.830337e-29,
                    -1 -8.9457333e-29 -9.830337e-29,
                    -1 -8.9457333e-29 -9.830337e-29,
                    -1 -8.9457333e-29 -9.830337e-29,
                    -1 -8.9457333e-29 -9.830337e-29,
                    -1 -8.9457333e-29 -9.830337e-29,
                    -1 -8.9457333e-29 -9.830337e-29,
                    -1 -8.9457333e-29 -9.830337e-29,
                    0 0 -1,
                    0 0 -1,
                    0 -0.40266323 -0.91534817,
                    0 -0.73715413 -0.67572463,
                    0 -0.73715413 -0.67572463,
                    0 -0.40266323 -0.91534817,
                    0 1 0,
                    0 1 0,
                    0 1 0,
                    0 1 0,
                    1 0 0,
                    1 0 0,
                    1 0 0,
                    1 0 0,
                    1 0 0,
                    1 0 0,
                    1 0 0,
                    1 0 0,
                    1 0 0,
                    1 0 0,
                    1 0 0,
                    1 0 0,
                    1 0 0,
                    1 0 0,
                    0 0 1,
                    0 0 1,
                    0 0 1,
                    0 0 1,
                    -0 -0 1,
                    -0 0.40266323 0.91534817,
                    -0 0.73715413 0.67572463,
                    -0 0.73715413 0.67572463,
                    -0 0.40266323 0.91534817,
                    -0 -0 1,
                    0 0.73715413 0.67572463,
                    0 0.73715413 0.67572463,
                    0 0.73715413 0.67572463,
                    0 0.73715413 0.67572463,
                    0 0.73715413 0.67572463,
                    0 0.40266323 0.91534817,
                    0 8.2245322e-13 1,
                    0 4.0945025e-13 1,
                    0 0.40266323 0.91534817,
                    0 0.73715413 0.67572463,
                    0 0 1,
                    0 0 1,
                    0 0 1,
                    0 0 1,
                    -0 -0.73715413 -0.67572463,
                    -0 -0.73715413 -0.67572463,
                    -0 -0.73715413 -0.67572463,
                    -0 -0.73715413 -0.67572463,
                    -0 -1 -0,
                    -0 -1 -0,
                    -0 -1 -0,
                    -0 -1 -0,
                    -0 -0 -1,
                    -0 -0 -1,
                    -0 -0 -1,
                    -0 -0 -1

                  ]
                }
                coordIndex [
                  2 1 3 -1 
                  2 0 1 -1 
                  1 0 4 -1 
                  1 4 5 -1 
                  24 4 0 -1 
                  12 7 11 -1 
                  8 9 7 -1 
                  12 6 7 -1 
                  10 7 9 -1 
                  23 7 10 -1 
                  11 7 23 -1 
                  24 22 6 -1 
                  24 0 22 -1 
                  24 6 12 -1 
                  25 0 2 -1 
                  22 25 6 -1 
                  6 25 13 -1 
                  22 0 25 -1 
                  5 14 3 -1 
                  5 3 1 -1 
                  3 14 15 -1 
                  16 13 26 -1 
                  21 13 16 -1 
                  21 17 27 -1 
                  21 27 18 -1 
                  20 18 19 -1 
                  21 16 17 -1 
                  21 18 20 -1 
                  2 15 26 -1 
                  25 26 13 -1 
                  2 26 25 -1 
                  3 15 2 -1 
                  15 14 5 -1 
                  15 5 4 -1 
                  12 16 26 -1 
                  24 26 15 -1 
                  24 12 26 -1 
                  4 24 15 -1 
                  12 11 17 -1 
                  12 17 16 -1 
                  18 23 10 -1 
                  27 11 23 -1 
                  27 23 18 -1 
                  17 11 27 -1 
                  19 10 9 -1 
                  18 10 19 -1 
                  6 21 7 -1 
                  6 13 21 -1 
                  9 20 19 -1 
                  9 8 20 -1 
                  20 8 7 -1 
                  21 20 7 -1 
                ]
                normalIndex [
                  2 0 3 -1 
                  2 1 0 -1 
                  6 7 4 -1 
                  6 4 5 -1 
                  17 4 7 -1 
                  16 10 15 -1 
                  11 12 10 -1 
                  16 9 10 -1 
                  13 10 12 -1 
                  14 10 13 -1 
                  15 10 14 -1 
                  17 8 9 -1 
                  17 7 8 -1 
                  17 9 16 -1 
                  20 18 19 -1 
                  23 20 22 -1 
                  22 20 21 -1 
                  23 18 20 -1 
                  26 27 24 -1 
                  26 24 25 -1 
                  41 28 29 -1 
                  31 38 30 -1 
                  37 38 31 -1 
                  37 32 33 -1 
                  37 33 34 -1 
                  36 34 35 -1 
                  37 31 32 -1 
                  37 34 36 -1 
                  40 29 30 -1 
                  39 30 38 -1 
                  40 30 39 -1 
                  41 29 40 -1 
                  44 45 42 -1 
                  44 42 43 -1 
                  49 48 47 -1 
                  50 47 46 -1 
                  50 49 47 -1 
                  51 50 46 -1 
                  54 55 52 -1 
                  54 52 53 -1 
                  59 57 58 -1 
                  60 56 57 -1 
                  60 57 59 -1 
                  61 56 60 -1 
                  64 62 63 -1 
                  65 62 64 -1 
                  68 66 69 -1 
                  68 67 66 -1 
                  72 70 73 -1 
                  72 71 70 -1 
                  76 75 74 -1 
                  77 76 74 -1 
                ]
              }
            }
            DEF PinsArrayTB_18 Shape {
              appearance DEF __279 Appearance {
                material DEF __280 Material {
                  ambientIntensity 0.260947436094
                  diffuseColor 0.73400002718 0.773000001907 0.79699999094
                  shininess 0
                }
              }
              geometry DEF __281 IndexedFaceSet {
                solid FALSE
                coord Coordinate {
                  point [
                    -0.00211 -0.008 0,
                    -0.00211 -0.0075983891888 0,
                    -0.00189 -0.008 0,
                    -0.00189 -0.0075983891888 0,
                    -0.00211 -0.008 0.00011,
                    -0.00211 -0.0076467783776 0.00011,
                    -0.00211 -0.00756569142217 0.000145670290863,
                    -0.00211 -0.00711378472205 0.000638659418274,
                    -0.00211 -0.00703269776662 0.000674329709137,
                    -0.00211 -0.007 0.000674329709137,
                    -0.00211 -0.007 0.000564329709137,
                    -0.00211 -0.00703269776662 0.000564329709137,
                    -0.00211 -0.00751730223337 3.56702908631e-05,
                    -0.00189 -0.00751730223337 3.56702908631e-05,
                    -0.00189 -0.008 0.00011,
                    -0.00189 -0.0076467783776 0.00011,
                    -0.00189 -0.00703269776662 0.000564329709137,
                    -0.00189 -0.007 0.000564329709137,
                    -0.00189 -0.007 0.000674329709137,
                    -0.00189 -0.00703269776662 0.000674329709137,
                    -0.00189 -0.00711378472205 0.000638659418274,
                    -0.00189 -0.00756569142217 0.000145670290863,
                    -0.00211 -0.00760248542107 0.00011931169878,
                    -0.00211 -0.00707699072315 0.000665018010357,
                    -0.00211 -0.00755409623228 9.31169878032e-06,
                    -0.00189 -0.00755409623228 9.31169878033e-06,
                    -0.00189 -0.00707699072315 0.000665018010357,
                    -0.00189 -0.00760248542107 0.00011931169878

                  ]
                }
                normal Normal {
                  vector [
                    -0 -0 -1,
                    -0 -0 -1,
                    -0 -0 -1,
                    -0 -0 -1,
                    -1 1.558915e-28 -1.7244317e-28,
                    -1 1.558915e-28 -1.7244317e-28,
                    -1 1.558915e-28 -1.7244317e-28,
                    -1 1.558915e-28 -1.7244317e-28,
                    -1 1.558915e-28 -1.7244317e-28,
                    -1 1.558915e-28 -1.7244317e-28,
                    -1 1.558915e-28 -1.7244317e-28,
                    -1 1.558915e-28 -1.7244317e-28,
                    -1 1.558915e-28 -1.7244317e-28,
                    -1 1.558915e-28 -1.7244317e-28,
                    -1 1.558915e-28 -1.7244317e-28,
                    -1 1.558915e-28 -1.7244317e-28,
                    -1 1.558915e-28 -1.7244317e-28,
                    -1 1.558915e-28 -1.7244317e-28,
                    0 -2.0694557e-13 -1,
                    0 0.40266323 -0.91534817,
                    0 0.73715413 -0.67572463,
                    0 0.73715413 -0.67572463,
                    0 0.40266323 -0.91534817,
                    0 0 -1,
                    -0 -1 -0,
                    -0 -1 -0,
                    -0 -1 -0,
                    -0 -1 -0,
                    1 -1.5637003e-28 1.7265799e-28,
                    1 -1.5637003e-28 1.7265799e-28,
                    1 -1.5637003e-28 1.7265799e-28,
                    1 -1.5637003e-28 1.7265799e-28,
                    1 -1.5637003e-28 1.7265799e-28,
                    1 -1.5637003e-28 1.7265799e-28,
                    1 -1.5637003e-28 1.7265799e-28,
                    1 -1.5637003e-28 1.7265799e-28,
                    1 -1.5637003e-28 1.7265799e-28,
                    1 -1.5637003e-28 1.7265799e-28,
                    1 -1.5637003e-28 1.7265799e-28,
                    1 -1.5637003e-28 1.7265799e-28,
                    1 -1.5637003e-28 1.7265799e-28,
                    1 -1.5637003e-28 1.7265799e-28,
                    0 0 1,
                    0 0 1,
                    0 0 1,
                    0 0 1,
                    -0 -0 1,
                    -0 -0 1,
                    -0 -0.40266323 0.91534817,
                    -0 -0.73715413 0.67572463,
                    -0 -0.73715413 0.67572463,
                    -0 -0.40266323 0.91534817,
                    -0 -0.73715413 0.67572463,
                    -0 -0.73715413 0.67572463,
                    -0 -0.73715413 0.67572463,
                    -0 -0.73715413 0.67572463,
                    0 -0.73715413 0.67572463,
                    0 -0.73715413 0.67572463,
                    0 -0.40266323 0.91534817,
                    0 -1.5454305e-12 1,
                    0 -4.0856207e-13 1,
                    0 -0.40266323 0.91534817,
                    0 0 1,
                    0 0 1,
                    0 0 1,
                    0 0 1,
                    0 0.73715413 -0.67572463,
                    0 0.73715413 -0.67572463,
                    0 0.73715413 -0.67572463,
                    0 0.73715413 -0.67572463,
                    0 1 0,
                    0 1 0,
                    0 1 0,
                    0 1 0,
                    -0 -0 -1,
                    -0 -0 -1,
                    -0 -0 -1,
                    -0 -0 -1

                  ]
                }
                coordIndex [
                  2 1 3 -1 
                  2 0 1 -1 
                  0 4 5 -1 
                  1 5 22 -1 
                  11 12 6 -1 
                  11 7 23 -1 
                  11 23 8 -1 
                  10 8 9 -1 
                  11 6 7 -1 
                  11 8 10 -1 
                  12 22 6 -1 
                  24 22 12 -1 
                  1 0 5 -1 
                  1 22 24 -1 
                  13 24 12 -1 
                  25 1 24 -1 
                  25 24 13 -1 
                  3 1 25 -1 
                  4 2 14 -1 
                  4 0 2 -1 
                  19 16 18 -1 
                  2 15 14 -1 
                  3 15 2 -1 
                  27 15 3 -1 
                  21 13 16 -1 
                  18 16 17 -1 
                  26 16 19 -1 
                  20 16 26 -1 
                  27 25 13 -1 
                  21 16 20 -1 
                  27 3 25 -1 
                  27 13 21 -1 
                  14 15 5 -1 
                  14 5 4 -1 
                  22 5 15 -1 
                  27 22 15 -1 
                  21 6 22 -1 
                  27 21 22 -1 
                  6 20 7 -1 
                  6 21 20 -1 
                  26 7 20 -1 
                  23 26 8 -1 
                  8 26 19 -1 
                  23 7 26 -1 
                  19 9 8 -1 
                  18 9 19 -1 
                  12 11 16 -1 
                  12 16 13 -1 
                  17 10 18 -1 
                  9 18 10 -1 
                  16 11 10 -1 
                  17 16 10 -1 
                ]
                normalIndex [
                  2 0 3 -1 
                  2 1 0 -1 
                  17 4 5 -1 
                  16 5 6 -1 
                  13 14 7 -1 
                  13 8 9 -1 
                  13 9 10 -1 
                  12 10 11 -1 
                  13 7 8 -1 
                  13 10 12 -1 
                  14 6 7 -1 
                  15 6 14 -1 
                  16 17 5 -1 
                  16 6 15 -1 
                  21 19 20 -1 
                  22 18 19 -1 
                  22 19 21 -1 
                  23 18 22 -1 
                  26 24 27 -1 
                  26 25 24 -1 
                  37 34 36 -1 
                  30 28 29 -1 
                  31 28 30 -1 
                  41 28 31 -1 
                  40 33 34 -1 
                  36 34 35 -1 
                  38 34 37 -1 
                  39 34 38 -1 
                  41 32 33 -1 
                  40 34 39 -1 
                  41 31 32 -1 
                  41 33 40 -1 
                  44 45 42 -1 
                  44 42 43 -1 
                  48 47 46 -1 
                  51 48 46 -1 
                  50 49 48 -1 
                  51 50 48 -1 
                  54 52 55 -1 
                  54 53 52 -1 
                  58 56 57 -1 
                  61 58 60 -1 
                  60 58 59 -1 
                  61 56 58 -1 
                  64 62 63 -1 
                  65 62 64 -1 
                  68 69 66 -1 
                  68 66 67 -1 
                  71 72 70 -1 
                  73 70 72 -1 
                  76 75 74 -1 
                  77 76 74 -1 
                ]
              }
            }
            DEF PinsArrayTB_19 Shape {
              appearance DEF __283 Appearance {
                material DEF __284 Material {
                  ambientIntensity 0.260947436094
                  diffuseColor 0.73400002718 0.773000001907 0.79699999094
                  shininess 0
                }
              }
              geometry DEF __285 IndexedFaceSet {
                solid FALSE
                coord Coordinate {
                  point [
                    -0.00161 0.0075983891888 0,
                    -0.00161 0.008 0,
                    -0.00139 0.0075983891888 0,
                    -0.00139 0.008 0,
                    -0.00161 0.0076467783776 0.00011,
                    -0.00161 0.008 0.00011,
                    -0.00161 0.00751730223337 3.56702908631e-05,
                    -0.00161 0.00703269776662 0.000564329709137,
                    -0.00161 0.007 0.000564329709137,
                    -0.00161 0.007 0.000674329709137,
                    -0.00161 0.00703269776662 0.000674329709137,
                    -0.00161 0.00711378472205 0.000638659418274,
                    -0.00161 0.00756569142217 0.000145670290863,
                    -0.00139 0.00751730223337 3.56702908631e-05,
                    -0.00139 0.008 0.00011,
                    -0.00139 0.0076467783776 0.00011,
                    -0.00139 0.00756569142217 0.000145670290863,
                    -0.00139 0.00711378472205 0.000638659418274,
                    -0.00139 0.00703269776662 0.000674329709137,
                    -0.00139 0.007 0.000674329709137,
                    -0.00139 0.007 0.000564329709137,
                    -0.00139 0.00703269776662 0.000564329709137,
                    -0.00161 0.00755409623228 9.31169878032e-06,
                    -0.00161 0.00707699072315 0.000665018010357,
                    -0.00161 0.00760248542107 0.00011931169878,
                    -0.00139 0.00755409623228 9.31169878032e-06,
                    -0.00139 0.00760248542107 0.00011931169878,
                    -0.00139 0.00707699072315 0.000665018010357

                  ]
                }
                normal Normal {
                  vector [
                    -0 -0 -1,
                    -0 -0 -1,
                    -0 -0 -1,
                    -0 -0 -1,
                    -1 -8.9457333e-29 -9.830337e-29,
                    -1 -8.9457333e-29 -9.830337e-29,
                    -1 -8.9457333e-29 -9.830337e-29,
                    -1 -8.9457333e-29 -9.830337e-29,
                    -1 -8.9457333e-29 -9.830337e-29,
                    -1 -8.9457333e-29 -9.830337e-29,
                    -1 -8.9457333e-29 -9.830337e-29,
                    -1 -8.9457333e-29 -9.830337e-29,
                    -1 -8.9457333e-29 -9.830337e-29,
                    -1 -8.9457333e-29 -9.830337e-29,
                    -1 -8.9457333e-29 -9.830337e-29,
                    -1 -8.9457333e-29 -9.830337e-29,
                    -1 -8.9457333e-29 -9.830337e-29,
                    -1 -8.9457333e-29 -9.830337e-29,
                    0 0 -1,
                    0 0 -1,
                    0 -0.40266323 -0.91534817,
                    0 -0.73715413 -0.67572463,
                    0 -0.73715413 -0.67572463,
                    0 -0.40266323 -0.91534817,
                    0 1 0,
                    0 1 0,
                    0 1 0,
                    0 1 0,
                    1 0 0,
                    1 0 0,
                    1 0 0,
                    1 0 0,
                    1 0 0,
                    1 0 0,
                    1 0 0,
                    1 0 0,
                    1 0 0,
                    1 0 0,
                    1 0 0,
                    1 0 0,
                    1 0 0,
                    1 0 0,
                    0 0 1,
                    0 0 1,
                    0 0 1,
                    0 0 1,
                    -0 -0 1,
                    -0 0.40266323 0.91534817,
                    -0 0.73715413 0.67572463,
                    -0 0.73715413 0.67572463,
                    -0 0.40266323 0.91534817,
                    -0 -0 1,
                    0 0.73715413 0.67572463,
                    0 0.73715413 0.67572463,
                    0 0.73715413 0.67572463,
                    0 0.73715413 0.67572463,
                    0 0.73715413 0.67572463,
                    0 0.40266323 0.91534817,
                    0 8.2245322e-13 1,
                    0 4.0945025e-13 1,
                    0 0.40266323 0.91534817,
                    0 0.73715413 0.67572463,
                    0 0 1,
                    0 0 1,
                    0 0 1,
                    0 0 1,
                    -0 -0.73715413 -0.67572463,
                    -0 -0.73715413 -0.67572463,
                    -0 -0.73715413 -0.67572463,
                    -0 -0.73715413 -0.67572463,
                    -0 -1 -0,
                    -0 -1 -0,
                    -0 -1 -0,
                    -0 -1 -0,
                    -0 -0 -1,
                    -0 -0 -1,
                    -0 -0 -1,
                    -0 -0 -1

                  ]
                }
                coordIndex [
                  2 1 3 -1 
                  2 0 1 -1 
                  1 0 4 -1 
                  1 4 5 -1 
                  24 4 0 -1 
                  12 7 11 -1 
                  8 9 7 -1 
                  12 6 7 -1 
                  10 7 9 -1 
                  23 7 10 -1 
                  11 7 23 -1 
                  24 22 6 -1 
                  24 0 22 -1 
                  24 6 12 -1 
                  25 0 2 -1 
                  22 25 6 -1 
                  6 25 13 -1 
                  22 0 25 -1 
                  5 14 3 -1 
                  5 3 1 -1 
                  3 14 15 -1 
                  16 13 26 -1 
                  21 13 16 -1 
                  21 17 27 -1 
                  21 27 18 -1 
                  20 18 19 -1 
                  21 16 17 -1 
                  21 18 20 -1 
                  2 15 26 -1 
                  25 26 13 -1 
                  2 26 25 -1 
                  3 15 2 -1 
                  15 14 5 -1 
                  15 5 4 -1 
                  12 16 26 -1 
                  24 26 15 -1 
                  24 12 26 -1 
                  4 24 15 -1 
                  12 11 17 -1 
                  12 17 16 -1 
                  18 23 10 -1 
                  27 11 23 -1 
                  27 23 18 -1 
                  17 11 27 -1 
                  19 10 9 -1 
                  18 10 19 -1 
                  6 21 7 -1 
                  6 13 21 -1 
                  9 20 19 -1 
                  9 8 20 -1 
                  20 8 7 -1 
                  21 20 7 -1 
                ]
                normalIndex [
                  2 0 3 -1 
                  2 1 0 -1 
                  6 7 4 -1 
                  6 4 5 -1 
                  17 4 7 -1 
                  16 10 15 -1 
                  11 12 10 -1 
                  16 9 10 -1 
                  13 10 12 -1 
                  14 10 13 -1 
                  15 10 14 -1 
                  17 8 9 -1 
                  17 7 8 -1 
                  17 9 16 -1 
                  20 18 19 -1 
                  23 20 22 -1 
                  22 20 21 -1 
                  23 18 20 -1 
                  26 27 24 -1 
                  26 24 25 -1 
                  41 28 29 -1 
                  31 38 30 -1 
                  37 38 31 -1 
                  37 32 33 -1 
                  37 33 34 -1 
                  36 34 35 -1 
                  37 31 32 -1 
                  37 34 36 -1 
                  40 29 30 -1 
                  39 30 38 -1 
                  40 30 39 -1 
                  41 29 40 -1 
                  44 45 42 -1 
                  44 42 43 -1 
                  49 48 47 -1 
                  50 47 46 -1 
                  50 49 47 -1 
                  51 50 46 -1 
                  54 55 52 -1 
                  54 52 53 -1 
                  59 57 58 -1 
                  60 56 57 -1 
                  60 57 59 -1 
                  61 56 60 -1 
                  64 62 63 -1 
                  65 62 64 -1 
                  68 66 69 -1 
                  68 67 66 -1 
                  72 70 73 -1 
                  72 71 70 -1 
                  76 75 74 -1 
                  77 76 74 -1 
                ]
              }
            }
            DEF PinsArrayTB_20 Shape {
              appearance DEF __287 Appearance {
                material DEF __288 Material {
                  ambientIntensity 0.260947436094
                  diffuseColor 0.73400002718 0.773000001907 0.79699999094
                  shininess 0
                }
              }
              geometry DEF __289 IndexedFaceSet {
                solid FALSE
                coord Coordinate {
                  point [
                    -0.00161 -0.008 0,
                    -0.00161 -0.0075983891888 0,
                    -0.00139 -0.008 0,
                    -0.00139 -0.0075983891888 0,
                    -0.00161 -0.008 0.00011,
                    -0.00161 -0.0076467783776 0.00011,
                    -0.00161 -0.00756569142217 0.000145670290863,
                    -0.00161 -0.00711378472205 0.000638659418274,
                    -0.00161 -0.00703269776662 0.000674329709137,
                    -0.00161 -0.007 0.000674329709137,
                    -0.00161 -0.007 0.000564329709137,
                    -0.00161 -0.00703269776662 0.000564329709137,
                    -0.00161 -0.00751730223337 3.56702908631e-05,
                    -0.00139 -0.00751730223337 3.56702908631e-05,
                    -0.00139 -0.008 0.00011,
                    -0.00139 -0.0076467783776 0.00011,
                    -0.00139 -0.00703269776662 0.000564329709137,
                    -0.00139 -0.007 0.000564329709137,
                    -0.00139 -0.007 0.000674329709137,
                    -0.00139 -0.00703269776662 0.000674329709137,
                    -0.00139 -0.00711378472205 0.000638659418274,
                    -0.00139 -0.00756569142217 0.000145670290863,
                    -0.00161 -0.00760248542107 0.00011931169878,
                    -0.00161 -0.00707699072315 0.000665018010357,
                    -0.00161 -0.00755409623228 9.31169878032e-06,
                    -0.00139 -0.00755409623228 9.31169878033e-06,
                    -0.00139 -0.00707699072315 0.000665018010357,
                    -0.00139 -0.00760248542107 0.00011931169878

                  ]
                }
                normal Normal {
                  vector [
                    -0 -0 -1,
                    -0 -0 -1,
                    -0 -0 -1,
                    -0 -0 -1,
                    -1 1.558915e-28 -1.7244317e-28,
                    -1 1.558915e-28 -1.7244317e-28,
                    -1 1.558915e-28 -1.7244317e-28,
                    -1 1.558915e-28 -1.7244317e-28,
                    -1 1.558915e-28 -1.7244317e-28,
                    -1 1.558915e-28 -1.7244317e-28,
                    -1 1.558915e-28 -1.7244317e-28,
                    -1 1.558915e-28 -1.7244317e-28,
                    -1 1.558915e-28 -1.7244317e-28,
                    -1 1.558915e-28 -1.7244317e-28,
                    -1 1.558915e-28 -1.7244317e-28,
                    -1 1.558915e-28 -1.7244317e-28,
                    -1 1.558915e-28 -1.7244317e-28,
                    -1 1.558915e-28 -1.7244317e-28,
                    0 -2.0694557e-13 -1,
                    0 0.40266323 -0.91534817,
                    0 0.73715413 -0.67572463,
                    0 0.73715413 -0.67572463,
                    0 0.40266323 -0.91534817,
                    0 0 -1,
                    -0 -1 -0,
                    -0 -1 -0,
                    -0 -1 -0,
                    -0 -1 -0,
                    1 -1.5637003e-28 1.7265799e-28,
                    1 -1.5637003e-28 1.7265799e-28,
                    1 -1.5637003e-28 1.7265799e-28,
                    1 -1.5637003e-28 1.7265799e-28,
                    1 -1.5637003e-28 1.7265799e-28,
                    1 -1.5637003e-28 1.7265799e-28,
                    1 -1.5637003e-28 1.7265799e-28,
                    1 -1.5637003e-28 1.7265799e-28,
                    1 -1.5637003e-28 1.7265799e-28,
                    1 -1.5637003e-28 1.7265799e-28,
                    1 -1.5637003e-28 1.7265799e-28,
                    1 -1.5637003e-28 1.7265799e-28,
                    1 -1.5637003e-28 1.7265799e-28,
                    1 -1.5637003e-28 1.7265799e-28,
                    0 0 1,
                    0 0 1,
                    0 0 1,
                    0 0 1,
                    -0 -0 1,
                    -0 -0 1,
                    -0 -0.40266323 0.91534817,
                    -0 -0.73715413 0.67572463,
                    -0 -0.73715413 0.67572463,
                    -0 -0.40266323 0.91534817,
                    -0 -0.73715413 0.67572463,
                    -0 -0.73715413 0.67572463,
                    -0 -0.73715413 0.67572463,
                    -0 -0.73715413 0.67572463,
                    0 -0.73715413 0.67572463,
                    0 -0.73715413 0.67572463,
                    0 -0.40266323 0.91534817,
                    0 -1.5454305e-12 1,
                    0 -4.0856207e-13 1,
                    0 -0.40266323 0.91534817,
                    0 0 1,
                    0 0 1,
                    0 0 1,
                    0 0 1,
                    0 0.73715413 -0.67572463,
                    0 0.73715413 -0.67572463,
                    0 0.73715413 -0.67572463,
                    0 0.73715413 -0.67572463,
                    0 1 0,
                    0 1 0,
                    0 1 0,
                    0 1 0,
                    -0 -0 -1,
                    -0 -0 -1,
                    -0 -0 -1,
                    -0 -0 -1

                  ]
                }
                coordIndex [
                  2 1 3 -1 
                  2 0 1 -1 
                  0 4 5 -1 
                  1 5 22 -1 
                  11 12 6 -1 
                  11 7 23 -1 
                  11 23 8 -1 
                  10 8 9 -1 
                  11 6 7 -1 
                  11 8 10 -1 
                  12 22 6 -1 
                  24 22 12 -1 
                  1 0 5 -1 
                  1 22 24 -1 
                  13 24 12 -1 
                  25 1 24 -1 
                  25 24 13 -1 
                  3 1 25 -1 
                  4 2 14 -1 
                  4 0 2 -1 
                  19 16 18 -1 
                  2 15 14 -1 
                  3 15 2 -1 
                  27 15 3 -1 
                  21 13 16 -1 
                  18 16 17 -1 
                  26 16 19 -1 
                  20 16 26 -1 
                  27 25 13 -1 
                  21 16 20 -1 
                  27 3 25 -1 
                  27 13 21 -1 
                  14 15 5 -1 
                  14 5 4 -1 
                  22 5 15 -1 
                  27 22 15 -1 
                  21 6 22 -1 
                  27 21 22 -1 
                  6 20 7 -1 
                  6 21 20 -1 
                  26 7 20 -1 
                  23 26 8 -1 
                  8 26 19 -1 
                  23 7 26 -1 
                  19 9 8 -1 
                  18 9 19 -1 
                  12 11 16 -1 
                  12 16 13 -1 
                  17 10 18 -1 
                  9 18 10 -1 
                  16 11 10 -1 
                  17 16 10 -1 
                ]
                normalIndex [
                  2 0 3 -1 
                  2 1 0 -1 
                  17 4 5 -1 
                  16 5 6 -1 
                  13 14 7 -1 
                  13 8 9 -1 
                  13 9 10 -1 
                  12 10 11 -1 
                  13 7 8 -1 
                  13 10 12 -1 
                  14 6 7 -1 
                  15 6 14 -1 
                  16 17 5 -1 
                  16 6 15 -1 
                  21 19 20 -1 
                  22 18 19 -1 
                  22 19 21 -1 
                  23 18 22 -1 
                  26 24 27 -1 
                  26 25 24 -1 
                  37 34 36 -1 
                  30 28 29 -1 
                  31 28 30 -1 
                  41 28 31 -1 
                  40 33 34 -1 
                  36 34 35 -1 
                  38 34 37 -1 
                  39 34 38 -1 
                  41 32 33 -1 
                  40 34 39 -1 
                  41 31 32 -1 
                  41 33 40 -1 
                  44 45 42 -1 
                  44 42 43 -1 
                  48 47 46 -1 
                  51 48 46 -1 
                  50 49 48 -1 
                  51 50 48 -1 
                  54 52 55 -1 
                  54 53 52 -1 
                  58 56 57 -1 
                  61 58 60 -1 
                  60 58 59 -1 
                  61 56 58 -1 
                  64 62 63 -1 
                  65 62 64 -1 
                  68 69 66 -1 
                  68 66 67 -1 
                  71 72 70 -1 
                  73 70 72 -1 
                  76 75 74 -1 
                  77 76 74 -1 
                ]
              }
            }
            DEF PinsArrayTB_21 Shape {
              appearance DEF __291 Appearance {
                material DEF __292 Material {
                  ambientIntensity 0.260947436094
                  diffuseColor 0.73400002718 0.773000001907 0.79699999094
                  shininess 0
                }
              }
              geometry DEF __293 IndexedFaceSet {
                solid FALSE
                coord Coordinate {
                  point [
                    -0.00111 0.0075983891888 0,
                    -0.00111 0.008 0,
                    -0.00089 0.0075983891888 0,
                    -0.00089 0.008 0,
                    -0.00111 0.0076467783776 0.00011,
                    -0.00111 0.008 0.00011,
                    -0.00111 0.00751730223337 3.56702908631e-05,
                    -0.00111 0.00703269776662 0.000564329709137,
                    -0.00111 0.007 0.000564329709137,
                    -0.00111 0.007 0.000674329709137,
                    -0.00111 0.00703269776662 0.000674329709137,
                    -0.00111 0.00711378472205 0.000638659418274,
                    -0.00111 0.00756569142217 0.000145670290863,
                    -0.00089 0.00751730223337 3.56702908631e-05,
                    -0.00089 0.008 0.00011,
                    -0.00089 0.0076467783776 0.00011,
                    -0.00089 0.00756569142217 0.000145670290863,
                    -0.00089 0.00711378472205 0.000638659418274,
                    -0.00089 0.00703269776662 0.000674329709137,
                    -0.00089 0.007 0.000674329709137,
                    -0.00089 0.007 0.000564329709137,
                    -0.00089 0.00703269776662 0.000564329709137,
                    -0.00111 0.00755409623228 9.31169878032e-06,
                    -0.00111 0.00707699072315 0.000665018010357,
                    -0.00111 0.00760248542107 0.00011931169878,
                    -0.00089 0.00755409623228 9.31169878032e-06,
                    -0.00089 0.00760248542107 0.00011931169878,
                    -0.00089 0.00707699072315 0.000665018010357

                  ]
                }
                normal Normal {
                  vector [
                    -0 -0 -1,
                    -0 -0 -1,
                    -0 -0 -1,
                    -0 -0 -1,
                    -1 -8.9457333e-29 -9.830337e-29,
                    -1 -8.9457333e-29 -9.830337e-29,
                    -1 -8.9457333e-29 -9.830337e-29,
                    -1 -8.9457333e-29 -9.830337e-29,
                    -1 -8.9457333e-29 -9.830337e-29,
                    -1 -8.9457333e-29 -9.830337e-29,
                    -1 -8.9457333e-29 -9.830337e-29,
                    -1 -8.9457333e-29 -9.830337e-29,
                    -1 -8.9457333e-29 -9.830337e-29,
                    -1 -8.9457333e-29 -9.830337e-29,
                    -1 -8.9457333e-29 -9.830337e-29,
                    -1 -8.9457333e-29 -9.830337e-29,
                    -1 -8.9457333e-29 -9.830337e-29,
                    -1 -8.9457333e-29 -9.830337e-29,
                    0 0 -1,
                    0 0 -1,
                    0 -0.40266323 -0.91534817,
                    0 -0.73715413 -0.67572463,
                    0 -0.73715413 -0.67572463,
                    0 -0.40266323 -0.91534817,
                    0 1 0,
                    0 1 0,
                    0 1 0,
                    0 1 0,
                    1 0 0,
                    1 0 0,
                    1 0 0,
                    1 0 0,
                    1 0 0,
                    1 0 0,
                    1 0 0,
                    1 0 0,
                    1 0 0,
                    1 0 0,
                    1 0 0,
                    1 0 0,
                    1 0 0,
                    1 0 0,
                    0 0 1,
                    0 0 1,
                    0 0 1,
                    0 0 1,
                    -0 -0 1,
                    -0 0.40266323 0.91534817,
                    -0 0.73715413 0.67572463,
                    -0 0.73715413 0.67572463,
                    -0 0.40266323 0.91534817,
                    -0 -0 1,
                    0 0.73715413 0.67572463,
                    0 0.73715413 0.67572463,
                    0 0.73715413 0.67572463,
                    0 0.73715413 0.67572463,
                    0 0.73715413 0.67572463,
                    0 0.40266323 0.91534817,
                    0 8.2245322e-13 1,
                    0 4.0945025e-13 1,
                    0 0.40266323 0.91534817,
                    0 0.73715413 0.67572463,
                    0 0 1,
                    0 0 1,
                    0 0 1,
                    0 0 1,
                    -0 -0.73715413 -0.67572463,
                    -0 -0.73715413 -0.67572463,
                    -0 -0.73715413 -0.67572463,
                    -0 -0.73715413 -0.67572463,
                    -0 -1 -0,
                    -0 -1 -0,
                    -0 -1 -0,
                    -0 -1 -0,
                    -0 -0 -1,
                    -0 -0 -1,
                    -0 -0 -1,
                    -0 -0 -1

                  ]
                }
                coordIndex [
                  2 1 3 -1 
                  2 0 1 -1 
                  1 0 4 -1 
                  1 4 5 -1 
                  24 4 0 -1 
                  12 7 11 -1 
                  8 9 7 -1 
                  12 6 7 -1 
                  10 7 9 -1 
                  23 7 10 -1 
                  11 7 23 -1 
                  24 22 6 -1 
                  24 0 22 -1 
                  24 6 12 -1 
                  25 0 2 -1 
                  22 25 6 -1 
                  6 25 13 -1 
                  22 0 25 -1 
                  5 14 3 -1 
                  5 3 1 -1 
                  3 14 15 -1 
                  16 13 26 -1 
                  21 13 16 -1 
                  21 17 27 -1 
                  21 27 18 -1 
                  20 18 19 -1 
                  21 16 17 -1 
                  21 18 20 -1 
                  2 15 26 -1 
                  25 26 13 -1 
                  2 26 25 -1 
                  3 15 2 -1 
                  15 14 5 -1 
                  15 5 4 -1 
                  12 16 26 -1 
                  24 26 15 -1 
                  24 12 26 -1 
                  4 24 15 -1 
                  12 11 17 -1 
                  12 17 16 -1 
                  18 23 10 -1 
                  27 11 23 -1 
                  27 23 18 -1 
                  17 11 27 -1 
                  19 10 9 -1 
                  18 10 19 -1 
                  6 21 7 -1 
                  6 13 21 -1 
                  9 20 19 -1 
                  9 8 20 -1 
                  20 8 7 -1 
                  21 20 7 -1 
                ]
                normalIndex [
                  2 0 3 -1 
                  2 1 0 -1 
                  6 7 4 -1 
                  6 4 5 -1 
                  17 4 7 -1 
                  16 10 15 -1 
                  11 12 10 -1 
                  16 9 10 -1 
                  13 10 12 -1 
                  14 10 13 -1 
                  15 10 14 -1 
                  17 8 9 -1 
                  17 7 8 -1 
                  17 9 16 -1 
                  20 18 19 -1 
                  23 20 22 -1 
                  22 20 21 -1 
                  23 18 20 -1 
                  26 27 24 -1 
                  26 24 25 -1 
                  41 28 29 -1 
                  31 38 30 -1 
                  37 38 31 -1 
                  37 32 33 -1 
                  37 33 34 -1 
                  36 34 35 -1 
                  37 31 32 -1 
                  37 34 36 -1 
                  40 29 30 -1 
                  39 30 38 -1 
                  40 30 39 -1 
                  41 29 40 -1 
                  44 45 42 -1 
                  44 42 43 -1 
                  49 48 47 -1 
                  50 47 46 -1 
                  50 49 47 -1 
                  51 50 46 -1 
                  54 55 52 -1 
                  54 52 53 -1 
                  59 57 58 -1 
                  60 56 57 -1 
                  60 57 59 -1 
                  61 56 60 -1 
                  64 62 63 -1 
                  65 62 64 -1 
                  68 66 69 -1 
                  68 67 66 -1 
                  72 70 73 -1 
                  72 71 70 -1 
                  76 75 74 -1 
                  77 76 74 -1 
                ]
              }
            }
            DEF PinsArrayTB_22 Shape {
              appearance DEF __295 Appearance {
                material DEF __296 Material {
                  ambientIntensity 0.260947436094
                  diffuseColor 0.73400002718 0.773000001907 0.79699999094
                  shininess 0
                }
              }
              geometry DEF __297 IndexedFaceSet {
                solid FALSE
                coord Coordinate {
                  point [
                    -0.00111 -0.008 0,
                    -0.00111 -0.0075983891888 0,
                    -0.00089 -0.008 0,
                    -0.00089 -0.0075983891888 0,
                    -0.00111 -0.008 0.00011,
                    -0.00111 -0.0076467783776 0.00011,
                    -0.00111 -0.00756569142217 0.000145670290863,
                    -0.00111 -0.00711378472205 0.000638659418274,
                    -0.00111 -0.00703269776662 0.000674329709137,
                    -0.00111 -0.007 0.000674329709137,
                    -0.00111 -0.007 0.000564329709137,
                    -0.00111 -0.00703269776662 0.000564329709137,
                    -0.00111 -0.00751730223337 3.56702908631e-05,
                    -0.00089 -0.00751730223337 3.56702908631e-05,
                    -0.00089 -0.008 0.00011,
                    -0.00089 -0.0076467783776 0.00011,
                    -0.00089 -0.00703269776662 0.000564329709137,
                    -0.00089 -0.007 0.000564329709137,
                    -0.00089 -0.007 0.000674329709137,
                    -0.00089 -0.00703269776662 0.000674329709137,
                    -0.00089 -0.00711378472205 0.000638659418274,
                    -0.00089 -0.00756569142217 0.000145670290863,
                    -0.00111 -0.00760248542107 0.00011931169878,
                    -0.00111 -0.00707699072315 0.000665018010357,
                    -0.00111 -0.00755409623228 9.31169878032e-06,
                    -0.00089 -0.00755409623228 9.31169878033e-06,
                    -0.00089 -0.00707699072315 0.000665018010357,
                    -0.00089 -0.00760248542107 0.00011931169878

                  ]
                }
                normal Normal {
                  vector [
                    -0 -0 -1,
                    -0 -0 -1,
                    -0 -0 -1,
                    -0 -0 -1,
                    -1 1.558915e-28 -1.7244317e-28,
                    -1 1.558915e-28 -1.7244317e-28,
                    -1 1.558915e-28 -1.7244317e-28,
                    -1 1.558915e-28 -1.7244317e-28,
                    -1 1.558915e-28 -1.7244317e-28,
                    -1 1.558915e-28 -1.7244317e-28,
                    -1 1.558915e-28 -1.7244317e-28,
                    -1 1.558915e-28 -1.7244317e-28,
                    -1 1.558915e-28 -1.7244317e-28,
                    -1 1.558915e-28 -1.7244317e-28,
                    -1 1.558915e-28 -1.7244317e-28,
                    -1 1.558915e-28 -1.7244317e-28,
                    -1 1.558915e-28 -1.7244317e-28,
                    -1 1.558915e-28 -1.7244317e-28,
                    0 -2.0694557e-13 -1,
                    0 0.40266323 -0.91534817,
                    0 0.73715413 -0.67572463,
                    0 0.73715413 -0.67572463,
                    0 0.40266323 -0.91534817,
                    0 0 -1,
                    -0 -1 -0,
                    -0 -1 -0,
                    -0 -1 -0,
                    -0 -1 -0,
                    1 -1.5637003e-28 1.7265799e-28,
                    1 -1.5637003e-28 1.7265799e-28,
                    1 -1.5637003e-28 1.7265799e-28,
                    1 -1.5637003e-28 1.7265799e-28,
                    1 -1.5637003e-28 1.7265799e-28,
                    1 -1.5637003e-28 1.7265799e-28,
                    1 -1.5637003e-28 1.7265799e-28,
                    1 -1.5637003e-28 1.7265799e-28,
                    1 -1.5637003e-28 1.7265799e-28,
                    1 -1.5637003e-28 1.7265799e-28,
                    1 -1.5637003e-28 1.7265799e-28,
                    1 -1.5637003e-28 1.7265799e-28,
                    1 -1.5637003e-28 1.7265799e-28,
                    1 -1.5637003e-28 1.7265799e-28,
                    0 0 1,
                    0 0 1,
                    0 0 1,
                    0 0 1,
                    -0 -0 1,
                    -0 -0 1,
                    -0 -0.40266323 0.91534817,
                    -0 -0.73715413 0.67572463,
                    -0 -0.73715413 0.67572463,
                    -0 -0.40266323 0.91534817,
                    -0 -0.73715413 0.67572463,
                    -0 -0.73715413 0.67572463,
                    -0 -0.73715413 0.67572463,
                    -0 -0.73715413 0.67572463,
                    0 -0.73715413 0.67572463,
                    0 -0.73715413 0.67572463,
                    0 -0.40266323 0.91534817,
                    0 -1.5454305e-12 1,
                    0 -4.0856207e-13 1,
                    0 -0.40266323 0.91534817,
                    0 0 1,
                    0 0 1,
                    0 0 1,
                    0 0 1,
                    0 0.73715413 -0.67572463,
                    0 0.73715413 -0.67572463,
                    0 0.73715413 -0.67572463,
                    0 0.73715413 -0.67572463,
                    0 1 0,
                    0 1 0,
                    0 1 0,
                    0 1 0,
                    -0 -0 -1,
                    -0 -0 -1,
                    -0 -0 -1,
                    -0 -0 -1

                  ]
                }
                coordIndex [
                  2 1 3 -1 
                  2 0 1 -1 
                  0 4 5 -1 
                  1 5 22 -1 
                  11 12 6 -1 
                  11 7 23 -1 
                  11 23 8 -1 
                  10 8 9 -1 
                  11 6 7 -1 
                  11 8 10 -1 
                  12 22 6 -1 
                  24 22 12 -1 
                  1 0 5 -1 
                  1 22 24 -1 
                  13 24 12 -1 
                  25 1 24 -1 
                  25 24 13 -1 
                  3 1 25 -1 
                  4 2 14 -1 
                  4 0 2 -1 
                  19 16 18 -1 
                  2 15 14 -1 
                  3 15 2 -1 
                  27 15 3 -1 
                  21 13 16 -1 
                  18 16 17 -1 
                  26 16 19 -1 
                  20 16 26 -1 
                  27 25 13 -1 
                  21 16 20 -1 
                  27 3 25 -1 
                  27 13 21 -1 
                  14 15 5 -1 
                  14 5 4 -1 
                  22 5 15 -1 
                  27 22 15 -1 
                  21 6 22 -1 
                  27 21 22 -1 
                  6 20 7 -1 
                  6 21 20 -1 
                  26 7 20 -1 
                  23 26 8 -1 
                  8 26 19 -1 
                  23 7 26 -1 
                  19 9 8 -1 
                  18 9 19 -1 
                  12 11 16 -1 
                  12 16 13 -1 
                  17 10 18 -1 
                  9 18 10 -1 
                  16 11 10 -1 
                  17 16 10 -1 
                ]
                normalIndex [
                  2 0 3 -1 
                  2 1 0 -1 
                  17 4 5 -1 
                  16 5 6 -1 
                  13 14 7 -1 
                  13 8 9 -1 
                  13 9 10 -1 
                  12 10 11 -1 
                  13 7 8 -1 
                  13 10 12 -1 
                  14 6 7 -1 
                  15 6 14 -1 
                  16 17 5 -1 
                  16 6 15 -1 
                  21 19 20 -1 
                  22 18 19 -1 
                  22 19 21 -1 
                  23 18 22 -1 
                  26 24 27 -1 
                  26 25 24 -1 
                  37 34 36 -1 
                  30 28 29 -1 
                  31 28 30 -1 
                  41 28 31 -1 
                  40 33 34 -1 
                  36 34 35 -1 
                  38 34 37 -1 
                  39 34 38 -1 
                  41 32 33 -1 
                  40 34 39 -1 
                  41 31 32 -1 
                  41 33 40 -1 
                  44 45 42 -1 
                  44 42 43 -1 
                  48 47 46 -1 
                  51 48 46 -1 
                  50 49 48 -1 
                  51 50 48 -1 
                  54 52 55 -1 
                  54 53 52 -1 
                  58 56 57 -1 
                  61 58 60 -1 
                  60 58 59 -1 
                  61 56 58 -1 
                  64 62 63 -1 
                  65 62 64 -1 
                  68 69 66 -1 
                  68 66 67 -1 
                  71 72 70 -1 
                  73 70 72 -1 
                  76 75 74 -1 
                  77 76 74 -1 
                ]
              }
            }
            DEF PinsArrayTB_23 Shape {
              appearance DEF __299 Appearance {
                material DEF __300 Material {
                  ambientIntensity 0.260947436094
                  diffuseColor 0.73400002718 0.773000001907 0.79699999094
                  shininess 0
                }
              }
              geometry DEF __301 IndexedFaceSet {
                solid FALSE
                coord Coordinate {
                  point [
                    -0.00061 0.0075983891888 0,
                    -0.00061 0.008 0,
                    -0.00039 0.0075983891888 0,
                    -0.00039 0.008 0,
                    -0.00061 0.0076467783776 0.00011,
                    -0.00061 0.008 0.00011,
                    -0.00061 0.00751730223337 3.56702908631e-05,
                    -0.00061 0.00703269776662 0.000564329709137,
                    -0.00061 0.007 0.000564329709137,
                    -0.00061 0.007 0.000674329709137,
                    -0.00061 0.00703269776662 0.000674329709137,
                    -0.00061 0.00711378472205 0.000638659418274,
                    -0.00061 0.00756569142217 0.000145670290863,
                    -0.00039 0.00751730223337 3.56702908631e-05,
                    -0.00039 0.008 0.00011,
                    -0.00039 0.0076467783776 0.00011,
                    -0.00039 0.00756569142217 0.000145670290863,
                    -0.00039 0.00711378472205 0.000638659418274,
                    -0.00039 0.00703269776662 0.000674329709137,
                    -0.00039 0.007 0.000674329709137,
                    -0.00039 0.007 0.000564329709137,
                    -0.00039 0.00703269776662 0.000564329709137,
                    -0.00061 0.00755409623228 9.31169878032e-06,
                    -0.00061 0.00707699072315 0.000665018010357,
                    -0.00061 0.00760248542107 0.00011931169878,
                    -0.00039 0.00755409623228 9.31169878032e-06,
                    -0.00039 0.00760248542107 0.00011931169878,
                    -0.00039 0.00707699072315 0.000665018010357

                  ]
                }
                normal Normal {
                  vector [
                    -0 -0 -1,
                    -0 -0 -1,
                    -0 -0 -1,
                    -0 -0 -1,
                    -1 -8.9457333e-29 -9.830337e-29,
                    -1 -8.9457333e-29 -9.830337e-29,
                    -1 -8.9457333e-29 -9.830337e-29,
                    -1 -8.9457333e-29 -9.830337e-29,
                    -1 -8.9457333e-29 -9.830337e-29,
                    -1 -8.9457333e-29 -9.830337e-29,
                    -1 -8.9457333e-29 -9.830337e-29,
                    -1 -8.9457333e-29 -9.830337e-29,
                    -1 -8.9457333e-29 -9.830337e-29,
                    -1 -8.9457333e-29 -9.830337e-29,
                    -1 -8.9457333e-29 -9.830337e-29,
                    -1 -8.9457333e-29 -9.830337e-29,
                    -1 -8.9457333e-29 -9.830337e-29,
                    -1 -8.9457333e-29 -9.830337e-29,
                    0 0 -1,
                    0 0 -1,
                    0 -0.40266323 -0.91534817,
                    0 -0.73715413 -0.67572463,
                    0 -0.73715413 -0.67572463,
                    0 -0.40266323 -0.91534817,
                    0 1 0,
                    0 1 0,
                    0 1 0,
                    0 1 0,
                    1 0 0,
                    1 0 0,
                    1 0 0,
                    1 0 0,
                    1 0 0,
                    1 0 0,
                    1 0 0,
                    1 0 0,
                    1 0 0,
                    1 0 0,
                    1 0 0,
                    1 0 0,
                    1 0 0,
                    1 0 0,
                    0 0 1,
                    0 0 1,
                    0 0 1,
                    0 0 1,
                    -0 -0 1,
                    -0 0.40266323 0.91534817,
                    -0 0.73715413 0.67572463,
                    -0 0.73715413 0.67572463,
                    -0 0.40266323 0.91534817,
                    -0 -0 1,
                    0 0.73715413 0.67572463,
                    0 0.73715413 0.67572463,
                    0 0.73715413 0.67572463,
                    0 0.73715413 0.67572463,
                    0 0.73715413 0.67572463,
                    0 0.40266323 0.91534817,
                    0 8.2245322e-13 1,
                    0 4.0945025e-13 1,
                    0 0.40266323 0.91534817,
                    0 0.73715413 0.67572463,
                    0 0 1,
                    0 0 1,
                    0 0 1,
                    0 0 1,
                    -0 -0.73715413 -0.67572463,
                    -0 -0.73715413 -0.67572463,
                    -0 -0.73715413 -0.67572463,
                    -0 -0.73715413 -0.67572463,
                    -0 -1 -0,
                    -0 -1 -0,
                    -0 -1 -0,
                    -0 -1 -0,
                    -0 -0 -1,
                    -0 -0 -1,
                    -0 -0 -1,
                    -0 -0 -1

                  ]
                }
                coordIndex [
                  2 1 3 -1 
                  2 0 1 -1 
                  1 0 4 -1 
                  1 4 5 -1 
                  24 4 0 -1 
                  12 7 11 -1 
                  8 9 7 -1 
                  12 6 7 -1 
                  10 7 9 -1 
                  23 7 10 -1 
                  11 7 23 -1 
                  24 22 6 -1 
                  24 0 22 -1 
                  24 6 12 -1 
                  25 0 2 -1 
                  22 25 6 -1 
                  6 25 13 -1 
                  22 0 25 -1 
                  5 14 3 -1 
                  5 3 1 -1 
                  3 14 15 -1 
                  16 13 26 -1 
                  21 13 16 -1 
                  21 17 27 -1 
                  21 27 18 -1 
                  20 18 19 -1 
                  21 16 17 -1 
                  21 18 20 -1 
                  2 15 26 -1 
                  25 26 13 -1 
                  2 26 25 -1 
                  3 15 2 -1 
                  15 14 5 -1 
                  15 5 4 -1 
                  12 16 26 -1 
                  24 26 15 -1 
                  24 12 26 -1 
                  4 24 15 -1 
                  12 11 17 -1 
                  12 17 16 -1 
                  18 23 10 -1 
                  27 11 23 -1 
                  27 23 18 -1 
                  17 11 27 -1 
                  19 10 9 -1 
                  18 10 19 -1 
                  6 21 7 -1 
                  6 13 21 -1 
                  9 20 19 -1 
                  9 8 20 -1 
                  20 8 7 -1 
                  21 20 7 -1 
                ]
                normalIndex [
                  2 0 3 -1 
                  2 1 0 -1 
                  6 7 4 -1 
                  6 4 5 -1 
                  17 4 7 -1 
                  16 10 15 -1 
                  11 12 10 -1 
                  16 9 10 -1 
                  13 10 12 -1 
                  14 10 13 -1 
                  15 10 14 -1 
                  17 8 9 -1 
                  17 7 8 -1 
                  17 9 16 -1 
                  20 18 19 -1 
                  23 20 22 -1 
                  22 20 21 -1 
                  23 18 20 -1 
                  26 27 24 -1 
                  26 24 25 -1 
                  41 28 29 -1 
                  31 38 30 -1 
                  37 38 31 -1 
                  37 32 33 -1 
                  37 33 34 -1 
                  36 34 35 -1 
                  37 31 32 -1 
                  37 34 36 -1 
                  40 29 30 -1 
                  39 30 38 -1 
                  40 30 39 -1 
                  41 29 40 -1 
                  44 45 42 -1 
                  44 42 43 -1 
                  49 48 47 -1 
                  50 47 46 -1 
                  50 49 47 -1 
                  51 50 46 -1 
                  54 55 52 -1 
                  54 52 53 -1 
                  59 57 58 -1 
                  60 56 57 -1 
                  60 57 59 -1 
                  61 56 60 -1 
                  64 62 63 -1 
                  65 62 64 -1 
                  68 66 69 -1 
                  68 67 66 -1 
                  72 70 73 -1 
                  72 71 70 -1 
                  76 75 74 -1 
                  77 76 74 -1 
                ]
              }
            }
            DEF PinsArrayTB_24 Shape {
              appearance DEF __303 Appearance {
                material DEF __304 Material {
                  ambientIntensity 0.260947436094
                  diffuseColor 0.73400002718 0.773000001907 0.79699999094
                  shininess 0
                }
              }
              geometry DEF __305 IndexedFaceSet {
                solid FALSE
                coord Coordinate {
                  point [
                    -0.00061 -0.008 0,
                    -0.00061 -0.0075983891888 0,
                    -0.00039 -0.008 0,
                    -0.00039 -0.0075983891888 0,
                    -0.00061 -0.008 0.00011,
                    -0.00061 -0.0076467783776 0.00011,
                    -0.00061 -0.00756569142217 0.000145670290863,
                    -0.00061 -0.00711378472205 0.000638659418274,
                    -0.00061 -0.00703269776662 0.000674329709137,
                    -0.00061 -0.007 0.000674329709137,
                    -0.00061 -0.007 0.000564329709137,
                    -0.00061 -0.00703269776662 0.000564329709137,
                    -0.00061 -0.00751730223337 3.56702908631e-05,
                    -0.00039 -0.00751730223337 3.56702908631e-05,
                    -0.00039 -0.008 0.00011,
                    -0.00039 -0.0076467783776 0.00011,
                    -0.00039 -0.00703269776662 0.000564329709137,
                    -0.00039 -0.007 0.000564329709137,
                    -0.00039 -0.007 0.000674329709137,
                    -0.00039 -0.00703269776662 0.000674329709137,
                    -0.00039 -0.00711378472205 0.000638659418274,
                    -0.00039 -0.00756569142217 0.000145670290863,
                    -0.00061 -0.00760248542107 0.00011931169878,
                    -0.00061 -0.00707699072315 0.000665018010357,
                    -0.00061 -0.00755409623228 9.31169878032e-06,
                    -0.00039 -0.00755409623228 9.31169878033e-06,
                    -0.00039 -0.00707699072315 0.000665018010357,
                    -0.00039 -0.00760248542107 0.00011931169878

                  ]
                }
                normal Normal {
                  vector [
                    -0 -0 -1,
                    -0 -0 -1,
                    -0 -0 -1,
                    -0 -0 -1,
                    -1 1.558915e-28 -1.7244317e-28,
                    -1 1.558915e-28 -1.7244317e-28,
                    -1 1.558915e-28 -1.7244317e-28,
                    -1 1.558915e-28 -1.7244317e-28,
                    -1 1.558915e-28 -1.7244317e-28,
                    -1 1.558915e-28 -1.7244317e-28,
                    -1 1.558915e-28 -1.7244317e-28,
                    -1 1.558915e-28 -1.7244317e-28,
                    -1 1.558915e-28 -1.7244317e-28,
                    -1 1.558915e-28 -1.7244317e-28,
                    -1 1.558915e-28 -1.7244317e-28,
                    -1 1.558915e-28 -1.7244317e-28,
                    -1 1.558915e-28 -1.7244317e-28,
                    -1 1.558915e-28 -1.7244317e-28,
                    0 -2.0694557e-13 -1,
                    0 0.40266323 -0.91534817,
                    0 0.73715413 -0.67572463,
                    0 0.73715413 -0.67572463,
                    0 0.40266323 -0.91534817,
                    0 0 -1,
                    -0 -1 -0,
                    -0 -1 -0,
                    -0 -1 -0,
                    -0 -1 -0,
                    1 -1.5637003e-28 1.7265799e-28,
                    1 -1.5637003e-28 1.7265799e-28,
                    1 -1.5637003e-28 1.7265799e-28,
                    1 -1.5637003e-28 1.7265799e-28,
                    1 -1.5637003e-28 1.7265799e-28,
                    1 -1.5637003e-28 1.7265799e-28,
                    1 -1.5637003e-28 1.7265799e-28,
                    1 -1.5637003e-28 1.7265799e-28,
                    1 -1.5637003e-28 1.7265799e-28,
                    1 -1.5637003e-28 1.7265799e-28,
                    1 -1.5637003e-28 1.7265799e-28,
                    1 -1.5637003e-28 1.7265799e-28,
                    1 -1.5637003e-28 1.7265799e-28,
                    1 -1.5637003e-28 1.7265799e-28,
                    0 0 1,
                    0 0 1,
                    0 0 1,
                    0 0 1,
                    -0 -0 1,
                    -0 -0 1,
                    -0 -0.40266323 0.91534817,
                    -0 -0.73715413 0.67572463,
                    -0 -0.73715413 0.67572463,
                    -0 -0.40266323 0.91534817,
                    -0 -0.73715413 0.67572463,
                    -0 -0.73715413 0.67572463,
                    -0 -0.73715413 0.67572463,
                    -0 -0.73715413 0.67572463,
                    0 -0.73715413 0.67572463,
                    0 -0.73715413 0.67572463,
                    0 -0.40266323 0.91534817,
                    0 -1.5454305e-12 1,
                    0 -4.0856207e-13 1,
                    0 -0.40266323 0.91534817,
                    0 0 1,
                    0 0 1,
                    0 0 1,
                    0 0 1,
                    0 0.73715413 -0.67572463,
                    0 0.73715413 -0.67572463,
                    0 0.73715413 -0.67572463,
                    0 0.73715413 -0.67572463,
                    0 1 0,
                    0 1 0,
                    0 1 0,
                    0 1 0,
                    -0 -0 -1,
                    -0 -0 -1,
                    -0 -0 -1,
                    -0 -0 -1

                  ]
                }
                coordIndex [
                  2 1 3 -1 
                  2 0 1 -1 
                  0 4 5 -1 
                  1 5 22 -1 
                  11 12 6 -1 
                  11 7 23 -1 
                  11 23 8 -1 
                  10 8 9 -1 
                  11 6 7 -1 
                  11 8 10 -1 
                  12 22 6 -1 
                  24 22 12 -1 
                  1 0 5 -1 
                  1 22 24 -1 
                  13 24 12 -1 
                  25 1 24 -1 
                  25 24 13 -1 
                  3 1 25 -1 
                  4 2 14 -1 
                  4 0 2 -1 
                  19 16 18 -1 
                  2 15 14 -1 
                  3 15 2 -1 
                  27 15 3 -1 
                  21 13 16 -1 
                  18 16 17 -1 
                  26 16 19 -1 
                  20 16 26 -1 
                  27 25 13 -1 
                  21 16 20 -1 
                  27 3 25 -1 
                  27 13 21 -1 
                  14 15 5 -1 
                  14 5 4 -1 
                  22 5 15 -1 
                  27 22 15 -1 
                  21 6 22 -1 
                  27 21 22 -1 
                  6 20 7 -1 
                  6 21 20 -1 
                  26 7 20 -1 
                  23 26 8 -1 
                  8 26 19 -1 
                  23 7 26 -1 
                  19 9 8 -1 
                  18 9 19 -1 
                  12 11 16 -1 
                  12 16 13 -1 
                  17 10 18 -1 
                  9 18 10 -1 
                  16 11 10 -1 
                  17 16 10 -1 
                ]
                normalIndex [
                  2 0 3 -1 
                  2 1 0 -1 
                  17 4 5 -1 
                  16 5 6 -1 
                  13 14 7 -1 
                  13 8 9 -1 
                  13 9 10 -1 
                  12 10 11 -1 
                  13 7 8 -1 
                  13 10 12 -1 
                  14 6 7 -1 
                  15 6 14 -1 
                  16 17 5 -1 
                  16 6 15 -1 
                  21 19 20 -1 
                  22 18 19 -1 
                  22 19 21 -1 
                  23 18 22 -1 
                  26 24 27 -1 
                  26 25 24 -1 
                  37 34 36 -1 
                  30 28 29 -1 
                  31 28 30 -1 
                  41 28 31 -1 
                  40 33 34 -1 
                  36 34 35 -1 
                  38 34 37 -1 
                  39 34 38 -1 
                  41 32 33 -1 
                  40 34 39 -1 
                  41 31 32 -1 
                  41 33 40 -1 
                  44 45 42 -1 
                  44 42 43 -1 
                  48 47 46 -1 
                  51 48 46 -1 
                  50 49 48 -1 
                  51 50 48 -1 
                  54 52 55 -1 
                  54 53 52 -1 
                  58 56 57 -1 
                  61 58 60 -1 
                  60 58 59 -1 
                  61 56 58 -1 
                  64 62 63 -1 
                  65 62 64 -1 
                  68 69 66 -1 
                  68 66 67 -1 
                  71 72 70 -1 
                  73 70 72 -1 
                  76 75 74 -1 
                  77 76 74 -1 
                ]
              }
            }
            DEF PinsArrayTB_25 Shape {
              appearance DEF __307 Appearance {
                material DEF __308 Material {
                  ambientIntensity 0.260947436094
                  diffuseColor 0.73400002718 0.773000001907 0.79699999094
                  shininess 0
                }
              }
              geometry DEF __309 IndexedFaceSet {
                solid FALSE
                coord Coordinate {
                  point [
                    -0.00011 0.0075983891888 0,
                    -0.00011 0.008 0,
                    0.00011 0.0075983891888 0,
                    0.00011 0.008 0,
                    -0.00011 0.0076467783776 0.00011,
                    -0.00011 0.008 0.00011,
                    -0.00011 0.00751730223337 3.56702908631e-05,
                    -0.00011 0.00703269776662 0.000564329709137,
                    -0.00011 0.007 0.000564329709137,
                    -0.00011 0.007 0.000674329709137,
                    -0.00011 0.00703269776662 0.000674329709137,
                    -0.00011 0.00711378472205 0.000638659418274,
                    -0.00011 0.00756569142217 0.000145670290863,
                    0.00011 0.00751730223337 3.56702908631e-05,
                    0.00011 0.008 0.00011,
                    0.00011 0.0076467783776 0.00011,
                    0.00011 0.00756569142217 0.000145670290863,
                    0.00011 0.00711378472205 0.000638659418274,
                    0.00011 0.00703269776662 0.000674329709137,
                    0.00011 0.007 0.000674329709137,
                    0.00011 0.007 0.000564329709137,
                    0.00011 0.00703269776662 0.000564329709137,
                    -0.00011 0.00755409623228 9.31169878032e-06,
                    -0.00011 0.00707699072315 0.000665018010357,
                    -0.00011 0.00760248542107 0.00011931169878,
                    0.00011 0.00755409623228 9.31169878032e-06,
                    0.00011 0.00760248542107 0.00011931169878,
                    0.00011 0.00707699072315 0.000665018010357

                  ]
                }
                normal Normal {
                  vector [
                    -0 -0 -1,
                    -0 -0 -1,
                    -0 -0 -1,
                    -0 -0 -1,
                    -1 -8.9457333e-29 -9.830337e-29,
                    -1 -8.9457333e-29 -9.830337e-29,
                    -1 -8.9457333e-29 -9.830337e-29,
                    -1 -8.9457333e-29 -9.830337e-29,
                    -1 -8.9457333e-29 -9.830337e-29,
                    -1 -8.9457333e-29 -9.830337e-29,
                    -1 -8.9457333e-29 -9.830337e-29,
                    -1 -8.9457333e-29 -9.830337e-29,
                    -1 -8.9457333e-29 -9.830337e-29,
                    -1 -8.9457333e-29 -9.830337e-29,
                    -1 -8.9457333e-29 -9.830337e-29,
                    -1 -8.9457333e-29 -9.830337e-29,
                    -1 -8.9457333e-29 -9.830337e-29,
                    -1 -8.9457333e-29 -9.830337e-29,
                    0 0 -1,
                    0 0 -1,
                    0 -0.40266323 -0.91534817,
                    0 -0.73715413 -0.67572463,
                    0 -0.73715413 -0.67572463,
                    0 -0.40266323 -0.91534817,
                    0 1 0,
                    0 1 0,
                    0 1 0,
                    0 1 0,
                    1 0 0,
                    1 0 0,
                    1 0 0,
                    1 0 0,
                    1 0 0,
                    1 0 0,
                    1 0 0,
                    1 0 0,
                    1 0 0,
                    1 0 0,
                    1 0 0,
                    1 0 0,
                    1 0 0,
                    1 0 0,
                    0 0 1,
                    0 0 1,
                    0 0 1,
                    0 0 1,
                    -0 -0 1,
                    -0 0.40266323 0.91534817,
                    -0 0.73715413 0.67572463,
                    -0 0.73715413 0.67572463,
                    -0 0.40266323 0.91534817,
                    -0 -0 1,
                    0 0.73715413 0.67572463,
                    0 0.73715413 0.67572463,
                    0 0.73715413 0.67572463,
                    0 0.73715413 0.67572463,
                    0 0.73715413 0.67572463,
                    0 0.40266323 0.91534817,
                    0 8.2245322e-13 1,
                    0 4.0945025e-13 1,
                    0 0.40266323 0.91534817,
                    0 0.73715413 0.67572463,
                    0 0 1,
                    0 0 1,
                    0 0 1,
                    0 0 1,
                    -0 -0.73715413 -0.67572463,
                    -0 -0.73715413 -0.67572463,
                    -0 -0.73715413 -0.67572463,
                    -0 -0.73715413 -0.67572463,
                    -0 -1 -0,
                    -0 -1 -0,
                    -0 -1 -0,
                    -0 -1 -0,
                    -0 -0 -1,
                    -0 -0 -1,
                    -0 -0 -1,
                    -0 -0 -1

                  ]
                }
                coordIndex [
                  2 1 3 -1 
                  2 0 1 -1 
                  1 0 4 -1 
                  1 4 5 -1 
                  24 4 0 -1 
                  12 7 11 -1 
                  8 9 7 -1 
                  12 6 7 -1 
                  10 7 9 -1 
                  23 7 10 -1 
                  11 7 23 -1 
                  24 22 6 -1 
                  24 0 22 -1 
                  24 6 12 -1 
                  25 0 2 -1 
                  22 25 6 -1 
                  6 25 13 -1 
                  22 0 25 -1 
                  5 14 3 -1 
                  5 3 1 -1 
                  3 14 15 -1 
                  16 13 26 -1 
                  21 13 16 -1 
                  21 17 27 -1 
                  21 27 18 -1 
                  20 18 19 -1 
                  21 16 17 -1 
                  21 18 20 -1 
                  2 15 26 -1 
                  25 26 13 -1 
                  2 26 25 -1 
                  3 15 2 -1 
                  15 14 5 -1 
                  15 5 4 -1 
                  12 16 26 -1 
                  24 26 15 -1 
                  24 12 26 -1 
                  4 24 15 -1 
                  12 11 17 -1 
                  12 17 16 -1 
                  18 23 10 -1 
                  27 11 23 -1 
                  27 23 18 -1 
                  17 11 27 -1 
                  19 10 9 -1 
                  18 10 19 -1 
                  6 21 7 -1 
                  6 13 21 -1 
                  9 20 19 -1 
                  9 8 20 -1 
                  20 8 7 -1 
                  21 20 7 -1 
                ]
                normalIndex [
                  2 0 3 -1 
                  2 1 0 -1 
                  6 7 4 -1 
                  6 4 5 -1 
                  17 4 7 -1 
                  16 10 15 -1 
                  11 12 10 -1 
                  16 9 10 -1 
                  13 10 12 -1 
                  14 10 13 -1 
                  15 10 14 -1 
                  17 8 9 -1 
                  17 7 8 -1 
                  17 9 16 -1 
                  20 18 19 -1 
                  23 20 22 -1 
                  22 20 21 -1 
                  23 18 20 -1 
                  26 27 24 -1 
                  26 24 25 -1 
                  41 28 29 -1 
                  31 38 30 -1 
                  37 38 31 -1 
                  37 32 33 -1 
                  37 33 34 -1 
                  36 34 35 -1 
                  37 31 32 -1 
                  37 34 36 -1 
                  40 29 30 -1 
                  39 30 38 -1 
                  40 30 39 -1 
                  41 29 40 -1 
                  44 45 42 -1 
                  44 42 43 -1 
                  49 48 47 -1 
                  50 47 46 -1 
                  50 49 47 -1 
                  51 50 46 -1 
                  54 55 52 -1 
                  54 52 53 -1 
                  59 57 58 -1 
                  60 56 57 -1 
                  60 57 59 -1 
                  61 56 60 -1 
                  64 62 63 -1 
                  65 62 64 -1 
                  68 66 69 -1 
                  68 67 66 -1 
                  72 70 73 -1 
                  72 71 70 -1 
                  76 75 74 -1 
                  77 76 74 -1 
                ]
              }
            }
            DEF PinsArrayTB_26 Shape {
              appearance DEF __311 Appearance {
                material DEF __312 Material {
                  ambientIntensity 0.260947436094
                  diffuseColor 0.73400002718 0.773000001907 0.79699999094
                  shininess 0
                }
              }
              geometry DEF __313 IndexedFaceSet {
                solid FALSE
                coord Coordinate {
                  point [
                    -0.00011 -0.008 0,
                    -0.00011 -0.0075983891888 0,
                    0.00011 -0.008 0,
                    0.00011 -0.0075983891888 0,
                    -0.00011 -0.008 0.00011,
                    -0.00011 -0.0076467783776 0.00011,
                    -0.00011 -0.00756569142217 0.000145670290863,
                    -0.00011 -0.00711378472205 0.000638659418274,
                    -0.00011 -0.00703269776662 0.000674329709137,
                    -0.00011 -0.007 0.000674329709137,
                    -0.00011 -0.007 0.000564329709137,
                    -0.00011 -0.00703269776662 0.000564329709137,
                    -0.00011 -0.00751730223337 3.56702908631e-05,
                    0.00011 -0.00751730223337 3.56702908631e-05,
                    0.00011 -0.008 0.00011,
                    0.00011 -0.0076467783776 0.00011,
                    0.00011 -0.00703269776662 0.000564329709137,
                    0.00011 -0.007 0.000564329709137,
                    0.00011 -0.007 0.000674329709137,
                    0.00011 -0.00703269776662 0.000674329709137,
                    0.00011 -0.00711378472205 0.000638659418274,
                    0.00011 -0.00756569142217 0.000145670290863,
                    -0.00011 -0.00760248542107 0.00011931169878,
                    -0.00011 -0.00707699072315 0.000665018010357,
                    -0.00011 -0.00755409623228 9.31169878032e-06,
                    0.00011 -0.00755409623228 9.31169878033e-06,
                    0.00011 -0.00707699072315 0.000665018010357,
                    0.00011 -0.00760248542107 0.00011931169878

                  ]
                }
                normal Normal {
                  vector [
                    -0 -0 -1,
                    -0 -0 -1,
                    -0 -0 -1,
                    -0 -0 -1,
                    -1 1.558915e-28 -1.7244317e-28,
                    -1 1.558915e-28 -1.7244317e-28,
                    -1 1.558915e-28 -1.7244317e-28,
                    -1 1.558915e-28 -1.7244317e-28,
                    -1 1.558915e-28 -1.7244317e-28,
                    -1 1.558915e-28 -1.7244317e-28,
                    -1 1.558915e-28 -1.7244317e-28,
                    -1 1.558915e-28 -1.7244317e-28,
                    -1 1.558915e-28 -1.7244317e-28,
                    -1 1.558915e-28 -1.7244317e-28,
                    -1 1.558915e-28 -1.7244317e-28,
                    -1 1.558915e-28 -1.7244317e-28,
                    -1 1.558915e-28 -1.7244317e-28,
                    -1 1.558915e-28 -1.7244317e-28,
                    0 -2.0694557e-13 -1,
                    0 0.40266323 -0.91534817,
                    0 0.73715413 -0.67572463,
                    0 0.73715413 -0.67572463,
                    0 0.40266323 -0.91534817,
                    0 0 -1,
                    -0 -1 -0,
                    -0 -1 -0,
                    -0 -1 -0,
                    -0 -1 -0,
                    1 -1.5637003e-28 1.7265799e-28,
                    1 -1.5637003e-28 1.7265799e-28,
                    1 -1.5637003e-28 1.7265799e-28,
                    1 -1.5637003e-28 1.7265799e-28,
                    1 -1.5637003e-28 1.7265799e-28,
                    1 -1.5637003e-28 1.7265799e-28,
                    1 -1.5637003e-28 1.7265799e-28,
                    1 -1.5637003e-28 1.7265799e-28,
                    1 -1.5637003e-28 1.7265799e-28,
                    1 -1.5637003e-28 1.7265799e-28,
                    1 -1.5637003e-28 1.7265799e-28,
                    1 -1.5637003e-28 1.7265799e-28,
                    1 -1.5637003e-28 1.7265799e-28,
                    1 -1.5637003e-28 1.7265799e-28,
                    0 0 1,
                    0 0 1,
                    0 0 1,
                    0 0 1,
                    -0 -0 1,
                    -0 -0 1,
                    -0 -0.40266323 0.91534817,
                    -0 -0.73715413 0.67572463,
                    -0 -0.73715413 0.67572463,
                    -0 -0.40266323 0.91534817,
                    -0 -0.73715413 0.67572463,
                    -0 -0.73715413 0.67572463,
                    -0 -0.73715413 0.67572463,
                    -0 -0.73715413 0.67572463,
                    0 -0.73715413 0.67572463,
                    0 -0.73715413 0.67572463,
                    0 -0.40266323 0.91534817,
                    0 -1.5454305e-12 1,
                    0 -4.0856207e-13 1,
                    0 -0.40266323 0.91534817,
                    0 0 1,
                    0 0 1,
                    0 0 1,
                    0 0 1,
                    0 0.73715413 -0.67572463,
                    0 0.73715413 -0.67572463,
                    0 0.73715413 -0.67572463,
                    0 0.73715413 -0.67572463,
                    0 1 0,
                    0 1 0,
                    0 1 0,
                    0 1 0,
                    -0 -0 -1,
                    -0 -0 -1,
                    -0 -0 -1,
                    -0 -0 -1

                  ]
                }
                coordIndex [
                  2 1 3 -1 
                  2 0 1 -1 
                  0 4 5 -1 
                  1 5 22 -1 
                  11 12 6 -1 
                  11 7 23 -1 
                  11 23 8 -1 
                  10 8 9 -1 
                  11 6 7 -1 
                  11 8 10 -1 
                  12 22 6 -1 
                  24 22 12 -1 
                  1 0 5 -1 
                  1 22 24 -1 
                  13 24 12 -1 
                  25 1 24 -1 
                  25 24 13 -1 
                  3 1 25 -1 
                  4 2 14 -1 
                  4 0 2 -1 
                  19 16 18 -1 
                  2 15 14 -1 
                  3 15 2 -1 
                  27 15 3 -1 
                  21 13 16 -1 
                  18 16 17 -1 
                  26 16 19 -1 
                  20 16 26 -1 
                  27 25 13 -1 
                  21 16 20 -1 
                  27 3 25 -1 
                  27 13 21 -1 
                  14 15 5 -1 
                  14 5 4 -1 
                  22 5 15 -1 
                  27 22 15 -1 
                  21 6 22 -1 
                  27 21 22 -1 
                  6 20 7 -1 
                  6 21 20 -1 
                  26 7 20 -1 
                  23 26 8 -1 
                  8 26 19 -1 
                  23 7 26 -1 
                  19 9 8 -1 
                  18 9 19 -1 
                  12 11 16 -1 
                  12 16 13 -1 
                  17 10 18 -1 
                  9 18 10 -1 
                  16 11 10 -1 
                  17 16 10 -1 
                ]
                normalIndex [
                  2 0 3 -1 
                  2 1 0 -1 
                  17 4 5 -1 
                  16 5 6 -1 
                  13 14 7 -1 
                  13 8 9 -1 
                  13 9 10 -1 
                  12 10 11 -1 
                  13 7 8 -1 
                  13 10 12 -1 
                  14 6 7 -1 
                  15 6 14 -1 
                  16 17 5 -1 
                  16 6 15 -1 
                  21 19 20 -1 
                  22 18 19 -1 
                  22 19 21 -1 
                  23 18 22 -1 
                  26 24 27 -1 
                  26 25 24 -1 
                  37 34 36 -1 
                  30 28 29 -1 
                  31 28 30 -1 
                  41 28 31 -1 
                  40 33 34 -1 
                  36 34 35 -1 
                  38 34 37 -1 
                  39 34 38 -1 
                  41 32 33 -1 
                  40 34 39 -1 
                  41 31 32 -1 
                  41 33 40 -1 
                  44 45 42 -1 
                  44 42 43 -1 
                  48 47 46 -1 
                  51 48 46 -1 
                  50 49 48 -1 
                  51 50 48 -1 
                  54 52 55 -1 
                  54 53 52 -1 
                  58 56 57 -1 
                  61 58 60 -1 
                  60 58 59 -1 
                  61 56 58 -1 
                  64 62 63 -1 
                  65 62 64 -1 
                  68 69 66 -1 
                  68 66 67 -1 
                  71 72 70 -1 
                  73 70 72 -1 
                  76 75 74 -1 
                  77 76 74 -1 
                ]
              }
            }
            DEF PinsArrayTB_27 Shape {
              appearance DEF __315 Appearance {
                material DEF __316 Material {
                  ambientIntensity 0.260947436094
                  diffuseColor 0.73400002718 0.773000001907 0.79699999094
                  shininess 0
                }
              }
              geometry DEF __317 IndexedFaceSet {
                solid FALSE
                coord Coordinate {
                  point [
                    0.00039 0.0075983891888 0,
                    0.00039 0.008 0,
                    0.00061 0.0075983891888 0,
                    0.00061 0.008 0,
                    0.00039 0.0076467783776 0.00011,
                    0.00039 0.008 0.00011,
                    0.00039 0.00751730223337 3.56702908631e-05,
                    0.00039 0.00703269776662 0.000564329709137,
                    0.00039 0.007 0.000564329709137,
                    0.00039 0.007 0.000674329709137,
                    0.00039 0.00703269776662 0.000674329709137,
                    0.00039 0.00711378472205 0.000638659418274,
                    0.00039 0.00756569142217 0.000145670290863,
                    0.00061 0.00751730223337 3.56702908631e-05,
                    0.00061 0.008 0.00011,
                    0.00061 0.0076467783776 0.00011,
                    0.00061 0.00756569142217 0.000145670290863,
                    0.00061 0.00711378472205 0.000638659418274,
                    0.00061 0.00703269776662 0.000674329709137,
                    0.00061 0.007 0.000674329709137,
                    0.00061 0.007 0.000564329709137,
                    0.00061 0.00703269776662 0.000564329709137,
                    0.00039 0.00755409623228 9.31169878032e-06,
                    0.00039 0.00707699072315 0.000665018010357,
                    0.00039 0.00760248542107 0.00011931169878,
                    0.00061 0.00755409623228 9.31169878032e-06,
                    0.00061 0.00760248542107 0.00011931169878,
                    0.00061 0.00707699072315 0.000665018010357

                  ]
                }
                normal Normal {
                  vector [
                    -0 -0 -1,
                    -0 -0 -1,
                    -0 -0 -1,
                    -0 -0 -1,
                    -1 -8.9457333e-29 -9.830337e-29,
                    -1 -8.9457333e-29 -9.830337e-29,
                    -1 -8.9457333e-29 -9.830337e-29,
                    -1 -8.9457333e-29 -9.830337e-29,
                    -1 -8.9457333e-29 -9.830337e-29,
                    -1 -8.9457333e-29 -9.830337e-29,
                    -1 -8.9457333e-29 -9.830337e-29,
                    -1 -8.9457333e-29 -9.830337e-29,
                    -1 -8.9457333e-29 -9.830337e-29,
                    -1 -8.9457333e-29 -9.830337e-29,
                    -1 -8.9457333e-29 -9.830337e-29,
                    -1 -8.9457333e-29 -9.830337e-29,
                    -1 -8.9457333e-29 -9.830337e-29,
                    -1 -8.9457333e-29 -9.830337e-29,
                    0 0 -1,
                    0 0 -1,
                    0 -0.40266323 -0.91534817,
                    0 -0.73715413 -0.67572463,
                    0 -0.73715413 -0.67572463,
                    0 -0.40266323 -0.91534817,
                    0 1 0,
                    0 1 0,
                    0 1 0,
                    0 1 0,
                    1 0 0,
                    1 0 0,
                    1 0 0,
                    1 0 0,
                    1 0 0,
                    1 0 0,
                    1 0 0,
                    1 0 0,
                    1 0 0,
                    1 0 0,
                    1 0 0,
                    1 0 0,
                    1 0 0,
                    1 0 0,
                    0 0 1,
                    0 0 1,
                    0 0 1,
                    0 0 1,
                    -0 -0 1,
                    -0 0.40266323 0.91534817,
                    -0 0.73715413 0.67572463,
                    -0 0.73715413 0.67572463,
                    -0 0.40266323 0.91534817,
                    -0 -0 1,
                    0 0.73715413 0.67572463,
                    0 0.73715413 0.67572463,
                    0 0.73715413 0.67572463,
                    0 0.73715413 0.67572463,
                    0 0.73715413 0.67572463,
                    0 0.40266323 0.91534817,
                    0 8.2245322e-13 1,
                    0 4.0945025e-13 1,
                    0 0.40266323 0.91534817,
                    0 0.73715413 0.67572463,
                    0 0 1,
                    0 0 1,
                    0 0 1,
                    0 0 1,
                    -0 -0.73715413 -0.67572463,
                    -0 -0.73715413 -0.67572463,
                    -0 -0.73715413 -0.67572463,
                    -0 -0.73715413 -0.67572463,
                    -0 -1 -0,
                    -0 -1 -0,
                    -0 -1 -0,
                    -0 -1 -0,
                    -0 -0 -1,
                    -0 -0 -1,
                    -0 -0 -1,
                    -0 -0 -1

                  ]
                }
                coordIndex [
                  2 1 3 -1 
                  2 0 1 -1 
                  1 0 4 -1 
                  1 4 5 -1 
                  24 4 0 -1 
                  12 7 11 -1 
                  8 9 7 -1 
                  12 6 7 -1 
                  10 7 9 -1 
                  23 7 10 -1 
                  11 7 23 -1 
                  24 22 6 -1 
                  24 0 22 -1 
                  24 6 12 -1 
                  25 0 2 -1 
                  22 25 6 -1 
                  6 25 13 -1 
                  22 0 25 -1 
                  5 14 3 -1 
                  5 3 1 -1 
                  3 14 15 -1 
                  16 13 26 -1 
                  21 13 16 -1 
                  21 17 27 -1 
                  21 27 18 -1 
                  20 18 19 -1 
                  21 16 17 -1 
                  21 18 20 -1 
                  2 15 26 -1 
                  25 26 13 -1 
                  2 26 25 -1 
                  3 15 2 -1 
                  15 14 5 -1 
                  15 5 4 -1 
                  12 16 26 -1 
                  24 26 15 -1 
                  24 12 26 -1 
                  4 24 15 -1 
                  12 11 17 -1 
                  12 17 16 -1 
                  18 23 10 -1 
                  27 11 23 -1 
                  27 23 18 -1 
                  17 11 27 -1 
                  19 10 9 -1 
                  18 10 19 -1 
                  6 21 7 -1 
                  6 13 21 -1 
                  9 20 19 -1 
                  9 8 20 -1 
                  20 8 7 -1 
                  21 20 7 -1 
                ]
                normalIndex [
                  2 0 3 -1 
                  2 1 0 -1 
                  6 7 4 -1 
                  6 4 5 -1 
                  17 4 7 -1 
                  16 10 15 -1 
                  11 12 10 -1 
                  16 9 10 -1 
                  13 10 12 -1 
                  14 10 13 -1 
                  15 10 14 -1 
                  17 8 9 -1 
                  17 7 8 -1 
                  17 9 16 -1 
                  20 18 19 -1 
                  23 20 22 -1 
                  22 20 21 -1 
                  23 18 20 -1 
                  26 27 24 -1 
                  26 24 25 -1 
                  41 28 29 -1 
                  31 38 30 -1 
                  37 38 31 -1 
                  37 32 33 -1 
                  37 33 34 -1 
                  36 34 35 -1 
                  37 31 32 -1 
                  37 34 36 -1 
                  40 29 30 -1 
                  39 30 38 -1 
                  40 30 39 -1 
                  41 29 40 -1 
                  44 45 42 -1 
                  44 42 43 -1 
                  49 48 47 -1 
                  50 47 46 -1 
                  50 49 47 -1 
                  51 50 46 -1 
                  54 55 52 -1 
                  54 52 53 -1 
                  59 57 58 -1 
                  60 56 57 -1 
                  60 57 59 -1 
                  61 56 60 -1 
                  64 62 63 -1 
                  65 62 64 -1 
                  68 66 69 -1 
                  68 67 66 -1 
                  72 70 73 -1 
                  72 71 70 -1 
                  76 75 74 -1 
                  77 76 74 -1 
                ]
              }
            }
            DEF PinsArrayTB_28 Shape {
              appearance DEF __319 Appearance {
                material DEF __320 Material {
                  ambientIntensity 0.260947436094
                  diffuseColor 0.73400002718 0.773000001907 0.79699999094
                  shininess 0
                }
              }
              geometry DEF __321 IndexedFaceSet {
                solid FALSE
                coord Coordinate {
                  point [
                    0.00039 -0.008 0,
                    0.00039 -0.0075983891888 0,
                    0.00061 -0.008 0,
                    0.00061 -0.0075983891888 0,
                    0.00039 -0.008 0.00011,
                    0.00039 -0.0076467783776 0.00011,
                    0.00039 -0.00756569142217 0.000145670290863,
                    0.00039 -0.00711378472205 0.000638659418274,
                    0.00039 -0.00703269776662 0.000674329709137,
                    0.00039 -0.007 0.000674329709137,
                    0.00039 -0.007 0.000564329709137,
                    0.00039 -0.00703269776662 0.000564329709137,
                    0.00039 -0.00751730223337 3.56702908631e-05,
                    0.00061 -0.00751730223337 3.56702908631e-05,
                    0.00061 -0.008 0.00011,
                    0.00061 -0.0076467783776 0.00011,
                    0.00061 -0.00703269776662 0.000564329709137,
                    0.00061 -0.007 0.000564329709137,
                    0.00061 -0.007 0.000674329709137,
                    0.00061 -0.00703269776662 0.000674329709137,
                    0.00061 -0.00711378472205 0.000638659418274,
                    0.00061 -0.00756569142217 0.000145670290863,
                    0.00039 -0.00760248542107 0.00011931169878,
                    0.00039 -0.00707699072315 0.000665018010357,
                    0.00039 -0.00755409623228 9.31169878032e-06,
                    0.00061 -0.00755409623228 9.31169878033e-06,
                    0.00061 -0.00707699072315 0.000665018010357,
                    0.00061 -0.00760248542107 0.00011931169878

                  ]
                }
                normal Normal {
                  vector [
                    -0 -0 -1,
                    -0 -0 -1,
                    -0 -0 -1,
                    -0 -0 -1,
                    -1 1.558915e-28 -1.7244317e-28,
                    -1 1.558915e-28 -1.7244317e-28,
                    -1 1.558915e-28 -1.7244317e-28,
                    -1 1.558915e-28 -1.7244317e-28,
                    -1 1.558915e-28 -1.7244317e-28,
                    -1 1.558915e-28 -1.7244317e-28,
                    -1 1.558915e-28 -1.7244317e-28,
                    -1 1.558915e-28 -1.7244317e-28,
                    -1 1.558915e-28 -1.7244317e-28,
                    -1 1.558915e-28 -1.7244317e-28,
                    -1 1.558915e-28 -1.7244317e-28,
                    -1 1.558915e-28 -1.7244317e-28,
                    -1 1.558915e-28 -1.7244317e-28,
                    -1 1.558915e-28 -1.7244317e-28,
                    0 -2.0694557e-13 -1,
                    0 0.40266323 -0.91534817,
                    0 0.73715413 -0.67572463,
                    0 0.73715413 -0.67572463,
                    0 0.40266323 -0.91534817,
                    0 0 -1,
                    -0 -1 -0,
                    -0 -1 -0,
                    -0 -1 -0,
                    -0 -1 -0,
                    1 -1.5637003e-28 1.7265799e-28,
                    1 -1.5637003e-28 1.7265799e-28,
                    1 -1.5637003e-28 1.7265799e-28,
                    1 -1.5637003e-28 1.7265799e-28,
                    1 -1.5637003e-28 1.7265799e-28,
                    1 -1.5637003e-28 1.7265799e-28,
                    1 -1.5637003e-28 1.7265799e-28,
                    1 -1.5637003e-28 1.7265799e-28,
                    1 -1.5637003e-28 1.7265799e-28,
                    1 -1.5637003e-28 1.7265799e-28,
                    1 -1.5637003e-28 1.7265799e-28,
                    1 -1.5637003e-28 1.7265799e-28,
                    1 -1.5637003e-28 1.7265799e-28,
                    1 -1.5637003e-28 1.7265799e-28,
                    0 0 1,
                    0 0 1,
                    0 0 1,
                    0 0 1,
                    -0 -0 1,
                    -0 -0 1,
                    -0 -0.40266323 0.91534817,
                    -0 -0.73715413 0.67572463,
                    -0 -0.73715413 0.67572463,
                    -0 -0.40266323 0.91534817,
                    -0 -0.73715413 0.67572463,
                    -0 -0.73715413 0.67572463,
                    -0 -0.73715413 0.67572463,
                    -0 -0.73715413 0.67572463,
                    0 -0.73715413 0.67572463,
                    0 -0.73715413 0.67572463,
                    0 -0.40266323 0.91534817,
                    0 -1.5454305e-12 1,
                    0 -4.0856207e-13 1,
                    0 -0.40266323 0.91534817,
                    0 0 1,
                    0 0 1,
                    0 0 1,
                    0 0 1,
                    0 0.73715413 -0.67572463,
                    0 0.73715413 -0.67572463,
                    0 0.73715413 -0.67572463,
                    0 0.73715413 -0.67572463,
                    0 1 0,
                    0 1 0,
                    0 1 0,
                    0 1 0,
                    -0 -0 -1,
                    -0 -0 -1,
                    -0 -0 -1,
                    -0 -0 -1

                  ]
                }
                coordIndex [
                  2 1 3 -1 
                  2 0 1 -1 
                  0 4 5 -1 
                  1 5 22 -1 
                  11 12 6 -1 
                  11 7 23 -1 
                  11 23 8 -1 
                  10 8 9 -1 
                  11 6 7 -1 
                  11 8 10 -1 
                  12 22 6 -1 
                  24 22 12 -1 
                  1 0 5 -1 
                  1 22 24 -1 
                  13 24 12 -1 
                  25 1 24 -1 
                  25 24 13 -1 
                  3 1 25 -1 
                  4 2 14 -1 
                  4 0 2 -1 
                  19 16 18 -1 
                  2 15 14 -1 
                  3 15 2 -1 
                  27 15 3 -1 
                  21 13 16 -1 
                  18 16 17 -1 
                  26 16 19 -1 
                  20 16 26 -1 
                  27 25 13 -1 
                  21 16 20 -1 
                  27 3 25 -1 
                  27 13 21 -1 
                  14 15 5 -1 
                  14 5 4 -1 
                  22 5 15 -1 
                  27 22 15 -1 
                  21 6 22 -1 
                  27 21 22 -1 
                  6 20 7 -1 
                  6 21 20 -1 
                  26 7 20 -1 
                  23 26 8 -1 
                  8 26 19 -1 
                  23 7 26 -1 
                  19 9 8 -1 
                  18 9 19 -1 
                  12 11 16 -1 
                  12 16 13 -1 
                  17 10 18 -1 
                  9 18 10 -1 
                  16 11 10 -1 
                  17 16 10 -1 
                ]
                normalIndex [
                  2 0 3 -1 
                  2 1 0 -1 
                  17 4 5 -1 
                  16 5 6 -1 
                  13 14 7 -1 
                  13 8 9 -1 
                  13 9 10 -1 
                  12 10 11 -1 
                  13 7 8 -1 
                  13 10 12 -1 
                  14 6 7 -1 
                  15 6 14 -1 
                  16 17 5 -1 
                  16 6 15 -1 
                  21 19 20 -1 
                  22 18 19 -1 
                  22 19 21 -1 
                  23 18 22 -1 
                  26 24 27 -1 
                  26 25 24 -1 
                  37 34 36 -1 
                  30 28 29 -1 
                  31 28 30 -1 
                  41 28 31 -1 
                  40 33 34 -1 
                  36 34 35 -1 
                  38 34 37 -1 
                  39 34 38 -1 
                  41 32 33 -1 
                  40 34 39 -1 
                  41 31 32 -1 
                  41 33 40 -1 
                  44 45 42 -1 
                  44 42 43 -1 
                  48 47 46 -1 
                  51 48 46 -1 
                  50 49 48 -1 
                  51 50 48 -1 
                  54 52 55 -1 
                  54 53 52 -1 
                  58 56 57 -1 
                  61 58 60 -1 
                  60 58 59 -1 
                  61 56 58 -1 
                  64 62 63 -1 
                  65 62 64 -1 
                  68 69 66 -1 
                  68 66 67 -1 
                  71 72 70 -1 
                  73 70 72 -1 
                  76 75 74 -1 
                  77 76 74 -1 
                ]
              }
            }
            DEF PinsArrayTB_29 Shape {
              appearance DEF __323 Appearance {
                material DEF __324 Material {
                  ambientIntensity 0.260947436094
                  diffuseColor 0.73400002718 0.773000001907 0.79699999094
                  shininess 0
                }
              }
              geometry DEF __325 IndexedFaceSet {
                solid FALSE
                coord Coordinate {
                  point [
                    0.00089 0.0075983891888 0,
                    0.00089 0.008 0,
                    0.00111 0.0075983891888 0,
                    0.00111 0.008 0,
                    0.00089 0.0076467783776 0.00011,
                    0.00089 0.008 0.00011,
                    0.00089 0.00751730223337 3.56702908631e-05,
                    0.00089 0.00703269776662 0.000564329709137,
                    0.00089 0.007 0.000564329709137,
                    0.00089 0.007 0.000674329709137,
                    0.00089 0.00703269776662 0.000674329709137,
                    0.00089 0.00711378472205 0.000638659418274,
                    0.00089 0.00756569142217 0.000145670290863,
                    0.00111 0.00751730223337 3.56702908631e-05,
                    0.00111 0.008 0.00011,
                    0.00111 0.0076467783776 0.00011,
                    0.00111 0.00756569142217 0.000145670290863,
                    0.00111 0.00711378472205 0.000638659418274,
                    0.00111 0.00703269776662 0.000674329709137,
                    0.00111 0.007 0.000674329709137,
                    0.00111 0.007 0.000564329709137,
                    0.00111 0.00703269776662 0.000564329709137,
                    0.00089 0.00755409623228 9.31169878032e-06,
                    0.00089 0.00707699072315 0.000665018010357,
                    0.00089 0.00760248542107 0.00011931169878,
                    0.00111 0.00755409623228 9.31169878032e-06,
                    0.00111 0.00760248542107 0.00011931169878,
                    0.00111 0.00707699072315 0.000665018010357

                  ]
                }
                normal Normal {
                  vector [
                    -0 -0 -1,
                    -0 -0 -1,
                    -0 -0 -1,
                    -0 -0 -1,
                    -1 -8.9457333e-29 -9.830337e-29,
                    -1 -8.9457333e-29 -9.830337e-29,
                    -1 -8.9457333e-29 -9.830337e-29,
                    -1 -8.9457333e-29 -9.830337e-29,
                    -1 -8.9457333e-29 -9.830337e-29,
                    -1 -8.9457333e-29 -9.830337e-29,
                    -1 -8.9457333e-29 -9.830337e-29,
                    -1 -8.9457333e-29 -9.830337e-29,
                    -1 -8.9457333e-29 -9.830337e-29,
                    -1 -8.9457333e-29 -9.830337e-29,
                    -1 -8.9457333e-29 -9.830337e-29,
                    -1 -8.9457333e-29 -9.830337e-29,
                    -1 -8.9457333e-29 -9.830337e-29,
                    -1 -8.9457333e-29 -9.830337e-29,
                    0 0 -1,
                    0 0 -1,
                    0 -0.40266323 -0.91534817,
                    0 -0.73715413 -0.67572463,
                    0 -0.73715413 -0.67572463,
                    0 -0.40266323 -0.91534817,
                    0 1 0,
                    0 1 0,
                    0 1 0,
                    0 1 0,
                    1 0 0,
                    1 0 0,
                    1 0 0,
                    1 0 0,
                    1 0 0,
                    1 0 0,
                    1 0 0,
                    1 0 0,
                    1 0 0,
                    1 0 0,
                    1 0 0,
                    1 0 0,
                    1 0 0,
                    1 0 0,
                    0 0 1,
                    0 0 1,
                    0 0 1,
                    0 0 1,
                    -0 -0 1,
                    -0 0.40266323 0.91534817,
                    -0 0.73715413 0.67572463,
                    -0 0.73715413 0.67572463,
                    -0 0.40266323 0.91534817,
                    -0 -0 1,
                    0 0.73715413 0.67572463,
                    0 0.73715413 0.67572463,
                    0 0.73715413 0.67572463,
                    0 0.73715413 0.67572463,
                    0 0.73715413 0.67572463,
                    0 0.40266323 0.91534817,
                    0 8.2245322e-13 1,
                    0 4.0945025e-13 1,
                    0 0.40266323 0.91534817,
                    0 0.73715413 0.67572463,
                    0 0 1,
                    0 0 1,
                    0 0 1,
                    0 0 1,
                    -0 -0.73715413 -0.67572463,
                    -0 -0.73715413 -0.67572463,
                    -0 -0.73715413 -0.67572463,
                    -0 -0.73715413 -0.67572463,
                    -0 -1 -0,
                    -0 -1 -0,
                    -0 -1 -0,
                    -0 -1 -0,
                    -0 -0 -1,
                    -0 -0 -1,
                    -0 -0 -1,
                    -0 -0 -1

                  ]
                }
                coordIndex [
                  2 1 3 -1 
                  2 0 1 -1 
                  1 0 4 -1 
                  1 4 5 -1 
                  24 4 0 -1 
                  12 7 11 -1 
                  8 9 7 -1 
                  12 6 7 -1 
                  10 7 9 -1 
                  23 7 10 -1 
                  11 7 23 -1 
                  24 22 6 -1 
                  24 0 22 -1 
                  24 6 12 -1 
                  25 0 2 -1 
                  22 25 6 -1 
                  6 25 13 -1 
                  22 0 25 -1 
                  5 14 3 -1 
                  5 3 1 -1 
                  3 14 15 -1 
                  16 13 26 -1 
                  21 13 16 -1 
                  21 17 27 -1 
                  21 27 18 -1 
                  20 18 19 -1 
                  21 16 17 -1 
                  21 18 20 -1 
                  2 15 26 -1 
                  25 26 13 -1 
                  2 26 25 -1 
                  3 15 2 -1 
                  15 14 5 -1 
                  15 5 4 -1 
                  12 16 26 -1 
                  24 26 15 -1 
                  24 12 26 -1 
                  4 24 15 -1 
                  12 11 17 -1 
                  12 17 16 -1 
                  18 23 10 -1 
                  27 11 23 -1 
                  27 23 18 -1 
                  17 11 27 -1 
                  19 10 9 -1 
                  18 10 19 -1 
                  6 21 7 -1 
                  6 13 21 -1 
                  9 20 19 -1 
                  9 8 20 -1 
                  20 8 7 -1 
                  21 20 7 -1 
                ]
                normalIndex [
                  2 0 3 -1 
                  2 1 0 -1 
                  6 7 4 -1 
                  6 4 5 -1 
                  17 4 7 -1 
                  16 10 15 -1 
                  11 12 10 -1 
                  16 9 10 -1 
                  13 10 12 -1 
                  14 10 13 -1 
                  15 10 14 -1 
                  17 8 9 -1 
                  17 7 8 -1 
                  17 9 16 -1 
                  20 18 19 -1 
                  23 20 22 -1 
                  22 20 21 -1 
                  23 18 20 -1 
                  26 27 24 -1 
                  26 24 25 -1 
                  41 28 29 -1 
                  31 38 30 -1 
                  37 38 31 -1 
                  37 32 33 -1 
                  37 33 34 -1 
                  36 34 35 -1 
                  37 31 32 -1 
                  37 34 36 -1 
                  40 29 30 -1 
                  39 30 38 -1 
                  40 30 39 -1 
                  41 29 40 -1 
                  44 45 42 -1 
                  44 42 43 -1 
                  49 48 47 -1 
                  50 47 46 -1 
                  50 49 47 -1 
                  51 50 46 -1 
                  54 55 52 -1 
                  54 52 53 -1 
                  59 57 58 -1 
                  60 56 57 -1 
                  60 57 59 -1 
                  61 56 60 -1 
                  64 62 63 -1 
                  65 62 64 -1 
                  68 66 69 -1 
                  68 67 66 -1 
                  72 70 73 -1 
                  72 71 70 -1 
                  76 75 74 -1 
                  77 76 74 -1 
                ]
              }
            }
            DEF PinsArrayTB_30 Shape {
              appearance DEF __327 Appearance {
                material DEF __328 Material {
                  ambientIntensity 0.260947436094
                  diffuseColor 0.73400002718 0.773000001907 0.79699999094
                  shininess 0
                }
              }
              geometry DEF __329 IndexedFaceSet {
                solid FALSE
                coord Coordinate {
                  point [
                    0.00089 -0.008 0,
                    0.00089 -0.0075983891888 0,
                    0.00111 -0.008 0,
                    0.00111 -0.0075983891888 0,
                    0.00089 -0.008 0.00011,
                    0.00089 -0.0076467783776 0.00011,
                    0.00089 -0.00756569142217 0.000145670290863,
                    0.00089 -0.00711378472205 0.000638659418274,
                    0.00089 -0.00703269776662 0.000674329709137,
                    0.00089 -0.007 0.000674329709137,
                    0.00089 -0.007 0.000564329709137,
                    0.00089 -0.00703269776662 0.000564329709137,
                    0.00089 -0.00751730223337 3.56702908631e-05,
                    0.00111 -0.00751730223337 3.56702908631e-05,
                    0.00111 -0.008 0.00011,
                    0.00111 -0.0076467783776 0.00011,
                    0.00111 -0.00703269776662 0.000564329709137,
                    0.00111 -0.007 0.000564329709137,
                    0.00111 -0.007 0.000674329709137,
                    0.00111 -0.00703269776662 0.000674329709137,
                    0.00111 -0.00711378472205 0.000638659418274,
                    0.00111 -0.00756569142217 0.000145670290863,
                    0.00089 -0.00760248542107 0.00011931169878,
                    0.00089 -0.00707699072315 0.000665018010357,
                    0.00089 -0.00755409623228 9.31169878032e-06,
                    0.00111 -0.00755409623228 9.31169878033e-06,
                    0.00111 -0.00707699072315 0.000665018010357,
                    0.00111 -0.00760248542107 0.00011931169878

                  ]
                }
                normal Normal {
                  vector [
                    -0 -0 -1,
                    -0 -0 -1,
                    -0 -0 -1,
                    -0 -0 -1,
                    -1 1.558915e-28 -1.7244317e-28,
                    -1 1.558915e-28 -1.7244317e-28,
                    -1 1.558915e-28 -1.7244317e-28,
                    -1 1.558915e-28 -1.7244317e-28,
                    -1 1.558915e-28 -1.7244317e-28,
                    -1 1.558915e-28 -1.7244317e-28,
                    -1 1.558915e-28 -1.7244317e-28,
                    -1 1.558915e-28 -1.7244317e-28,
                    -1 1.558915e-28 -1.7244317e-28,
                    -1 1.558915e-28 -1.7244317e-28,
                    -1 1.558915e-28 -1.7244317e-28,
                    -1 1.558915e-28 -1.7244317e-28,
                    -1 1.558915e-28 -1.7244317e-28,
                    -1 1.558915e-28 -1.7244317e-28,
                    0 -2.0694557e-13 -1,
                    0 0.40266323 -0.91534817,
                    0 0.73715413 -0.67572463,
                    0 0.73715413 -0.67572463,
                    0 0.40266323 -0.91534817,
                    0 0 -1,
                    -0 -1 -0,
                    -0 -1 -0,
                    -0 -1 -0,
                    -0 -1 -0,
                    1 -1.5637003e-28 1.7265799e-28,
                    1 -1.5637003e-28 1.7265799e-28,
                    1 -1.5637003e-28 1.7265799e-28,
                    1 -1.5637003e-28 1.7265799e-28,
                    1 -1.5637003e-28 1.7265799e-28,
                    1 -1.5637003e-28 1.7265799e-28,
                    1 -1.5637003e-28 1.7265799e-28,
                    1 -1.5637003e-28 1.7265799e-28,
                    1 -1.5637003e-28 1.7265799e-28,
                    1 -1.5637003e-28 1.7265799e-28,
                    1 -1.5637003e-28 1.7265799e-28,
                    1 -1.5637003e-28 1.7265799e-28,
                    1 -1.5637003e-28 1.7265799e-28,
                    1 -1.5637003e-28 1.7265799e-28,
                    0 0 1,
                    0 0 1,
                    0 0 1,
                    0 0 1,
                    -0 -0 1,
                    -0 -0 1,
                    -0 -0.40266323 0.91534817,
                    -0 -0.73715413 0.67572463,
                    -0 -0.73715413 0.67572463,
                    -0 -0.40266323 0.91534817,
                    -0 -0.73715413 0.67572463,
                    -0 -0.73715413 0.67572463,
                    -0 -0.73715413 0.67572463,
                    -0 -0.73715413 0.67572463,
                    0 -0.73715413 0.67572463,
                    0 -0.73715413 0.67572463,
                    0 -0.40266323 0.91534817,
                    0 -1.5454305e-12 1,
                    0 -4.0856207e-13 1,
                    0 -0.40266323 0.91534817,
                    0 0 1,
                    0 0 1,
                    0 0 1,
                    0 0 1,
                    0 0.73715413 -0.67572463,
                    0 0.73715413 -0.67572463,
                    0 0.73715413 -0.67572463,
                    0 0.73715413 -0.67572463,
                    0 1 0,
                    0 1 0,
                    0 1 0,
                    0 1 0,
                    -0 -0 -1,
                    -0 -0 -1,
                    -0 -0 -1,
                    -0 -0 -1

                  ]
                }
                coordIndex [
                  2 1 3 -1 
                  2 0 1 -1 
                  0 4 5 -1 
                  1 5 22 -1 
                  11 12 6 -1 
                  11 7 23 -1 
                  11 23 8 -1 
                  10 8 9 -1 
                  11 6 7 -1 
                  11 8 10 -1 
                  12 22 6 -1 
                  24 22 12 -1 
                  1 0 5 -1 
                  1 22 24 -1 
                  13 24 12 -1 
                  25 1 24 -1 
                  25 24 13 -1 
                  3 1 25 -1 
                  4 2 14 -1 
                  4 0 2 -1 
                  19 16 18 -1 
                  2 15 14 -1 
                  3 15 2 -1 
                  27 15 3 -1 
                  21 13 16 -1 
                  18 16 17 -1 
                  26 16 19 -1 
                  20 16 26 -1 
                  27 25 13 -1 
                  21 16 20 -1 
                  27 3 25 -1 
                  27 13 21 -1 
                  14 15 5 -1 
                  14 5 4 -1 
                  22 5 15 -1 
                  27 22 15 -1 
                  21 6 22 -1 
                  27 21 22 -1 
                  6 20 7 -1 
                  6 21 20 -1 
                  26 7 20 -1 
                  23 26 8 -1 
                  8 26 19 -1 
                  23 7 26 -1 
                  19 9 8 -1 
                  18 9 19 -1 
                  12 11 16 -1 
                  12 16 13 -1 
                  17 10 18 -1 
                  9 18 10 -1 
                  16 11 10 -1 
                  17 16 10 -1 
                ]
                normalIndex [
                  2 0 3 -1 
                  2 1 0 -1 
                  17 4 5 -1 
                  16 5 6 -1 
                  13 14 7 -1 
                  13 8 9 -1 
                  13 9 10 -1 
                  12 10 11 -1 
                  13 7 8 -1 
                  13 10 12 -1 
                  14 6 7 -1 
                  15 6 14 -1 
                  16 17 5 -1 
                  16 6 15 -1 
                  21 19 20 -1 
                  22 18 19 -1 
                  22 19 21 -1 
                  23 18 22 -1 
                  26 24 27 -1 
                  26 25 24 -1 
                  37 34 36 -1 
                  30 28 29 -1 
                  31 28 30 -1 
                  41 28 31 -1 
                  40 33 34 -1 
                  36 34 35 -1 
                  38 34 37 -1 
                  39 34 38 -1 
                  41 32 33 -1 
                  40 34 39 -1 
                  41 31 32 -1 
                  41 33 40 -1 
                  44 45 42 -1 
                  44 42 43 -1 
                  48 47 46 -1 
                  51 48 46 -1 
                  50 49 48 -1 
                  51 50 48 -1 
                  54 52 55 -1 
                  54 53 52 -1 
                  58 56 57 -1 
                  61 58 60 -1 
                  60 58 59 -1 
                  61 56 58 -1 
                  64 62 63 -1 
                  65 62 64 -1 
                  68 69 66 -1 
                  68 66 67 -1 
                  71 72 70 -1 
                  73 70 72 -1 
                  76 75 74 -1 
                  77 76 74 -1 
                ]
              }
            }
            DEF PinsArrayTB_31 Shape {
              appearance DEF __331 Appearance {
                material DEF __332 Material {
                  ambientIntensity 0.260947436094
                  diffuseColor 0.73400002718 0.773000001907 0.79699999094
                  shininess 0
                }
              }
              geometry DEF __333 IndexedFaceSet {
                solid FALSE
                coord Coordinate {
                  point [
                    0.00139 0.0075983891888 0,
                    0.00139 0.008 0,
                    0.00161 0.0075983891888 0,
                    0.00161 0.008 0,
                    0.00139 0.0076467783776 0.00011,
                    0.00139 0.008 0.00011,
                    0.00139 0.00751730223337 3.56702908631e-05,
                    0.00139 0.00703269776662 0.000564329709137,
                    0.00139 0.007 0.000564329709137,
                    0.00139 0.007 0.000674329709137,
                    0.00139 0.00703269776662 0.000674329709137,
                    0.00139 0.00711378472205 0.000638659418274,
                    0.00139 0.00756569142217 0.000145670290863,
                    0.00161 0.00751730223337 3.56702908631e-05,
                    0.00161 0.008 0.00011,
                    0.00161 0.0076467783776 0.00011,
                    0.00161 0.00756569142217 0.000145670290863,
                    0.00161 0.00711378472205 0.000638659418274,
                    0.00161 0.00703269776662 0.000674329709137,
                    0.00161 0.007 0.000674329709137,
                    0.00161 0.007 0.000564329709137,
                    0.00161 0.00703269776662 0.000564329709137,
                    0.00139 0.00755409623228 9.31169878032e-06,
                    0.00139 0.00707699072315 0.000665018010357,
                    0.00139 0.00760248542107 0.00011931169878,
                    0.00161 0.00755409623228 9.31169878032e-06,
                    0.00161 0.00760248542107 0.00011931169878,
                    0.00161 0.00707699072315 0.000665018010357

                  ]
                }
                normal Normal {
                  vector [
                    -0 -0 -1,
                    -0 -0 -1,
                    -0 -0 -1,
                    -0 -0 -1,
                    -1 -8.9457333e-29 -9.830337e-29,
                    -1 -8.9457333e-29 -9.830337e-29,
                    -1 -8.9457333e-29 -9.830337e-29,
                    -1 -8.9457333e-29 -9.830337e-29,
                    -1 -8.9457333e-29 -9.830337e-29,
                    -1 -8.9457333e-29 -9.830337e-29,
                    -1 -8.9457333e-29 -9.830337e-29,
                    -1 -8.9457333e-29 -9.830337e-29,
                    -1 -8.9457333e-29 -9.830337e-29,
                    -1 -8.9457333e-29 -9.830337e-29,
                    -1 -8.9457333e-29 -9.830337e-29,
                    -1 -8.9457333e-29 -9.830337e-29,
                    -1 -8.9457333e-29 -9.830337e-29,
                    -1 -8.9457333e-29 -9.830337e-29,
                    0 0 -1,
                    0 0 -1,
                    0 -0.40266323 -0.91534817,
                    0 -0.73715413 -0.67572463,
                    0 -0.73715413 -0.67572463,
                    0 -0.40266323 -0.91534817,
                    0 1 0,
                    0 1 0,
                    0 1 0,
                    0 1 0,
                    1 0 0,
                    1 0 0,
                    1 0 0,
                    1 0 0,
                    1 0 0,
                    1 0 0,
                    1 0 0,
                    1 0 0,
                    1 0 0,
                    1 0 0,
                    1 0 0,
                    1 0 0,
                    1 0 0,
                    1 0 0,
                    0 0 1,
                    0 0 1,
                    0 0 1,
                    0 0 1,
                    -0 -0 1,
                    -0 0.40266323 0.91534817,
                    -0 0.73715413 0.67572463,
                    -0 0.73715413 0.67572463,
                    -0 0.40266323 0.91534817,
                    -0 -0 1,
                    0 0.73715413 0.67572463,
                    0 0.73715413 0.67572463,
                    0 0.73715413 0.67572463,
                    0 0.73715413 0.67572463,
                    0 0.73715413 0.67572463,
                    0 0.40266323 0.91534817,
                    0 8.2245322e-13 1,
                    0 4.0945025e-13 1,
                    0 0.40266323 0.91534817,
                    0 0.73715413 0.67572463,
                    0 0 1,
                    0 0 1,
                    0 0 1,
                    0 0 1,
                    -0 -0.73715413 -0.67572463,
                    -0 -0.73715413 -0.67572463,
                    -0 -0.73715413 -0.67572463,
                    -0 -0.73715413 -0.67572463,
                    -0 -1 -0,
                    -0 -1 -0,
                    -0 -1 -0,
                    -0 -1 -0,
                    -0 -0 -1,
                    -0 -0 -1,
                    -0 -0 -1,
                    -0 -0 -1

                  ]
                }
                coordIndex [
                  2 1 3 -1 
                  2 0 1 -1 
                  1 0 4 -1 
                  1 4 5 -1 
                  24 4 0 -1 
                  12 7 11 -1 
                  8 9 7 -1 
                  12 6 7 -1 
                  10 7 9 -1 
                  23 7 10 -1 
                  11 7 23 -1 
                  24 22 6 -1 
                  24 0 22 -1 
                  24 6 12 -1 
                  25 0 2 -1 
                  22 25 6 -1 
                  6 25 13 -1 
                  22 0 25 -1 
                  5 14 3 -1 
                  5 3 1 -1 
                  3 14 15 -1 
                  16 13 26 -1 
                  21 13 16 -1 
                  21 17 27 -1 
                  21 27 18 -1 
                  20 18 19 -1 
                  21 16 17 -1 
                  21 18 20 -1 
                  2 15 26 -1 
                  25 26 13 -1 
                  2 26 25 -1 
                  3 15 2 -1 
                  15 14 5 -1 
                  15 5 4 -1 
                  12 16 26 -1 
                  24 26 15 -1 
                  24 12 26 -1 
                  4 24 15 -1 
                  12 11 17 -1 
                  12 17 16 -1 
                  18 23 10 -1 
                  27 11 23 -1 
                  27 23 18 -1 
                  17 11 27 -1 
                  19 10 9 -1 
                  18 10 19 -1 
                  6 21 7 -1 
                  6 13 21 -1 
                  9 20 19 -1 
                  9 8 20 -1 
                  20 8 7 -1 
                  21 20 7 -1 
                ]
                normalIndex [
                  2 0 3 -1 
                  2 1 0 -1 
                  6 7 4 -1 
                  6 4 5 -1 
                  17 4 7 -1 
                  16 10 15 -1 
                  11 12 10 -1 
                  16 9 10 -1 
                  13 10 12 -1 
                  14 10 13 -1 
                  15 10 14 -1 
                  17 8 9 -1 
                  17 7 8 -1 
                  17 9 16 -1 
                  20 18 19 -1 
                  23 20 22 -1 
                  22 20 21 -1 
                  23 18 20 -1 
                  26 27 24 -1 
                  26 24 25 -1 
                  41 28 29 -1 
                  31 38 30 -1 
                  37 38 31 -1 
                  37 32 33 -1 
                  37 33 34 -1 
                  36 34 35 -1 
                  37 31 32 -1 
                  37 34 36 -1 
                  40 29 30 -1 
                  39 30 38 -1 
                  40 30 39 -1 
                  41 29 40 -1 
                  44 45 42 -1 
                  44 42 43 -1 
                  49 48 47 -1 
                  50 47 46 -1 
                  50 49 47 -1 
                  51 50 46 -1 
                  54 55 52 -1 
                  54 52 53 -1 
                  59 57 58 -1 
                  60 56 57 -1 
                  60 57 59 -1 
                  61 56 60 -1 
                  64 62 63 -1 
                  65 62 64 -1 
                  68 66 69 -1 
                  68 67 66 -1 
                  72 70 73 -1 
                  72 71 70 -1 
                  76 75 74 -1 
                  77 76 74 -1 
                ]
              }
            }
            DEF PinsArrayTB_32 Shape {
              appearance DEF __335 Appearance {
                material DEF __336 Material {
                  ambientIntensity 0.260947436094
                  diffuseColor 0.73400002718 0.773000001907 0.79699999094
                  shininess 0
                }
              }
              geometry DEF __337 IndexedFaceSet {
                solid FALSE
                coord Coordinate {
                  point [
                    0.00139 -0.008 0,
                    0.00139 -0.0075983891888 0,
                    0.00161 -0.008 0,
                    0.00161 -0.0075983891888 0,
                    0.00139 -0.008 0.00011,
                    0.00139 -0.0076467783776 0.00011,
                    0.00139 -0.00756569142217 0.000145670290863,
                    0.00139 -0.00711378472205 0.000638659418274,
                    0.00139 -0.00703269776662 0.000674329709137,
                    0.00139 -0.007 0.000674329709137,
                    0.00139 -0.007 0.000564329709137,
                    0.00139 -0.00703269776662 0.000564329709137,
                    0.00139 -0.00751730223337 3.56702908631e-05,
                    0.00161 -0.00751730223337 3.56702908631e-05,
                    0.00161 -0.008 0.00011,
                    0.00161 -0.0076467783776 0.00011,
                    0.00161 -0.00703269776662 0.000564329709137,
                    0.00161 -0.007 0.000564329709137,
                    0.00161 -0.007 0.000674329709137,
                    0.00161 -0.00703269776662 0.000674329709137,
                    0.00161 -0.00711378472205 0.000638659418274,
                    0.00161 -0.00756569142217 0.000145670290863,
                    0.00139 -0.00760248542107 0.00011931169878,
                    0.00139 -0.00707699072315 0.000665018010357,
                    0.00139 -0.00755409623228 9.31169878032e-06,
                    0.00161 -0.00755409623228 9.31169878033e-06,
                    0.00161 -0.00707699072315 0.000665018010357,
                    0.00161 -0.00760248542107 0.00011931169878

                  ]
                }
                normal Normal {
                  vector [
                    -0 -0 -1,
                    -0 -0 -1,
                    -0 -0 -1,
                    -0 -0 -1,
                    -1 1.558915e-28 -1.7244317e-28,
                    -1 1.558915e-28 -1.7244317e-28,
                    -1 1.558915e-28 -1.7244317e-28,
                    -1 1.558915e-28 -1.7244317e-28,
                    -1 1.558915e-28 -1.7244317e-28,
                    -1 1.558915e-28 -1.7244317e-28,
                    -1 1.558915e-28 -1.7244317e-28,
                    -1 1.558915e-28 -1.7244317e-28,
                    -1 1.558915e-28 -1.7244317e-28,
                    -1 1.558915e-28 -1.7244317e-28,
                    -1 1.558915e-28 -1.7244317e-28,
                    -1 1.558915e-28 -1.7244317e-28,
                    -1 1.558915e-28 -1.7244317e-28,
                    -1 1.558915e-28 -1.7244317e-28,
                    0 -2.0694557e-13 -1,
                    0 0.40266323 -0.91534817,
                    0 0.73715413 -0.67572463,
                    0 0.73715413 -0.67572463,
                    0 0.40266323 -0.91534817,
                    0 0 -1,
                    -0 -1 -0,
                    -0 -1 -0,
                    -0 -1 -0,
                    -0 -1 -0,
                    1 -1.5637003e-28 1.7265799e-28,
                    1 -1.5637003e-28 1.7265799e-28,
                    1 -1.5637003e-28 1.7265799e-28,
                    1 -1.5637003e-28 1.7265799e-28,
                    1 -1.5637003e-28 1.7265799e-28,
                    1 -1.5637003e-28 1.7265799e-28,
                    1 -1.5637003e-28 1.7265799e-28,
                    1 -1.5637003e-28 1.7265799e-28,
                    1 -1.5637003e-28 1.7265799e-28,
                    1 -1.5637003e-28 1.7265799e-28,
                    1 -1.5637003e-28 1.7265799e-28,
                    1 -1.5637003e-28 1.7265799e-28,
                    1 -1.5637003e-28 1.7265799e-28,
                    1 -1.5637003e-28 1.7265799e-28,
                    0 0 1,
                    0 0 1,
                    0 0 1,
                    0 0 1,
                    -0 -0 1,
                    -0 -0 1,
                    -0 -0.40266323 0.91534817,
                    -0 -0.73715413 0.67572463,
                    -0 -0.73715413 0.67572463,
                    -0 -0.40266323 0.91534817,
                    -0 -0.73715413 0.67572463,
                    -0 -0.73715413 0.67572463,
                    -0 -0.73715413 0.67572463,
                    -0 -0.73715413 0.67572463,
                    0 -0.73715413 0.67572463,
                    0 -0.73715413 0.67572463,
                    0 -0.40266323 0.91534817,
                    0 -1.5454305e-12 1,
                    0 -4.0856207e-13 1,
                    0 -0.40266323 0.91534817,
                    0 0 1,
                    0 0 1,
                    0 0 1,
                    0 0 1,
                    0 0.73715413 -0.67572463,
                    0 0.73715413 -0.67572463,
                    0 0.73715413 -0.67572463,
                    0 0.73715413 -0.67572463,
                    0 1 0,
                    0 1 0,
                    0 1 0,
                    0 1 0,
                    -0 -0 -1,
                    -0 -0 -1,
                    -0 -0 -1,
                    -0 -0 -1

                  ]
                }
                coordIndex [
                  2 1 3 -1 
                  2 0 1 -1 
                  0 4 5 -1 
                  1 5 22 -1 
                  11 12 6 -1 
                  11 7 23 -1 
                  11 23 8 -1 
                  10 8 9 -1 
                  11 6 7 -1 
                  11 8 10 -1 
                  12 22 6 -1 
                  24 22 12 -1 
                  1 0 5 -1 
                  1 22 24 -1 
                  13 24 12 -1 
                  25 1 24 -1 
                  25 24 13 -1 
                  3 1 25 -1 
                  4 2 14 -1 
                  4 0 2 -1 
                  19 16 18 -1 
                  2 15 14 -1 
                  3 15 2 -1 
                  27 15 3 -1 
                  21 13 16 -1 
                  18 16 17 -1 
                  26 16 19 -1 
                  20 16 26 -1 
                  27 25 13 -1 
                  21 16 20 -1 
                  27 3 25 -1 
                  27 13 21 -1 
                  14 15 5 -1 
                  14 5 4 -1 
                  22 5 15 -1 
                  27 22 15 -1 
                  21 6 22 -1 
                  27 21 22 -1 
                  6 20 7 -1 
                  6 21 20 -1 
                  26 7 20 -1 
                  23 26 8 -1 
                  8 26 19 -1 
                  23 7 26 -1 
                  19 9 8 -1 
                  18 9 19 -1 
                  12 11 16 -1 
                  12 16 13 -1 
                  17 10 18 -1 
                  9 18 10 -1 
                  16 11 10 -1 
                  17 16 10 -1 
                ]
                normalIndex [
                  2 0 3 -1 
                  2 1 0 -1 
                  17 4 5 -1 
                  16 5 6 -1 
                  13 14 7 -1 
                  13 8 9 -1 
                  13 9 10 -1 
                  12 10 11 -1 
                  13 7 8 -1 
                  13 10 12 -1 
                  14 6 7 -1 
                  15 6 14 -1 
                  16 17 5 -1 
                  16 6 15 -1 
                  21 19 20 -1 
                  22 18 19 -1 
                  22 19 21 -1 
                  23 18 22 -1 
                  26 24 27 -1 
                  26 25 24 -1 
                  37 34 36 -1 
                  30 28 29 -1 
                  31 28 30 -1 
                  41 28 31 -1 
                  40 33 34 -1 
                  36 34 35 -1 
                  38 34 37 -1 
                  39 34 38 -1 
                  41 32 33 -1 
                  40 34 39 -1 
                  41 31 32 -1 
                  41 33 40 -1 
                  44 45 42 -1 
                  44 42 43 -1 
                  48 47 46 -1 
                  51 48 46 -1 
                  50 49 48 -1 
                  51 50 48 -1 
                  54 52 55 -1 
                  54 53 52 -1 
                  58 56 57 -1 
                  61 58 60 -1 
                  60 58 59 -1 
                  61 56 58 -1 
                  64 62 63 -1 
                  65 62 64 -1 
                  68 69 66 -1 
                  68 66 67 -1 
                  71 72 70 -1 
                  73 70 72 -1 
                  76 75 74 -1 
                  77 76 74 -1 
                ]
              }
            }
            DEF PinsArrayTB_33 Shape {
              appearance DEF __339 Appearance {
                material DEF __340 Material {
                  ambientIntensity 0.260947436094
                  diffuseColor 0.73400002718 0.773000001907 0.79699999094
                  shininess 0
                }
              }
              geometry DEF __341 IndexedFaceSet {
                solid FALSE
                coord Coordinate {
                  point [
                    0.00189 0.0075983891888 0,
                    0.00189 0.008 0,
                    0.00211 0.0075983891888 0,
                    0.00211 0.008 0,
                    0.00189 0.0076467783776 0.00011,
                    0.00189 0.008 0.00011,
                    0.00189 0.00751730223337 3.56702908631e-05,
                    0.00189 0.00703269776662 0.000564329709137,
                    0.00189 0.007 0.000564329709137,
                    0.00189 0.007 0.000674329709137,
                    0.00189 0.00703269776662 0.000674329709137,
                    0.00189 0.00711378472205 0.000638659418274,
                    0.00189 0.00756569142217 0.000145670290863,
                    0.00211 0.00751730223337 3.56702908631e-05,
                    0.00211 0.008 0.00011,
                    0.00211 0.0076467783776 0.00011,
                    0.00211 0.00756569142217 0.000145670290863,
                    0.00211 0.00711378472205 0.000638659418274,
                    0.00211 0.00703269776662 0.000674329709137,
                    0.00211 0.007 0.000674329709137,
                    0.00211 0.007 0.000564329709137,
                    0.00211 0.00703269776662 0.000564329709137,
                    0.00189 0.00755409623228 9.31169878032e-06,
                    0.00189 0.00707699072315 0.000665018010357,
                    0.00189 0.00760248542107 0.00011931169878,
                    0.00211 0.00755409623228 9.31169878032e-06,
                    0.00211 0.00760248542107 0.00011931169878,
                    0.00211 0.00707699072315 0.000665018010357

                  ]
                }
                normal Normal {
                  vector [
                    -0 -0 -1,
                    -0 -0 -1,
                    -0 -0 -1,
                    -0 -0 -1,
                    -1 -8.9457333e-29 -9.830337e-29,
                    -1 -8.9457333e-29 -9.830337e-29,
                    -1 -8.9457333e-29 -9.830337e-29,
                    -1 -8.9457333e-29 -9.830337e-29,
                    -1 -8.9457333e-29 -9.830337e-29,
                    -1 -8.9457333e-29 -9.830337e-29,
                    -1 -8.9457333e-29 -9.830337e-29,
                    -1 -8.9457333e-29 -9.830337e-29,
                    -1 -8.9457333e-29 -9.830337e-29,
                    -1 -8.9457333e-29 -9.830337e-29,
                    -1 -8.9457333e-29 -9.830337e-29,
                    -1 -8.9457333e-29 -9.830337e-29,
                    -1 -8.9457333e-29 -9.830337e-29,
                    -1 -8.9457333e-29 -9.830337e-29,
                    0 0 -1,
                    0 0 -1,
                    0 -0.40266323 -0.91534817,
                    0 -0.73715413 -0.67572463,
                    0 -0.73715413 -0.67572463,
                    0 -0.40266323 -0.91534817,
                    0 1 0,
                    0 1 0,
                    0 1 0,
                    0 1 0,
                    1 0 0,
                    1 0 0,
                    1 0 0,
                    1 0 0,
                    1 0 0,
                    1 0 0,
                    1 0 0,
                    1 0 0,
                    1 0 0,
                    1 0 0,
                    1 0 0,
                    1 0 0,
                    1 0 0,
                    1 0 0,
                    0 0 1,
                    0 0 1,
                    0 0 1,
                    0 0 1,
                    -0 -0 1,
                    -0 0.40266323 0.91534817,
                    -0 0.73715413 0.67572463,
                    -0 0.73715413 0.67572463,
                    -0 0.40266323 0.91534817,
                    -0 -0 1,
                    0 0.73715413 0.67572463,
                    0 0.73715413 0.67572463,
                    0 0.73715413 0.67572463,
                    0 0.73715413 0.67572463,
                    0 0.73715413 0.67572463,
                    0 0.40266323 0.91534817,
                    0 8.2245322e-13 1,
                    0 4.0945025e-13 1,
                    0 0.40266323 0.91534817,
                    0 0.73715413 0.67572463,
                    0 0 1,
                    0 0 1,
                    0 0 1,
                    0 0 1,
                    -0 -0.73715413 -0.67572463,
                    -0 -0.73715413 -0.67572463,
                    -0 -0.73715413 -0.67572463,
                    -0 -0.73715413 -0.67572463,
                    -0 -1 -0,
                    -0 -1 -0,
                    -0 -1 -0,
                    -0 -1 -0,
                    -0 -0 -1,
                    -0 -0 -1,
                    -0 -0 -1,
                    -0 -0 -1

                  ]
                }
                coordIndex [
                  2 1 3 -1 
                  2 0 1 -1 
                  1 0 4 -1 
                  1 4 5 -1 
                  24 4 0 -1 
                  12 7 11 -1 
                  8 9 7 -1 
                  12 6 7 -1 
                  10 7 9 -1 
                  23 7 10 -1 
                  11 7 23 -1 
                  24 22 6 -1 
                  24 0 22 -1 
                  24 6 12 -1 
                  25 0 2 -1 
                  22 25 6 -1 
                  6 25 13 -1 
                  22 0 25 -1 
                  5 14 3 -1 
                  5 3 1 -1 
                  3 14 15 -1 
                  16 13 26 -1 
                  21 13 16 -1 
                  21 17 27 -1 
                  21 27 18 -1 
                  20 18 19 -1 
                  21 16 17 -1 
                  21 18 20 -1 
                  2 15 26 -1 
                  25 26 13 -1 
                  2 26 25 -1 
                  3 15 2 -1 
                  15 14 5 -1 
                  15 5 4 -1 
                  12 16 26 -1 
                  24 26 15 -1 
                  24 12 26 -1 
                  4 24 15 -1 
                  12 11 17 -1 
                  12 17 16 -1 
                  18 23 10 -1 
                  27 11 23 -1 
                  27 23 18 -1 
                  17 11 27 -1 
                  19 10 9 -1 
                  18 10 19 -1 
                  6 21 7 -1 
                  6 13 21 -1 
                  9 20 19 -1 
                  9 8 20 -1 
                  20 8 7 -1 
                  21 20 7 -1 
                ]
                normalIndex [
                  2 0 3 -1 
                  2 1 0 -1 
                  6 7 4 -1 
                  6 4 5 -1 
                  17 4 7 -1 
                  16 10 15 -1 
                  11 12 10 -1 
                  16 9 10 -1 
                  13 10 12 -1 
                  14 10 13 -1 
                  15 10 14 -1 
                  17 8 9 -1 
                  17 7 8 -1 
                  17 9 16 -1 
                  20 18 19 -1 
                  23 20 22 -1 
                  22 20 21 -1 
                  23 18 20 -1 
                  26 27 24 -1 
                  26 24 25 -1 
                  41 28 29 -1 
                  31 38 30 -1 
                  37 38 31 -1 
                  37 32 33 -1 
                  37 33 34 -1 
                  36 34 35 -1 
                  37 31 32 -1 
                  37 34 36 -1 
                  40 29 30 -1 
                  39 30 38 -1 
                  40 30 39 -1 
                  41 29 40 -1 
                  44 45 42 -1 
                  44 42 43 -1 
                  49 48 47 -1 
                  50 47 46 -1 
                  50 49 47 -1 
                  51 50 46 -1 
                  54 55 52 -1 
                  54 52 53 -1 
                  59 57 58 -1 
                  60 56 57 -1 
                  60 57 59 -1 
                  61 56 60 -1 
                  64 62 63 -1 
                  65 62 64 -1 
                  68 66 69 -1 
                  68 67 66 -1 
                  72 70 73 -1 
                  72 71 70 -1 
                  76 75 74 -1 
                  77 76 74 -1 
                ]
              }
            }
            DEF PinsArrayTB_34 Shape {
              appearance DEF __343 Appearance {
                material DEF __344 Material {
                  ambientIntensity 0.260947436094
                  diffuseColor 0.73400002718 0.773000001907 0.79699999094
                  shininess 0
                }
              }
              geometry DEF __345 IndexedFaceSet {
                solid FALSE
                coord Coordinate {
                  point [
                    0.00189 -0.008 0,
                    0.00189 -0.0075983891888 0,
                    0.00211 -0.008 0,
                    0.00211 -0.0075983891888 0,
                    0.00189 -0.008 0.00011,
                    0.00189 -0.0076467783776 0.00011,
                    0.00189 -0.00756569142217 0.000145670290863,
                    0.00189 -0.00711378472205 0.000638659418274,
                    0.00189 -0.00703269776662 0.000674329709137,
                    0.00189 -0.007 0.000674329709137,
                    0.00189 -0.007 0.000564329709137,
                    0.00189 -0.00703269776662 0.000564329709137,
                    0.00189 -0.00751730223337 3.56702908631e-05,
                    0.00211 -0.00751730223337 3.56702908631e-05,
                    0.00211 -0.008 0.00011,
                    0.00211 -0.0076467783776 0.00011,
                    0.00211 -0.00703269776662 0.000564329709137,
                    0.00211 -0.007 0.000564329709137,
                    0.00211 -0.007 0.000674329709137,
                    0.00211 -0.00703269776662 0.000674329709137,
                    0.00211 -0.00711378472205 0.000638659418274,
                    0.00211 -0.00756569142217 0.000145670290863,
                    0.00189 -0.00760248542107 0.00011931169878,
                    0.00189 -0.00707699072315 0.000665018010357,
                    0.00189 -0.00755409623228 9.31169878032e-06,
                    0.00211 -0.00755409623228 9.31169878033e-06,
                    0.00211 -0.00707699072315 0.000665018010357,
                    0.00211 -0.00760248542107 0.00011931169878

                  ]
                }
                normal Normal {
                  vector [
                    -0 -0 -1,
                    -0 -0 -1,
                    -0 -0 -1,
                    -0 -0 -1,
                    -1 1.558915e-28 -1.7244317e-28,
                    -1 1.558915e-28 -1.7244317e-28,
                    -1 1.558915e-28 -1.7244317e-28,
                    -1 1.558915e-28 -1.7244317e-28,
                    -1 1.558915e-28 -1.7244317e-28,
                    -1 1.558915e-28 -1.7244317e-28,
                    -1 1.558915e-28 -1.7244317e-28,
                    -1 1.558915e-28 -1.7244317e-28,
                    -1 1.558915e-28 -1.7244317e-28,
                    -1 1.558915e-28 -1.7244317e-28,
                    -1 1.558915e-28 -1.7244317e-28,
                    -1 1.558915e-28 -1.7244317e-28,
                    -1 1.558915e-28 -1.7244317e-28,
                    -1 1.558915e-28 -1.7244317e-28,
                    0 -2.0694557e-13 -1,
                    0 0.40266323 -0.91534817,
                    0 0.73715413 -0.67572463,
                    0 0.73715413 -0.67572463,
                    0 0.40266323 -0.91534817,
                    0 0 -1,
                    -0 -1 -0,
                    -0 -1 -0,
                    -0 -1 -0,
                    -0 -1 -0,
                    1 -1.5637003e-28 1.7265799e-28,
                    1 -1.5637003e-28 1.7265799e-28,
                    1 -1.5637003e-28 1.7265799e-28,
                    1 -1.5637003e-28 1.7265799e-28,
                    1 -1.5637003e-28 1.7265799e-28,
                    1 -1.5637003e-28 1.7265799e-28,
                    1 -1.5637003e-28 1.7265799e-28,
                    1 -1.5637003e-28 1.7265799e-28,
                    1 -1.5637003e-28 1.7265799e-28,
                    1 -1.5637003e-28 1.7265799e-28,
                    1 -1.5637003e-28 1.7265799e-28,
                    1 -1.5637003e-28 1.7265799e-28,
                    1 -1.5637003e-28 1.7265799e-28,
                    1 -1.5637003e-28 1.7265799e-28,
                    0 0 1,
                    0 0 1,
                    0 0 1,
                    0 0 1,
                    -0 -0 1,
                    -0 -0 1,
                    -0 -0.40266323 0.91534817,
                    -0 -0.73715413 0.67572463,
                    -0 -0.73715413 0.67572463,
                    -0 -0.40266323 0.91534817,
                    -0 -0.73715413 0.67572463,
                    -0 -0.73715413 0.67572463,
                    -0 -0.73715413 0.67572463,
                    -0 -0.73715413 0.67572463,
                    0 -0.73715413 0.67572463,
                    0 -0.73715413 0.67572463,
                    0 -0.40266323 0.91534817,
                    0 -1.5454305e-12 1,
                    0 -4.0856207e-13 1,
                    0 -0.40266323 0.91534817,
                    0 0 1,
                    0 0 1,
                    0 0 1,
                    0 0 1,
                    0 0.73715413 -0.67572463,
                    0 0.73715413 -0.67572463,
                    0 0.73715413 -0.67572463,
                    0 0.73715413 -0.67572463,
                    0 1 0,
                    0 1 0,
                    0 1 0,
                    0 1 0,
                    -0 -0 -1,
                    -0 -0 -1,
                    -0 -0 -1,
                    -0 -0 -1

                  ]
                }
                coordIndex [
                  2 1 3 -1 
                  2 0 1 -1 
                  0 4 5 -1 
                  1 5 22 -1 
                  11 12 6 -1 
                  11 7 23 -1 
                  11 23 8 -1 
                  10 8 9 -1 
                  11 6 7 -1 
                  11 8 10 -1 
                  12 22 6 -1 
                  24 22 12 -1 
                  1 0 5 -1 
                  1 22 24 -1 
                  13 24 12 -1 
                  25 1 24 -1 
                  25 24 13 -1 
                  3 1 25 -1 
                  4 2 14 -1 
                  4 0 2 -1 
                  19 16 18 -1 
                  2 15 14 -1 
                  3 15 2 -1 
                  27 15 3 -1 
                  21 13 16 -1 
                  18 16 17 -1 
                  26 16 19 -1 
                  20 16 26 -1 
                  27 25 13 -1 
                  21 16 20 -1 
                  27 3 25 -1 
                  27 13 21 -1 
                  14 15 5 -1 
                  14 5 4 -1 
                  22 5 15 -1 
                  27 22 15 -1 
                  21 6 22 -1 
                  27 21 22 -1 
                  6 20 7 -1 
                  6 21 20 -1 
                  26 7 20 -1 
                  23 26 8 -1 
                  8 26 19 -1 
                  23 7 26 -1 
                  19 9 8 -1 
                  18 9 19 -1 
                  12 11 16 -1 
                  12 16 13 -1 
                  17 10 18 -1 
                  9 18 10 -1 
                  16 11 10 -1 
                  17 16 10 -1 
                ]
                normalIndex [
                  2 0 3 -1 
                  2 1 0 -1 
                  17 4 5 -1 
                  16 5 6 -1 
                  13 14 7 -1 
                  13 8 9 -1 
                  13 9 10 -1 
                  12 10 11 -1 
                  13 7 8 -1 
                  13 10 12 -1 
                  14 6 7 -1 
                  15 6 14 -1 
                  16 17 5 -1 
                  16 6 15 -1 
                  21 19 20 -1 
                  22 18 19 -1 
                  22 19 21 -1 
                  23 18 22 -1 
                  26 24 27 -1 
                  26 25 24 -1 
                  37 34 36 -1 
                  30 28 29 -1 
                  31 28 30 -1 
                  41 28 31 -1 
                  40 33 34 -1 
                  36 34 35 -1 
                  38 34 37 -1 
                  39 34 38 -1 
                  41 32 33 -1 
                  40 34 39 -1 
                  41 31 32 -1 
                  41 33 40 -1 
                  44 45 42 -1 
                  44 42 43 -1 
                  48 47 46 -1 
                  51 48 46 -1 
                  50 49 48 -1 
                  51 50 48 -1 
                  54 52 55 -1 
                  54 53 52 -1 
                  58 56 57 -1 
                  61 58 60 -1 
                  60 58 59 -1 
                  61 56 58 -1 
                  64 62 63 -1 
                  65 62 64 -1 
                  68 69 66 -1 
                  68 66 67 -1 
                  71 72 70 -1 
                  73 70 72 -1 
                  76 75 74 -1 
                  77 76 74 -1 
                ]
              }
            }
            DEF PinsArrayTB_35 Shape {
              appearance DEF __347 Appearance {
                material DEF __348 Material {
                  ambientIntensity 0.260947436094
                  diffuseColor 0.73400002718 0.773000001907 0.79699999094
                  shininess 0
                }
              }
              geometry DEF __349 IndexedFaceSet {
                solid FALSE
                coord Coordinate {
                  point [
                    0.00239 0.0075983891888 0,
                    0.00239 0.008 0,
                    0.00261 0.0075983891888 0,
                    0.00261 0.008 0,
                    0.00239 0.0076467783776 0.00011,
                    0.00239 0.008 0.00011,
                    0.00239 0.00751730223337 3.56702908631e-05,
                    0.00239 0.00703269776662 0.000564329709137,
                    0.00239 0.007 0.000564329709137,
                    0.00239 0.007 0.000674329709137,
                    0.00239 0.00703269776662 0.000674329709137,
                    0.00239 0.00711378472205 0.000638659418274,
                    0.00239 0.00756569142217 0.000145670290863,
                    0.00261 0.00751730223337 3.56702908631e-05,
                    0.00261 0.008 0.00011,
                    0.00261 0.0076467783776 0.00011,
                    0.00261 0.00756569142217 0.000145670290863,
                    0.00261 0.00711378472205 0.000638659418274,
                    0.00261 0.00703269776662 0.000674329709137,
                    0.00261 0.007 0.000674329709137,
                    0.00261 0.007 0.000564329709137,
                    0.00261 0.00703269776662 0.000564329709137,
                    0.00239 0.00755409623228 9.31169878032e-06,
                    0.00239 0.00707699072315 0.000665018010357,
                    0.00239 0.00760248542107 0.00011931169878,
                    0.00261 0.00755409623228 9.31169878032e-06,
                    0.00261 0.00760248542107 0.00011931169878,
                    0.00261 0.00707699072315 0.000665018010357

                  ]
                }
                normal Normal {
                  vector [
                    -0 -0 -1,
                    -0 -0 -1,
                    -0 -0 -1,
                    -0 -0 -1,
                    -1 -8.9457333e-29 -9.830337e-29,
                    -1 -8.9457333e-29 -9.830337e-29,
                    -1 -8.9457333e-29 -9.830337e-29,
                    -1 -8.9457333e-29 -9.830337e-29,
                    -1 -8.9457333e-29 -9.830337e-29,
                    -1 -8.9457333e-29 -9.830337e-29,
                    -1 -8.9457333e-29 -9.830337e-29,
                    -1 -8.9457333e-29 -9.830337e-29,
                    -1 -8.9457333e-29 -9.830337e-29,
                    -1 -8.9457333e-29 -9.830337e-29,
                    -1 -8.9457333e-29 -9.830337e-29,
                    -1 -8.9457333e-29 -9.830337e-29,
                    -1 -8.9457333e-29 -9.830337e-29,
                    -1 -8.9457333e-29 -9.830337e-29,
                    0 0 -1,
                    0 0 -1,
                    0 -0.40266323 -0.91534817,
                    0 -0.73715413 -0.67572463,
                    0 -0.73715413 -0.67572463,
                    0 -0.40266323 -0.91534817,
                    0 1 0,
                    0 1 0,
                    0 1 0,
                    0 1 0,
                    1 0 0,
                    1 0 0,
                    1 0 0,
                    1 0 0,
                    1 0 0,
                    1 0 0,
                    1 0 0,
                    1 0 0,
                    1 0 0,
                    1 0 0,
                    1 0 0,
                    1 0 0,
                    1 0 0,
                    1 0 0,
                    0 0 1,
                    0 0 1,
                    0 0 1,
                    0 0 1,
                    -0 -0 1,
                    -0 0.40266323 0.91534817,
                    -0 0.73715413 0.67572463,
                    -0 0.73715413 0.67572463,
                    -0 0.40266323 0.91534817,
                    -0 -0 1,
                    0 0.73715413 0.67572463,
                    0 0.73715413 0.67572463,
                    0 0.73715413 0.67572463,
                    0 0.73715413 0.67572463,
                    0 0.73715413 0.67572463,
                    0 0.40266323 0.91534817,
                    0 8.2245322e-13 1,
                    0 4.0945025e-13 1,
                    0 0.40266323 0.91534817,
                    0 0.73715413 0.67572463,
                    0 0 1,
                    0 0 1,
                    0 0 1,
                    0 0 1,
                    -0 -0.73715413 -0.67572463,
                    -0 -0.73715413 -0.67572463,
                    -0 -0.73715413 -0.67572463,
                    -0 -0.73715413 -0.67572463,
                    -0 -1 -0,
                    -0 -1 -0,
                    -0 -1 -0,
                    -0 -1 -0,
                    -0 -0 -1,
                    -0 -0 -1,
                    -0 -0 -1,
                    -0 -0 -1

                  ]
                }
                coordIndex [
                  2 1 3 -1 
                  2 0 1 -1 
                  1 0 4 -1 
                  1 4 5 -1 
                  24 4 0 -1 
                  12 7 11 -1 
                  8 9 7 -1 
                  12 6 7 -1 
                  10 7 9 -1 
                  23 7 10 -1 
                  11 7 23 -1 
                  24 22 6 -1 
                  24 0 22 -1 
                  24 6 12 -1 
                  25 0 2 -1 
                  22 25 6 -1 
                  6 25 13 -1 
                  22 0 25 -1 
                  5 14 3 -1 
                  5 3 1 -1 
                  3 14 15 -1 
                  16 13 26 -1 
                  21 13 16 -1 
                  21 17 27 -1 
                  21 27 18 -1 
                  20 18 19 -1 
                  21 16 17 -1 
                  21 18 20 -1 
                  2 15 26 -1 
                  25 26 13 -1 
                  2 26 25 -1 
                  3 15 2 -1 
                  15 14 5 -1 
                  15 5 4 -1 
                  12 16 26 -1 
                  24 26 15 -1 
                  24 12 26 -1 
                  4 24 15 -1 
                  12 11 17 -1 
                  12 17 16 -1 
                  18 23 10 -1 
                  27 11 23 -1 
                  27 23 18 -1 
                  17 11 27 -1 
                  19 10 9 -1 
                  18 10 19 -1 
                  6 21 7 -1 
                  6 13 21 -1 
                  9 20 19 -1 
                  9 8 20 -1 
                  20 8 7 -1 
                  21 20 7 -1 
                ]
                normalIndex [
                  2 0 3 -1 
                  2 1 0 -1 
                  6 7 4 -1 
                  6 4 5 -1 
                  17 4 7 -1 
                  16 10 15 -1 
                  11 12 10 -1 
                  16 9 10 -1 
                  13 10 12 -1 
                  14 10 13 -1 
                  15 10 14 -1 
                  17 8 9 -1 
                  17 7 8 -1 
                  17 9 16 -1 
                  20 18 19 -1 
                  23 20 22 -1 
                  22 20 21 -1 
                  23 18 20 -1 
                  26 27 24 -1 
                  26 24 25 -1 
                  41 28 29 -1 
                  31 38 30 -1 
                  37 38 31 -1 
                  37 32 33 -1 
                  37 33 34 -1 
                  36 34 35 -1 
                  37 31 32 -1 
                  37 34 36 -1 
                  40 29 30 -1 
                  39 30 38 -1 
                  40 30 39 -1 
                  41 29 40 -1 
                  44 45 42 -1 
                  44 42 43 -1 
                  49 48 47 -1 
                  50 47 46 -1 
                  50 49 47 -1 
                  51 50 46 -1 
                  54 55 52 -1 
                  54 52 53 -1 
                  59 57 58 -1 
                  60 56 57 -1 
                  60 57 59 -1 
                  61 56 60 -1 
                  64 62 63 -1 
                  65 62 64 -1 
                  68 66 69 -1 
                  68 67 66 -1 
                  72 70 73 -1 
                  72 71 70 -1 
                  76 75 74 -1 
                  77 76 74 -1 
                ]
              }
            }
            DEF PinsArrayTB_36 Shape {
              appearance DEF __351 Appearance {
                material DEF __352 Material {
                  ambientIntensity 0.260947436094
                  diffuseColor 0.73400002718 0.773000001907 0.79699999094
                  shininess 0
                }
              }
              geometry DEF __353 IndexedFaceSet {
                solid FALSE
                coord Coordinate {
                  point [
                    0.00239 -0.008 0,
                    0.00239 -0.0075983891888 0,
                    0.00261 -0.008 0,
                    0.00261 -0.0075983891888 0,
                    0.00239 -0.008 0.00011,
                    0.00239 -0.0076467783776 0.00011,
                    0.00239 -0.00756569142217 0.000145670290863,
                    0.00239 -0.00711378472205 0.000638659418274,
                    0.00239 -0.00703269776662 0.000674329709137,
                    0.00239 -0.007 0.000674329709137,
                    0.00239 -0.007 0.000564329709137,
                    0.00239 -0.00703269776662 0.000564329709137,
                    0.00239 -0.00751730223337 3.56702908631e-05,
                    0.00261 -0.00751730223337 3.56702908631e-05,
                    0.00261 -0.008 0.00011,
                    0.00261 -0.0076467783776 0.00011,
                    0.00261 -0.00703269776662 0.000564329709137,
                    0.00261 -0.007 0.000564329709137,
                    0.00261 -0.007 0.000674329709137,
                    0.00261 -0.00703269776662 0.000674329709137,
                    0.00261 -0.00711378472205 0.000638659418274,
                    0.00261 -0.00756569142217 0.000145670290863,
                    0.00239 -0.00760248542107 0.00011931169878,
                    0.00239 -0.00707699072315 0.000665018010357,
                    0.00239 -0.00755409623228 9.31169878032e-06,
                    0.00261 -0.00755409623228 9.31169878033e-06,
                    0.00261 -0.00707699072315 0.000665018010357,
                    0.00261 -0.00760248542107 0.00011931169878

                  ]
                }
                normal Normal {
                  vector [
                    -0 -0 -1,
                    -0 -0 -1,
                    -0 -0 -1,
                    -0 -0 -1,
                    -1 1.558915e-28 -1.7244317e-28,
                    -1 1.558915e-28 -1.7244317e-28,
                    -1 1.558915e-28 -1.7244317e-28,
                    -1 1.558915e-28 -1.7244317e-28,
                    -1 1.558915e-28 -1.7244317e-28,
                    -1 1.558915e-28 -1.7244317e-28,
                    -1 1.558915e-28 -1.7244317e-28,
                    -1 1.558915e-28 -1.7244317e-28,
                    -1 1.558915e-28 -1.7244317e-28,
                    -1 1.558915e-28 -1.7244317e-28,
                    -1 1.558915e-28 -1.7244317e-28,
                    -1 1.558915e-28 -1.7244317e-28,
                    -1 1.558915e-28 -1.7244317e-28,
                    -1 1.558915e-28 -1.7244317e-28,
                    0 -2.0694557e-13 -1,
                    0 0.40266323 -0.91534817,
                    0 0.73715413 -0.67572463,
                    0 0.73715413 -0.67572463,
                    0 0.40266323 -0.91534817,
                    0 0 -1,
                    -0 -1 -0,
                    -0 -1 -0,
                    -0 -1 -0,
                    -0 -1 -0,
                    1 -1.5637003e-28 1.7265799e-28,
                    1 -1.5637003e-28 1.7265799e-28,
                    1 -1.5637003e-28 1.7265799e-28,
                    1 -1.5637003e-28 1.7265799e-28,
                    1 -1.5637003e-28 1.7265799e-28,
                    1 -1.5637003e-28 1.7265799e-28,
                    1 -1.5637003e-28 1.7265799e-28,
                    1 -1.5637003e-28 1.7265799e-28,
                    1 -1.5637003e-28 1.7265799e-28,
                    1 -1.5637003e-28 1.7265799e-28,
                    1 -1.5637003e-28 1.7265799e-28,
                    1 -1.5637003e-28 1.7265799e-28,
                    1 -1.5637003e-28 1.7265799e-28,
                    1 -1.5637003e-28 1.7265799e-28,
                    0 0 1,
                    0 0 1,
                    0 0 1,
                    0 0 1,
                    -0 -0 1,
                    -0 -0 1,
                    -0 -0.40266323 0.91534817,
                    -0 -0.73715413 0.67572463,
                    -0 -0.73715413 0.67572463,
                    -0 -0.40266323 0.91534817,
                    -0 -0.73715413 0.67572463,
                    -0 -0.73715413 0.67572463,
                    -0 -0.73715413 0.67572463,
                    -0 -0.73715413 0.67572463,
                    0 -0.73715413 0.67572463,
                    0 -0.73715413 0.67572463,
                    0 -0.40266323 0.91534817,
                    0 -1.5454305e-12 1,
                    0 -4.0856207e-13 1,
                    0 -0.40266323 0.91534817,
                    0 0 1,
                    0 0 1,
                    0 0 1,
                    0 0 1,
                    0 0.73715413 -0.67572463,
                    0 0.73715413 -0.67572463,
                    0 0.73715413 -0.67572463,
                    0 0.73715413 -0.67572463,
                    0 1 0,
                    0 1 0,
                    0 1 0,
                    0 1 0,
                    -0 -0 -1,
                    -0 -0 -1,
                    -0 -0 -1,
                    -0 -0 -1

                  ]
                }
                coordIndex [
                  2 1 3 -1 
                  2 0 1 -1 
                  0 4 5 -1 
                  1 5 22 -1 
                  11 12 6 -1 
                  11 7 23 -1 
                  11 23 8 -1 
                  10 8 9 -1 
                  11 6 7 -1 
                  11 8 10 -1 
                  12 22 6 -1 
                  24 22 12 -1 
                  1 0 5 -1 
                  1 22 24 -1 
                  13 24 12 -1 
                  25 1 24 -1 
                  25 24 13 -1 
                  3 1 25 -1 
                  4 2 14 -1 
                  4 0 2 -1 
                  19 16 18 -1 
                  2 15 14 -1 
                  3 15 2 -1 
                  27 15 3 -1 
                  21 13 16 -1 
                  18 16 17 -1 
                  26 16 19 -1 
                  20 16 26 -1 
                  27 25 13 -1 
                  21 16 20 -1 
                  27 3 25 -1 
                  27 13 21 -1 
                  14 15 5 -1 
                  14 5 4 -1 
                  22 5 15 -1 
                  27 22 15 -1 
                  21 6 22 -1 
                  27 21 22 -1 
                  6 20 7 -1 
                  6 21 20 -1 
                  26 7 20 -1 
                  23 26 8 -1 
                  8 26 19 -1 
                  23 7 26 -1 
                  19 9 8 -1 
                  18 9 19 -1 
                  12 11 16 -1 
                  12 16 13 -1 
                  17 10 18 -1 
                  9 18 10 -1 
                  16 11 10 -1 
                  17 16 10 -1 
                ]
                normalIndex [
                  2 0 3 -1 
                  2 1 0 -1 
                  17 4 5 -1 
                  16 5 6 -1 
                  13 14 7 -1 
                  13 8 9 -1 
                  13 9 10 -1 
                  12 10 11 -1 
                  13 7 8 -1 
                  13 10 12 -1 
                  14 6 7 -1 
                  15 6 14 -1 
                  16 17 5 -1 
                  16 6 15 -1 
                  21 19 20 -1 
                  22 18 19 -1 
                  22 19 21 -1 
                  23 18 22 -1 
                  26 24 27 -1 
                  26 25 24 -1 
                  37 34 36 -1 
                  30 28 29 -1 
                  31 28 30 -1 
                  41 28 31 -1 
                  40 33 34 -1 
                  36 34 35 -1 
                  38 34 37 -1 
                  39 34 38 -1 
                  41 32 33 -1 
                  40 34 39 -1 
                  41 31 32 -1 
                  41 33 40 -1 
                  44 45 42 -1 
                  44 42 43 -1 
                  48 47 46 -1 
                  51 48 46 -1 
                  50 49 48 -1 
                  51 50 48 -1 
                  54 52 55 -1 
                  54 53 52 -1 
                  58 56 57 -1 
                  61 58 60 -1 
                  60 58 59 -1 
                  61 56 58 -1 
                  64 62 63 -1 
                  65 62 64 -1 
                  68 69 66 -1 
                  68 66 67 -1 
                  71 72 70 -1 
                  73 70 72 -1 
                  76 75 74 -1 
                  77 76 74 -1 
                ]
              }
            }
            DEF PinsArrayTB_37 Shape {
              appearance DEF __355 Appearance {
                material DEF __356 Material {
                  ambientIntensity 0.260947436094
                  diffuseColor 0.73400002718 0.773000001907 0.79699999094
                  shininess 0
                }
              }
              geometry DEF __357 IndexedFaceSet {
                solid FALSE
                coord Coordinate {
                  point [
                    0.00289 0.0075983891888 0,
                    0.00289 0.008 0,
                    0.00311 0.0075983891888 0,
                    0.00311 0.008 0,
                    0.00289 0.0076467783776 0.00011,
                    0.00289 0.008 0.00011,
                    0.00289 0.00751730223337 3.56702908631e-05,
                    0.00289 0.00703269776662 0.000564329709137,
                    0.00289 0.007 0.000564329709137,
                    0.00289 0.007 0.000674329709137,
                    0.00289 0.00703269776662 0.000674329709137,
                    0.00289 0.00711378472205 0.000638659418274,
                    0.00289 0.00756569142217 0.000145670290863,
                    0.00311 0.00751730223337 3.56702908631e-05,
                    0.00311 0.008 0.00011,
                    0.00311 0.0076467783776 0.00011,
                    0.00311 0.00756569142217 0.000145670290863,
                    0.00311 0.00711378472205 0.000638659418274,
                    0.00311 0.00703269776662 0.000674329709137,
                    0.00311 0.007 0.000674329709137,
                    0.00311 0.007 0.000564329709137,
                    0.00311 0.00703269776662 0.000564329709137,
                    0.00289 0.00755409623228 9.31169878032e-06,
                    0.00289 0.00707699072315 0.000665018010357,
                    0.00289 0.00760248542107 0.00011931169878,
                    0.00311 0.00755409623228 9.31169878032e-06,
                    0.00311 0.00760248542107 0.00011931169878,
                    0.00311 0.00707699072315 0.000665018010357

                  ]
                }
                normal Normal {
                  vector [
                    -0 -0 -1,
                    -0 -0 -1,
                    -0 -0 -1,
                    -0 -0 -1,
                    -1 -8.9457333e-29 -9.830337e-29,
                    -1 -8.9457333e-29 -9.830337e-29,
                    -1 -8.9457333e-29 -9.830337e-29,
                    -1 -8.9457333e-29 -9.830337e-29,
                    -1 -8.9457333e-29 -9.830337e-29,
                    -1 -8.9457333e-29 -9.830337e-29,
                    -1 -8.9457333e-29 -9.830337e-29,
                    -1 -8.9457333e-29 -9.830337e-29,
                    -1 -8.9457333e-29 -9.830337e-29,
                    -1 -8.9457333e-29 -9.830337e-29,
                    -1 -8.9457333e-29 -9.830337e-29,
                    -1 -8.9457333e-29 -9.830337e-29,
                    -1 -8.9457333e-29 -9.830337e-29,
                    -1 -8.9457333e-29 -9.830337e-29,
                    0 0 -1,
                    0 0 -1,
                    0 -0.40266323 -0.91534817,
                    0 -0.73715413 -0.67572463,
                    0 -0.73715413 -0.67572463,
                    0 -0.40266323 -0.91534817,
                    0 1 0,
                    0 1 0,
                    0 1 0,
                    0 1 0,
                    1 0 0,
                    1 0 0,
                    1 0 0,
                    1 0 0,
                    1 0 0,
                    1 0 0,
                    1 0 0,
                    1 0 0,
                    1 0 0,
                    1 0 0,
                    1 0 0,
                    1 0 0,
                    1 0 0,
                    1 0 0,
                    0 0 1,
                    0 0 1,
                    0 0 1,
                    0 0 1,
                    -0 -0 1,
                    -0 0.40266323 0.91534817,
                    -0 0.73715413 0.67572463,
                    -0 0.73715413 0.67572463,
                    -0 0.40266323 0.91534817,
                    -0 -0 1,
                    0 0.73715413 0.67572463,
                    0 0.73715413 0.67572463,
                    0 0.73715413 0.67572463,
                    0 0.73715413 0.67572463,
                    0 0.73715413 0.67572463,
                    0 0.40266323 0.91534817,
                    0 8.2245322e-13 1,
                    0 4.0945025e-13 1,
                    0 0.40266323 0.91534817,
                    0 0.73715413 0.67572463,
                    0 0 1,
                    0 0 1,
                    0 0 1,
                    0 0 1,
                    -0 -0.73715413 -0.67572463,
                    -0 -0.73715413 -0.67572463,
                    -0 -0.73715413 -0.67572463,
                    -0 -0.73715413 -0.67572463,
                    -0 -1 -0,
                    -0 -1 -0,
                    -0 -1 -0,
                    -0 -1 -0,
                    -0 -0 -1,
                    -0 -0 -1,
                    -0 -0 -1,
                    -0 -0 -1

                  ]
                }
                coordIndex [
                  2 1 3 -1 
                  2 0 1 -1 
                  1 0 4 -1 
                  1 4 5 -1 
                  24 4 0 -1 
                  12 7 11 -1 
                  8 9 7 -1 
                  12 6 7 -1 
                  10 7 9 -1 
                  23 7 10 -1 
                  11 7 23 -1 
                  24 22 6 -1 
                  24 0 22 -1 
                  24 6 12 -1 
                  25 0 2 -1 
                  22 25 6 -1 
                  6 25 13 -1 
                  22 0 25 -1 
                  5 14 3 -1 
                  5 3 1 -1 
                  3 14 15 -1 
                  16 13 26 -1 
                  21 13 16 -1 
                  21 17 27 -1 
                  21 27 18 -1 
                  20 18 19 -1 
                  21 16 17 -1 
                  21 18 20 -1 
                  2 15 26 -1 
                  25 26 13 -1 
                  2 26 25 -1 
                  3 15 2 -1 
                  15 14 5 -1 
                  15 5 4 -1 
                  12 16 26 -1 
                  24 26 15 -1 
                  24 12 26 -1 
                  4 24 15 -1 
                  12 11 17 -1 
                  12 17 16 -1 
                  18 23 10 -1 
                  27 11 23 -1 
                  27 23 18 -1 
                  17 11 27 -1 
                  19 10 9 -1 
                  18 10 19 -1 
                  6 21 7 -1 
                  6 13 21 -1 
                  9 20 19 -1 
                  9 8 20 -1 
                  20 8 7 -1 
                  21 20 7 -1 
                ]
                normalIndex [
                  2 0 3 -1 
                  2 1 0 -1 
                  6 7 4 -1 
                  6 4 5 -1 
                  17 4 7 -1 
                  16 10 15 -1 
                  11 12 10 -1 
                  16 9 10 -1 
                  13 10 12 -1 
                  14 10 13 -1 
                  15 10 14 -1 
                  17 8 9 -1 
                  17 7 8 -1 
                  17 9 16 -1 
                  20 18 19 -1 
                  23 20 22 -1 
                  22 20 21 -1 
                  23 18 20 -1 
                  26 27 24 -1 
                  26 24 25 -1 
                  41 28 29 -1 
                  31 38 30 -1 
                  37 38 31 -1 
                  37 32 33 -1 
                  37 33 34 -1 
                  36 34 35 -1 
                  37 31 32 -1 
                  37 34 36 -1 
                  40 29 30 -1 
                  39 30 38 -1 
                  40 30 39 -1 
                  41 29 40 -1 
                  44 45 42 -1 
                  44 42 43 -1 
                  49 48 47 -1 
                  50 47 46 -1 
                  50 49 47 -1 
                  51 50 46 -1 
                  54 55 52 -1 
                  54 52 53 -1 
                  59 57 58 -1 
                  60 56 57 -1 
                  60 57 59 -1 
                  61 56 60 -1 
                  64 62 63 -1 
                  65 62 64 -1 
                  68 66 69 -1 
                  68 67 66 -1 
                  72 70 73 -1 
                  72 71 70 -1 
                  76 75 74 -1 
                  77 76 74 -1 
                ]
              }
            }
            DEF PinsArrayTB_38 Shape {
              appearance DEF __359 Appearance {
                material DEF __360 Material {
                  ambientIntensity 0.260947436094
                  diffuseColor 0.73400002718 0.773000001907 0.79699999094
                  shininess 0
                }
              }
              geometry DEF __361 IndexedFaceSet {
                solid FALSE
                coord Coordinate {
                  point [
                    0.00289 -0.008 0,
                    0.00289 -0.0075983891888 0,
                    0.00311 -0.008 0,
                    0.00311 -0.0075983891888 0,
                    0.00289 -0.008 0.00011,
                    0.00289 -0.0076467783776 0.00011,
                    0.00289 -0.00756569142217 0.000145670290863,
                    0.00289 -0.00711378472205 0.000638659418274,
                    0.00289 -0.00703269776662 0.000674329709137,
                    0.00289 -0.007 0.000674329709137,
                    0.00289 -0.007 0.000564329709137,
                    0.00289 -0.00703269776662 0.000564329709137,
                    0.00289 -0.00751730223337 3.56702908631e-05,
                    0.00311 -0.00751730223337 3.56702908631e-05,
                    0.00311 -0.008 0.00011,
                    0.00311 -0.0076467783776 0.00011,
                    0.00311 -0.00703269776662 0.000564329709137,
                    0.00311 -0.007 0.000564329709137,
                    0.00311 -0.007 0.000674329709137,
                    0.00311 -0.00703269776662 0.000674329709137,
                    0.00311 -0.00711378472205 0.000638659418274,
                    0.00311 -0.00756569142217 0.000145670290863,
                    0.00289 -0.00760248542107 0.00011931169878,
                    0.00289 -0.00707699072315 0.000665018010357,
                    0.00289 -0.00755409623228 9.31169878032e-06,
                    0.00311 -0.00755409623228 9.31169878033e-06,
                    0.00311 -0.00707699072315 0.000665018010357,
                    0.00311 -0.00760248542107 0.00011931169878

                  ]
                }
                normal Normal {
                  vector [
                    -0 -0 -1,
                    -0 -0 -1,
                    -0 -0 -1,
                    -0 -0 -1,
                    -1 1.558915e-28 -1.7244317e-28,
                    -1 1.558915e-28 -1.7244317e-28,
                    -1 1.558915e-28 -1.7244317e-28,
                    -1 1.558915e-28 -1.7244317e-28,
                    -1 1.558915e-28 -1.7244317e-28,
                    -1 1.558915e-28 -1.7244317e-28,
                    -1 1.558915e-28 -1.7244317e-28,
                    -1 1.558915e-28 -1.7244317e-28,
                    -1 1.558915e-28 -1.7244317e-28,
                    -1 1.558915e-28 -1.7244317e-28,
                    -1 1.558915e-28 -1.7244317e-28,
                    -1 1.558915e-28 -1.7244317e-28,
                    -1 1.558915e-28 -1.7244317e-28,
                    -1 1.558915e-28 -1.7244317e-28,
                    0 -2.0694557e-13 -1,
                    0 0.40266323 -0.91534817,
                    0 0.73715413 -0.67572463,
                    0 0.73715413 -0.67572463,
                    0 0.40266323 -0.91534817,
                    0 0 -1,
                    -0 -1 -0,
                    -0 -1 -0,
                    -0 -1 -0,
                    -0 -1 -0,
                    1 -1.5637003e-28 1.7265799e-28,
                    1 -1.5637003e-28 1.7265799e-28,
                    1 -1.5637003e-28 1.7265799e-28,
                    1 -1.5637003e-28 1.7265799e-28,
                    1 -1.5637003e-28 1.7265799e-28,
                    1 -1.5637003e-28 1.7265799e-28,
                    1 -1.5637003e-28 1.7265799e-28,
                    1 -1.5637003e-28 1.7265799e-28,
                    1 -1.5637003e-28 1.7265799e-28,
                    1 -1.5637003e-28 1.7265799e-28,
                    1 -1.5637003e-28 1.7265799e-28,
                    1 -1.5637003e-28 1.7265799e-28,
                    1 -1.5637003e-28 1.7265799e-28,
                    1 -1.5637003e-28 1.7265799e-28,
                    0 0 1,
                    0 0 1,
                    0 0 1,
                    0 0 1,
                    -0 -0 1,
                    -0 -0 1,
                    -0 -0.40266323 0.91534817,
                    -0 -0.73715413 0.67572463,
                    -0 -0.73715413 0.67572463,
                    -0 -0.40266323 0.91534817,
                    -0 -0.73715413 0.67572463,
                    -0 -0.73715413 0.67572463,
                    -0 -0.73715413 0.67572463,
                    -0 -0.73715413 0.67572463,
                    0 -0.73715413 0.67572463,
                    0 -0.73715413 0.67572463,
                    0 -0.40266323 0.91534817,
                    0 -1.5454305e-12 1,
                    0 -4.0856207e-13 1,
                    0 -0.40266323 0.91534817,
                    0 0 1,
                    0 0 1,
                    0 0 1,
                    0 0 1,
                    0 0.73715413 -0.67572463,
                    0 0.73715413 -0.67572463,
                    0 0.73715413 -0.67572463,
                    0 0.73715413 -0.67572463,
                    0 1 0,
                    0 1 0,
                    0 1 0,
                    0 1 0,
                    -0 -0 -1,
                    -0 -0 -1,
                    -0 -0 -1,
                    -0 -0 -1

                  ]
                }
                coordIndex [
                  2 1 3 -1 
                  2 0 1 -1 
                  0 4 5 -1 
                  1 5 22 -1 
                  11 12 6 -1 
                  11 7 23 -1 
                  11 23 8 -1 
                  10 8 9 -1 
                  11 6 7 -1 
                  11 8 10 -1 
                  12 22 6 -1 
                  24 22 12 -1 
                  1 0 5 -1 
                  1 22 24 -1 
                  13 24 12 -1 
                  25 1 24 -1 
                  25 24 13 -1 
                  3 1 25 -1 
                  4 2 14 -1 
                  4 0 2 -1 
                  19 16 18 -1 
                  2 15 14 -1 
                  3 15 2 -1 
                  27 15 3 -1 
                  21 13 16 -1 
                  18 16 17 -1 
                  26 16 19 -1 
                  20 16 26 -1 
                  27 25 13 -1 
                  21 16 20 -1 
                  27 3 25 -1 
                  27 13 21 -1 
                  14 15 5 -1 
                  14 5 4 -1 
                  22 5 15 -1 
                  27 22 15 -1 
                  21 6 22 -1 
                  27 21 22 -1 
                  6 20 7 -1 
                  6 21 20 -1 
                  26 7 20 -1 
                  23 26 8 -1 
                  8 26 19 -1 
                  23 7 26 -1 
                  19 9 8 -1 
                  18 9 19 -1 
                  12 11 16 -1 
                  12 16 13 -1 
                  17 10 18 -1 
                  9 18 10 -1 
                  16 11 10 -1 
                  17 16 10 -1 
                ]
                normalIndex [
                  2 0 3 -1 
                  2 1 0 -1 
                  17 4 5 -1 
                  16 5 6 -1 
                  13 14 7 -1 
                  13 8 9 -1 
                  13 9 10 -1 
                  12 10 11 -1 
                  13 7 8 -1 
                  13 10 12 -1 
                  14 6 7 -1 
                  15 6 14 -1 
                  16 17 5 -1 
                  16 6 15 -1 
                  21 19 20 -1 
                  22 18 19 -1 
                  22 19 21 -1 
                  23 18 22 -1 
                  26 24 27 -1 
                  26 25 24 -1 
                  37 34 36 -1 
                  30 28 29 -1 
                  31 28 30 -1 
                  41 28 31 -1 
                  40 33 34 -1 
                  36 34 35 -1 
                  38 34 37 -1 
                  39 34 38 -1 
                  41 32 33 -1 
                  40 34 39 -1 
                  41 31 32 -1 
                  41 33 40 -1 
                  44 45 42 -1 
                  44 42 43 -1 
                  48 47 46 -1 
                  51 48 46 -1 
                  50 49 48 -1 
                  51 50 48 -1 
                  54 52 55 -1 
                  54 53 52 -1 
                  58 56 57 -1 
                  61 58 60 -1 
                  60 58 59 -1 
                  61 56 58 -1 
                  64 62 63 -1 
                  65 62 64 -1 
                  68 69 66 -1 
                  68 66 67 -1 
                  71 72 70 -1 
                  73 70 72 -1 
                  76 75 74 -1 
                  77 76 74 -1 
                ]
              }
            }
            DEF PinsArrayTB_39 Shape {
              appearance DEF __363 Appearance {
                material DEF __364 Material {
                  ambientIntensity 0.260947436094
                  diffuseColor 0.73400002718 0.773000001907 0.79699999094
                  shininess 0
                }
              }
              geometry DEF __365 IndexedFaceSet {
                solid FALSE
                coord Coordinate {
                  point [
                    0.00339 0.0075983891888 0,
                    0.00339 0.008 0,
                    0.00361 0.0075983891888 0,
                    0.00361 0.008 0,
                    0.00339 0.0076467783776 0.00011,
                    0.00339 0.008 0.00011,
                    0.00339 0.00751730223337 3.56702908631e-05,
                    0.00339 0.00703269776662 0.000564329709137,
                    0.00339 0.007 0.000564329709137,
                    0.00339 0.007 0.000674329709137,
                    0.00339 0.00703269776662 0.000674329709137,
                    0.00339 0.00711378472205 0.000638659418274,
                    0.00339 0.00756569142217 0.000145670290863,
                    0.00361 0.00751730223337 3.56702908631e-05,
                    0.00361 0.008 0.00011,
                    0.00361 0.0076467783776 0.00011,
                    0.00361 0.00756569142217 0.000145670290863,
                    0.00361 0.00711378472205 0.000638659418274,
                    0.00361 0.00703269776662 0.000674329709137,
                    0.00361 0.007 0.000674329709137,
                    0.00361 0.007 0.000564329709137,
                    0.00361 0.00703269776662 0.000564329709137,
                    0.00339 0.00755409623228 9.31169878032e-06,
                    0.00339 0.00707699072315 0.000665018010357,
                    0.00339 0.00760248542107 0.00011931169878,
                    0.00361 0.00755409623228 9.31169878032e-06,
                    0.00361 0.00760248542107 0.00011931169878,
                    0.00361 0.00707699072315 0.000665018010357

                  ]
                }
                normal Normal {
                  vector [
                    -0 -0 -1,
                    -0 -0 -1,
                    -0 -0 -1,
                    -0 -0 -1,
                    -1 -8.9457333e-29 -9.830337e-29,
                    -1 -8.9457333e-29 -9.830337e-29,
                    -1 -8.9457333e-29 -9.830337e-29,
                    -1 -8.9457333e-29 -9.830337e-29,
                    -1 -8.9457333e-29 -9.830337e-29,
                    -1 -8.9457333e-29 -9.830337e-29,
                    -1 -8.9457333e-29 -9.830337e-29,
                    -1 -8.9457333e-29 -9.830337e-29,
                    -1 -8.9457333e-29 -9.830337e-29,
                    -1 -8.9457333e-29 -9.830337e-29,
                    -1 -8.9457333e-29 -9.830337e-29,
                    -1 -8.9457333e-29 -9.830337e-29,
                    -1 -8.9457333e-29 -9.830337e-29,
                    -1 -8.9457333e-29 -9.830337e-29,
                    0 0 -1,
                    0 0 -1,
                    0 -0.40266323 -0.91534817,
                    0 -0.73715413 -0.67572463,
                    0 -0.73715413 -0.67572463,
                    0 -0.40266323 -0.91534817,
                    0 1 0,
                    0 1 0,
                    0 1 0,
                    0 1 0,
                    1 0 0,
                    1 0 0,
                    1 0 0,
                    1 0 0,
                    1 0 0,
                    1 0 0,
                    1 0 0,
                    1 0 0,
                    1 0 0,
                    1 0 0,
                    1 0 0,
                    1 0 0,
                    1 0 0,
                    1 0 0,
                    0 0 1,
                    0 0 1,
                    0 0 1,
                    0 0 1,
                    -0 -0 1,
                    -0 0.40266323 0.91534817,
                    -0 0.73715413 0.67572463,
                    -0 0.73715413 0.67572463,
                    -0 0.40266323 0.91534817,
                    -0 -0 1,
                    0 0.73715413 0.67572463,
                    0 0.73715413 0.67572463,
                    0 0.73715413 0.67572463,
                    0 0.73715413 0.67572463,
                    0 0.73715413 0.67572463,
                    0 0.40266323 0.91534817,
                    0 8.2245322e-13 1,
                    0 4.0945025e-13 1,
                    0 0.40266323 0.91534817,
                    0 0.73715413 0.67572463,
                    0 0 1,
                    0 0 1,
                    0 0 1,
                    0 0 1,
                    -0 -0.73715413 -0.67572463,
                    -0 -0.73715413 -0.67572463,
                    -0 -0.73715413 -0.67572463,
                    -0 -0.73715413 -0.67572463,
                    -0 -1 -0,
                    -0 -1 -0,
                    -0 -1 -0,
                    -0 -1 -0,
                    -0 -0 -1,
                    -0 -0 -1,
                    -0 -0 -1,
                    -0 -0 -1

                  ]
                }
                coordIndex [
                  2 1 3 -1 
                  2 0 1 -1 
                  1 0 4 -1 
                  1 4 5 -1 
                  24 4 0 -1 
                  12 7 11 -1 
                  8 9 7 -1 
                  12 6 7 -1 
                  10 7 9 -1 
                  23 7 10 -1 
                  11 7 23 -1 
                  24 22 6 -1 
                  24 0 22 -1 
                  24 6 12 -1 
                  25 0 2 -1 
                  22 25 6 -1 
                  6 25 13 -1 
                  22 0 25 -1 
                  5 14 3 -1 
                  5 3 1 -1 
                  3 14 15 -1 
                  16 13 26 -1 
                  21 13 16 -1 
                  21 17 27 -1 
                  21 27 18 -1 
                  20 18 19 -1 
                  21 16 17 -1 
                  21 18 20 -1 
                  2 15 26 -1 
                  25 26 13 -1 
                  2 26 25 -1 
                  3 15 2 -1 
                  15 14 5 -1 
                  15 5 4 -1 
                  12 16 26 -1 
                  24 26 15 -1 
                  24 12 26 -1 
                  4 24 15 -1 
                  12 11 17 -1 
                  12 17 16 -1 
                  18 23 10 -1 
                  27 11 23 -1 
                  27 23 18 -1 
                  17 11 27 -1 
                  19 10 9 -1 
                  18 10 19 -1 
                  6 21 7 -1 
                  6 13 21 -1 
                  9 20 19 -1 
                  9 8 20 -1 
                  20 8 7 -1 
                  21 20 7 -1 
                ]
                normalIndex [
                  2 0 3 -1 
                  2 1 0 -1 
                  6 7 4 -1 
                  6 4 5 -1 
                  17 4 7 -1 
                  16 10 15 -1 
                  11 12 10 -1 
                  16 9 10 -1 
                  13 10 12 -1 
                  14 10 13 -1 
                  15 10 14 -1 
                  17 8 9 -1 
                  17 7 8 -1 
                  17 9 16 -1 
                  20 18 19 -1 
                  23 20 22 -1 
                  22 20 21 -1 
                  23 18 20 -1 
                  26 27 24 -1 
                  26 24 25 -1 
                  41 28 29 -1 
                  31 38 30 -1 
                  37 38 31 -1 
                  37 32 33 -1 
                  37 33 34 -1 
                  36 34 35 -1 
                  37 31 32 -1 
                  37 34 36 -1 
                  40 29 30 -1 
                  39 30 38 -1 
                  40 30 39 -1 
                  41 29 40 -1 
                  44 45 42 -1 
                  44 42 43 -1 
                  49 48 47 -1 
                  50 47 46 -1 
                  50 49 47 -1 
                  51 50 46 -1 
                  54 55 52 -1 
                  54 52 53 -1 
                  59 57 58 -1 
                  60 56 57 -1 
                  60 57 59 -1 
                  61 56 60 -1 
                  64 62 63 -1 
                  65 62 64 -1 
                  68 66 69 -1 
                  68 67 66 -1 
                  72 70 73 -1 
                  72 71 70 -1 
                  76 75 74 -1 
                  77 76 74 -1 
                ]
              }
            }
            DEF PinsArrayTB_40 Shape {
              appearance DEF __367 Appearance {
                material DEF __368 Material {
                  ambientIntensity 0.260947436094
                  diffuseColor 0.73400002718 0.773000001907 0.79699999094
                  shininess 0
                }
              }
              geometry DEF __369 IndexedFaceSet {
                solid FALSE
                coord Coordinate {
                  point [
                    0.00339 -0.008 0,
                    0.00339 -0.0075983891888 0,
                    0.00361 -0.008 0,
                    0.00361 -0.0075983891888 0,
                    0.00339 -0.008 0.00011,
                    0.00339 -0.0076467783776 0.00011,
                    0.00339 -0.00756569142217 0.000145670290863,
                    0.00339 -0.00711378472205 0.000638659418274,
                    0.00339 -0.00703269776662 0.000674329709137,
                    0.00339 -0.007 0.000674329709137,
                    0.00339 -0.007 0.000564329709137,
                    0.00339 -0.00703269776662 0.000564329709137,
                    0.00339 -0.00751730223337 3.56702908631e-05,
                    0.00361 -0.00751730223337 3.56702908631e-05,
                    0.00361 -0.008 0.00011,
                    0.00361 -0.0076467783776 0.00011,
                    0.00361 -0.00703269776662 0.000564329709137,
                    0.00361 -0.007 0.000564329709137,
                    0.00361 -0.007 0.000674329709137,
                    0.00361 -0.00703269776662 0.000674329709137,
                    0.00361 -0.00711378472205 0.000638659418274,
                    0.00361 -0.00756569142217 0.000145670290863,
                    0.00339 -0.00760248542107 0.00011931169878,
                    0.00339 -0.00707699072315 0.000665018010357,
                    0.00339 -0.00755409623228 9.31169878032e-06,
                    0.00361 -0.00755409623228 9.31169878033e-06,
                    0.00361 -0.00707699072315 0.000665018010357,
                    0.00361 -0.00760248542107 0.00011931169878

                  ]
                }
                normal Normal {
                  vector [
                    -0 -0 -1,
                    -0 -0 -1,
                    -0 -0 -1,
                    -0 -0 -1,
                    -1 1.558915e-28 -1.7244317e-28,
                    -1 1.558915e-28 -1.7244317e-28,
                    -1 1.558915e-28 -1.7244317e-28,
                    -1 1.558915e-28 -1.7244317e-28,
                    -1 1.558915e-28 -1.7244317e-28,
                    -1 1.558915e-28 -1.7244317e-28,
                    -1 1.558915e-28 -1.7244317e-28,
                    -1 1.558915e-28 -1.7244317e-28,
                    -1 1.558915e-28 -1.7244317e-28,
                    -1 1.558915e-28 -1.7244317e-28,
                    -1 1.558915e-28 -1.7244317e-28,
                    -1 1.558915e-28 -1.7244317e-28,
                    -1 1.558915e-28 -1.7244317e-28,
                    -1 1.558915e-28 -1.7244317e-28,
                    0 -2.0694557e-13 -1,
                    0 0.40266323 -0.91534817,
                    0 0.73715413 -0.67572463,
                    0 0.73715413 -0.67572463,
                    0 0.40266323 -0.91534817,
                    0 0 -1,
                    -0 -1 -0,
                    -0 -1 -0,
                    -0 -1 -0,
                    -0 -1 -0,
                    1 -1.5637003e-28 1.7265799e-28,
                    1 -1.5637003e-28 1.7265799e-28,
                    1 -1.5637003e-28 1.7265799e-28,
                    1 -1.5637003e-28 1.7265799e-28,
                    1 -1.5637003e-28 1.7265799e-28,
                    1 -1.5637003e-28 1.7265799e-28,
                    1 -1.5637003e-28 1.7265799e-28,
                    1 -1.5637003e-28 1.7265799e-28,
                    1 -1.5637003e-28 1.7265799e-28,
                    1 -1.5637003e-28 1.7265799e-28,
                    1 -1.5637003e-28 1.7265799e-28,
                    1 -1.5637003e-28 1.7265799e-28,
                    1 -1.5637003e-28 1.7265799e-28,
                    1 -1.5637003e-28 1.7265799e-28,
                    0 0 1,
                    0 0 1,
                    0 0 1,
                    0 0 1,
                    -0 -0 1,
                    -0 -0 1,
                    -0 -0.40266323 0.91534817,
                    -0 -0.73715413 0.67572463,
                    -0 -0.73715413 0.67572463,
                    -0 -0.40266323 0.91534817,
                    -0 -0.73715413 0.67572463,
                    -0 -0.73715413 0.67572463,
                    -0 -0.73715413 0.67572463,
                    -0 -0.73715413 0.67572463,
                    0 -0.73715413 0.67572463,
                    0 -0.73715413 0.67572463,
                    0 -0.40266323 0.91534817,
                    0 -1.5454305e-12 1,
                    0 -4.0856207e-13 1,
                    0 -0.40266323 0.91534817,
                    0 0 1,
                    0 0 1,
                    0 0 1,
                    0 0 1,
                    0 0.73715413 -0.67572463,
                    0 0.73715413 -0.67572463,
                    0 0.73715413 -0.67572463,
                    0 0.73715413 -0.67572463,
                    0 1 0,
                    0 1 0,
                    0 1 0,
                    0 1 0,
                    -0 -0 -1,
                    -0 -0 -1,
                    -0 -0 -1,
                    -0 -0 -1

                  ]
                }
                coordIndex [
                  2 1 3 -1 
                  2 0 1 -1 
                  0 4 5 -1 
                  1 5 22 -1 
                  11 12 6 -1 
                  11 7 23 -1 
                  11 23 8 -1 
                  10 8 9 -1 
                  11 6 7 -1 
                  11 8 10 -1 
                  12 22 6 -1 
                  24 22 12 -1 
                  1 0 5 -1 
                  1 22 24 -1 
                  13 24 12 -1 
                  25 1 24 -1 
                  25 24 13 -1 
                  3 1 25 -1 
                  4 2 14 -1 
                  4 0 2 -1 
                  19 16 18 -1 
                  2 15 14 -1 
                  3 15 2 -1 
                  27 15 3 -1 
                  21 13 16 -1 
                  18 16 17 -1 
                  26 16 19 -1 
                  20 16 26 -1 
                  27 25 13 -1 
                  21 16 20 -1 
                  27 3 25 -1 
                  27 13 21 -1 
                  14 15 5 -1 
                  14 5 4 -1 
                  22 5 15 -1 
                  27 22 15 -1 
                  21 6 22 -1 
                  27 21 22 -1 
                  6 20 7 -1 
                  6 21 20 -1 
                  26 7 20 -1 
                  23 26 8 -1 
                  8 26 19 -1 
                  23 7 26 -1 
                  19 9 8 -1 
                  18 9 19 -1 
                  12 11 16 -1 
                  12 16 13 -1 
                  17 10 18 -1 
                  9 18 10 -1 
                  16 11 10 -1 
                  17 16 10 -1 
                ]
                normalIndex [
                  2 0 3 -1 
                  2 1 0 -1 
                  17 4 5 -1 
                  16 5 6 -1 
                  13 14 7 -1 
                  13 8 9 -1 
                  13 9 10 -1 
                  12 10 11 -1 
                  13 7 8 -1 
                  13 10 12 -1 
                  14 6 7 -1 
                  15 6 14 -1 
                  16 17 5 -1 
                  16 6 15 -1 
                  21 19 20 -1 
                  22 18 19 -1 
                  22 19 21 -1 
                  23 18 22 -1 
                  26 24 27 -1 
                  26 25 24 -1 
                  37 34 36 -1 
                  30 28 29 -1 
                  31 28 30 -1 
                  41 28 31 -1 
                  40 33 34 -1 
                  36 34 35 -1 
                  38 34 37 -1 
                  39 34 38 -1 
                  41 32 33 -1 
                  40 34 39 -1 
                  41 31 32 -1 
                  41 33 40 -1 
                  44 45 42 -1 
                  44 42 43 -1 
                  48 47 46 -1 
                  51 48 46 -1 
                  50 49 48 -1 
                  51 50 48 -1 
                  54 52 55 -1 
                  54 53 52 -1 
                  58 56 57 -1 
                  61 58 60 -1 
                  60 58 59 -1 
                  61 56 58 -1 
                  64 62 63 -1 
                  65 62 64 -1 
                  68 69 66 -1 
                  68 66 67 -1 
                  71 72 70 -1 
                  73 70 72 -1 
                  76 75 74 -1 
                  77 76 74 -1 
                ]
              }
            }
            DEF PinsArrayTB_41 Shape {
              appearance DEF __371 Appearance {
                material DEF __372 Material {
                  ambientIntensity 0.260947436094
                  diffuseColor 0.73400002718 0.773000001907 0.79699999094
                  shininess 0
                }
              }
              geometry DEF __373 IndexedFaceSet {
                solid FALSE
                coord Coordinate {
                  point [
                    0.00389 0.0075983891888 0,
                    0.00389 0.008 0,
                    0.00411 0.0075983891888 0,
                    0.00411 0.008 0,
                    0.00389 0.0076467783776 0.00011,
                    0.00389 0.008 0.00011,
                    0.00389 0.00751730223337 3.56702908631e-05,
                    0.00389 0.00703269776662 0.000564329709137,
                    0.00389 0.007 0.000564329709137,
                    0.00389 0.007 0.000674329709137,
                    0.00389 0.00703269776662 0.000674329709137,
                    0.00389 0.00711378472205 0.000638659418274,
                    0.00389 0.00756569142217 0.000145670290863,
                    0.00411 0.00751730223337 3.56702908631e-05,
                    0.00411 0.008 0.00011,
                    0.00411 0.0076467783776 0.00011,
                    0.00411 0.00756569142217 0.000145670290863,
                    0.00411 0.00711378472205 0.000638659418274,
                    0.00411 0.00703269776662 0.000674329709137,
                    0.00411 0.007 0.000674329709137,
                    0.00411 0.007 0.000564329709137,
                    0.00411 0.00703269776662 0.000564329709137,
                    0.00389 0.00755409623228 9.31169878032e-06,
                    0.00389 0.00707699072315 0.000665018010357,
                    0.00389 0.00760248542107 0.00011931169878,
                    0.00411 0.00755409623228 9.31169878032e-06,
                    0.00411 0.00760248542107 0.00011931169878,
                    0.00411 0.00707699072315 0.000665018010357

                  ]
                }
                normal Normal {
                  vector [
                    -0 -0 -1,
                    -0 -0 -1,
                    -0 -0 -1,
                    -0 -0 -1,
                    -1 -8.9457333e-29 -9.830337e-29,
                    -1 -8.9457333e-29 -9.830337e-29,
                    -1 -8.9457333e-29 -9.830337e-29,
                    -1 -8.9457333e-29 -9.830337e-29,
                    -1 -8.9457333e-29 -9.830337e-29,
                    -1 -8.9457333e-29 -9.830337e-29,
                    -1 -8.9457333e-29 -9.830337e-29,
                    -1 -8.9457333e-29 -9.830337e-29,
                    -1 -8.9457333e-29 -9.830337e-29,
                    -1 -8.9457333e-29 -9.830337e-29,
                    -1 -8.9457333e-29 -9.830337e-29,
                    -1 -8.9457333e-29 -9.830337e-29,
                    -1 -8.9457333e-29 -9.830337e-29,
                    -1 -8.9457333e-29 -9.830337e-29,
                    0 0 -1,
                    0 0 -1,
                    0 -0.40266323 -0.91534817,
                    0 -0.73715413 -0.67572463,
                    0 -0.73715413 -0.67572463,
                    0 -0.40266323 -0.91534817,
                    0 1 0,
                    0 1 0,
                    0 1 0,
                    0 1 0,
                    1 0 0,
                    1 0 0,
                    1 0 0,
                    1 0 0,
                    1 0 0,
                    1 0 0,
                    1 0 0,
                    1 0 0,
                    1 0 0,
                    1 0 0,
                    1 0 0,
                    1 0 0,
                    1 0 0,
                    1 0 0,
                    0 0 1,
                    0 0 1,
                    0 0 1,
                    0 0 1,
                    -0 -0 1,
                    -0 0.40266323 0.91534817,
                    -0 0.73715413 0.67572463,
                    -0 0.73715413 0.67572463,
                    -0 0.40266323 0.91534817,
                    -0 -0 1,
                    0 0.73715413 0.67572463,
                    0 0.73715413 0.67572463,
                    0 0.73715413 0.67572463,
                    0 0.73715413 0.67572463,
                    0 0.73715413 0.67572463,
                    0 0.40266323 0.91534817,
                    0 8.2245322e-13 1,
                    0 4.0945025e-13 1,
                    0 0.40266323 0.91534817,
                    0 0.73715413 0.67572463,
                    0 0 1,
                    0 0 1,
                    0 0 1,
                    0 0 1,
                    -0 -0.73715413 -0.67572463,
                    -0 -0.73715413 -0.67572463,
                    -0 -0.73715413 -0.67572463,
                    -0 -0.73715413 -0.67572463,
                    -0 -1 -0,
                    -0 -1 -0,
                    -0 -1 -0,
                    -0 -1 -0,
                    -0 -0 -1,
                    -0 -0 -1,
                    -0 -0 -1,
                    -0 -0 -1

                  ]
                }
                coordIndex [
                  2 1 3 -1 
                  2 0 1 -1 
                  1 0 4 -1 
                  1 4 5 -1 
                  24 4 0 -1 
                  12 7 11 -1 
                  8 9 7 -1 
                  12 6 7 -1 
                  10 7 9 -1 
                  23 7 10 -1 
                  11 7 23 -1 
                  24 22 6 -1 
                  24 0 22 -1 
                  24 6 12 -1 
                  25 0 2 -1 
                  22 25 6 -1 
                  6 25 13 -1 
                  22 0 25 -1 
                  5 14 3 -1 
                  5 3 1 -1 
                  3 14 15 -1 
                  16 13 26 -1 
                  21 13 16 -1 
                  21 17 27 -1 
                  21 27 18 -1 
                  20 18 19 -1 
                  21 16 17 -1 
                  21 18 20 -1 
                  2 15 26 -1 
                  25 26 13 -1 
                  2 26 25 -1 
                  3 15 2 -1 
                  15 14 5 -1 
                  15 5 4 -1 
                  12 16 26 -1 
                  24 26 15 -1 
                  24 12 26 -1 
                  4 24 15 -1 
                  12 11 17 -1 
                  12 17 16 -1 
                  18 23 10 -1 
                  27 11 23 -1 
                  27 23 18 -1 
                  17 11 27 -1 
                  19 10 9 -1 
                  18 10 19 -1 
                  6 21 7 -1 
                  6 13 21 -1 
                  9 20 19 -1 
                  9 8 20 -1 
                  20 8 7 -1 
                  21 20 7 -1 
                ]
                normalIndex [
                  2 0 3 -1 
                  2 1 0 -1 
                  6 7 4 -1 
                  6 4 5 -1 
                  17 4 7 -1 
                  16 10 15 -1 
                  11 12 10 -1 
                  16 9 10 -1 
                  13 10 12 -1 
                  14 10 13 -1 
                  15 10 14 -1 
                  17 8 9 -1 
                  17 7 8 -1 
                  17 9 16 -1 
                  20 18 19 -1 
                  23 20 22 -1 
                  22 20 21 -1 
                  23 18 20 -1 
                  26 27 24 -1 
                  26 24 25 -1 
                  41 28 29 -1 
                  31 38 30 -1 
                  37 38 31 -1 
                  37 32 33 -1 
                  37 33 34 -1 
                  36 34 35 -1 
                  37 31 32 -1 
                  37 34 36 -1 
                  40 29 30 -1 
                  39 30 38 -1 
                  40 30 39 -1 
                  41 29 40 -1 
                  44 45 42 -1 
                  44 42 43 -1 
                  49 48 47 -1 
                  50 47 46 -1 
                  50 49 47 -1 
                  51 50 46 -1 
                  54 55 52 -1 
                  54 52 53 -1 
                  59 57 58 -1 
                  60 56 57 -1 
                  60 57 59 -1 
                  61 56 60 -1 
                  64 62 63 -1 
                  65 62 64 -1 
                  68 66 69 -1 
                  68 67 66 -1 
                  72 70 73 -1 
                  72 71 70 -1 
                  76 75 74 -1 
                  77 76 74 -1 
                ]
              }
            }
            DEF PinsArrayTB_42 Shape {
              appearance DEF __375 Appearance {
                material DEF __376 Material {
                  ambientIntensity 0.260947436094
                  diffuseColor 0.73400002718 0.773000001907 0.79699999094
                  shininess 0
                }
              }
              geometry DEF __377 IndexedFaceSet {
                solid FALSE
                coord Coordinate {
                  point [
                    0.00389 -0.008 0,
                    0.00389 -0.0075983891888 0,
                    0.00411 -0.008 0,
                    0.00411 -0.0075983891888 0,
                    0.00389 -0.008 0.00011,
                    0.00389 -0.0076467783776 0.00011,
                    0.00389 -0.00756569142217 0.000145670290863,
                    0.00389 -0.00711378472205 0.000638659418274,
                    0.00389 -0.00703269776662 0.000674329709137,
                    0.00389 -0.007 0.000674329709137,
                    0.00389 -0.007 0.000564329709137,
                    0.00389 -0.00703269776662 0.000564329709137,
                    0.00389 -0.00751730223337 3.56702908631e-05,
                    0.00411 -0.00751730223337 3.56702908631e-05,
                    0.00411 -0.008 0.00011,
                    0.00411 -0.0076467783776 0.00011,
                    0.00411 -0.00703269776662 0.000564329709137,
                    0.00411 -0.007 0.000564329709137,
                    0.00411 -0.007 0.000674329709137,
                    0.00411 -0.00703269776662 0.000674329709137,
                    0.00411 -0.00711378472205 0.000638659418274,
                    0.00411 -0.00756569142217 0.000145670290863,
                    0.00389 -0.00760248542107 0.00011931169878,
                    0.00389 -0.00707699072315 0.000665018010357,
                    0.00389 -0.00755409623228 9.31169878032e-06,
                    0.00411 -0.00755409623228 9.31169878033e-06,
                    0.00411 -0.00707699072315 0.000665018010357,
                    0.00411 -0.00760248542107 0.00011931169878

                  ]
                }
                normal Normal {
                  vector [
                    -0 -0 -1,
                    -0 -0 -1,
                    -0 -0 -1,
                    -0 -0 -1,
                    -1 1.558915e-28 -1.7244317e-28,
                    -1 1.558915e-28 -1.7244317e-28,
                    -1 1.558915e-28 -1.7244317e-28,
                    -1 1.558915e-28 -1.7244317e-28,
                    -1 1.558915e-28 -1.7244317e-28,
                    -1 1.558915e-28 -1.7244317e-28,
                    -1 1.558915e-28 -1.7244317e-28,
                    -1 1.558915e-28 -1.7244317e-28,
                    -1 1.558915e-28 -1.7244317e-28,
                    -1 1.558915e-28 -1.7244317e-28,
                    -1 1.558915e-28 -1.7244317e-28,
                    -1 1.558915e-28 -1.7244317e-28,
                    -1 1.558915e-28 -1.7244317e-28,
                    -1 1.558915e-28 -1.7244317e-28,
                    0 -2.0694557e-13 -1,
                    0 0.40266323 -0.91534817,
                    0 0.73715413 -0.67572463,
                    0 0.73715413 -0.67572463,
                    0 0.40266323 -0.91534817,
                    0 0 -1,
                    -0 -1 -0,
                    -0 -1 -0,
                    -0 -1 -0,
                    -0 -1 -0,
                    1 -1.5637003e-28 1.7265799e-28,
                    1 -1.5637003e-28 1.7265799e-28,
                    1 -1.5637003e-28 1.7265799e-28,
                    1 -1.5637003e-28 1.7265799e-28,
                    1 -1.5637003e-28 1.7265799e-28,
                    1 -1.5637003e-28 1.7265799e-28,
                    1 -1.5637003e-28 1.7265799e-28,
                    1 -1.5637003e-28 1.7265799e-28,
                    1 -1.5637003e-28 1.7265799e-28,
                    1 -1.5637003e-28 1.7265799e-28,
                    1 -1.5637003e-28 1.7265799e-28,
                    1 -1.5637003e-28 1.7265799e-28,
                    1 -1.5637003e-28 1.7265799e-28,
                    1 -1.5637003e-28 1.7265799e-28,
                    0 0 1,
                    0 0 1,
                    0 0 1,
                    0 0 1,
                    -0 -0 1,
                    -0 -0 1,
                    -0 -0.40266323 0.91534817,
                    -0 -0.73715413 0.67572463,
                    -0 -0.73715413 0.67572463,
                    -0 -0.40266323 0.91534817,
                    -0 -0.73715413 0.67572463,
                    -0 -0.73715413 0.67572463,
                    -0 -0.73715413 0.67572463,
                    -0 -0.73715413 0.67572463,
                    0 -0.73715413 0.67572463,
                    0 -0.73715413 0.67572463,
                    0 -0.40266323 0.91534817,
                    0 -1.5454305e-12 1,
                    0 -4.0856207e-13 1,
                    0 -0.40266323 0.91534817,
                    0 0 1,
                    0 0 1,
                    0 0 1,
                    0 0 1,
                    0 0.73715413 -0.67572463,
                    0 0.73715413 -0.67572463,
                    0 0.73715413 -0.67572463,
                    0 0.73715413 -0.67572463,
                    0 1 0,
                    0 1 0,
                    0 1 0,
                    0 1 0,
                    -0 -0 -1,
                    -0 -0 -1,
                    -0 -0 -1,
                    -0 -0 -1

                  ]
                }
                coordIndex [
                  2 1 3 -1 
                  2 0 1 -1 
                  0 4 5 -1 
                  1 5 22 -1 
                  11 12 6 -1 
                  11 7 23 -1 
                  11 23 8 -1 
                  10 8 9 -1 
                  11 6 7 -1 
                  11 8 10 -1 
                  12 22 6 -1 
                  24 22 12 -1 
                  1 0 5 -1 
                  1 22 24 -1 
                  13 24 12 -1 
                  25 1 24 -1 
                  25 24 13 -1 
                  3 1 25 -1 
                  4 2 14 -1 
                  4 0 2 -1 
                  19 16 18 -1 
                  2 15 14 -1 
                  3 15 2 -1 
                  27 15 3 -1 
                  21 13 16 -1 
                  18 16 17 -1 
                  26 16 19 -1 
                  20 16 26 -1 
                  27 25 13 -1 
                  21 16 20 -1 
                  27 3 25 -1 
                  27 13 21 -1 
                  14 15 5 -1 
                  14 5 4 -1 
                  22 5 15 -1 
                  27 22 15 -1 
                  21 6 22 -1 
                  27 21 22 -1 
                  6 20 7 -1 
                  6 21 20 -1 
                  26 7 20 -1 
                  23 26 8 -1 
                  8 26 19 -1 
                  23 7 26 -1 
                  19 9 8 -1 
                  18 9 19 -1 
                  12 11 16 -1 
                  12 16 13 -1 
                  17 10 18 -1 
                  9 18 10 -1 
                  16 11 10 -1 
                  17 16 10 -1 
                ]
                normalIndex [
                  2 0 3 -1 
                  2 1 0 -1 
                  17 4 5 -1 
                  16 5 6 -1 
                  13 14 7 -1 
                  13 8 9 -1 
                  13 9 10 -1 
                  12 10 11 -1 
                  13 7 8 -1 
                  13 10 12 -1 
                  14 6 7 -1 
                  15 6 14 -1 
                  16 17 5 -1 
                  16 6 15 -1 
                  21 19 20 -1 
                  22 18 19 -1 
                  22 19 21 -1 
                  23 18 22 -1 
                  26 24 27 -1 
                  26 25 24 -1 
                  37 34 36 -1 
                  30 28 29 -1 
                  31 28 30 -1 
                  41 28 31 -1 
                  40 33 34 -1 
                  36 34 35 -1 
                  38 34 37 -1 
                  39 34 38 -1 
                  41 32 33 -1 
                  40 34 39 -1 
                  41 31 32 -1 
                  41 33 40 -1 
                  44 45 42 -1 
                  44 42 43 -1 
                  48 47 46 -1 
                  51 48 46 -1 
                  50 49 48 -1 
                  51 50 48 -1 
                  54 52 55 -1 
                  54 53 52 -1 
                  58 56 57 -1 
                  61 58 60 -1 
                  60 58 59 -1 
                  61 56 58 -1 
                  64 62 63 -1 
                  65 62 64 -1 
                  68 69 66 -1 
                  68 66 67 -1 
                  71 72 70 -1 
                  73 70 72 -1 
                  76 75 74 -1 
                  77 76 74 -1 
                ]
              }
            }
            DEF PinsArrayTB_43 Shape {
              appearance DEF __379 Appearance {
                material DEF __380 Material {
                  ambientIntensity 0.260947436094
                  diffuseColor 0.73400002718 0.773000001907 0.79699999094
                  shininess 0
                }
              }
              geometry DEF __381 IndexedFaceSet {
                solid FALSE
                coord Coordinate {
                  point [
                    0.00439 0.0075983891888 0,
                    0.00439 0.008 0,
                    0.00461 0.0075983891888 0,
                    0.00461 0.008 0,
                    0.00439 0.0076467783776 0.00011,
                    0.00439 0.008 0.00011,
                    0.00439 0.00751730223337 3.56702908631e-05,
                    0.00439 0.00703269776662 0.000564329709137,
                    0.00439 0.007 0.000564329709137,
                    0.00439 0.007 0.000674329709137,
                    0.00439 0.00703269776662 0.000674329709137,
                    0.00439 0.00711378472205 0.000638659418274,
                    0.00439 0.00756569142217 0.000145670290863,
                    0.00461 0.00751730223337 3.56702908631e-05,
                    0.00461 0.008 0.00011,
                    0.00461 0.0076467783776 0.00011,
                    0.00461 0.00756569142217 0.000145670290863,
                    0.00461 0.00711378472205 0.000638659418274,
                    0.00461 0.00703269776662 0.000674329709137,
                    0.00461 0.007 0.000674329709137,
                    0.00461 0.007 0.000564329709137,
                    0.00461 0.00703269776662 0.000564329709137,
                    0.00439 0.00755409623228 9.31169878032e-06,
                    0.00439 0.00707699072315 0.000665018010357,
                    0.00439 0.00760248542107 0.00011931169878,
                    0.00461 0.00755409623228 9.31169878032e-06,
                    0.00461 0.00760248542107 0.00011931169878,
                    0.00461 0.00707699072315 0.000665018010357

                  ]
                }
                normal Normal {
                  vector [
                    -0 -0 -1,
                    -0 -0 -1,
                    -0 -0 -1,
                    -0 -0 -1,
                    -1 -8.9457333e-29 -9.830337e-29,
                    -1 -8.9457333e-29 -9.830337e-29,
                    -1 -8.9457333e-29 -9.830337e-29,
                    -1 -8.9457333e-29 -9.830337e-29,
                    -1 -8.9457333e-29 -9.830337e-29,
                    -1 -8.9457333e-29 -9.830337e-29,
                    -1 -8.9457333e-29 -9.830337e-29,
                    -1 -8.9457333e-29 -9.830337e-29,
                    -1 -8.9457333e-29 -9.830337e-29,
                    -1 -8.9457333e-29 -9.830337e-29,
                    -1 -8.9457333e-29 -9.830337e-29,
                    -1 -8.9457333e-29 -9.830337e-29,
                    -1 -8.9457333e-29 -9.830337e-29,
                    -1 -8.9457333e-29 -9.830337e-29,
                    0 0 -1,
                    0 0 -1,
                    0 -0.40266323 -0.91534817,
                    0 -0.73715413 -0.67572463,
                    0 -0.73715413 -0.67572463,
                    0 -0.40266323 -0.91534817,
                    0 1 0,
                    0 1 0,
                    0 1 0,
                    0 1 0,
                    1 0 0,
                    1 0 0,
                    1 0 0,
                    1 0 0,
                    1 0 0,
                    1 0 0,
                    1 0 0,
                    1 0 0,
                    1 0 0,
                    1 0 0,
                    1 0 0,
                    1 0 0,
                    1 0 0,
                    1 0 0,
                    0 0 1,
                    0 0 1,
                    0 0 1,
                    0 0 1,
                    -0 -0 1,
                    -0 0.40266323 0.91534817,
                    -0 0.73715413 0.67572463,
                    -0 0.73715413 0.67572463,
                    -0 0.40266323 0.91534817,
                    -0 -0 1,
                    0 0.73715413 0.67572463,
                    0 0.73715413 0.67572463,
                    0 0.73715413 0.67572463,
                    0 0.73715413 0.67572463,
                    0 0.73715413 0.67572463,
                    0 0.40266323 0.91534817,
                    0 8.2245322e-13 1,
                    0 4.0945025e-13 1,
                    0 0.40266323 0.91534817,
                    0 0.73715413 0.67572463,
                    0 0 1,
                    0 0 1,
                    0 0 1,
                    0 0 1,
                    -0 -0.73715413 -0.67572463,
                    -0 -0.73715413 -0.67572463,
                    -0 -0.73715413 -0.67572463,
                    -0 -0.73715413 -0.67572463,
                    -0 -1 -0,
                    -0 -1 -0,
                    -0 -1 -0,
                    -0 -1 -0,
                    -0 -0 -1,
                    -0 -0 -1,
                    -0 -0 -1,
                    -0 -0 -1

                  ]
                }
                coordIndex [
                  2 1 3 -1 
                  2 0 1 -1 
                  1 0 4 -1 
                  1 4 5 -1 
                  24 4 0 -1 
                  12 7 11 -1 
                  8 9 7 -1 
                  12 6 7 -1 
                  10 7 9 -1 
                  23 7 10 -1 
                  11 7 23 -1 
                  24 22 6 -1 
                  24 0 22 -1 
                  24 6 12 -1 
                  25 0 2 -1 
                  22 25 6 -1 
                  6 25 13 -1 
                  22 0 25 -1 
                  5 14 3 -1 
                  5 3 1 -1 
                  3 14 15 -1 
                  16 13 26 -1 
                  21 13 16 -1 
                  21 17 27 -1 
                  21 27 18 -1 
                  20 18 19 -1 
                  21 16 17 -1 
                  21 18 20 -1 
                  2 15 26 -1 
                  25 26 13 -1 
                  2 26 25 -1 
                  3 15 2 -1 
                  15 14 5 -1 
                  15 5 4 -1 
                  12 16 26 -1 
                  24 26 15 -1 
                  24 12 26 -1 
                  4 24 15 -1 
                  12 11 17 -1 
                  12 17 16 -1 
                  18 23 10 -1 
                  27 11 23 -1 
                  27 23 18 -1 
                  17 11 27 -1 
                  19 10 9 -1 
                  18 10 19 -1 
                  6 21 7 -1 
                  6 13 21 -1 
                  9 20 19 -1 
                  9 8 20 -1 
                  20 8 7 -1 
                  21 20 7 -1 
                ]
                normalIndex [
                  2 0 3 -1 
                  2 1 0 -1 
                  6 7 4 -1 
                  6 4 5 -1 
                  17 4 7 -1 
                  16 10 15 -1 
                  11 12 10 -1 
                  16 9 10 -1 
                  13 10 12 -1 
                  14 10 13 -1 
                  15 10 14 -1 
                  17 8 9 -1 
                  17 7 8 -1 
                  17 9 16 -1 
                  20 18 19 -1 
                  23 20 22 -1 
                  22 20 21 -1 
                  23 18 20 -1 
                  26 27 24 -1 
                  26 24 25 -1 
                  41 28 29 -1 
                  31 38 30 -1 
                  37 38 31 -1 
                  37 32 33 -1 
                  37 33 34 -1 
                  36 34 35 -1 
                  37 31 32 -1 
                  37 34 36 -1 
                  40 29 30 -1 
                  39 30 38 -1 
                  40 30 39 -1 
                  41 29 40 -1 
                  44 45 42 -1 
                  44 42 43 -1 
                  49 48 47 -1 
                  50 47 46 -1 
                  50 49 47 -1 
                  51 50 46 -1 
                  54 55 52 -1 
                  54 52 53 -1 
                  59 57 58 -1 
                  60 56 57 -1 
                  60 57 59 -1 
                  61 56 60 -1 
                  64 62 63 -1 
                  65 62 64 -1 
                  68 66 69 -1 
                  68 67 66 -1 
                  72 70 73 -1 
                  72 71 70 -1 
                  76 75 74 -1 
                  77 76 74 -1 
                ]
              }
            }
            DEF PinsArrayTB_44 Shape {
              appearance DEF __383 Appearance {
                material DEF __384 Material {
                  ambientIntensity 0.260947436094
                  diffuseColor 0.73400002718 0.773000001907 0.79699999094
                  shininess 0
                }
              }
              geometry DEF __385 IndexedFaceSet {
                solid FALSE
                coord Coordinate {
                  point [
                    0.00439 -0.008 0,
                    0.00439 -0.0075983891888 0,
                    0.00461 -0.008 0,
                    0.00461 -0.0075983891888 0,
                    0.00439 -0.008 0.00011,
                    0.00439 -0.0076467783776 0.00011,
                    0.00439 -0.00756569142217 0.000145670290863,
                    0.00439 -0.00711378472205 0.000638659418274,
                    0.00439 -0.00703269776662 0.000674329709137,
                    0.00439 -0.007 0.000674329709137,
                    0.00439 -0.007 0.000564329709137,
                    0.00439 -0.00703269776662 0.000564329709137,
                    0.00439 -0.00751730223337 3.56702908631e-05,
                    0.00461 -0.00751730223337 3.56702908631e-05,
                    0.00461 -0.008 0.00011,
                    0.00461 -0.0076467783776 0.00011,
                    0.00461 -0.00703269776662 0.000564329709137,
                    0.00461 -0.007 0.000564329709137,
                    0.00461 -0.007 0.000674329709137,
                    0.00461 -0.00703269776662 0.000674329709137,
                    0.00461 -0.00711378472205 0.000638659418274,
                    0.00461 -0.00756569142217 0.000145670290863,
                    0.00439 -0.00760248542107 0.00011931169878,
                    0.00439 -0.00707699072315 0.000665018010357,
                    0.00439 -0.00755409623228 9.31169878032e-06,
                    0.00461 -0.00755409623228 9.31169878033e-06,
                    0.00461 -0.00707699072315 0.000665018010357,
                    0.00461 -0.00760248542107 0.00011931169878

                  ]
                }
                normal Normal {
                  vector [
                    -0 -0 -1,
                    -0 -0 -1,
                    -0 -0 -1,
                    -0 -0 -1,
                    -1 1.558915e-28 -1.7244317e-28,
                    -1 1.558915e-28 -1.7244317e-28,
                    -1 1.558915e-28 -1.7244317e-28,
                    -1 1.558915e-28 -1.7244317e-28,
                    -1 1.558915e-28 -1.7244317e-28,
                    -1 1.558915e-28 -1.7244317e-28,
                    -1 1.558915e-28 -1.7244317e-28,
                    -1 1.558915e-28 -1.7244317e-28,
                    -1 1.558915e-28 -1.7244317e-28,
                    -1 1.558915e-28 -1.7244317e-28,
                    -1 1.558915e-28 -1.7244317e-28,
                    -1 1.558915e-28 -1.7244317e-28,
                    -1 1.558915e-28 -1.7244317e-28,
                    -1 1.558915e-28 -1.7244317e-28,
                    0 -2.0694557e-13 -1,
                    0 0.40266323 -0.91534817,
                    0 0.73715413 -0.67572463,
                    0 0.73715413 -0.67572463,
                    0 0.40266323 -0.91534817,
                    0 0 -1,
                    -0 -1 -0,
                    -0 -1 -0,
                    -0 -1 -0,
                    -0 -1 -0,
                    1 -1.5637003e-28 1.7265799e-28,
                    1 -1.5637003e-28 1.7265799e-28,
                    1 -1.5637003e-28 1.7265799e-28,
                    1 -1.5637003e-28 1.7265799e-28,
                    1 -1.5637003e-28 1.7265799e-28,
                    1 -1.5637003e-28 1.7265799e-28,
                    1 -1.5637003e-28 1.7265799e-28,
                    1 -1.5637003e-28 1.7265799e-28,
                    1 -1.5637003e-28 1.7265799e-28,
                    1 -1.5637003e-28 1.7265799e-28,
                    1 -1.5637003e-28 1.7265799e-28,
                    1 -1.5637003e-28 1.7265799e-28,
                    1 -1.5637003e-28 1.7265799e-28,
                    1 -1.5637003e-28 1.7265799e-28,
                    0 0 1,
                    0 0 1,
                    0 0 1,
                    0 0 1,
                    -0 -0 1,
                    -0 -0 1,
                    -0 -0.40266323 0.91534817,
                    -0 -0.73715413 0.67572463,
                    -0 -0.73715413 0.67572463,
                    -0 -0.40266323 0.91534817,
                    -0 -0.73715413 0.67572463,
                    -0 -0.73715413 0.67572463,
                    -0 -0.73715413 0.67572463,
                    -0 -0.73715413 0.67572463,
                    0 -0.73715413 0.67572463,
                    0 -0.73715413 0.67572463,
                    0 -0.40266323 0.91534817,
                    0 -1.5454305e-12 1,
                    0 -4.0856207e-13 1,
                    0 -0.40266323 0.91534817,
                    0 0 1,
                    0 0 1,
                    0 0 1,
                    0 0 1,
                    0 0.73715413 -0.67572463,
                    0 0.73715413 -0.67572463,
                    0 0.73715413 -0.67572463,
                    0 0.73715413 -0.67572463,
                    0 1 0,
                    0 1 0,
                    0 1 0,
                    0 1 0,
                    -0 -0 -1,
                    -0 -0 -1,
                    -0 -0 -1,
                    -0 -0 -1

                  ]
                }
                coordIndex [
                  2 1 3 -1 
                  2 0 1 -1 
                  0 4 5 -1 
                  1 5 22 -1 
                  11 12 6 -1 
                  11 7 23 -1 
                  11 23 8 -1 
                  10 8 9 -1 
                  11 6 7 -1 
                  11 8 10 -1 
                  12 22 6 -1 
                  24 22 12 -1 
                  1 0 5 -1 
                  1 22 24 -1 
                  13 24 12 -1 
                  25 1 24 -1 
                  25 24 13 -1 
                  3 1 25 -1 
                  4 2 14 -1 
                  4 0 2 -1 
                  19 16 18 -1 
                  2 15 14 -1 
                  3 15 2 -1 
                  27 15 3 -1 
                  21 13 16 -1 
                  18 16 17 -1 
                  26 16 19 -1 
                  20 16 26 -1 
                  27 25 13 -1 
                  21 16 20 -1 
                  27 3 25 -1 
                  27 13 21 -1 
                  14 15 5 -1 
                  14 5 4 -1 
                  22 5 15 -1 
                  27 22 15 -1 
                  21 6 22 -1 
                  27 21 22 -1 
                  6 20 7 -1 
                  6 21 20 -1 
                  26 7 20 -1 
                  23 26 8 -1 
                  8 26 19 -1 
                  23 7 26 -1 
                  19 9 8 -1 
                  18 9 19 -1 
                  12 11 16 -1 
                  12 16 13 -1 
                  17 10 18 -1 
                  9 18 10 -1 
                  16 11 10 -1 
                  17 16 10 -1 
                ]
                normalIndex [
                  2 0 3 -1 
                  2 1 0 -1 
                  17 4 5 -1 
                  16 5 6 -1 
                  13 14 7 -1 
                  13 8 9 -1 
                  13 9 10 -1 
                  12 10 11 -1 
                  13 7 8 -1 
                  13 10 12 -1 
                  14 6 7 -1 
                  15 6 14 -1 
                  16 17 5 -1 
                  16 6 15 -1 
                  21 19 20 -1 
                  22 18 19 -1 
                  22 19 21 -1 
                  23 18 22 -1 
                  26 24 27 -1 
                  26 25 24 -1 
                  37 34 36 -1 
                  30 28 29 -1 
                  31 28 30 -1 
                  41 28 31 -1 
                  40 33 34 -1 
                  36 34 35 -1 
                  38 34 37 -1 
                  39 34 38 -1 
                  41 32 33 -1 
                  40 34 39 -1 
                  41 31 32 -1 
                  41 33 40 -1 
                  44 45 42 -1 
                  44 42 43 -1 
                  48 47 46 -1 
                  51 48 46 -1 
                  50 49 48 -1 
                  51 50 48 -1 
                  54 52 55 -1 
                  54 53 52 -1 
                  58 56 57 -1 
                  61 58 60 -1 
                  60 58 59 -1 
                  61 56 58 -1 
                  64 62 63 -1 
                  65 62 64 -1 
                  68 69 66 -1 
                  68 66 67 -1 
                  71 72 70 -1 
                  73 70 72 -1 
                  76 75 74 -1 
                  77 76 74 -1 
                ]
              }
            }
            DEF PinsArrayTB_45 Shape {
              appearance DEF __387 Appearance {
                material DEF __388 Material {
                  ambientIntensity 0.260947436094
                  diffuseColor 0.73400002718 0.773000001907 0.79699999094
                  shininess 0
                }
              }
              geometry DEF __389 IndexedFaceSet {
                solid FALSE
                coord Coordinate {
                  point [
                    0.00489 0.0075983891888 0,
                    0.00489 0.008 0,
                    0.00511 0.0075983891888 0,
                    0.00511 0.008 0,
                    0.00489 0.0076467783776 0.00011,
                    0.00489 0.008 0.00011,
                    0.00489 0.00751730223337 3.56702908631e-05,
                    0.00489 0.00703269776662 0.000564329709137,
                    0.00489 0.007 0.000564329709137,
                    0.00489 0.007 0.000674329709137,
                    0.00489 0.00703269776662 0.000674329709137,
                    0.00489 0.00711378472205 0.000638659418274,
                    0.00489 0.00756569142217 0.000145670290863,
                    0.00511 0.00751730223337 3.56702908631e-05,
                    0.00511 0.008 0.00011,
                    0.00511 0.0076467783776 0.00011,
                    0.00511 0.00756569142217 0.000145670290863,
                    0.00511 0.00711378472205 0.000638659418274,
                    0.00511 0.00703269776662 0.000674329709137,
                    0.00511 0.007 0.000674329709137,
                    0.00511 0.007 0.000564329709137,
                    0.00511 0.00703269776662 0.000564329709137,
                    0.00489 0.00755409623228 9.31169878032e-06,
                    0.00489 0.00707699072315 0.000665018010357,
                    0.00489 0.00760248542107 0.00011931169878,
                    0.00511 0.00755409623228 9.31169878032e-06,
                    0.00511 0.00760248542107 0.00011931169878,
                    0.00511 0.00707699072315 0.000665018010357

                  ]
                }
                normal Normal {
                  vector [
                    -0 -0 -1,
                    -0 -0 -1,
                    -0 -0 -1,
                    -0 -0 -1,
                    -1 -8.9457333e-29 -9.830337e-29,
                    -1 -8.9457333e-29 -9.830337e-29,
                    -1 -8.9457333e-29 -9.830337e-29,
                    -1 -8.9457333e-29 -9.830337e-29,
                    -1 -8.9457333e-29 -9.830337e-29,
                    -1 -8.9457333e-29 -9.830337e-29,
                    -1 -8.9457333e-29 -9.830337e-29,
                    -1 -8.9457333e-29 -9.830337e-29,
                    -1 -8.9457333e-29 -9.830337e-29,
                    -1 -8.9457333e-29 -9.830337e-29,
                    -1 -8.9457333e-29 -9.830337e-29,
                    -1 -8.9457333e-29 -9.830337e-29,
                    -1 -8.9457333e-29 -9.830337e-29,
                    -1 -8.9457333e-29 -9.830337e-29,
                    0 0 -1,
                    0 0 -1,
                    0 -0.40266323 -0.91534817,
                    0 -0.73715413 -0.67572463,
                    0 -0.73715413 -0.67572463,
                    0 -0.40266323 -0.91534817,
                    0 1 0,
                    0 1 0,
                    0 1 0,
                    0 1 0,
                    1 0 0,
                    1 0 0,
                    1 0 0,
                    1 0 0,
                    1 0 0,
                    1 0 0,
                    1 0 0,
                    1 0 0,
                    1 0 0,
                    1 0 0,
                    1 0 0,
                    1 0 0,
                    1 0 0,
                    1 0 0,
                    0 0 1,
                    0 0 1,
                    0 0 1,
                    0 0 1,
                    -0 -0 1,
                    -0 0.40266323 0.91534817,
                    -0 0.73715413 0.67572463,
                    -0 0.73715413 0.67572463,
                    -0 0.40266323 0.91534817,
                    -0 -0 1,
                    0 0.73715413 0.67572463,
                    0 0.73715413 0.67572463,
                    0 0.73715413 0.67572463,
                    0 0.73715413 0.67572463,
                    0 0.73715413 0.67572463,
                    0 0.40266323 0.91534817,
                    0 8.2245322e-13 1,
                    0 4.0945025e-13 1,
                    0 0.40266323 0.91534817,
                    0 0.73715413 0.67572463,
                    0 0 1,
                    0 0 1,
                    0 0 1,
                    0 0 1,
                    -0 -0.73715413 -0.67572463,
                    -0 -0.73715413 -0.67572463,
                    -0 -0.73715413 -0.67572463,
                    -0 -0.73715413 -0.67572463,
                    -0 -1 -0,
                    -0 -1 -0,
                    -0 -1 -0,
                    -0 -1 -0,
                    -0 -0 -1,
                    -0 -0 -1,
                    -0 -0 -1,
                    -0 -0 -1

                  ]
                }
                coordIndex [
                  2 1 3 -1 
                  2 0 1 -1 
                  1 0 4 -1 
                  1 4 5 -1 
                  24 4 0 -1 
                  12 7 11 -1 
                  8 9 7 -1 
                  12 6 7 -1 
                  10 7 9 -1 
                  23 7 10 -1 
                  11 7 23 -1 
                  24 22 6 -1 
                  24 0 22 -1 
                  24 6 12 -1 
                  25 0 2 -1 
                  22 25 6 -1 
                  6 25 13 -1 
                  22 0 25 -1 
                  5 14 3 -1 
                  5 3 1 -1 
                  3 14 15 -1 
                  16 13 26 -1 
                  21 13 16 -1 
                  21 17 27 -1 
                  21 27 18 -1 
                  20 18 19 -1 
                  21 16 17 -1 
                  21 18 20 -1 
                  2 15 26 -1 
                  25 26 13 -1 
                  2 26 25 -1 
                  3 15 2 -1 
                  15 14 5 -1 
                  15 5 4 -1 
                  12 16 26 -1 
                  24 26 15 -1 
                  24 12 26 -1 
                  4 24 15 -1 
                  12 11 17 -1 
                  12 17 16 -1 
                  18 23 10 -1 
                  27 11 23 -1 
                  27 23 18 -1 
                  17 11 27 -1 
                  19 10 9 -1 
                  18 10 19 -1 
                  6 21 7 -1 
                  6 13 21 -1 
                  9 20 19 -1 
                  9 8 20 -1 
                  20 8 7 -1 
                  21 20 7 -1 
                ]
                normalIndex [
                  2 0 3 -1 
                  2 1 0 -1 
                  6 7 4 -1 
                  6 4 5 -1 
                  17 4 7 -1 
                  16 10 15 -1 
                  11 12 10 -1 
                  16 9 10 -1 
                  13 10 12 -1 
                  14 10 13 -1 
                  15 10 14 -1 
                  17 8 9 -1 
                  17 7 8 -1 
                  17 9 16 -1 
                  20 18 19 -1 
                  23 20 22 -1 
                  22 20 21 -1 
                  23 18 20 -1 
                  26 27 24 -1 
                  26 24 25 -1 
                  41 28 29 -1 
                  31 38 30 -1 
                  37 38 31 -1 
                  37 32 33 -1 
                  37 33 34 -1 
                  36 34 35 -1 
                  37 31 32 -1 
                  37 34 36 -1 
                  40 29 30 -1 
                  39 30 38 -1 
                  40 30 39 -1 
                  41 29 40 -1 
                  44 45 42 -1 
                  44 42 43 -1 
                  49 48 47 -1 
                  50 47 46 -1 
                  50 49 47 -1 
                  51 50 46 -1 
                  54 55 52 -1 
                  54 52 53 -1 
                  59 57 58 -1 
                  60 56 57 -1 
                  60 57 59 -1 
                  61 56 60 -1 
                  64 62 63 -1 
                  65 62 64 -1 
                  68 66 69 -1 
                  68 67 66 -1 
                  72 70 73 -1 
                  72 71 70 -1 
                  76 75 74 -1 
                  77 76 74 -1 
                ]
              }
            }
            DEF PinsArrayTB_46 Shape {
              appearance DEF __391 Appearance {
                material DEF __392 Material {
                  ambientIntensity 0.260947436094
                  diffuseColor 0.73400002718 0.773000001907 0.79699999094
                  shininess 0
                }
              }
              geometry DEF __393 IndexedFaceSet {
                solid FALSE
                coord Coordinate {
                  point [
                    0.00489 -0.008 0,
                    0.00489 -0.0075983891888 0,
                    0.00511 -0.008 0,
                    0.00511 -0.0075983891888 0,
                    0.00489 -0.008 0.00011,
                    0.00489 -0.0076467783776 0.00011,
                    0.00489 -0.00756569142217 0.000145670290863,
                    0.00489 -0.00711378472205 0.000638659418274,
                    0.00489 -0.00703269776662 0.000674329709137,
                    0.00489 -0.007 0.000674329709137,
                    0.00489 -0.007 0.000564329709137,
                    0.00489 -0.00703269776662 0.000564329709137,
                    0.00489 -0.00751730223337 3.56702908631e-05,
                    0.00511 -0.00751730223337 3.56702908631e-05,
                    0.00511 -0.008 0.00011,
                    0.00511 -0.0076467783776 0.00011,
                    0.00511 -0.00703269776662 0.000564329709137,
                    0.00511 -0.007 0.000564329709137,
                    0.00511 -0.007 0.000674329709137,
                    0.00511 -0.00703269776662 0.000674329709137,
                    0.00511 -0.00711378472205 0.000638659418274,
                    0.00511 -0.00756569142217 0.000145670290863,
                    0.00489 -0.00760248542107 0.00011931169878,
                    0.00489 -0.00707699072315 0.000665018010357,
                    0.00489 -0.00755409623228 9.31169878032e-06,
                    0.00511 -0.00755409623228 9.31169878033e-06,
                    0.00511 -0.00707699072315 0.000665018010357,
                    0.00511 -0.00760248542107 0.00011931169878

                  ]
                }
                normal Normal {
                  vector [
                    -0 -0 -1,
                    -0 -0 -1,
                    -0 -0 -1,
                    -0 -0 -1,
                    -1 1.558915e-28 -1.7244317e-28,
                    -1 1.558915e-28 -1.7244317e-28,
                    -1 1.558915e-28 -1.7244317e-28,
                    -1 1.558915e-28 -1.7244317e-28,
                    -1 1.558915e-28 -1.7244317e-28,
                    -1 1.558915e-28 -1.7244317e-28,
                    -1 1.558915e-28 -1.7244317e-28,
                    -1 1.558915e-28 -1.7244317e-28,
                    -1 1.558915e-28 -1.7244317e-28,
                    -1 1.558915e-28 -1.7244317e-28,
                    -1 1.558915e-28 -1.7244317e-28,
                    -1 1.558915e-28 -1.7244317e-28,
                    -1 1.558915e-28 -1.7244317e-28,
                    -1 1.558915e-28 -1.7244317e-28,
                    0 -2.0694557e-13 -1,
                    0 0.40266323 -0.91534817,
                    0 0.73715413 -0.67572463,
                    0 0.73715413 -0.67572463,
                    0 0.40266323 -0.91534817,
                    0 0 -1,
                    -0 -1 -0,
                    -0 -1 -0,
                    -0 -1 -0,
                    -0 -1 -0,
                    1 -1.5637003e-28 1.7265799e-28,
                    1 -1.5637003e-28 1.7265799e-28,
                    1 -1.5637003e-28 1.7265799e-28,
                    1 -1.5637003e-28 1.7265799e-28,
                    1 -1.5637003e-28 1.7265799e-28,
                    1 -1.5637003e-28 1.7265799e-28,
                    1 -1.5637003e-28 1.7265799e-28,
                    1 -1.5637003e-28 1.7265799e-28,
                    1 -1.5637003e-28 1.7265799e-28,
                    1 -1.5637003e-28 1.7265799e-28,
                    1 -1.5637003e-28 1.7265799e-28,
                    1 -1.5637003e-28 1.7265799e-28,
                    1 -1.5637003e-28 1.7265799e-28,
                    1 -1.5637003e-28 1.7265799e-28,
                    0 0 1,
                    0 0 1,
                    0 0 1,
                    0 0 1,
                    -0 -0 1,
                    -0 -0 1,
                    -0 -0.40266323 0.91534817,
                    -0 -0.73715413 0.67572463,
                    -0 -0.73715413 0.67572463,
                    -0 -0.40266323 0.91534817,
                    -0 -0.73715413 0.67572463,
                    -0 -0.73715413 0.67572463,
                    -0 -0.73715413 0.67572463,
                    -0 -0.73715413 0.67572463,
                    0 -0.73715413 0.67572463,
                    0 -0.73715413 0.67572463,
                    0 -0.40266323 0.91534817,
                    0 -1.5454305e-12 1,
                    0 -4.0856207e-13 1,
                    0 -0.40266323 0.91534817,
                    0 0 1,
                    0 0 1,
                    0 0 1,
                    0 0 1,
                    0 0.73715413 -0.67572463,
                    0 0.73715413 -0.67572463,
                    0 0.73715413 -0.67572463,
                    0 0.73715413 -0.67572463,
                    0 1 0,
                    0 1 0,
                    0 1 0,
                    0 1 0,
                    -0 -0 -1,
                    -0 -0 -1,
                    -0 -0 -1,
                    -0 -0 -1

                  ]
                }
                coordIndex [
                  2 1 3 -1 
                  2 0 1 -1 
                  0 4 5 -1 
                  1 5 22 -1 
                  11 12 6 -1 
                  11 7 23 -1 
                  11 23 8 -1 
                  10 8 9 -1 
                  11 6 7 -1 
                  11 8 10 -1 
                  12 22 6 -1 
                  24 22 12 -1 
                  1 0 5 -1 
                  1 22 24 -1 
                  13 24 12 -1 
                  25 1 24 -1 
                  25 24 13 -1 
                  3 1 25 -1 
                  4 2 14 -1 
                  4 0 2 -1 
                  19 16 18 -1 
                  2 15 14 -1 
                  3 15 2 -1 
                  27 15 3 -1 
                  21 13 16 -1 
                  18 16 17 -1 
                  26 16 19 -1 
                  20 16 26 -1 
                  27 25 13 -1 
                  21 16 20 -1 
                  27 3 25 -1 
                  27 13 21 -1 
                  14 15 5 -1 
                  14 5 4 -1 
                  22 5 15 -1 
                  27 22 15 -1 
                  21 6 22 -1 
                  27 21 22 -1 
                  6 20 7 -1 
                  6 21 20 -1 
                  26 7 20 -1 
                  23 26 8 -1 
                  8 26 19 -1 
                  23 7 26 -1 
                  19 9 8 -1 
                  18 9 19 -1 
                  12 11 16 -1 
                  12 16 13 -1 
                  17 10 18 -1 
                  9 18 10 -1 
                  16 11 10 -1 
                  17 16 10 -1 
                ]
                normalIndex [
                  2 0 3 -1 
                  2 1 0 -1 
                  17 4 5 -1 
                  16 5 6 -1 
                  13 14 7 -1 
                  13 8 9 -1 
                  13 9 10 -1 
                  12 10 11 -1 
                  13 7 8 -1 
                  13 10 12 -1 
                  14 6 7 -1 
                  15 6 14 -1 
                  16 17 5 -1 
                  16 6 15 -1 
                  21 19 20 -1 
                  22 18 19 -1 
                  22 19 21 -1 
                  23 18 22 -1 
                  26 24 27 -1 
                  26 25 24 -1 
                  37 34 36 -1 
                  30 28 29 -1 
                  31 28 30 -1 
                  41 28 31 -1 
                  40 33 34 -1 
                  36 34 35 -1 
                  38 34 37 -1 
                  39 34 38 -1 
                  41 32 33 -1 
                  40 34 39 -1 
                  41 31 32 -1 
                  41 33 40 -1 
                  44 45 42 -1 
                  44 42 43 -1 
                  48 47 46 -1 
                  51 48 46 -1 
                  50 49 48 -1 
                  51 50 48 -1 
                  54 52 55 -1 
                  54 53 52 -1 
                  58 56 57 -1 
                  61 58 60 -1 
                  60 58 59 -1 
                  61 56 58 -1 
                  64 62 63 -1 
                  65 62 64 -1 
                  68 69 66 -1 
                  68 66 67 -1 
                  71 72 70 -1 
                  73 70 72 -1 
                  76 75 74 -1 
                  77 76 74 -1 
                ]
              }
            }
            DEF PinsArrayTB_47 Shape {
              appearance DEF __395 Appearance {
                material DEF __396 Material {
                  ambientIntensity 0.260947436094
                  diffuseColor 0.73400002718 0.773000001907 0.79699999094
                  shininess 0
                }
              }
              geometry DEF __397 IndexedFaceSet {
                solid FALSE
                coord Coordinate {
                  point [
                    0.00539 0.0075983891888 0,
                    0.00539 0.008 0,
                    0.00561 0.0075983891888 0,
                    0.00561 0.008 0,
                    0.00539 0.0076467783776 0.00011,
                    0.00539 0.008 0.00011,
                    0.00539 0.00751730223337 3.56702908631e-05,
                    0.00539 0.00703269776662 0.000564329709137,
                    0.00539 0.007 0.000564329709137,
                    0.00539 0.007 0.000674329709137,
                    0.00539 0.00703269776662 0.000674329709137,
                    0.00539 0.00711378472205 0.000638659418274,
                    0.00539 0.00756569142217 0.000145670290863,
                    0.00561 0.00751730223337 3.56702908631e-05,
                    0.00561 0.008 0.00011,
                    0.00561 0.0076467783776 0.00011,
                    0.00561 0.00756569142217 0.000145670290863,
                    0.00561 0.00711378472205 0.000638659418274,
                    0.00561 0.00703269776662 0.000674329709137,
                    0.00561 0.007 0.000674329709137,
                    0.00561 0.007 0.000564329709137,
                    0.00561 0.00703269776662 0.000564329709137,
                    0.00539 0.00755409623228 9.31169878032e-06,
                    0.00539 0.00707699072315 0.000665018010357,
                    0.00539 0.00760248542107 0.00011931169878,
                    0.00561 0.00755409623228 9.31169878032e-06,
                    0.00561 0.00760248542107 0.00011931169878,
                    0.00561 0.00707699072315 0.000665018010357

                  ]
                }
                normal Normal {
                  vector [
                    -0 -0 -1,
                    -0 -0 -1,
                    -0 -0 -1,
                    -0 -0 -1,
                    -1 -8.9457333e-29 -9.830337e-29,
                    -1 -8.9457333e-29 -9.830337e-29,
                    -1 -8.9457333e-29 -9.830337e-29,
                    -1 -8.9457333e-29 -9.830337e-29,
                    -1 -8.9457333e-29 -9.830337e-29,
                    -1 -8.9457333e-29 -9.830337e-29,
                    -1 -8.9457333e-29 -9.830337e-29,
                    -1 -8.9457333e-29 -9.830337e-29,
                    -1 -8.9457333e-29 -9.830337e-29,
                    -1 -8.9457333e-29 -9.830337e-29,
                    -1 -8.9457333e-29 -9.830337e-29,
                    -1 -8.9457333e-29 -9.830337e-29,
                    -1 -8.9457333e-29 -9.830337e-29,
                    -1 -8.9457333e-29 -9.830337e-29,
                    0 0 -1,
                    0 0 -1,
                    0 -0.40266323 -0.91534817,
                    0 -0.73715413 -0.67572463,
                    0 -0.73715413 -0.67572463,
                    0 -0.40266323 -0.91534817,
                    0 1 0,
                    0 1 0,
                    0 1 0,
                    0 1 0,
                    1 0 0,
                    1 0 0,
                    1 0 0,
                    1 0 0,
                    1 0 0,
                    1 0 0,
                    1 0 0,
                    1 0 0,
                    1 0 0,
                    1 0 0,
                    1 0 0,
                    1 0 0,
                    1 0 0,
                    1 0 0,
                    0 0 1,
                    0 0 1,
                    0 0 1,
                    0 0 1,
                    -0 -0 1,
                    -0 0.40266323 0.91534817,
                    -0 0.73715413 0.67572463,
                    -0 0.73715413 0.67572463,
                    -0 0.40266323 0.91534817,
                    -0 -0 1,
                    0 0.73715413 0.67572463,
                    0 0.73715413 0.67572463,
                    0 0.73715413 0.67572463,
                    0 0.73715413 0.67572463,
                    0 0.73715413 0.67572463,
                    0 0.40266323 0.91534817,
                    0 8.2245322e-13 1,
                    0 4.0945025e-13 1,
                    0 0.40266323 0.91534817,
                    0 0.73715413 0.67572463,
                    0 0 1,
                    0 0 1,
                    0 0 1,
                    0 0 1,
                    -0 -0.73715413 -0.67572463,
                    -0 -0.73715413 -0.67572463,
                    -0 -0.73715413 -0.67572463,
                    -0 -0.73715413 -0.67572463,
                    -0 -1 -0,
                    -0 -1 -0,
                    -0 -1 -0,
                    -0 -1 -0,
                    -0 -0 -1,
                    -0 -0 -1,
                    -0 -0 -1,
                    -0 -0 -1

                  ]
                }
                coordIndex [
                  2 1 3 -1 
                  2 0 1 -1 
                  1 0 4 -1 
                  1 4 5 -1 
                  24 4 0 -1 
                  12 7 11 -1 
                  8 9 7 -1 
                  12 6 7 -1 
                  10 7 9 -1 
                  23 7 10 -1 
                  11 7 23 -1 
                  24 22 6 -1 
                  24 0 22 -1 
                  24 6 12 -1 
                  25 0 2 -1 
                  22 25 6 -1 
                  6 25 13 -1 
                  22 0 25 -1 
                  5 14 3 -1 
                  5 3 1 -1 
                  3 14 15 -1 
                  16 13 26 -1 
                  21 13 16 -1 
                  21 17 27 -1 
                  21 27 18 -1 
                  20 18 19 -1 
                  21 16 17 -1 
                  21 18 20 -1 
                  2 15 26 -1 
                  25 26 13 -1 
                  2 26 25 -1 
                  3 15 2 -1 
                  15 14 5 -1 
                  15 5 4 -1 
                  12 16 26 -1 
                  24 26 15 -1 
                  24 12 26 -1 
                  4 24 15 -1 
                  12 11 17 -1 
                  12 17 16 -1 
                  18 23 10 -1 
                  27 11 23 -1 
                  27 23 18 -1 
                  17 11 27 -1 
                  19 10 9 -1 
                  18 10 19 -1 
                  6 21 7 -1 
                  6 13 21 -1 
                  9 20 19 -1 
                  9 8 20 -1 
                  20 8 7 -1 
                  21 20 7 -1 
                ]
                normalIndex [
                  2 0 3 -1 
                  2 1 0 -1 
                  6 7 4 -1 
                  6 4 5 -1 
                  17 4 7 -1 
                  16 10 15 -1 
                  11 12 10 -1 
                  16 9 10 -1 
                  13 10 12 -1 
                  14 10 13 -1 
                  15 10 14 -1 
                  17 8 9 -1 
                  17 7 8 -1 
                  17 9 16 -1 
                  20 18 19 -1 
                  23 20 22 -1 
                  22 20 21 -1 
                  23 18 20 -1 
                  26 27 24 -1 
                  26 24 25 -1 
                  41 28 29 -1 
                  31 38 30 -1 
                  37 38 31 -1 
                  37 32 33 -1 
                  37 33 34 -1 
                  36 34 35 -1 
                  37 31 32 -1 
                  37 34 36 -1 
                  40 29 30 -1 
                  39 30 38 -1 
                  40 30 39 -1 
                  41 29 40 -1 
                  44 45 42 -1 
                  44 42 43 -1 
                  49 48 47 -1 
                  50 47 46 -1 
                  50 49 47 -1 
                  51 50 46 -1 
                  54 55 52 -1 
                  54 52 53 -1 
                  59 57 58 -1 
                  60 56 57 -1 
                  60 57 59 -1 
                  61 56 60 -1 
                  64 62 63 -1 
                  65 62 64 -1 
                  68 66 69 -1 
                  68 67 66 -1 
                  72 70 73 -1 
                  72 71 70 -1 
                  76 75 74 -1 
                  77 76 74 -1 
                ]
              }
            }
            DEF PinsArrayTB_48 Shape {
              appearance DEF __399 Appearance {
                material DEF __400 Material {
                  ambientIntensity 0.260947436094
                  diffuseColor 0.73400002718 0.773000001907 0.79699999094
                  shininess 0
                }
              }
              geometry DEF __401 IndexedFaceSet {
                solid FALSE
                coord Coordinate {
                  point [
                    0.00539 -0.008 0,
                    0.00539 -0.0075983891888 0,
                    0.00561 -0.008 0,
                    0.00561 -0.0075983891888 0,
                    0.00539 -0.008 0.00011,
                    0.00539 -0.0076467783776 0.00011,
                    0.00539 -0.00756569142217 0.000145670290863,
                    0.00539 -0.00711378472205 0.000638659418274,
                    0.00539 -0.00703269776662 0.000674329709137,
                    0.00539 -0.007 0.000674329709137,
                    0.00539 -0.007 0.000564329709137,
                    0.00539 -0.00703269776662 0.000564329709137,
                    0.00539 -0.00751730223337 3.56702908631e-05,
                    0.00561 -0.00751730223337 3.56702908631e-05,
                    0.00561 -0.008 0.00011,
                    0.00561 -0.0076467783776 0.00011,
                    0.00561 -0.00703269776662 0.000564329709137,
                    0.00561 -0.007 0.000564329709137,
                    0.00561 -0.007 0.000674329709137,
                    0.00561 -0.00703269776662 0.000674329709137,
                    0.00561 -0.00711378472205 0.000638659418274,
                    0.00561 -0.00756569142217 0.000145670290863,
                    0.00539 -0.00760248542107 0.00011931169878,
                    0.00539 -0.00707699072315 0.000665018010357,
                    0.00539 -0.00755409623228 9.31169878032e-06,
                    0.00561 -0.00755409623228 9.31169878033e-06,
                    0.00561 -0.00707699072315 0.000665018010357,
                    0.00561 -0.00760248542107 0.00011931169878

                  ]
                }
                normal Normal {
                  vector [
                    -0 -0 -1,
                    -0 -0 -1,
                    -0 -0 -1,
                    -0 -0 -1,
                    -1 1.558915e-28 -1.7244317e-28,
                    -1 1.558915e-28 -1.7244317e-28,
                    -1 1.558915e-28 -1.7244317e-28,
                    -1 1.558915e-28 -1.7244317e-28,
                    -1 1.558915e-28 -1.7244317e-28,
                    -1 1.558915e-28 -1.7244317e-28,
                    -1 1.558915e-28 -1.7244317e-28,
                    -1 1.558915e-28 -1.7244317e-28,
                    -1 1.558915e-28 -1.7244317e-28,
                    -1 1.558915e-28 -1.7244317e-28,
                    -1 1.558915e-28 -1.7244317e-28,
                    -1 1.558915e-28 -1.7244317e-28,
                    -1 1.558915e-28 -1.7244317e-28,
                    -1 1.558915e-28 -1.7244317e-28,
                    0 -2.0694557e-13 -1,
                    0 0.40266323 -0.91534817,
                    0 0.73715413 -0.67572463,
                    0 0.73715413 -0.67572463,
                    0 0.40266323 -0.91534817,
                    0 0 -1,
                    -0 -1 -0,
                    -0 -1 -0,
                    -0 -1 -0,
                    -0 -1 -0,
                    1 -1.5637003e-28 1.7265799e-28,
                    1 -1.5637003e-28 1.7265799e-28,
                    1 -1.5637003e-28 1.7265799e-28,
                    1 -1.5637003e-28 1.7265799e-28,
                    1 -1.5637003e-28 1.7265799e-28,
                    1 -1.5637003e-28 1.7265799e-28,
                    1 -1.5637003e-28 1.7265799e-28,
                    1 -1.5637003e-28 1.7265799e-28,
                    1 -1.5637003e-28 1.7265799e-28,
                    1 -1.5637003e-28 1.7265799e-28,
                    1 -1.5637003e-28 1.7265799e-28,
                    1 -1.5637003e-28 1.7265799e-28,
                    1 -1.5637003e-28 1.7265799e-28,
                    1 -1.5637003e-28 1.7265799e-28,
                    0 0 1,
                    0 0 1,
                    0 0 1,
                    0 0 1,
                    -0 -0 1,
                    -0 -0 1,
                    -0 -0.40266323 0.91534817,
                    -0 -0.73715413 0.67572463,
                    -0 -0.73715413 0.67572463,
                    -0 -0.40266323 0.91534817,
                    -0 -0.73715413 0.67572463,
                    -0 -0.73715413 0.67572463,
                    -0 -0.73715413 0.67572463,
                    -0 -0.73715413 0.67572463,
                    0 -0.73715413 0.67572463,
                    0 -0.73715413 0.67572463,
                    0 -0.40266323 0.91534817,
                    0 -1.5454305e-12 1,
                    0 -4.0856207e-13 1,
                    0 -0.40266323 0.91534817,
                    0 0 1,
                    0 0 1,
                    0 0 1,
                    0 0 1,
                    0 0.73715413 -0.67572463,
                    0 0.73715413 -0.67572463,
                    0 0.73715413 -0.67572463,
                    0 0.73715413 -0.67572463,
                    0 1 0,
                    0 1 0,
                    0 1 0,
                    0 1 0,
                    -0 -0 -1,
                    -0 -0 -1,
                    -0 -0 -1,
                    -0 -0 -1

                  ]
                }
                coordIndex [
                  2 1 3 -1 
                  2 0 1 -1 
                  0 4 5 -1 
                  1 5 22 -1 
                  11 12 6 -1 
                  11 7 23 -1 
                  11 23 8 -1 
                  10 8 9 -1 
                  11 6 7 -1 
                  11 8 10 -1 
                  12 22 6 -1 
                  24 22 12 -1 
                  1 0 5 -1 
                  1 22 24 -1 
                  13 24 12 -1 
                  25 1 24 -1 
                  25 24 13 -1 
                  3 1 25 -1 
                  4 2 14 -1 
                  4 0 2 -1 
                  19 16 18 -1 
                  2 15 14 -1 
                  3 15 2 -1 
                  27 15 3 -1 
                  21 13 16 -1 
                  18 16 17 -1 
                  26 16 19 -1 
                  20 16 26 -1 
                  27 25 13 -1 
                  21 16 20 -1 
                  27 3 25 -1 
                  27 13 21 -1 
                  14 15 5 -1 
                  14 5 4 -1 
                  22 5 15 -1 
                  27 22 15 -1 
                  21 6 22 -1 
                  27 21 22 -1 
                  6 20 7 -1 
                  6 21 20 -1 
                  26 7 20 -1 
                  23 26 8 -1 
                  8 26 19 -1 
                  23 7 26 -1 
                  19 9 8 -1 
                  18 9 19 -1 
                  12 11 16 -1 
                  12 16 13 -1 
                  17 10 18 -1 
                  9 18 10 -1 
                  16 11 10 -1 
                  17 16 10 -1 
                ]
                normalIndex [
                  2 0 3 -1 
                  2 1 0 -1 
                  17 4 5 -1 
                  16 5 6 -1 
                  13 14 7 -1 
                  13 8 9 -1 
                  13 9 10 -1 
                  12 10 11 -1 
                  13 7 8 -1 
                  13 10 12 -1 
                  14 6 7 -1 
                  15 6 14 -1 
                  16 17 5 -1 
                  16 6 15 -1 
                  21 19 20 -1 
                  22 18 19 -1 
                  22 19 21 -1 
                  23 18 22 -1 
                  26 24 27 -1 
                  26 25 24 -1 
                  37 34 36 -1 
                  30 28 29 -1 
                  31 28 30 -1 
                  41 28 31 -1 
                  40 33 34 -1 
                  36 34 35 -1 
                  38 34 37 -1 
                  39 34 38 -1 
                  41 32 33 -1 
                  40 34 39 -1 
                  41 31 32 -1 
                  41 33 40 -1 
                  44 45 42 -1 
                  44 42 43 -1 
                  48 47 46 -1 
                  51 48 46 -1 
                  50 49 48 -1 
                  51 50 48 -1 
                  54 52 55 -1 
                  54 53 52 -1 
                  58 56 57 -1 
                  61 58 60 -1 
                  60 58 59 -1 
                  61 56 58 -1 
                  64 62 63 -1 
                  65 62 64 -1 
                  68 69 66 -1 
                  68 66 67 -1 
                  71 72 70 -1 
                  73 70 72 -1 
                  76 75 74 -1 
                  77 76 74 -1 
                ]
              }
            }
            DEF PinsArrayTB_49 Shape {
              appearance DEF __403 Appearance {
                material DEF __404 Material {
                  ambientIntensity 0.260947436094
                  diffuseColor 0.73400002718 0.773000001907 0.79699999094
                  shininess 0
                }
              }
              geometry DEF __405 IndexedFaceSet {
                solid FALSE
                coord Coordinate {
                  point [
                    0.00589 0.0075983891888 0,
                    0.00589 0.008 0,
                    0.00611 0.0075983891888 0,
                    0.00611 0.008 0,
                    0.00589 0.0076467783776 0.00011,
                    0.00589 0.008 0.00011,
                    0.00589 0.00751730223337 3.56702908631e-05,
                    0.00589 0.00703269776662 0.000564329709137,
                    0.00589 0.007 0.000564329709137,
                    0.00589 0.007 0.000674329709137,
                    0.00589 0.00703269776662 0.000674329709137,
                    0.00589 0.00711378472205 0.000638659418274,
                    0.00589 0.00756569142217 0.000145670290863,
                    0.00611 0.00751730223337 3.56702908631e-05,
                    0.00611 0.008 0.00011,
                    0.00611 0.0076467783776 0.00011,
                    0.00611 0.00756569142217 0.000145670290863,
                    0.00611 0.00711378472205 0.000638659418274,
                    0.00611 0.00703269776662 0.000674329709137,
                    0.00611 0.007 0.000674329709137,
                    0.00611 0.007 0.000564329709137,
                    0.00611 0.00703269776662 0.000564329709137,
                    0.00589 0.00755409623228 9.31169878032e-06,
                    0.00589 0.00707699072315 0.000665018010357,
                    0.00589 0.00760248542107 0.00011931169878,
                    0.00611 0.00755409623228 9.31169878032e-06,
                    0.00611 0.00760248542107 0.00011931169878,
                    0.00611 0.00707699072315 0.000665018010357

                  ]
                }
                normal Normal {
                  vector [
                    -0 -0 -1,
                    -0 -0 -1,
                    -0 -0 -1,
                    -0 -0 -1,
                    -1 -8.9457333e-29 -9.830337e-29,
                    -1 -8.9457333e-29 -9.830337e-29,
                    -1 -8.9457333e-29 -9.830337e-29,
                    -1 -8.9457333e-29 -9.830337e-29,
                    -1 -8.9457333e-29 -9.830337e-29,
                    -1 -8.9457333e-29 -9.830337e-29,
                    -1 -8.9457333e-29 -9.830337e-29,
                    -1 -8.9457333e-29 -9.830337e-29,
                    -1 -8.9457333e-29 -9.830337e-29,
                    -1 -8.9457333e-29 -9.830337e-29,
                    -1 -8.9457333e-29 -9.830337e-29,
                    -1 -8.9457333e-29 -9.830337e-29,
                    -1 -8.9457333e-29 -9.830337e-29,
                    -1 -8.9457333e-29 -9.830337e-29,
                    0 0 -1,
                    0 0 -1,
                    0 -0.40266323 -0.91534817,
                    0 -0.73715413 -0.67572463,
                    0 -0.73715413 -0.67572463,
                    0 -0.40266323 -0.91534817,
                    0 1 0,
                    0 1 0,
                    0 1 0,
                    0 1 0,
                    1 0 0,
                    1 0 0,
                    1 0 0,
                    1 0 0,
                    1 0 0,
                    1 0 0,
                    1 0 0,
                    1 0 0,
                    1 0 0,
                    1 0 0,
                    1 0 0,
                    1 0 0,
                    1 0 0,
                    1 0 0,
                    0 0 1,
                    0 0 1,
                    0 0 1,
                    0 0 1,
                    -0 -0 1,
                    -0 0.40266323 0.91534817,
                    -0 0.73715413 0.67572463,
                    -0 0.73715413 0.67572463,
                    -0 0.40266323 0.91534817,
                    -0 -0 1,
                    0 0.73715413 0.67572463,
                    0 0.73715413 0.67572463,
                    0 0.73715413 0.67572463,
                    0 0.73715413 0.67572463,
                    0 0.73715413 0.67572463,
                    0 0.40266323 0.91534817,
                    0 8.2245322e-13 1,
                    0 4.0945025e-13 1,
                    0 0.40266323 0.91534817,
                    0 0.73715413 0.67572463,
                    0 0 1,
                    0 0 1,
                    0 0 1,
                    0 0 1,
                    -0 -0.73715413 -0.67572463,
                    -0 -0.73715413 -0.67572463,
                    -0 -0.73715413 -0.67572463,
                    -0 -0.73715413 -0.67572463,
                    -0 -1 -0,
                    -0 -1 -0,
                    -0 -1 -0,
                    -0 -1 -0,
                    -0 -0 -1,
                    -0 -0 -1,
                    -0 -0 -1,
                    -0 -0 -1

                  ]
                }
                coordIndex [
                  2 1 3 -1 
                  2 0 1 -1 
                  1 0 4 -1 
                  1 4 5 -1 
                  24 4 0 -1 
                  12 7 11 -1 
                  8 9 7 -1 
                  12 6 7 -1 
                  10 7 9 -1 
                  23 7 10 -1 
                  11 7 23 -1 
                  24 22 6 -1 
                  24 0 22 -1 
                  24 6 12 -1 
                  25 0 2 -1 
                  22 25 6 -1 
                  6 25 13 -1 
                  22 0 25 -1 
                  5 14 3 -1 
                  5 3 1 -1 
                  3 14 15 -1 
                  16 13 26 -1 
                  21 13 16 -1 
                  21 17 27 -1 
                  21 27 18 -1 
                  20 18 19 -1 
                  21 16 17 -1 
                  21 18 20 -1 
                  2 15 26 -1 
                  25 26 13 -1 
                  2 26 25 -1 
                  3 15 2 -1 
                  15 14 5 -1 
                  15 5 4 -1 
                  12 16 26 -1 
                  24 26 15 -1 
                  24 12 26 -1 
                  4 24 15 -1 
                  12 11 17 -1 
                  12 17 16 -1 
                  18 23 10 -1 
                  27 11 23 -1 
                  27 23 18 -1 
                  17 11 27 -1 
                  19 10 9 -1 
                  18 10 19 -1 
                  6 21 7 -1 
                  6 13 21 -1 
                  9 20 19 -1 
                  9 8 20 -1 
                  20 8 7 -1 
                  21 20 7 -1 
                ]
                normalIndex [
                  2 0 3 -1 
                  2 1 0 -1 
                  6 7 4 -1 
                  6 4 5 -1 
                  17 4 7 -1 
                  16 10 15 -1 
                  11 12 10 -1 
                  16 9 10 -1 
                  13 10 12 -1 
                  14 10 13 -1 
                  15 10 14 -1 
                  17 8 9 -1 
                  17 7 8 -1 
                  17 9 16 -1 
                  20 18 19 -1 
                  23 20 22 -1 
                  22 20 21 -1 
                  23 18 20 -1 
                  26 27 24 -1 
                  26 24 25 -1 
                  41 28 29 -1 
                  31 38 30 -1 
                  37 38 31 -1 
                  37 32 33 -1 
                  37 33 34 -1 
                  36 34 35 -1 
                  37 31 32 -1 
                  37 34 36 -1 
                  40 29 30 -1 
                  39 30 38 -1 
                  40 30 39 -1 
                  41 29 40 -1 
                  44 45 42 -1 
                  44 42 43 -1 
                  49 48 47 -1 
                  50 47 46 -1 
                  50 49 47 -1 
                  51 50 46 -1 
                  54 55 52 -1 
                  54 52 53 -1 
                  59 57 58 -1 
                  60 56 57 -1 
                  60 57 59 -1 
                  61 56 60 -1 
                  64 62 63 -1 
                  65 62 64 -1 
                  68 66 69 -1 
                  68 67 66 -1 
                  72 70 73 -1 
                  72 71 70 -1 
                  76 75 74 -1 
                  77 76 74 -1 
                ]
              }
            }
            DEF PinsArrayTB_50 Shape {
              appearance DEF __407 Appearance {
                material DEF __408 Material {
                  ambientIntensity 0.260947436094
                  diffuseColor 0.73400002718 0.773000001907 0.79699999094
                  shininess 0
                }
              }
              geometry DEF __409 IndexedFaceSet {
                solid FALSE
                coord Coordinate {
                  point [
                    0.00589 -0.008 0,
                    0.00589 -0.0075983891888 0,
                    0.00611 -0.008 0,
                    0.00611 -0.0075983891888 0,
                    0.00589 -0.008 0.00011,
                    0.00589 -0.0076467783776 0.00011,
                    0.00589 -0.00756569142217 0.000145670290863,
                    0.00589 -0.00711378472205 0.000638659418274,
                    0.00589 -0.00703269776662 0.000674329709137,
                    0.00589 -0.007 0.000674329709137,
                    0.00589 -0.007 0.000564329709137,
                    0.00589 -0.00703269776662 0.000564329709137,
                    0.00589 -0.00751730223337 3.56702908631e-05,
                    0.00611 -0.00751730223337 3.56702908631e-05,
                    0.00611 -0.008 0.00011,
                    0.00611 -0.0076467783776 0.00011,
                    0.00611 -0.00703269776662 0.000564329709137,
                    0.00611 -0.007 0.000564329709137,
                    0.00611 -0.007 0.000674329709137,
                    0.00611 -0.00703269776662 0.000674329709137,
                    0.00611 -0.00711378472205 0.000638659418274,
                    0.00611 -0.00756569142217 0.000145670290863,
                    0.00589 -0.00760248542107 0.00011931169878,
                    0.00589 -0.00707699072315 0.000665018010357,
                    0.00589 -0.00755409623228 9.31169878032e-06,
                    0.00611 -0.00755409623228 9.31169878033e-06,
                    0.00611 -0.00707699072315 0.000665018010357,
                    0.00611 -0.00760248542107 0.00011931169878

                  ]
                }
                normal Normal {
                  vector [
                    -0 -0 -1,
                    -0 -0 -1,
                    -0 -0 -1,
                    -0 -0 -1,
                    -1 1.558915e-28 -1.7244317e-28,
                    -1 1.558915e-28 -1.7244317e-28,
                    -1 1.558915e-28 -1.7244317e-28,
                    -1 1.558915e-28 -1.7244317e-28,
                    -1 1.558915e-28 -1.7244317e-28,
                    -1 1.558915e-28 -1.7244317e-28,
                    -1 1.558915e-28 -1.7244317e-28,
                    -1 1.558915e-28 -1.7244317e-28,
                    -1 1.558915e-28 -1.7244317e-28,
                    -1 1.558915e-28 -1.7244317e-28,
                    -1 1.558915e-28 -1.7244317e-28,
                    -1 1.558915e-28 -1.7244317e-28,
                    -1 1.558915e-28 -1.7244317e-28,
                    -1 1.558915e-28 -1.7244317e-28,
                    0 -2.0694557e-13 -1,
                    0 0.40266323 -0.91534817,
                    0 0.73715413 -0.67572463,
                    0 0.73715413 -0.67572463,
                    0 0.40266323 -0.91534817,
                    0 0 -1,
                    -0 -1 -0,
                    -0 -1 -0,
                    -0 -1 -0,
                    -0 -1 -0,
                    1 -1.5637003e-28 1.7265799e-28,
                    1 -1.5637003e-28 1.7265799e-28,
                    1 -1.5637003e-28 1.7265799e-28,
                    1 -1.5637003e-28 1.7265799e-28,
                    1 -1.5637003e-28 1.7265799e-28,
                    1 -1.5637003e-28 1.7265799e-28,
                    1 -1.5637003e-28 1.7265799e-28,
                    1 -1.5637003e-28 1.7265799e-28,
                    1 -1.5637003e-28 1.7265799e-28,
                    1 -1.5637003e-28 1.7265799e-28,
                    1 -1.5637003e-28 1.7265799e-28,
                    1 -1.5637003e-28 1.7265799e-28,
                    1 -1.5637003e-28 1.7265799e-28,
                    1 -1.5637003e-28 1.7265799e-28,
                    0 0 1,
                    0 0 1,
                    0 0 1,
                    0 0 1,
                    -0 -0 1,
                    -0 -0 1,
                    -0 -0.40266323 0.91534817,
                    -0 -0.73715413 0.67572463,
                    -0 -0.73715413 0.67572463,
                    -0 -0.40266323 0.91534817,
                    -0 -0.73715413 0.67572463,
                    -0 -0.73715413 0.67572463,
                    -0 -0.73715413 0.67572463,
                    -0 -0.73715413 0.67572463,
                    0 -0.73715413 0.67572463,
                    0 -0.73715413 0.67572463,
                    0 -0.40266323 0.91534817,
                    0 -1.5454305e-12 1,
                    0 -4.0856207e-13 1,
                    0 -0.40266323 0.91534817,
                    0 0 1,
                    0 0 1,
                    0 0 1,
                    0 0 1,
                    0 0.73715413 -0.67572463,
                    0 0.73715413 -0.67572463,
                    0 0.73715413 -0.67572463,
                    0 0.73715413 -0.67572463,
                    0 1 0,
                    0 1 0,
                    0 1 0,
                    0 1 0,
                    -0 -0 -1,
                    -0 -0 -1,
                    -0 -0 -1,
                    -0 -0 -1

                  ]
                }
                coordIndex [
                  2 1 3 -1 
                  2 0 1 -1 
                  0 4 5 -1 
                  1 5 22 -1 
                  11 12 6 -1 
                  11 7 23 -1 
                  11 23 8 -1 
                  10 8 9 -1 
                  11 6 7 -1 
                  11 8 10 -1 
                  12 22 6 -1 
                  24 22 12 -1 
                  1 0 5 -1 
                  1 22 24 -1 
                  13 24 12 -1 
                  25 1 24 -1 
                  25 24 13 -1 
                  3 1 25 -1 
                  4 2 14 -1 
                  4 0 2 -1 
                  19 16 18 -1 
                  2 15 14 -1 
                  3 15 2 -1 
                  27 15 3 -1 
                  21 13 16 -1 
                  18 16 17 -1 
                  26 16 19 -1 
                  20 16 26 -1 
                  27 25 13 -1 
                  21 16 20 -1 
                  27 3 25 -1 
                  27 13 21 -1 
                  14 15 5 -1 
                  14 5 4 -1 
                  22 5 15 -1 
                  27 22 15 -1 
                  21 6 22 -1 
                  27 21 22 -1 
                  6 20 7 -1 
                  6 21 20 -1 
                  26 7 20 -1 
                  23 26 8 -1 
                  8 26 19 -1 
                  23 7 26 -1 
                  19 9 8 -1 
                  18 9 19 -1 
                  12 11 16 -1 
                  12 16 13 -1 
                  17 10 18 -1 
                  9 18 10 -1 
                  16 11 10 -1 
                  17 16 10 -1 
                ]
                normalIndex [
                  2 0 3 -1 
                  2 1 0 -1 
                  17 4 5 -1 
                  16 5 6 -1 
                  13 14 7 -1 
                  13 8 9 -1 
                  13 9 10 -1 
                  12 10 11 -1 
                  13 7 8 -1 
                  13 10 12 -1 
                  14 6 7 -1 
                  15 6 14 -1 
                  16 17 5 -1 
                  16 6 15 -1 
                  21 19 20 -1 
                  22 18 19 -1 
                  22 19 21 -1 
                  23 18 22 -1 
                  26 24 27 -1 
                  26 25 24 -1 
                  37 34 36 -1 
                  30 28 29 -1 
                  31 28 30 -1 
                  41 28 31 -1 
                  40 33 34 -1 
                  36 34 35 -1 
                  38 34 37 -1 
                  39 34 38 -1 
                  41 32 33 -1 
                  40 34 39 -1 
                  41 31 32 -1 
                  41 33 40 -1 
                  44 45 42 -1 
                  44 42 43 -1 
                  48 47 46 -1 
                  51 48 46 -1 
                  50 49 48 -1 
                  51 50 48 -1 
                  54 52 55 -1 
                  54 53 52 -1 
                  58 56 57 -1 
                  61 58 60 -1 
                  60 58 59 -1 
                  61 56 58 -1 
                  64 62 63 -1 
                  65 62 64 -1 
                  68 69 66 -1 
                  68 66 67 -1 
                  71 72 70 -1 
                  73 70 72 -1 
                  76 75 74 -1 
                  77 76 74 -1 
                ]
              }
            }
          ]
        }
      ]
    }
  ]
}
