#VRML V2.0 utf8
# META "generator" "CAD Exchanger 3.10.2 (cadexchanger.com)"
DEF __1 Transform {
  children [
    DEF ASSEMBLY Group {
      children [
        DEF Body Group {
          children [
            DEF Body_1 Shape {
              appearance DEF __5 Appearance {
                material DEF __6 Material {
                  ambientIntensity 0.66666662693
                  diffuseColor 0.300000011921 0.300000011921 0.300000011921
                  shininess 0
                }
              }
              geometry DEF __7 IndexedFaceSet {
                solid FALSE
                coord Coordinate {
                  point [
                    -0.0008 -0.001448 0.000477770273024,
                    -0.000726409353944 -0.00137440935394 0.000108188598549,
                    -0.0008 0.001448 0.000477770273024,
                    -0.000726409353944 0.00137440935394 0.000108188598549,
                    0.0008 -0.001448 0.000477770273024,
                    0.000726409353944 -0.00137440935394 0.000108188598549,
                    -0.000687179492774 0.00133517949277 7.6e-05,
                    -0.000687179492774 -0.00133517949277 7.6e-05,
                    -0.0008 -0.001448 0.000693770273024,
                    -0.0008 0.001448 0.000693770273024,
                    0.0008 0.001448 0.000477770273024,
                    0.000726409353944 0.00137440935394 0.000108188598549,
                    0.000687179492774 -0.00133517949277 7.6e-05,
                    0.0008 -0.001448 0.000693770273024,
                    0.000687179492774 0.00133517949277 7.6e-05,
                    -0.000724620407035 -0.00137262040704 0.00126027592425,
                    -0.000724620407035 0.00137262040704 0.00126027592425,
                    0.0008 0.001448 0.000693770273024,
                    0.000724620407035 -0.00137262040704 0.00126027592425,
                    -0.000684969875849 -0.00133296987585 0.001295,
                    -0.000684969875849 0.00133296987585 0.001295,
                    0.000724620407035 0.00137262040704 0.00126027592425,
                    0.000684969875849 -0.00133296987585 0.001295,
                    0.000684969875849 0.00133296987585 0.001295,
                    -0.00038 0.000952 0.001295,
                    -0.00038 0.000952 0.0011655,
                    -0.000725594639311 0.00137359463931 0.00010485206223,
                    -0.00072449670338 0.00137249670338 0.000101597715716,
                    -0.000723123640843 0.00137112364084 9.84495521536e-05,
                    -0.000721485574805 0.00136948557481 9.5430781841e-05,
                    -0.000719594582149 0.00136759458215 9.25636611046e-05,
                    -0.000717464604494 0.00136546460449 8.98693282122e-05,
                    -0.000712552154656 0.00136055215466 8.50770630597e-05,
                    -0.000706892829296 0.0013548928293 8.11950526048e-05,
                    -0.000700653217619 0.00134865321762 7.8337568602e-05,
                    -0.000694016990272 0.00134201699027 7.65887246088e-05,
                    -0.000725594639311 -0.00137359463931 0.00010485206223,
                    -0.00072449670338 -0.00137249670338 0.000101597715716,
                    -0.000723123640843 -0.00137112364084 9.84495521536e-05,
                    -0.000721485574805 -0.00136948557481 9.5430781841e-05,
                    -0.000719594582149 -0.00136759458215 9.25636611046e-05,
                    -0.000717464604494 -0.00136546460449 8.98693282122e-05,
                    -0.000712552154656 -0.00136055215466 8.50770630597e-05,
                    -0.000706892829296 -0.0013548928293 8.11950526048e-05,
                    -0.000700653217619 -0.00134865321762 7.8337568602e-05,
                    -0.000694016990272 -0.00134201699027 7.65887246088e-05,
                    0.000725594639311 -0.00137359463931 0.00010485206223,
                    0.00072449670338 -0.00137249670338 0.000101597715716,
                    0.000723123640843 -0.00137112364084 9.84495521536e-05,
                    0.000721485574805 -0.00136948557481 9.5430781841e-05,
                    0.000719594582149 -0.00136759458215 9.25636611046e-05,
                    0.000717464604494 -0.00136546460449 8.98693282122e-05,
                    0.000712552154656 -0.00136055215466 8.50770630597e-05,
                    0.000706892829296 -0.0013548928293 8.11950526048e-05,
                    0.000700653217619 -0.00134865321762 7.8337568602e-05,
                    0.000694016990272 -0.00134201699027 7.65887246088e-05,
                    0.000694016990272 0.00134201699027 7.65887246088e-05,
                    0.000700653217619 0.00134865321762 7.8337568602e-05,
                    0.000706892829296 0.0013548928293 8.11950526048e-05,
                    0.000712552154656 0.00136055215466 8.50770630597e-05,
                    0.000717464604494 0.00136546460449 8.98693282122e-05,
                    0.000719594582149 0.00136759458215 9.25636611046e-05,
                    0.000721485574805 0.00136948557481 9.5430781841e-05,
                    0.000723123640843 0.00137112364084 9.84495521536e-05,
                    0.00072449670338 0.00137249670338 0.000101597715716,
                    0.000725594639311 0.00137359463931 0.00010485206223,
                    -0.00072398655785 -0.00137198655785 0.00126381467672,
                    -0.000723037538398 -0.0013710375384 0.0012672822257,
                    -0.000721781014701 -0.0013697810147 0.0012706505609,
                    -0.000720227136749 -0.00136822713675 0.00127389247347,
                    -0.000718388456507 -0.00136638845651 0.00127698177579,
                    -0.000716279826531 -0.00136427982653 0.00127989351298,
                    -0.000713918279982 -0.00136191827998 0.00128260416451,
                    -0.000711322893039 -0.00135932289304 0.00128509183419,
                    -0.000705516177963 -0.00135351617796 0.00128931981162,
                    -0.00069904692512 -0.00134704692512 0.00129244110954,
                    -0.000692123742575 -0.00134012374258 0.00129435507834,
                    -0.00072398655785 0.00137198655785 0.00126381467672,
                    -0.000723037538398 0.0013710375384 0.0012672822257,
                    -0.000721781014701 0.0013697810147 0.0012706505609,
                    -0.000720227136749 0.00136822713675 0.00127389247347,
                    -0.000718388456507 0.00136638845651 0.00127698177579,
                    -0.000716279826531 0.00136427982653 0.00127989351298,
                    -0.000713918279982 0.00136191827998 0.00128260416451,
                    -0.000711322893039 0.00135932289304 0.00128509183419,
                    -0.000705516177963 0.00135351617796 0.00128931981162,
                    -0.00069904692512 0.00134704692512 0.00129244110954,
                    -0.000692123742575 0.00134012374258 0.00129435507834,
                    0.00072398655785 -0.00137198655785 0.00126381467672,
                    0.000723037538398 -0.0013710375384 0.0012672822257,
                    0.000721781014701 -0.0013697810147 0.0012706505609,
                    0.000720227136749 -0.00136822713675 0.00127389247347,
                    0.000718388456507 -0.00136638845651 0.00127698177579,
                    0.000716279826531 -0.00136427982653 0.00127989351298,
                    0.000713918279982 -0.00136191827998 0.00128260416451,
                    0.000711322893039 -0.00135932289304 0.00128509183419,
                    0.000705516177963 -0.00135351617796 0.00128931981162,
                    0.00069904692512 -0.00134704692512 0.00129244110954,
                    0.000692123742575 -0.00134012374258 0.00129435507834,
                    -0.000381519224699 0.000969364817767 0.001295,
                    -0.000386030737921 0.000986202014333 0.001295,
                    -0.000393397459622 0.001002 0.001295,
                    -0.000403395555688 0.00101627876097 0.001295,
                    -0.000415721239031 0.00102860444431 0.001295,
                    -0.00043 0.00103860254038 0.001295,
                    -0.000445797985667 0.00104596926208 0.001295,
                    -0.000462635182233 0.0010504807753 0.001295,
                    -0.00048 0.001052 0.001295,
                    -0.000497364817767 0.0010504807753 0.001295,
                    -0.000514202014333 0.00104596926208 0.001295,
                    -0.00053 0.00103860254038 0.001295,
                    -0.000544278760969 0.00102860444431 0.001295,
                    -0.000556604444312 0.00101627876097 0.001295,
                    -0.000566602540378 0.001002 0.001295,
                    -0.000573969262079 0.000986202014333 0.001295,
                    -0.000578480775301 0.000969364817767 0.001295,
                    -0.00058 0.000952 0.001295,
                    -0.000578480775301 0.000934635182233 0.001295,
                    -0.000573969262079 0.000917797985667 0.001295,
                    -0.000566602540378 0.000902 0.001295,
                    -0.000556604444312 0.000887721239031 0.001295,
                    -0.000544278760969 0.000875395555688 0.001295,
                    -0.00053 0.000865397459622 0.001295,
                    -0.000514202014333 0.000858030737921 0.001295,
                    -0.000497364817767 0.000853519224699 0.001295,
                    -0.00048 0.000852 0.001295,
                    -0.000462635182233 0.000853519224699 0.001295,
                    -0.000445797985667 0.000858030737921 0.001295,
                    -0.00043 0.000865397459622 0.001295,
                    -0.000415721239031 0.000875395555688 0.001295,
                    -0.000403395555688 0.000887721239031 0.001295,
                    -0.000393397459622 0.000902 0.001295,
                    -0.000386030737921 0.000917797985667 0.001295,
                    -0.000381519224699 0.000934635182233 0.001295,
                    0.000692123742575 0.00134012374258 0.00129435507834,
                    0.00069904692512 0.00134704692512 0.00129244110954,
                    0.000705516177963 0.00135351617796 0.00128931981162,
                    0.000711322893039 0.00135932289304 0.00128509183419,
                    0.000713918279982 0.00136191827998 0.00128260416451,
                    0.000716279826531 0.00136427982653 0.00127989351298,
                    0.000718388456507 0.00136638845651 0.00127698177579,
                    0.000720227136749 0.00136822713675 0.00127389247347,
                    0.000721781014701 0.0013697810147 0.0012706505609,
                    0.000723037538398 0.0013710375384 0.0012672822257,
                    0.00072398655785 0.00137198655785 0.00126381467672,
                    -0.000381519224699 0.000969364817767 0.0011655,
                    -0.000386030737921 0.000986202014333 0.0011655,
                    -0.000393397459622 0.001002 0.0011655,
                    -0.000403395555688 0.00101627876097 0.0011655,
                    -0.000415721239031 0.00102860444431 0.0011655,
                    -0.00043 0.00103860254038 0.0011655,
                    -0.000445797985667 0.00104596926208 0.0011655,
                    -0.000462635182233 0.0010504807753 0.0011655,
                    -0.00048 0.001052 0.0011655,
                    -0.000497364817767 0.0010504807753 0.0011655,
                    -0.000514202014333 0.00104596926208 0.0011655,
                    -0.00053 0.00103860254038 0.0011655,
                    -0.000544278760969 0.00102860444431 0.0011655,
                    -0.000556604444312 0.00101627876097 0.0011655,
                    -0.000566602540378 0.001002 0.0011655,
                    -0.000573969262079 0.000986202014333 0.0011655,
                    -0.000578480775301 0.000969364817767 0.0011655,
                    -0.00058 0.000952 0.0011655,
                    -0.000578480775301 0.000934635182233 0.0011655,
                    -0.000573969262079 0.000917797985667 0.0011655,
                    -0.000566602540378 0.000902 0.0011655,
                    -0.000556604444312 0.000887721239031 0.0011655,
                    -0.000544278760969 0.000875395555688 0.0011655,
                    -0.00053 0.000865397459622 0.0011655,
                    -0.000514202014333 0.000858030737921 0.0011655,
                    -0.000497364817767 0.000853519224699 0.0011655,
                    -0.00048 0.000852 0.0011655,
                    -0.000462635182233 0.000853519224699 0.0011655,
                    -0.000445797985667 0.000858030737921 0.0011655,
                    -0.00043 0.000865397459622 0.0011655,
                    -0.000415721239031 0.000875395555688 0.0011655,
                    -0.000403395555688 0.000887721239031 0.0011655,
                    -0.000393397459622 0.000902 0.0011655,
                    -0.000386030737921 0.000917797985667 0.0011655,
                    -0.000381519224699 0.000934635182233 0.0011655

                  ]
                }
                normal Normal {
                  vector [
                    -0.98074651 0 -0.19528504,
                    -0.98074651 0 -0.19528504,
                    -0.98074651 0 -0.19528504,
                    -0.98074651 0 -0.19528504,
                    -1.7361785e-18 -0.98074651 -0.19528504,
                    -1.7361785e-18 -0.98074651 -0.19528504,
                    -1.7361785e-18 -0.98074651 -0.19528504,
                    -1.7361785e-18 -0.98074651 -0.19528504,
                    -0.98074651 0 -0.19528504,
                    -0.98074651 0 -0.19528504,
                    -0.96037865 0 -0.27869844,
                    -0.93293029 0 -0.36005712,
                    -0.89860368 0 -0.4387612,
                    -0.85765207 0 -0.51423043,
                    -0.81037724 0 -0.58590847,
                    -0.75712782 0 -0.65326679,
                    -0.63431656 0 -0.77307343,
                    -0.49283341 0 -0.87012368,
                    -0.33684313 0 -0.9415608,
                    -0.17093743 0 -0.98528188,
                    -7.1809225e-13 0 -1,
                    -6.1151084e-13 0 -1,
                    -0.17093743 0 -0.98528188,
                    -0.33684313 0 -0.9415608,
                    -0.49283341 0 -0.87012368,
                    -0.63431656 0 -0.77307343,
                    -0.75712782 0 -0.65326679,
                    -0.81037724 0 -0.58590847,
                    -0.85765207 0 -0.51423043,
                    -0.89860368 0 -0.4387612,
                    -0.93293029 0 -0.36005712,
                    -0.96037865 0 -0.27869844,
                    -1 -0 -0,
                    -1 -0 -0,
                    -1 -0 -0,
                    -1 -0 -0,
                    -1.7361785e-18 0.98074651 -0.19528504,
                    -1.7361785e-18 0.98074651 -0.19528504,
                    -1.7361785e-18 0.98074651 -0.19528504,
                    -1.7361785e-18 0.98074651 -0.19528504,
                    0 -0.98074651 -0.19528504,
                    0 -0.96037865 -0.27869844,
                    0 -0.93293029 -0.36005712,
                    0 -0.89860368 -0.4387612,
                    0 -0.85765207 -0.51423043,
                    0 -0.81037724 -0.58590847,
                    0 -0.75712782 -0.65326679,
                    0 -0.63431656 -0.77307343,
                    0 -0.49283341 -0.87012368,
                    0 -0.33684313 -0.9415608,
                    0 -0.17093743 -0.98528188,
                    0 -9.2237329e-13 -1,
                    0 -6.1151084e-13 -1,
                    0 -0.17093743 -0.98528188,
                    0 -0.33684313 -0.9415608,
                    0 -0.49283341 -0.87012368,
                    0 -0.63431656 -0.77307343,
                    0 -0.75712782 -0.65326679,
                    0 -0.81037724 -0.58590847,
                    0 -0.85765207 -0.51423043,
                    0 -0.89860368 -0.4387612,
                    0 -0.93293029 -0.36005712,
                    0 -0.96037865 -0.27869844,
                    0 -0.98074651 -0.19528504,
                    -0 -1 -0,
                    -0 -1 -0,
                    -0 -1 -0,
                    -0 -1 -0,
                    0.98074651 -0 -0.19528504,
                    0.98074651 -0 -0.19528504,
                    0.98074651 -0 -0.19528504,
                    0.98074651 -0 -0.19528504,
                    -0 -0 -1,
                    -0 -0 -1,
                    -0 -0 -1,
                    -0 -0 -1,
                    0 1.0347279e-13 -1,
                    0 0.17093743 -0.98528188,
                    0 0.33684313 -0.9415608,
                    0 0.49283341 -0.87012368,
                    0 0.63431656 -0.77307343,
                    0 0.75712782 -0.65326679,
                    0 0.81037724 -0.58590847,
                    0 0.85765207 -0.51423043,
                    0 0.89860368 -0.4387612,
                    0 0.93293029 -0.36005712,
                    0 0.96037865 -0.27869844,
                    0 0.98074651 -0.19528504,
                    0 0.98074651 -0.19528504,
                    0 0.96037865 -0.27869844,
                    0 0.93293029 -0.36005712,
                    0 0.89860368 -0.4387612,
                    0 0.85765207 -0.51423043,
                    0 0.81037724 -0.58590847,
                    0 0.75712782 -0.65326679,
                    0 0.63431656 -0.77307343,
                    0 0.49283341 -0.87012368,
                    0 0.33684313 -0.9415608,
                    0 0.17093743 -0.98528188,
                    0 0 -1,
                    -0.99126327 1.7379114e-18 0.13189811,
                    -0.99126327 1.7379114e-18 0.13189811,
                    -0.99126327 1.7379114e-18 0.13189811,
                    -0.99126327 1.7379114e-18 0.13189811,
                    0 1 0,
                    0 1 0,
                    0 1 0,
                    0 1 0,
                    2.220446e-16 0 -1,
                    2.220446e-16 0 -1,
                    0.17093743 0 -0.98528188,
                    0.33684313 0 -0.9415608,
                    0.49283341 0 -0.87012368,
                    0.63431656 0 -0.77307343,
                    0.75712782 0 -0.65326679,
                    0.81037724 0 -0.58590847,
                    0.85765207 0 -0.51423043,
                    0.89860368 0 -0.4387612,
                    0.93293029 0 -0.36005712,
                    0.96037865 0 -0.27869844,
                    0.98074651 0 -0.19528504,
                    0.98074651 0 -0.19528504,
                    0.96037865 0 -0.27869844,
                    0.93293029 0 -0.36005712,
                    0.89860368 0 -0.4387612,
                    0.85765207 0 -0.51423043,
                    0.81037724 0 -0.58590847,
                    0.75712782 0 -0.65326679,
                    0.63431656 0 -0.77307343,
                    0.49283341 0 -0.87012368,
                    0.33684313 0 -0.9415608,
                    0.17093743 0 -0.98528188,
                    1 0 0,
                    1 0 0,
                    1 0 0,
                    1 0 0,
                    -0 -0.99126327 0.13189811,
                    -0 -0.99126327 0.13189811,
                    -0 -0.99126327 0.13189811,
                    -0 -0.99126327 0.13189811,
                    -0.99126327 0 0.13189811,
                    -0.97541708 0 0.22036693,
                    -0.95169157 0 0.30705565,
                    -0.92027849 0 0.39126402,
                    -0.88143152 0 0.47231182,
                    -0.83546454 0 0.54954439,
                    -0.78274876 0 0.62233782,
                    -0.72371012 0 0.69010413,
                    -0.65882546 0 0.75229585,
                    -0.51365757 0 0.85799527,
                    -0.35192624 0 0.93602777,
                    -0.17884667 0 0.98387694,
                    -2.9298786e-13 0 1,
                    1.7874591e-14 0 1,
                    -0.17884667 0 0.98387694,
                    -0.35192624 0 0.93602777,
                    -0.51365757 0 0.85799527,
                    -0.65882546 0 0.75229585,
                    -0.72371012 0 0.69010413,
                    -0.78274876 0 0.62233782,
                    -0.83546454 0 0.54954439,
                    -0.88143152 0 0.47231182,
                    -0.92027849 0 0.39126402,
                    -0.95169157 0 0.30705565,
                    -0.97541708 0 0.22036693,
                    -0.99126327 0 0.13189811,
                    0 0.99126327 0.13189811,
                    0 0.99126327 0.13189811,
                    0 0.99126327 0.13189811,
                    0 0.99126327 0.13189811,
                    0.99126327 1.7379114e-18 0.13189811,
                    0.99126327 1.7379114e-18 0.13189811,
                    0.99126327 1.7379114e-18 0.13189811,
                    0.99126327 1.7379114e-18 0.13189811,
                    0 -0.99126327 0.13189811,
                    0 -0.99126327 0.13189811,
                    0 -0.97541708 0.22036693,
                    0 -0.95169157 0.30705565,
                    0 -0.92027849 0.39126402,
                    0 -0.88143152 0.47231182,
                    0 -0.83546454 0.54954439,
                    0 -0.78274876 0.62233782,
                    0 -0.72371012 0.69010413,
                    0 -0.65882546 0.75229585,
                    0 -0.51365757 0.85799527,
                    0 -0.35192624 0.93602777,
                    0 -0.17884667 0.98387694,
                    0 -8.7929664e-14 1,
                    0 1.8651747e-14 1,
                    0 -0.17884667 0.98387694,
                    0 -0.35192624 0.93602777,
                    0 -0.51365757 0.85799527,
                    0 -0.65882546 0.75229585,
                    0 -0.72371012 0.69010413,
                    0 -0.78274876 0.62233782,
                    0 -0.83546454 0.54954439,
                    0 -0.88143152 0.47231182,
                    0 -0.92027849 0.39126402,
                    0 -0.95169157 0.30705565,
                    0 -0.97541708 0.22036693,
                    0 0 1,
                    0 0 1,
                    0 0 1,
                    0 0 1,
                    0 0 1,
                    0 0 1,
                    0 0 1,
                    0 0 1,
                    0 0 1,
                    0 0 1,
                    0 0 1,
                    0 0 1,
                    0 0 1,
                    0 0 1,
                    0 0 1,
                    0 0 1,
                    0 0 1,
                    0 0 1,
                    0 0 1,
                    0 0 1,
                    0 0 1,
                    0 0 1,
                    0 0 1,
                    0 0 1,
                    0 0 1,
                    0 0 1,
                    0 0 1,
                    0 0 1,
                    0 0 1,
                    0 0 1,
                    0 0 1,
                    0 0 1,
                    0 0 1,
                    0 0 1,
                    0 0 1,
                    0 0 1,
                    0 0 1,
                    0 0 1,
                    0 0 1,
                    0 0 1,
                    0 2.220446e-16 1,
                    0 2.220446e-16 1,
                    0 0.17884667 0.98387694,
                    0 0.35192624 0.93602777,
                    0 0.51365757 0.85799527,
                    0 0.65882546 0.75229585,
                    0 0.72371012 0.69010413,
                    0 0.78274876 0.62233782,
                    0 0.83546454 0.54954439,
                    0 0.88143152 0.47231182,
                    0 0.92027849 0.39126402,
                    0 0.95169157 0.30705565,
                    0 0.97541708 0.22036693,
                    0 0.99126327 0.13189811,
                    0 0.99126327 0.13189811,
                    0 0.97541708 0.22036693,
                    0 0.95169157 0.30705565,
                    0 0.92027849 0.39126402,
                    0 0.88143152 0.47231182,
                    0 0.83546454 0.54954439,
                    0 0.78274876 0.62233782,
                    0 0.72371012 0.69010413,
                    0 0.65882546 0.75229585,
                    0 0.51365757 0.85799527,
                    0 0.35192624 0.93602777,
                    0 0.17884667 0.98387694,
                    1.0347279e-13 0 1,
                    0.17884667 0 0.98387694,
                    0.35192624 0 0.93602777,
                    0.51365757 0 0.85799527,
                    0.65882546 0 0.75229585,
                    0.72371012 0 0.69010413,
                    0.78274876 0 0.62233782,
                    0.83546454 0 0.54954439,
                    0.88143152 0 0.47231182,
                    0.92027849 0 0.39126402,
                    0.95169157 0 0.30705565,
                    0.97541708 0 0.22036693,
                    0.99126327 0 0.13189811,
                    0.99126327 0 0.13189811,
                    0.97541708 0 0.22036693,
                    0.95169157 0 0.30705565,
                    0.92027849 0 0.39126402,
                    0.88143152 0 0.47231182,
                    0.83546454 0 0.54954439,
                    0.78274876 0 0.62233782,
                    0.72371012 0 0.69010413,
                    0.65882546 0 0.75229585,
                    0.51365757 0 0.85799527,
                    0.35192624 0 0.93602777,
                    0.17884667 0 0.98387694,
                    0 0 1,
                    -1 -4.136691e-13 -0,
                    -1 -4.136691e-13 -0,
                    -0.98480773 0.17364818 -0,
                    -0.93969262 0.34202015 -0,
                    -0.86602539 0.5 -0,
                    -0.76604444 0.64278764 -0,
                    -0.64278764 0.76604444 -0,
                    -0.5 0.86602539 -0,
                    -0.34202015 0.93969262 -0,
                    -0.17364818 0.98480773 -0,
                    1.6653345e-16 1 -0,
                    0.17364818 0.98480773 -0,
                    0.34202015 0.93969262 -0,
                    0.5 0.86602539 -0,
                    0.64278764 0.76604444 -0,
                    0.76604444 0.64278764 -0,
                    0.86602539 0.5 -0,
                    0.93969262 0.34202015 -0,
                    0.98480773 0.17364818 -0,
                    1 -1.110223e-16 -0,
                    0.98480773 -0.17364818 -0,
                    0.93969262 -0.34202015 -0,
                    0.86602539 -0.5 -0,
                    0.76604444 -0.64278764 -0,
                    0.64278764 -0.76604444 -0,
                    0.5 -0.86602539 -0,
                    0.34202015 -0.93969262 -0,
                    0.17364818 -0.98480773 -0,
                    -5.5511151e-17 -1 -0,
                    -0.17364818 -0.98480773 -0,
                    -0.34202015 -0.93969262 -0,
                    -0.5 -0.86602539 -0,
                    -0.64278764 -0.76604444 -0,
                    -0.76604444 -0.64278764 -0,
                    -0.86602539 -0.5 -0,
                    -0.93969262 -0.34202015 -0,
                    -0.98480773 -0.17364818 -0,
                    -1 -0 -0,
                    -1 -0 -0,
                    -0.98480773 -0.17364818 -0,
                    -0.93969262 -0.34202015 -0,
                    -0.86602539 -0.5 -0,
                    -0.76604444 -0.64278764 -0,
                    -0.64278764 -0.76604444 -0,
                    -0.5 -0.86602539 -0,
                    -0.34202015 -0.93969262 -0,
                    -0.17364818 -0.98480773 -0,
                    -5.5511151e-17 -1 -0,
                    0.17364818 -0.98480773 -0,
                    0.34202015 -0.93969262 -0,
                    0.5 -0.86602539 -0,
                    0.64278764 -0.76604444 -0,
                    0.76604444 -0.64278764 -0,
                    0.86602539 -0.5 -0,
                    0.93969262 -0.34202015 -0,
                    0.98480773 -0.17364818 -0,
                    1 -1.110223e-16 -0,
                    0.98480773 0.17364818 -0,
                    0.93969262 0.34202015 -0,
                    0.86602539 0.5 -0,
                    0.76604444 0.64278764 -0,
                    0.64278764 0.76604444 -0,
                    0.5 0.86602539 -0,
                    0.34202015 0.93969262 -0,
                    0.17364818 0.98480773 -0,
                    1.6653345e-16 1 -0,
                    -0.17364818 0.98480773 -0,
                    -0.34202015 0.93969262 -0,
                    -0.5 0.86602539 -0,
                    -0.64278764 0.76604444 -0,
                    -0.76604444 0.64278764 -0,
                    -0.86602539 0.5 -0,
                    -0.93969262 0.34202015 -0,
                    -0.98480773 0.17364818 -0,
                    0 0 1,
                    0 0 1,
                    0 0 1,
                    0 0 1,
                    0 0 1,
                    0 0 1,
                    0 0 1,
                    0 0 1,
                    0 0 1,
                    0 0 1,
                    0 0 1,
                    0 0 1,
                    0 0 1,
                    0 0 1,
                    0 0 1,
                    0 0 1,
                    0 0 1,
                    0 0 1,
                    0 0 1,
                    0 0 1,
                    0 0 1,
                    0 0 1,
                    0 0 1,
                    0 0 1,
                    0 0 1,
                    0 0 1,
                    0 0 1,
                    0 0 1,
                    0 0 1,
                    0 0 1,
                    0 0 1,
                    0 0 1,
                    0 0 1,
                    0 0 1,
                    0 0 1,
                    0 0 1

                  ]
                }
                coordIndex [
                  2 1 0 -1 
                  3 1 2 -1 
                  4 0 1 -1 
                  4 1 5 -1 
                  26 1 3 -1 
                  36 1 26 -1 
                  37 26 27 -1 
                  38 27 28 -1 
                  39 28 29 -1 
                  40 29 30 -1 
                  41 30 31 -1 
                  42 31 32 -1 
                  43 32 33 -1 
                  44 33 34 -1 
                  45 34 35 -1 
                  7 35 6 -1 
                  45 35 7 -1 
                  44 34 45 -1 
                  43 33 44 -1 
                  42 32 43 -1 
                  41 31 42 -1 
                  40 30 41 -1 
                  39 29 40 -1 
                  38 28 39 -1 
                  37 27 38 -1 
                  36 26 37 -1 
                  0 8 2 -1 
                  9 2 8 -1 
                  10 3 2 -1 
                  10 11 3 -1 
                  46 1 36 -1 
                  47 36 37 -1 
                  48 37 38 -1 
                  49 38 39 -1 
                  50 39 40 -1 
                  51 40 41 -1 
                  52 41 42 -1 
                  53 42 43 -1 
                  54 43 44 -1 
                  55 44 45 -1 
                  12 45 7 -1 
                  55 45 12 -1 
                  54 44 55 -1 
                  53 43 54 -1 
                  52 42 53 -1 
                  51 41 52 -1 
                  50 40 51 -1 
                  49 39 50 -1 
                  48 38 49 -1 
                  47 37 48 -1 
                  46 36 47 -1 
                  5 1 46 -1 
                  4 13 0 -1 
                  8 0 13 -1 
                  10 4 5 -1 
                  11 10 5 -1 
                  12 6 14 -1 
                  12 7 6 -1 
                  56 6 35 -1 
                  57 35 34 -1 
                  58 34 33 -1 
                  59 33 32 -1 
                  60 32 31 -1 
                  61 31 30 -1 
                  62 30 29 -1 
                  63 29 28 -1 
                  64 28 27 -1 
                  65 27 26 -1 
                  11 26 3 -1 
                  65 26 11 -1 
                  64 27 65 -1 
                  63 28 64 -1 
                  62 29 63 -1 
                  61 30 62 -1 
                  60 31 61 -1 
                  59 32 60 -1 
                  58 33 59 -1 
                  57 34 58 -1 
                  56 35 57 -1 
                  14 6 56 -1 
                  9 8 15 -1 
                  16 9 15 -1 
                  10 2 17 -1 
                  9 17 2 -1 
                  56 12 14 -1 
                  55 12 56 -1 
                  54 56 57 -1 
                  53 57 58 -1 
                  52 58 59 -1 
                  51 59 60 -1 
                  50 60 61 -1 
                  49 61 62 -1 
                  48 62 63 -1 
                  47 63 64 -1 
                  46 64 65 -1 
                  5 65 11 -1 
                  46 65 5 -1 
                  47 64 46 -1 
                  48 63 47 -1 
                  49 62 48 -1 
                  50 61 49 -1 
                  51 60 50 -1 
                  52 59 51 -1 
                  53 58 52 -1 
                  54 57 53 -1 
                  55 56 54 -1 
                  4 10 13 -1 
                  17 13 10 -1 
                  13 15 8 -1 
                  13 18 15 -1 
                  77 15 66 -1 
                  78 66 67 -1 
                  79 67 68 -1 
                  80 68 69 -1 
                  81 69 70 -1 
                  82 70 71 -1 
                  83 71 72 -1 
                  84 72 73 -1 
                  85 73 74 -1 
                  86 74 75 -1 
                  87 75 76 -1 
                  20 76 19 -1 
                  87 76 20 -1 
                  86 75 87 -1 
                  85 74 86 -1 
                  84 73 85 -1 
                  83 72 84 -1 
                  82 71 83 -1 
                  81 70 82 -1 
                  80 69 81 -1 
                  79 68 80 -1 
                  78 67 79 -1 
                  77 66 78 -1 
                  16 15 77 -1 
                  17 9 16 -1 
                  17 16 21 -1 
                  17 18 13 -1 
                  21 18 17 -1 
                  88 15 18 -1 
                  66 15 88 -1 
                  67 88 89 -1 
                  68 89 90 -1 
                  69 90 91 -1 
                  70 91 92 -1 
                  71 92 93 -1 
                  72 93 94 -1 
                  73 94 95 -1 
                  74 95 96 -1 
                  75 96 97 -1 
                  76 97 98 -1 
                  19 98 22 -1 
                  76 98 19 -1 
                  75 97 76 -1 
                  74 96 75 -1 
                  73 95 74 -1 
                  72 94 73 -1 
                  71 93 72 -1 
                  70 92 71 -1 
                  69 91 70 -1 
                  68 90 69 -1 
                  67 89 68 -1 
                  66 88 67 -1 
                  130 22 23 -1 
                  127 19 22 -1 
                  133 23 24 -1 
                  132 23 133 -1 
                  131 23 132 -1 
                  130 23 131 -1 
                  129 22 130 -1 
                  128 22 129 -1 
                  127 22 128 -1 
                  126 19 127 -1 
                  125 19 126 -1 
                  124 19 125 -1 
                  123 19 124 -1 
                  122 19 123 -1 
                  121 19 122 -1 
                  120 19 121 -1 
                  119 19 120 -1 
                  118 19 119 -1 
                  117 20 19 -1 
                  117 19 118 -1 
                  116 20 117 -1 
                  115 20 116 -1 
                  114 20 115 -1 
                  113 20 114 -1 
                  112 20 113 -1 
                  111 20 112 -1 
                  110 20 111 -1 
                  109 20 110 -1 
                  104 23 20 -1 
                  108 20 109 -1 
                  107 20 108 -1 
                  106 20 107 -1 
                  105 20 106 -1 
                  104 20 105 -1 
                  103 23 104 -1 
                  102 23 103 -1 
                  101 23 102 -1 
                  100 23 101 -1 
                  99 24 23 -1 
                  99 23 100 -1 
                  134 20 23 -1 
                  87 20 134 -1 
                  86 134 135 -1 
                  85 135 136 -1 
                  84 136 137 -1 
                  83 137 138 -1 
                  82 138 139 -1 
                  81 139 140 -1 
                  80 140 141 -1 
                  79 141 142 -1 
                  78 142 143 -1 
                  77 143 144 -1 
                  16 144 21 -1 
                  77 144 16 -1 
                  78 143 77 -1 
                  79 142 78 -1 
                  80 141 79 -1 
                  81 140 80 -1 
                  82 139 81 -1 
                  83 138 82 -1 
                  84 137 83 -1 
                  85 136 84 -1 
                  86 135 85 -1 
                  87 134 86 -1 
                  134 22 98 -1 
                  135 98 97 -1 
                  136 97 96 -1 
                  137 96 95 -1 
                  138 95 94 -1 
                  139 94 93 -1 
                  140 93 92 -1 
                  141 92 91 -1 
                  142 91 90 -1 
                  143 90 89 -1 
                  144 89 88 -1 
                  21 88 18 -1 
                  144 88 21 -1 
                  143 89 144 -1 
                  142 90 143 -1 
                  141 91 142 -1 
                  140 92 141 -1 
                  139 93 140 -1 
                  138 94 139 -1 
                  137 95 138 -1 
                  136 96 137 -1 
                  135 97 136 -1 
                  134 98 135 -1 
                  23 22 134 -1 
                  133 24 25 -1 
                  179 133 25 -1 
                  178 132 133 -1 
                  177 131 132 -1 
                  176 130 131 -1 
                  175 129 130 -1 
                  174 128 129 -1 
                  173 127 128 -1 
                  172 126 127 -1 
                  171 125 126 -1 
                  170 124 125 -1 
                  169 123 124 -1 
                  168 122 123 -1 
                  167 121 122 -1 
                  166 120 121 -1 
                  165 119 120 -1 
                  164 118 119 -1 
                  163 117 118 -1 
                  161 115 116 -1 
                  160 114 115 -1 
                  159 113 114 -1 
                  158 112 113 -1 
                  156 110 111 -1 
                  155 109 110 -1 
                  154 108 109 -1 
                  153 107 108 -1 
                  152 106 107 -1 
                  150 104 105 -1 
                  149 103 104 -1 
                  100 101 146 -1 
                  25 99 145 -1 
                  145 99 100 -1 
                  25 24 99 -1 
                  148 102 103 -1 
                  147 101 102 -1 
                  151 105 106 -1 
                  146 145 100 -1 
                  157 111 112 -1 
                  147 146 101 -1 
                  162 116 117 -1 
                  148 147 102 -1 
                  149 148 103 -1 
                  150 149 104 -1 
                  151 150 105 -1 
                  152 151 106 -1 
                  153 152 107 -1 
                  154 153 108 -1 
                  155 154 109 -1 
                  156 155 110 -1 
                  157 156 111 -1 
                  158 157 112 -1 
                  159 158 113 -1 
                  160 159 114 -1 
                  161 160 115 -1 
                  162 161 116 -1 
                  163 162 117 -1 
                  164 163 118 -1 
                  165 164 119 -1 
                  166 165 120 -1 
                  167 166 121 -1 
                  168 167 122 -1 
                  169 168 123 -1 
                  170 169 124 -1 
                  171 170 125 -1 
                  172 171 126 -1 
                  173 172 127 -1 
                  174 173 128 -1 
                  175 174 129 -1 
                  176 175 130 -1 
                  177 176 131 -1 
                  178 177 132 -1 
                  179 178 133 -1 
                  146 25 145 -1 
                  147 25 146 -1 
                  148 25 147 -1 
                  149 25 148 -1 
                  150 25 149 -1 
                  151 25 150 -1 
                  152 25 151 -1 
                  153 25 152 -1 
                  154 25 153 -1 
                  155 25 154 -1 
                  156 25 155 -1 
                  157 25 156 -1 
                  158 25 157 -1 
                  159 25 158 -1 
                  160 25 159 -1 
                  161 25 160 -1 
                  162 25 161 -1 
                  163 25 162 -1 
                  164 25 163 -1 
                  165 25 164 -1 
                  166 25 165 -1 
                  167 25 166 -1 
                  168 25 167 -1 
                  169 25 168 -1 
                  170 25 169 -1 
                  171 25 170 -1 
                  172 25 171 -1 
                  173 25 172 -1 
                  174 25 173 -1 
                  175 25 174 -1 
                  176 25 175 -1 
                  177 25 176 -1 
                  178 25 177 -1 
                  179 25 178 -1 
                ]
                normalIndex [
                  2 0 1 -1 
                  3 0 2 -1 
                  6 7 4 -1 
                  6 4 5 -1 
                  10 8 9 -1 
                  31 8 10 -1 
                  30 10 11 -1 
                  29 11 12 -1 
                  28 12 13 -1 
                  27 13 14 -1 
                  26 14 15 -1 
                  25 15 16 -1 
                  24 16 17 -1 
                  23 17 18 -1 
                  22 18 19 -1 
                  21 19 20 -1 
                  22 19 21 -1 
                  23 18 22 -1 
                  24 17 23 -1 
                  25 16 24 -1 
                  26 15 25 -1 
                  27 14 26 -1 
                  28 13 27 -1 
                  29 12 28 -1 
                  30 11 29 -1 
                  31 10 30 -1 
                  33 32 34 -1 
                  35 34 32 -1 
                  38 36 39 -1 
                  38 37 36 -1 
                  62 40 41 -1 
                  61 41 42 -1 
                  60 42 43 -1 
                  59 43 44 -1 
                  58 44 45 -1 
                  57 45 46 -1 
                  56 46 47 -1 
                  55 47 48 -1 
                  54 48 49 -1 
                  53 49 50 -1 
                  52 50 51 -1 
                  53 50 52 -1 
                  54 49 53 -1 
                  55 48 54 -1 
                  56 47 55 -1 
                  57 46 56 -1 
                  58 45 57 -1 
                  59 44 58 -1 
                  60 43 59 -1 
                  61 42 60 -1 
                  62 41 61 -1 
                  63 40 62 -1 
                  65 64 66 -1 
                  67 66 64 -1 
                  70 69 68 -1 
                  71 70 68 -1 
                  74 72 75 -1 
                  74 73 72 -1 
                  98 76 77 -1 
                  97 77 78 -1 
                  96 78 79 -1 
                  95 79 80 -1 
                  94 80 81 -1 
                  93 81 82 -1 
                  92 82 83 -1 
                  91 83 84 -1 
                  90 84 85 -1 
                  89 85 86 -1 
                  88 86 87 -1 
                  89 86 88 -1 
                  90 85 89 -1 
                  91 84 90 -1 
                  92 83 91 -1 
                  93 82 92 -1 
                  94 81 93 -1 
                  95 80 94 -1 
                  96 79 95 -1 
                  97 78 96 -1 
                  98 77 97 -1 
                  99 76 98 -1 
                  102 101 100 -1 
                  103 102 100 -1 
                  105 106 104 -1 
                  107 104 106 -1 
                  110 108 109 -1 
                  131 108 110 -1 
                  130 110 111 -1 
                  129 111 112 -1 
                  128 112 113 -1 
                  127 113 114 -1 
                  126 114 115 -1 
                  125 115 116 -1 
                  124 116 117 -1 
                  123 117 118 -1 
                  122 118 119 -1 
                  121 119 120 -1 
                  122 119 121 -1 
                  123 118 122 -1 
                  124 117 123 -1 
                  125 116 124 -1 
                  126 115 125 -1 
                  127 114 126 -1 
                  128 113 127 -1 
                  129 112 128 -1 
                  130 111 129 -1 
                  131 110 130 -1 
                  133 134 132 -1 
                  135 132 134 -1 
                  138 136 139 -1 
                  138 137 136 -1 
                  164 140 141 -1 
                  163 141 142 -1 
                  162 142 143 -1 
                  161 143 144 -1 
                  160 144 145 -1 
                  159 145 146 -1 
                  158 146 147 -1 
                  157 147 148 -1 
                  156 148 149 -1 
                  155 149 150 -1 
                  154 150 151 -1 
                  153 151 152 -1 
                  154 151 153 -1 
                  155 150 154 -1 
                  156 149 155 -1 
                  157 148 156 -1 
                  158 147 157 -1 
                  159 146 158 -1 
                  160 145 159 -1 
                  161 144 160 -1 
                  162 143 161 -1 
                  163 142 162 -1 
                  164 141 163 -1 
                  165 140 164 -1 
                  168 169 166 -1 
                  168 166 167 -1 
                  172 170 171 -1 
                  173 170 172 -1 
                  176 174 175 -1 
                  199 174 176 -1 
                  198 176 177 -1 
                  197 177 178 -1 
                  196 178 179 -1 
                  195 179 180 -1 
                  194 180 181 -1 
                  193 181 182 -1 
                  192 182 183 -1 
                  191 183 184 -1 
                  190 184 185 -1 
                  189 185 186 -1 
                  188 186 187 -1 
                  189 186 188 -1 
                  190 185 189 -1 
                  191 184 190 -1 
                  192 183 191 -1 
                  193 182 192 -1 
                  194 181 193 -1 
                  195 180 194 -1 
                  196 179 195 -1 
                  197 178 196 -1 
                  198 177 197 -1 
                  199 176 198 -1 
                  208 202 203 -1 
                  211 201 202 -1 
                  205 203 204 -1 
                  206 203 205 -1 
                  207 203 206 -1 
                  208 203 207 -1 
                  209 202 208 -1 
                  210 202 209 -1 
                  211 202 210 -1 
                  212 201 211 -1 
                  213 201 212 -1 
                  214 201 213 -1 
                  215 201 214 -1 
                  216 201 215 -1 
                  217 201 216 -1 
                  218 201 217 -1 
                  219 201 218 -1 
                  220 201 219 -1 
                  221 200 201 -1 
                  221 201 220 -1 
                  222 200 221 -1 
                  223 200 222 -1 
                  224 200 223 -1 
                  225 200 224 -1 
                  226 200 225 -1 
                  227 200 226 -1 
                  228 200 227 -1 
                  229 200 228 -1 
                  234 203 200 -1 
                  230 200 229 -1 
                  231 200 230 -1 
                  232 200 231 -1 
                  233 200 232 -1 
                  234 200 233 -1 
                  235 203 234 -1 
                  236 203 235 -1 
                  237 203 236 -1 
                  238 203 237 -1 
                  239 204 203 -1 
                  239 203 238 -1 
                  242 240 241 -1 
                  265 240 242 -1 
                  264 242 243 -1 
                  263 243 244 -1 
                  262 244 245 -1 
                  261 245 246 -1 
                  260 246 247 -1 
                  259 247 248 -1 
                  258 248 249 -1 
                  257 249 250 -1 
                  256 250 251 -1 
                  255 251 252 -1 
                  254 252 253 -1 
                  255 252 254 -1 
                  256 251 255 -1 
                  257 250 256 -1 
                  258 249 257 -1 
                  259 248 258 -1 
                  260 247 259 -1 
                  261 246 260 -1 
                  262 245 261 -1 
                  263 244 262 -1 
                  264 243 263 -1 
                  265 242 264 -1 
                  290 266 267 -1 
                  289 267 268 -1 
                  288 268 269 -1 
                  287 269 270 -1 
                  286 270 271 -1 
                  285 271 272 -1 
                  284 272 273 -1 
                  283 273 274 -1 
                  282 274 275 -1 
                  281 275 276 -1 
                  280 276 277 -1 
                  279 277 278 -1 
                  280 277 279 -1 
                  281 276 280 -1 
                  282 275 281 -1 
                  283 274 282 -1 
                  284 273 283 -1 
                  285 272 284 -1 
                  286 271 285 -1 
                  287 270 286 -1 
                  288 269 287 -1 
                  289 268 288 -1 
                  290 267 289 -1 
                  291 266 290 -1 
                  294 293 292 -1 
                  365 294 292 -1 
                  364 295 294 -1 
                  363 296 295 -1 
                  362 297 296 -1 
                  361 298 297 -1 
                  360 299 298 -1 
                  359 300 299 -1 
                  358 301 300 -1 
                  357 302 301 -1 
                  356 303 302 -1 
                  355 304 303 -1 
                  354 305 304 -1 
                  353 306 305 -1 
                  352 307 306 -1 
                  351 308 307 -1 
                  350 309 308 -1 
                  349 310 309 -1 
                  347 312 311 -1 
                  346 313 312 -1 
                  345 314 313 -1 
                  344 315 314 -1 
                  342 317 316 -1 
                  341 318 317 -1 
                  340 319 318 -1 
                  339 320 319 -1 
                  338 321 320 -1 
                  336 323 322 -1 
                  335 324 323 -1 
                  327 326 332 -1 
                  330 328 331 -1 
                  331 328 327 -1 
                  330 329 328 -1 
                  334 325 324 -1 
                  333 326 325 -1 
                  337 322 321 -1 
                  332 331 327 -1 
                  343 316 315 -1 
                  333 332 326 -1 
                  348 311 310 -1 
                  334 333 325 -1 
                  335 334 324 -1 
                  336 335 323 -1 
                  337 336 322 -1 
                  338 337 321 -1 
                  339 338 320 -1 
                  340 339 319 -1 
                  341 340 318 -1 
                  342 341 317 -1 
                  343 342 316 -1 
                  344 343 315 -1 
                  345 344 314 -1 
                  346 345 313 -1 
                  347 346 312 -1 
                  348 347 311 -1 
                  349 348 310 -1 
                  350 349 309 -1 
                  351 350 308 -1 
                  352 351 307 -1 
                  353 352 306 -1 
                  354 353 305 -1 
                  355 354 304 -1 
                  356 355 303 -1 
                  357 356 302 -1 
                  358 357 301 -1 
                  359 358 300 -1 
                  360 359 299 -1 
                  361 360 298 -1 
                  362 361 297 -1 
                  363 362 296 -1 
                  364 363 295 -1 
                  365 364 294 -1 
                  368 366 367 -1 
                  369 366 368 -1 
                  370 366 369 -1 
                  371 366 370 -1 
                  372 366 371 -1 
                  373 366 372 -1 
                  374 366 373 -1 
                  375 366 374 -1 
                  376 366 375 -1 
                  377 366 376 -1 
                  378 366 377 -1 
                  379 366 378 -1 
                  380 366 379 -1 
                  381 366 380 -1 
                  382 366 381 -1 
                  383 366 382 -1 
                  384 366 383 -1 
                  385 366 384 -1 
                  386 366 385 -1 
                  387 366 386 -1 
                  388 366 387 -1 
                  389 366 388 -1 
                  390 366 389 -1 
                  391 366 390 -1 
                  392 366 391 -1 
                  393 366 392 -1 
                  394 366 393 -1 
                  395 366 394 -1 
                  396 366 395 -1 
                  397 366 396 -1 
                  398 366 397 -1 
                  399 366 398 -1 
                  400 366 399 -1 
                  401 366 400 -1 
                ]
              }
            }
          ]
        }
        DEF PinsArrayL Group {
          children [
            DEF PinsArrayL_1 Shape {
              appearance DEF __10 Appearance {
                material DEF __11 Material {
                  ambientIntensity 0.260947436094
                  diffuseColor 0.73400002718 0.773000001907 0.79699999094
                  shininess 0
                }
              }
              geometry DEF __12 IndexedFaceSet {
                solid FALSE
                coord Coordinate {
                  point [
                    -0.001397 0.001168 0.000216,
                    -0.0012026450205 0.001168 0.000216,
                    -0.001397 0.000736 0.000216,
                    -0.0012026450205 0.000736 0.000216,
                    -0.001397 0.001168 0,
                    -0.001115763347 0.001168 0,
                    -0.00109715205647 0.001168 0.000300864863488,
                    -0.00102959721857 0.001168 0.000608905409536,
                    -0.00092410425455 0.001168 0.000693770273024,
                    -0.0008 0.001168 0.000693770273024,
                    -0.0008 0.001168 0.000477770273024,
                    -0.000837222581051 0.001168 0.000477770273024,
                    -0.000904777418949 0.001168 0.000169729726976,
                    -0.00109715205647 0.000736 0.000300864863488,
                    -0.001397 0.000736 0,
                    -0.001115763347 0.000736 0,
                    -0.000904777418949 0.000736 0.000169729726976,
                    -0.000837222581051 0.000736 0.000477770273024,
                    -0.0008 0.000736 0.000477770273024,
                    -0.0008 0.000736 0.000693770273024,
                    -0.00092410425455 0.000736 0.000693770273024,
                    -0.00102959721857 0.000736 0.000608905409536,
                    -0.00118444106806 0.001168 0.000217545239113,
                    -0.00116675803153 0.001168 0.000222136738601,
                    -0.00115010192054 0.001168 0.00022964311023,
                    -0.00113494935868 0.001168 0.000239849555131,
                    -0.00112173394468 0.001168 0.000252464010379,
                    -0.00111083384474 0.001168 0.000267125506537,
                    -0.00110256097109 0.001168 0.000283414496988,
                    -0.00102418830395 0.001168 0.000626355776036,
                    -0.0010159154303 0.001168 0.000642644766487,
                    -0.00100501533036 0.001168 0.000657306262645,
                    -0.000991799916363 0.001168 0.000669920717893,
                    -0.000976647354506 0.001168 0.000680127162794,
                    -0.000959991243516 0.001168 0.000687633534423,
                    -0.00094230820699 0.001168 0.000692225033911,
                    -0.00107935544212 0.001168 3.09047822544e-06,
                    -0.00104398936906 0.001168 1.22734772012e-05,
                    -0.00101067714708 0.001168 2.72862204607e-05,
                    -0.00098037202337 0.001168 4.7699110262e-05,
                    -0.000953941195374 0.001168 7.29280207583e-05,
                    -0.000932140995489 0.001168 0.000102251013074,
                    -0.000915595248187 0.001168 0.000134828993976,
                    -0.00118444106806 0.000736 0.000217545239113,
                    -0.00116675803153 0.000736 0.000222136738601,
                    -0.00115010192054 0.000736 0.00022964311023,
                    -0.00113494935868 0.000736 0.000239849555131,
                    -0.00112173394468 0.000736 0.000252464010379,
                    -0.00111083384474 0.000736 0.000267125506537,
                    -0.00110256097109 0.000736 0.000283414496988,
                    -0.00107935544212 0.000736 3.09047822544e-06,
                    -0.00104398936906 0.000736 1.22734772012e-05,
                    -0.00101067714708 0.000736 2.72862204607e-05,
                    -0.00098037202337 0.000736 4.7699110262e-05,
                    -0.000953941195374 0.000736 7.29280207583e-05,
                    -0.000932140995489 0.000736 0.000102251013074,
                    -0.000915595248187 0.000736 0.000134828993976,
                    -0.00102418830395 0.000736 0.000626355776036,
                    -0.0010159154303 0.000736 0.000642644766487,
                    -0.00100501533036 0.000736 0.000657306262645,
                    -0.000991799916363 0.000736 0.000669920717893,
                    -0.000976647354506 0.000736 0.000680127162794,
                    -0.000959991243516 0.000736 0.000687633534423,
                    -0.00094230820699 0.000736 0.000692225033911

                  ]
                }
                normal Normal {
                  vector [
                    0 0 1,
                    0 0 1,
                    0 0 1,
                    0 0 1,
                    2.6185149e-30 1 -9.5271438e-31,
                    2.6185149e-30 1 -9.5271438e-31,
                    2.6185149e-30 1 -9.5271438e-31,
                    2.6185149e-30 1 -9.5271438e-31,
                    2.6185149e-30 1 -9.5271438e-31,
                    2.6185149e-30 1 -9.5271438e-31,
                    2.6185149e-30 1 -9.5271438e-31,
                    2.6185149e-30 1 -9.5271438e-31,
                    2.6185149e-30 1 -9.5271438e-31,
                    2.6185149e-30 1 -9.5271438e-31,
                    2.6185149e-30 1 -9.5271438e-31,
                    2.6185149e-30 1 -9.5271438e-31,
                    2.6185149e-30 1 -9.5271438e-31,
                    2.6185149e-30 1 -9.5271438e-31,
                    2.6185149e-30 1 -9.5271438e-31,
                    2.6185149e-30 1 -9.5271438e-31,
                    2.6185149e-30 1 -9.5271438e-31,
                    2.6185149e-30 1 -9.5271438e-31,
                    2.6185149e-30 1 -9.5271438e-31,
                    2.6185149e-30 1 -9.5271438e-31,
                    2.6185149e-30 1 -9.5271438e-31,
                    2.6185149e-30 1 -9.5271438e-31,
                    2.6185149e-30 1 -9.5271438e-31,
                    2.6185149e-30 1 -9.5271438e-31,
                    2.6185149e-30 1 -9.5271438e-31,
                    2.6185149e-30 1 -9.5271438e-31,
                    2.6185149e-30 1 -9.5271438e-31,
                    2.6185149e-30 1 -9.5271438e-31,
                    2.6185149e-30 1 -9.5271438e-31,
                    2.6185149e-30 1 -9.5271438e-31,
                    2.6185149e-30 1 -9.5271438e-31,
                    2.6185149e-30 1 -9.5271438e-31,
                    -2.220446e-16 -0 1,
                    -2.220446e-16 -0 1,
                    -0.16855511 -0 0.9856922,
                    -0.33228692 -0 0.94317836,
                    -0.48651019 -0 0.87367493,
                    -0.62681168 -0 0.77917081,
                    -0.74917662 -0 0.66237026,
                    -0.8501035 -0 0.52661568,
                    -0.92670417 -0 0.3757917,
                    -0.97678673 -0 0.21421422,
                    -0.97678673 -0 0.21421422,
                    -0.92670417 -0 0.3757917,
                    -0.8501035 -0 0.52661568,
                    -0.74917662 -0 0.66237026,
                    -0.62681168 -0 0.77917081,
                    -0.48651019 -0 0.87367493,
                    -0.33228692 -0 0.94317836,
                    -0.16855511 -0 0.9856922,
                    -1 -0 -0,
                    -1 -0 -0,
                    -1 -0 -0,
                    -1 -0 -0,
                    -0 -1 -0,
                    -0 -1 -0,
                    -0 -1 -0,
                    -0 -1 -0,
                    -0 -1 -0,
                    -0 -1 -0,
                    -0 -1 -0,
                    -0 -1 -0,
                    -0 -1 -0,
                    -0 -1 -0,
                    -0 -1 -0,
                    -0 -1 -0,
                    -0 -1 -0,
                    -0 -1 -0,
                    -0 -1 -0,
                    -0 -1 -0,
                    -0 -1 -0,
                    -0 -1 -0,
                    -0 -1 -0,
                    -0 -1 -0,
                    -0 -1 -0,
                    -0 -1 -0,
                    -0 -1 -0,
                    -0 -1 -0,
                    -0 -1 -0,
                    -0 -1 -0,
                    -0 -1 -0,
                    -0 -1 -0,
                    -0 -1 -0,
                    -0 -1 -0,
                    -0 -1 -0,
                    -0 -1 -0,
                    -0 -0 -1,
                    -0 -0 -1,
                    -0 -0 -1,
                    -0 -0 -1,
                    2.220446e-16 0 -1,
                    2.220446e-16 0 -1,
                    0.16855511 0 -0.9856922,
                    0.33228692 0 -0.94317836,
                    0.48651019 0 -0.87367493,
                    0.62681168 0 -0.77917081,
                    0.74917662 0 -0.66237026,
                    0.8501035 0 -0.52661568,
                    0.92670417 0 -0.3757917,
                    0.97678673 0 -0.21421422,
                    0.97678673 0 -0.21421422,
                    0.92670417 0 -0.3757917,
                    0.8501035 0 -0.52661568,
                    0.74917662 0 -0.66237026,
                    0.62681168 0 -0.77917081,
                    0.48651019 0 -0.87367493,
                    0.33228692 0 -0.94317836,
                    0.16855511 0 -0.9856922,
                    0.97678673 0 -0.21421422,
                    0.97678673 0 -0.21421422,
                    0.97678673 0 -0.21421422,
                    0.97678673 0 -0.21421422,
                    -0 -0 -1,
                    -0 -0 -1,
                    -0 -0 -1,
                    -0 -0 -1,
                    1 0 0,
                    1 0 0,
                    1 0 0,
                    1 0 0,
                    -0.97678673 -0 0.21421422,
                    -0.97678673 -0 0.21421422,
                    -0.97678673 -0 0.21421422,
                    -0.97678673 -0 0.21421422,
                    0 0 1,
                    0 0 1,
                    0 0 1,
                    0 0 1,
                    -0.97678673 0 0.21421422,
                    -0.92670417 0 0.3757917,
                    -0.8501035 0 0.52661568,
                    -0.74917662 0 0.66237026,
                    -0.62681168 0 0.77917081,
                    -0.48651019 0 0.87367493,
                    -0.33228692 0 0.94317836,
                    -0.16855511 0 0.9856922,
                    -7.1820327e-13 0 1,
                    -3.0431213e-13 0 1,
                    -0.16855511 0 0.9856922,
                    -0.33228692 0 0.94317836,
                    -0.48651019 0 0.87367493,
                    -0.62681168 0 0.77917081,
                    -0.74917662 0 0.66237026,
                    -0.8501035 0 0.52661568,
                    -0.92670417 0 0.3757917,
                    -0.97678673 0 0.21421422

                  ]
                }
                coordIndex [
                  0 2 1 -1 
                  3 1 2 -1 
                  0 1 4 -1 
                  1 5 4 -1 
                  22 5 1 -1 
                  23 5 22 -1 
                  24 5 23 -1 
                  36 5 24 -1 
                  38 24 25 -1 
                  40 25 26 -1 
                  12 26 27 -1 
                  12 27 28 -1 
                  12 6 11 -1 
                  12 28 6 -1 
                  30 7 29 -1 
                  31 7 30 -1 
                  32 7 31 -1 
                  33 7 32 -1 
                  34 7 33 -1 
                  35 7 34 -1 
                  8 7 35 -1 
                  11 7 8 -1 
                  11 8 9 -1 
                  11 6 7 -1 
                  11 9 10 -1 
                  42 26 12 -1 
                  41 26 42 -1 
                  40 26 41 -1 
                  39 25 40 -1 
                  38 25 39 -1 
                  37 24 38 -1 
                  36 24 37 -1 
                  22 1 3 -1 
                  43 22 3 -1 
                  44 23 22 -1 
                  45 24 23 -1 
                  46 25 24 -1 
                  47 26 25 -1 
                  48 27 26 -1 
                  49 28 27 -1 
                  13 6 28 -1 
                  49 13 28 -1 
                  48 49 27 -1 
                  47 48 26 -1 
                  46 47 25 -1 
                  45 46 24 -1 
                  44 45 23 -1 
                  43 44 22 -1 
                  14 2 4 -1 
                  0 4 2 -1 
                  45 15 50 -1 
                  45 50 51 -1 
                  45 51 52 -1 
                  46 52 53 -1 
                  46 53 54 -1 
                  47 54 55 -1 
                  47 55 56 -1 
                  47 56 16 -1 
                  18 19 17 -1 
                  13 16 17 -1 
                  20 17 19 -1 
                  21 17 20 -1 
                  62 20 63 -1 
                  61 20 62 -1 
                  60 20 61 -1 
                  59 20 60 -1 
                  58 20 59 -1 
                  57 20 58 -1 
                  21 20 57 -1 
                  13 17 21 -1 
                  49 16 13 -1 
                  48 16 49 -1 
                  47 16 48 -1 
                  3 14 15 -1 
                  46 54 47 -1 
                  45 52 46 -1 
                  44 15 45 -1 
                  43 15 44 -1 
                  3 15 43 -1 
                  2 14 3 -1 
                  4 5 14 -1 
                  15 14 5 -1 
                  36 15 5 -1 
                  50 15 36 -1 
                  51 36 37 -1 
                  52 37 38 -1 
                  53 38 39 -1 
                  54 39 40 -1 
                  55 40 41 -1 
                  56 41 42 -1 
                  16 42 12 -1 
                  56 42 16 -1 
                  55 41 56 -1 
                  54 40 55 -1 
                  53 39 54 -1 
                  52 38 53 -1 
                  51 37 52 -1 
                  50 36 51 -1 
                  16 12 17 -1 
                  11 17 12 -1 
                  11 10 17 -1 
                  18 17 10 -1 
                  18 10 19 -1 
                  9 19 10 -1 
                  13 21 6 -1 
                  7 6 21 -1 
                  9 20 19 -1 
                  8 20 9 -1 
                  32 59 60 -1 
                  33 60 61 -1 
                  34 61 62 -1 
                  35 62 63 -1 
                  8 63 20 -1 
                  31 58 59 -1 
                  35 63 8 -1 
                  30 57 58 -1 
                  34 62 35 -1 
                  29 21 57 -1 
                  33 61 34 -1 
                  32 60 33 -1 
                  31 59 32 -1 
                  30 58 31 -1 
                  29 57 30 -1 
                  7 21 29 -1 
                ]
                normalIndex [
                  1 2 0 -1 
                  3 0 2 -1 
                  6 7 5 -1 
                  7 4 5 -1 
                  8 4 7 -1 
                  9 4 8 -1 
                  10 4 9 -1 
                  35 4 10 -1 
                  33 10 11 -1 
                  31 11 12 -1 
                  28 12 13 -1 
                  28 13 14 -1 
                  28 15 27 -1 
                  28 14 15 -1 
                  18 16 17 -1 
                  19 16 18 -1 
                  20 16 19 -1 
                  21 16 20 -1 
                  22 16 21 -1 
                  23 16 22 -1 
                  24 16 23 -1 
                  27 16 24 -1 
                  27 24 25 -1 
                  27 15 16 -1 
                  27 25 26 -1 
                  29 12 28 -1 
                  30 12 29 -1 
                  31 12 30 -1 
                  32 11 31 -1 
                  33 11 32 -1 
                  34 10 33 -1 
                  35 10 34 -1 
                  38 37 36 -1 
                  53 38 36 -1 
                  52 39 38 -1 
                  51 40 39 -1 
                  50 41 40 -1 
                  49 42 41 -1 
                  48 43 42 -1 
                  47 44 43 -1 
                  46 45 44 -1 
                  47 46 44 -1 
                  48 47 43 -1 
                  49 48 42 -1 
                  50 49 41 -1 
                  51 50 40 -1 
                  52 51 39 -1 
                  53 52 38 -1 
                  55 54 56 -1 
                  57 56 54 -1 
                  85 59 60 -1 
                  85 60 61 -1 
                  85 61 62 -1 
                  84 62 63 -1 
                  84 63 64 -1 
                  83 64 65 -1 
                  83 65 66 -1 
                  83 66 67 -1 
                  69 70 68 -1 
                  80 67 68 -1 
                  71 68 70 -1 
                  79 68 71 -1 
                  73 71 72 -1 
                  74 71 73 -1 
                  75 71 74 -1 
                  76 71 75 -1 
                  77 71 76 -1 
                  78 71 77 -1 
                  79 71 78 -1 
                  80 68 79 -1 
                  81 67 80 -1 
                  82 67 81 -1 
                  83 67 82 -1 
                  88 58 59 -1 
                  84 64 83 -1 
                  85 62 84 -1 
                  86 59 85 -1 
                  87 59 86 -1 
                  88 59 87 -1 
                  89 58 88 -1 
                  91 90 92 -1 
                  93 92 90 -1 
                  96 94 95 -1 
                  111 94 96 -1 
                  110 96 97 -1 
                  109 97 98 -1 
                  108 98 99 -1 
                  107 99 100 -1 
                  106 100 101 -1 
                  105 101 102 -1 
                  104 102 103 -1 
                  105 102 104 -1 
                  106 101 105 -1 
                  107 100 106 -1 
                  108 99 107 -1 
                  109 98 108 -1 
                  110 97 109 -1 
                  111 96 110 -1 
                  113 114 112 -1 
                  115 112 114 -1 
                  117 116 118 -1 
                  119 118 116 -1 
                  121 122 120 -1 
                  123 120 122 -1 
                  125 124 126 -1 
                  127 126 124 -1 
                  130 128 129 -1 
                  131 128 130 -1 
                  145 135 136 -1 
                  144 136 137 -1 
                  143 137 138 -1 
                  142 138 139 -1 
                  141 139 140 -1 
                  146 134 135 -1 
                  142 139 141 -1 
                  147 133 134 -1 
                  143 138 142 -1 
                  148 132 133 -1 
                  144 137 143 -1 
                  145 136 144 -1 
                  146 135 145 -1 
                  147 134 146 -1 
                  148 133 147 -1 
                  149 132 148 -1 
                ]
              }
            }
            DEF PinsArrayL_2 Shape {
              appearance DEF __14 Appearance {
                material DEF __15 Material {
                  ambientIntensity 0.260947436094
                  diffuseColor 0.73400002718 0.773000001907 0.79699999094
                  shininess 0
                }
              }
              geometry DEF __16 IndexedFaceSet {
                solid FALSE
                coord Coordinate {
                  point [
                    -0.001397 -0.000736 0.000216,
                    -0.0012026450205 -0.000736 0.000216,
                    -0.001397 -0.001168 0.000216,
                    -0.0012026450205 -0.001168 0.000216,
                    -0.001397 -0.000736 0,
                    -0.001115763347 -0.000736 0,
                    -0.00109715205647 -0.000736 0.000300864863488,
                    -0.00102959721857 -0.000736 0.000608905409536,
                    -0.00092410425455 -0.000736 0.000693770273024,
                    -0.0008 -0.000736 0.000693770273024,
                    -0.0008 -0.000736 0.000477770273024,
                    -0.000837222581051 -0.000736 0.000477770273024,
                    -0.000904777418949 -0.000736 0.000169729726976,
                    -0.00109715205647 -0.001168 0.000300864863488,
                    -0.001397 -0.001168 0,
                    -0.001115763347 -0.001168 0,
                    -0.000904777418949 -0.001168 0.000169729726976,
                    -0.000837222581051 -0.001168 0.000477770273024,
                    -0.0008 -0.001168 0.000477770273024,
                    -0.0008 -0.001168 0.000693770273024,
                    -0.00092410425455 -0.001168 0.000693770273024,
                    -0.00102959721857 -0.001168 0.000608905409536,
                    -0.00118444106806 -0.000736 0.000217545239113,
                    -0.00116675803153 -0.000736 0.000222136738601,
                    -0.00115010192054 -0.000736 0.00022964311023,
                    -0.00113494935868 -0.000736 0.000239849555131,
                    -0.00112173394468 -0.000736 0.000252464010379,
                    -0.00111083384474 -0.000736 0.000267125506537,
                    -0.00110256097109 -0.000736 0.000283414496988,
                    -0.00102418830395 -0.000736 0.000626355776036,
                    -0.0010159154303 -0.000736 0.000642644766487,
                    -0.00100501533036 -0.000736 0.000657306262645,
                    -0.000991799916363 -0.000736 0.000669920717893,
                    -0.000976647354506 -0.000736 0.000680127162794,
                    -0.000959991243516 -0.000736 0.000687633534423,
                    -0.00094230820699 -0.000736 0.000692225033911,
                    -0.00107935544212 -0.000736 3.09047822544e-06,
                    -0.00104398936906 -0.000736 1.22734772012e-05,
                    -0.00101067714708 -0.000736 2.72862204607e-05,
                    -0.00098037202337 -0.000736 4.7699110262e-05,
                    -0.000953941195374 -0.000736 7.29280207583e-05,
                    -0.000932140995489 -0.000736 0.000102251013074,
                    -0.000915595248187 -0.000736 0.000134828993976,
                    -0.00118444106806 -0.001168 0.000217545239113,
                    -0.00116675803153 -0.001168 0.000222136738601,
                    -0.00115010192054 -0.001168 0.00022964311023,
                    -0.00113494935868 -0.001168 0.000239849555131,
                    -0.00112173394468 -0.001168 0.000252464010379,
                    -0.00111083384474 -0.001168 0.000267125506537,
                    -0.00110256097109 -0.001168 0.000283414496988,
                    -0.00107935544212 -0.001168 3.09047822544e-06,
                    -0.00104398936906 -0.001168 1.22734772012e-05,
                    -0.00101067714708 -0.001168 2.72862204607e-05,
                    -0.00098037202337 -0.001168 4.7699110262e-05,
                    -0.000953941195374 -0.001168 7.29280207583e-05,
                    -0.000932140995489 -0.001168 0.000102251013074,
                    -0.000915595248187 -0.001168 0.000134828993976,
                    -0.00102418830395 -0.001168 0.000626355776036,
                    -0.0010159154303 -0.001168 0.000642644766487,
                    -0.00100501533036 -0.001168 0.000657306262645,
                    -0.000991799916363 -0.001168 0.000669920717893,
                    -0.000976647354506 -0.001168 0.000680127162794,
                    -0.000959991243516 -0.001168 0.000687633534423,
                    -0.00094230820699 -0.001168 0.000692225033911

                  ]
                }
                normal Normal {
                  vector [
                    0 0 1,
                    0 0 1,
                    0 0 1,
                    0 0 1,
                    2.6185149e-30 1 -9.5271438e-31,
                    2.6185149e-30 1 -9.5271438e-31,
                    2.6185149e-30 1 -9.5271438e-31,
                    2.6185149e-30 1 -9.5271438e-31,
                    2.6185149e-30 1 -9.5271438e-31,
                    2.6185149e-30 1 -9.5271438e-31,
                    2.6185149e-30 1 -9.5271438e-31,
                    2.6185149e-30 1 -9.5271438e-31,
                    2.6185149e-30 1 -9.5271438e-31,
                    2.6185149e-30 1 -9.5271438e-31,
                    2.6185149e-30 1 -9.5271438e-31,
                    2.6185149e-30 1 -9.5271438e-31,
                    2.6185149e-30 1 -9.5271438e-31,
                    2.6185149e-30 1 -9.5271438e-31,
                    2.6185149e-30 1 -9.5271438e-31,
                    2.6185149e-30 1 -9.5271438e-31,
                    2.6185149e-30 1 -9.5271438e-31,
                    2.6185149e-30 1 -9.5271438e-31,
                    2.6185149e-30 1 -9.5271438e-31,
                    2.6185149e-30 1 -9.5271438e-31,
                    2.6185149e-30 1 -9.5271438e-31,
                    2.6185149e-30 1 -9.5271438e-31,
                    2.6185149e-30 1 -9.5271438e-31,
                    2.6185149e-30 1 -9.5271438e-31,
                    2.6185149e-30 1 -9.5271438e-31,
                    2.6185149e-30 1 -9.5271438e-31,
                    2.6185149e-30 1 -9.5271438e-31,
                    2.6185149e-30 1 -9.5271438e-31,
                    2.6185149e-30 1 -9.5271438e-31,
                    2.6185149e-30 1 -9.5271438e-31,
                    2.6185149e-30 1 -9.5271438e-31,
                    2.6185149e-30 1 -9.5271438e-31,
                    -2.220446e-16 -0 1,
                    -2.220446e-16 -0 1,
                    -0.16855511 -0 0.9856922,
                    -0.33228692 -0 0.94317836,
                    -0.48651019 -0 0.87367493,
                    -0.62681168 -0 0.77917081,
                    -0.74917662 -0 0.66237026,
                    -0.8501035 -0 0.52661568,
                    -0.92670417 -0 0.3757917,
                    -0.97678673 -0 0.21421422,
                    -0.97678673 -0 0.21421422,
                    -0.92670417 -0 0.3757917,
                    -0.8501035 -0 0.52661568,
                    -0.74917662 -0 0.66237026,
                    -0.62681168 -0 0.77917081,
                    -0.48651019 -0 0.87367493,
                    -0.33228692 -0 0.94317836,
                    -0.16855511 -0 0.9856922,
                    -1 -0 -0,
                    -1 -0 -0,
                    -1 -0 -0,
                    -1 -0 -0,
                    -0 -1 -0,
                    -0 -1 -0,
                    -0 -1 -0,
                    -0 -1 -0,
                    -0 -1 -0,
                    -0 -1 -0,
                    -0 -1 -0,
                    -0 -1 -0,
                    -0 -1 -0,
                    -0 -1 -0,
                    -0 -1 -0,
                    -0 -1 -0,
                    -0 -1 -0,
                    -0 -1 -0,
                    -0 -1 -0,
                    -0 -1 -0,
                    -0 -1 -0,
                    -0 -1 -0,
                    -0 -1 -0,
                    -0 -1 -0,
                    -0 -1 -0,
                    -0 -1 -0,
                    -0 -1 -0,
                    -0 -1 -0,
                    -0 -1 -0,
                    -0 -1 -0,
                    -0 -1 -0,
                    -0 -1 -0,
                    -0 -1 -0,
                    -0 -1 -0,
                    -0 -1 -0,
                    -0 -1 -0,
                    -0 -0 -1,
                    -0 -0 -1,
                    -0 -0 -1,
                    -0 -0 -1,
                    2.220446e-16 0 -1,
                    2.220446e-16 0 -1,
                    0.16855511 0 -0.9856922,
                    0.33228692 0 -0.94317836,
                    0.48651019 0 -0.87367493,
                    0.62681168 0 -0.77917081,
                    0.74917662 0 -0.66237026,
                    0.8501035 0 -0.52661568,
                    0.92670417 0 -0.3757917,
                    0.97678673 0 -0.21421422,
                    0.97678673 0 -0.21421422,
                    0.92670417 0 -0.3757917,
                    0.8501035 0 -0.52661568,
                    0.74917662 0 -0.66237026,
                    0.62681168 0 -0.77917081,
                    0.48651019 0 -0.87367493,
                    0.33228692 0 -0.94317836,
                    0.16855511 0 -0.9856922,
                    0.97678673 0 -0.21421422,
                    0.97678673 0 -0.21421422,
                    0.97678673 0 -0.21421422,
                    0.97678673 0 -0.21421422,
                    -0 -0 -1,
                    -0 -0 -1,
                    -0 -0 -1,
                    -0 -0 -1,
                    1 0 0,
                    1 0 0,
                    1 0 0,
                    1 0 0,
                    -0.97678673 -0 0.21421422,
                    -0.97678673 -0 0.21421422,
                    -0.97678673 -0 0.21421422,
                    -0.97678673 -0 0.21421422,
                    0 0 1,
                    0 0 1,
                    0 0 1,
                    0 0 1,
                    -0.97678673 0 0.21421422,
                    -0.92670417 0 0.3757917,
                    -0.8501035 0 0.52661568,
                    -0.74917662 0 0.66237026,
                    -0.62681168 0 0.77917081,
                    -0.48651019 0 0.87367493,
                    -0.33228692 0 0.94317836,
                    -0.16855511 0 0.9856922,
                    -7.1820327e-13 0 1,
                    -3.0431213e-13 0 1,
                    -0.16855511 0 0.9856922,
                    -0.33228692 0 0.94317836,
                    -0.48651019 0 0.87367493,
                    -0.62681168 0 0.77917081,
                    -0.74917662 0 0.66237026,
                    -0.8501035 0 0.52661568,
                    -0.92670417 0 0.3757917,
                    -0.97678673 0 0.21421422

                  ]
                }
                coordIndex [
                  0 2 1 -1 
                  3 1 2 -1 
                  0 1 4 -1 
                  1 5 4 -1 
                  22 5 1 -1 
                  23 5 22 -1 
                  24 5 23 -1 
                  36 5 24 -1 
                  38 24 25 -1 
                  40 25 26 -1 
                  12 26 27 -1 
                  12 27 28 -1 
                  12 6 11 -1 
                  12 28 6 -1 
                  30 7 29 -1 
                  31 7 30 -1 
                  32 7 31 -1 
                  33 7 32 -1 
                  34 7 33 -1 
                  35 7 34 -1 
                  8 7 35 -1 
                  11 7 8 -1 
                  11 8 9 -1 
                  11 6 7 -1 
                  11 9 10 -1 
                  42 26 12 -1 
                  41 26 42 -1 
                  40 26 41 -1 
                  39 25 40 -1 
                  38 25 39 -1 
                  37 24 38 -1 
                  36 24 37 -1 
                  22 1 3 -1 
                  43 22 3 -1 
                  44 23 22 -1 
                  45 24 23 -1 
                  46 25 24 -1 
                  47 26 25 -1 
                  48 27 26 -1 
                  49 28 27 -1 
                  13 6 28 -1 
                  49 13 28 -1 
                  48 49 27 -1 
                  47 48 26 -1 
                  46 47 25 -1 
                  45 46 24 -1 
                  44 45 23 -1 
                  43 44 22 -1 
                  14 2 4 -1 
                  0 4 2 -1 
                  45 15 50 -1 
                  45 50 51 -1 
                  45 51 52 -1 
                  46 52 53 -1 
                  46 53 54 -1 
                  47 54 55 -1 
                  47 55 56 -1 
                  47 56 16 -1 
                  18 19 17 -1 
                  13 16 17 -1 
                  20 17 19 -1 
                  21 17 20 -1 
                  62 20 63 -1 
                  61 20 62 -1 
                  60 20 61 -1 
                  59 20 60 -1 
                  58 20 59 -1 
                  57 20 58 -1 
                  21 20 57 -1 
                  13 17 21 -1 
                  49 16 13 -1 
                  48 16 49 -1 
                  47 16 48 -1 
                  3 14 15 -1 
                  46 54 47 -1 
                  45 52 46 -1 
                  44 15 45 -1 
                  43 15 44 -1 
                  3 15 43 -1 
                  2 14 3 -1 
                  4 5 14 -1 
                  15 14 5 -1 
                  36 15 5 -1 
                  50 15 36 -1 
                  51 36 37 -1 
                  52 37 38 -1 
                  53 38 39 -1 
                  54 39 40 -1 
                  55 40 41 -1 
                  56 41 42 -1 
                  16 42 12 -1 
                  56 42 16 -1 
                  55 41 56 -1 
                  54 40 55 -1 
                  53 39 54 -1 
                  52 38 53 -1 
                  51 37 52 -1 
                  50 36 51 -1 
                  16 12 17 -1 
                  11 17 12 -1 
                  11 10 17 -1 
                  18 17 10 -1 
                  18 10 19 -1 
                  9 19 10 -1 
                  13 21 6 -1 
                  7 6 21 -1 
                  9 20 19 -1 
                  8 20 9 -1 
                  32 59 60 -1 
                  33 60 61 -1 
                  34 61 62 -1 
                  35 62 63 -1 
                  8 63 20 -1 
                  31 58 59 -1 
                  35 63 8 -1 
                  30 57 58 -1 
                  34 62 35 -1 
                  29 21 57 -1 
                  33 61 34 -1 
                  32 60 33 -1 
                  31 59 32 -1 
                  30 58 31 -1 
                  29 57 30 -1 
                  7 21 29 -1 
                ]
                normalIndex [
                  1 2 0 -1 
                  3 0 2 -1 
                  6 7 5 -1 
                  7 4 5 -1 
                  8 4 7 -1 
                  9 4 8 -1 
                  10 4 9 -1 
                  35 4 10 -1 
                  33 10 11 -1 
                  31 11 12 -1 
                  28 12 13 -1 
                  28 13 14 -1 
                  28 15 27 -1 
                  28 14 15 -1 
                  18 16 17 -1 
                  19 16 18 -1 
                  20 16 19 -1 
                  21 16 20 -1 
                  22 16 21 -1 
                  23 16 22 -1 
                  24 16 23 -1 
                  27 16 24 -1 
                  27 24 25 -1 
                  27 15 16 -1 
                  27 25 26 -1 
                  29 12 28 -1 
                  30 12 29 -1 
                  31 12 30 -1 
                  32 11 31 -1 
                  33 11 32 -1 
                  34 10 33 -1 
                  35 10 34 -1 
                  38 37 36 -1 
                  53 38 36 -1 
                  52 39 38 -1 
                  51 40 39 -1 
                  50 41 40 -1 
                  49 42 41 -1 
                  48 43 42 -1 
                  47 44 43 -1 
                  46 45 44 -1 
                  47 46 44 -1 
                  48 47 43 -1 
                  49 48 42 -1 
                  50 49 41 -1 
                  51 50 40 -1 
                  52 51 39 -1 
                  53 52 38 -1 
                  55 54 56 -1 
                  57 56 54 -1 
                  85 59 60 -1 
                  85 60 61 -1 
                  85 61 62 -1 
                  84 62 63 -1 
                  84 63 64 -1 
                  83 64 65 -1 
                  83 65 66 -1 
                  83 66 67 -1 
                  69 70 68 -1 
                  80 67 68 -1 
                  71 68 70 -1 
                  79 68 71 -1 
                  73 71 72 -1 
                  74 71 73 -1 
                  75 71 74 -1 
                  76 71 75 -1 
                  77 71 76 -1 
                  78 71 77 -1 
                  79 71 78 -1 
                  80 68 79 -1 
                  81 67 80 -1 
                  82 67 81 -1 
                  83 67 82 -1 
                  88 58 59 -1 
                  84 64 83 -1 
                  85 62 84 -1 
                  86 59 85 -1 
                  87 59 86 -1 
                  88 59 87 -1 
                  89 58 88 -1 
                  91 90 92 -1 
                  93 92 90 -1 
                  96 94 95 -1 
                  111 94 96 -1 
                  110 96 97 -1 
                  109 97 98 -1 
                  108 98 99 -1 
                  107 99 100 -1 
                  106 100 101 -1 
                  105 101 102 -1 
                  104 102 103 -1 
                  105 102 104 -1 
                  106 101 105 -1 
                  107 100 106 -1 
                  108 99 107 -1 
                  109 98 108 -1 
                  110 97 109 -1 
                  111 96 110 -1 
                  113 114 112 -1 
                  115 112 114 -1 
                  117 116 118 -1 
                  119 118 116 -1 
                  121 122 120 -1 
                  123 120 122 -1 
                  125 124 126 -1 
                  127 126 124 -1 
                  130 128 129 -1 
                  131 128 130 -1 
                  145 135 136 -1 
                  144 136 137 -1 
                  143 137 138 -1 
                  142 138 139 -1 
                  141 139 140 -1 
                  146 134 135 -1 
                  142 139 141 -1 
                  147 133 134 -1 
                  143 138 142 -1 
                  148 132 133 -1 
                  144 137 143 -1 
                  145 136 144 -1 
                  146 135 145 -1 
                  147 134 146 -1 
                  148 133 147 -1 
                  149 132 148 -1 
                ]
              }
            }
          ]
        }
        DEF FilletPinR Group {
          children [
            DEF FilletPinR_1 Shape {
              appearance DEF __19 Appearance {
                material DEF __20 Material {
                  ambientIntensity 0.260947436094
                  diffuseColor 0.73400002718 0.773000001907 0.79699999094
                  shininess 0
                }
              }
              geometry DEF __21 IndexedFaceSet {
                solid FALSE
                coord Coordinate {
                  point [
                    0.0012026450205 0.000216 0.000216,
                    0.001397 0.000216 0.000216,
                    0.0012026450205 -0.000216 0.000216,
                    0.001397 -0.000216 0.000216,
                    0.001115763347 0.000216 0,
                    0.001397 0.000216 0,
                    0.000904777418949 0.000216 0.000169729726976,
                    0.000837222581051 0.000216 0.000477770273024,
                    0.0008 0.000216 0.000477770273024,
                    0.0008 0.000216 0.000693770273024,
                    0.00092410425455 0.000216 0.000693770273024,
                    0.00102959721857 0.000216 0.000608905409536,
                    0.00109715205647 0.000216 0.000300864863488,
                    0.00109715205647 -0.000216 0.000300864863488,
                    0.001397 -0.000216 0,
                    0.001115763347 -0.000216 0,
                    0.00102959721857 -0.000216 0.000608905409536,
                    0.00092410425455 -0.000216 0.000693770273024,
                    0.0008 -0.000216 0.000693770273024,
                    0.0008 -0.000216 0.000477770273024,
                    0.000837222581051 -0.000216 0.000477770273024,
                    0.000904777418949 -0.000216 0.000169729726976,
                    0.00107935544212 0.000216 3.09047822544e-06,
                    0.00104398936906 0.000216 1.22734772012e-05,
                    0.00101067714708 0.000216 2.72862204607e-05,
                    0.00098037202337 0.000216 4.7699110262e-05,
                    0.000953941195374 0.000216 7.29280207582e-05,
                    0.000932140995489 0.000216 0.000102251013074,
                    0.000915595248188 0.000216 0.000134828993976,
                    0.00102418830395 0.000216 0.000626355776036,
                    0.0010159154303 0.000216 0.000642644766487,
                    0.00100501533036 0.000216 0.000657306262645,
                    0.000991799916363 0.000216 0.000669920717893,
                    0.000976647354506 0.000216 0.000680127162794,
                    0.000959991243516 0.000216 0.000687633534423,
                    0.00094230820699 0.000216 0.000692225033911,
                    0.00118444106806 0.000216 0.000217545239113,
                    0.00116675803153 0.000216 0.000222136738601,
                    0.00115010192054 0.000216 0.00022964311023,
                    0.00113494935868 0.000216 0.000239849555131,
                    0.00112173394468 0.000216 0.000252464010379,
                    0.00111083384474 0.000216 0.000267125506537,
                    0.00110256097109 0.000216 0.000283414496988,
                    0.00118444106806 -0.000216 0.000217545239113,
                    0.00116675803153 -0.000216 0.000222136738601,
                    0.00115010192054 -0.000216 0.00022964311023,
                    0.00113494935868 -0.000216 0.000239849555131,
                    0.00112173394468 -0.000216 0.000252464010379,
                    0.00111083384474 -0.000216 0.000267125506537,
                    0.00110256097109 -0.000216 0.000283414496988,
                    0.00102418830395 -0.000216 0.000626355776036,
                    0.0010159154303 -0.000216 0.000642644766487,
                    0.00100501533036 -0.000216 0.000657306262645,
                    0.000991799916363 -0.000216 0.000669920717893,
                    0.000976647354506 -0.000216 0.000680127162794,
                    0.000959991243516 -0.000216 0.000687633534423,
                    0.00094230820699 -0.000216 0.000692225033911,
                    0.00107935544212 -0.000216 3.09047822544e-06,
                    0.00104398936906 -0.000216 1.22734772012e-05,
                    0.00101067714708 -0.000216 2.72862204608e-05,
                    0.00098037202337 -0.000216 4.7699110262e-05,
                    0.000953941195374 -0.000216 7.29280207583e-05,
                    0.000932140995489 -0.000216 0.000102251013074,
                    0.000915595248187 -0.000216 0.000134828993976

                  ]
                }
                normal Normal {
                  vector [
                    0 0 1,
                    0 0 1,
                    0 0 1,
                    0 0 1,
                    0 1 0,
                    0 1 0,
                    0 1 0,
                    0 1 0,
                    0 1 0,
                    0 1 0,
                    0 1 0,
                    0 1 0,
                    0 1 0,
                    0 1 0,
                    0 1 0,
                    0 1 0,
                    0 1 0,
                    0 1 0,
                    0 1 0,
                    0 1 0,
                    0 1 0,
                    0 1 0,
                    0 1 0,
                    0 1 0,
                    0 1 0,
                    0 1 0,
                    0 1 0,
                    0 1 0,
                    0 1 0,
                    0 1 0,
                    0 1 0,
                    0 1 0,
                    0 1 0,
                    0 1 0,
                    0 1 0,
                    0 1 0,
                    -0 -0 1,
                    0.16855511 -0 0.9856922,
                    0.33228692 -0 0.94317836,
                    0.48651019 -0 0.87367493,
                    0.62681168 -0 0.77917081,
                    0.74917662 -0 0.66237026,
                    0.8501035 -0 0.52661568,
                    0.92670417 -0 0.3757917,
                    0.97678673 -0 0.21421422,
                    0.97678673 -0 0.21421422,
                    0.92670417 -0 0.3757917,
                    0.8501035 -0 0.52661568,
                    0.74917662 -0 0.66237026,
                    0.62681168 -0 0.77917081,
                    0.48651019 -0 0.87367493,
                    0.33228692 -0 0.94317836,
                    0.16855511 -0 0.9856922,
                    -0 -0 1,
                    1 0 0,
                    1 0 0,
                    1 0 0,
                    1 0 0,
                    1.0038589e-31 -1 8.348931e-33,
                    1.0038589e-31 -1 8.348931e-33,
                    1.0038589e-31 -1 8.348931e-33,
                    1.0038589e-31 -1 8.348931e-33,
                    1.0038589e-31 -1 8.348931e-33,
                    1.0038589e-31 -1 8.348931e-33,
                    1.0038589e-31 -1 8.348931e-33,
                    1.0038589e-31 -1 8.348931e-33,
                    1.0038589e-31 -1 8.348931e-33,
                    1.0038589e-31 -1 8.348931e-33,
                    1.0038589e-31 -1 8.348931e-33,
                    1.0038589e-31 -1 8.348931e-33,
                    1.0038589e-31 -1 8.348931e-33,
                    1.0038589e-31 -1 8.348931e-33,
                    1.0038589e-31 -1 8.348931e-33,
                    1.0038589e-31 -1 8.348931e-33,
                    1.0038589e-31 -1 8.348931e-33,
                    1.0038589e-31 -1 8.348931e-33,
                    1.0038589e-31 -1 8.348931e-33,
                    1.0038589e-31 -1 8.348931e-33,
                    1.0038589e-31 -1 8.348931e-33,
                    1.0038589e-31 -1 8.348931e-33,
                    1.0038589e-31 -1 8.348931e-33,
                    1.0038589e-31 -1 8.348931e-33,
                    1.0038589e-31 -1 8.348931e-33,
                    1.0038589e-31 -1 8.348931e-33,
                    1.0038589e-31 -1 8.348931e-33,
                    1.0038589e-31 -1 8.348931e-33,
                    1.0038589e-31 -1 8.348931e-33,
                    1.0038589e-31 -1 8.348931e-33,
                    1.0038589e-31 -1 8.348931e-33,
                    1.0038589e-31 -1 8.348931e-33,
                    -0 -0 -1,
                    -0 -0 -1,
                    -0 -0 -1,
                    -0 -0 -1,
                    0 0 -1,
                    -0.16855511 0 -0.9856922,
                    -0.33228692 0 -0.94317836,
                    -0.48651019 0 -0.87367493,
                    -0.62681168 0 -0.77917081,
                    -0.74917662 0 -0.66237026,
                    -0.8501035 0 -0.52661568,
                    -0.92670417 0 -0.3757917,
                    -0.97678673 0 -0.21421422,
                    -0.97678673 0 -0.21421422,
                    -0.92670417 0 -0.3757917,
                    -0.8501035 0 -0.52661568,
                    -0.74917662 0 -0.66237026,
                    -0.62681168 0 -0.77917081,
                    -0.48651019 0 -0.87367493,
                    -0.33228692 0 -0.94317836,
                    -0.16855511 0 -0.9856922,
                    0 0 -1,
                    -0.97678673 -0 -0.21421422,
                    -0.97678673 -0 -0.21421422,
                    -0.97678673 -0 -0.21421422,
                    -0.97678673 -0 -0.21421422,
                    -0 -0 -1,
                    -0 -0 -1,
                    -0 -0 -1,
                    -0 -0 -1,
                    -1 -0 -0,
                    -1 -0 -0,
                    -1 -0 -0,
                    -1 -0 -0,
                    0.97678673 0 0.21421422,
                    0.97678673 0 0.21421422,
                    0.97678673 0 0.21421422,
                    0.97678673 0 0.21421422,
                    0 0 1,
                    0 0 1,
                    0 0 1,
                    0 0 1,
                    0.97678673 0 0.21421422,
                    0.97678673 0 0.21421422,
                    0.92670417 0 0.3757917,
                    0.8501035 0 0.52661568,
                    0.74917662 0 0.66237026,
                    0.62681168 0 0.77917081,
                    0.48651019 0 0.87367493,
                    0.33228692 0 0.94317836,
                    0.16855511 0 0.9856922,
                    1.9330093e-12 0 1,
                    3.0397906e-13 0 1,
                    0.16855511 0 0.9856922,
                    0.33228692 0 0.94317836,
                    0.48651019 0 0.87367493,
                    0.62681168 0 0.77917081,
                    0.74917662 0 0.66237026,
                    0.8501035 0 0.52661568,
                    0.92670417 0 0.3757917

                  ]
                }
                coordIndex [
                  0 2 1 -1 
                  3 1 2 -1 
                  38 4 22 -1 
                  38 22 23 -1 
                  38 23 24 -1 
                  39 24 25 -1 
                  39 25 26 -1 
                  40 26 27 -1 
                  40 27 28 -1 
                  40 28 6 -1 
                  12 6 7 -1 
                  9 7 8 -1 
                  10 7 9 -1 
                  11 7 10 -1 
                  34 10 35 -1 
                  33 10 34 -1 
                  32 10 33 -1 
                  31 10 32 -1 
                  30 10 31 -1 
                  29 10 30 -1 
                  11 10 29 -1 
                  12 7 11 -1 
                  42 6 12 -1 
                  41 6 42 -1 
                  40 6 41 -1 
                  0 5 4 -1 
                  39 26 40 -1 
                  38 24 39 -1 
                  37 4 38 -1 
                  36 4 37 -1 
                  0 1 5 -1 
                  0 4 36 -1 
                  39 46 45 -1 
                  40 47 46 -1 
                  41 48 47 -1 
                  42 49 48 -1 
                  12 13 49 -1 
                  38 45 44 -1 
                  42 12 49 -1 
                  37 44 43 -1 
                  41 42 48 -1 
                  36 43 2 -1 
                  40 41 47 -1 
                  39 40 46 -1 
                  38 39 45 -1 
                  37 38 44 -1 
                  36 37 43 -1 
                  0 36 2 -1 
                  14 5 3 -1 
                  1 3 5 -1 
                  3 2 14 -1 
                  2 15 14 -1 
                  43 15 2 -1 
                  44 15 43 -1 
                  45 15 44 -1 
                  57 15 45 -1 
                  59 45 46 -1 
                  61 46 47 -1 
                  21 47 48 -1 
                  21 48 49 -1 
                  21 13 20 -1 
                  21 49 13 -1 
                  51 16 50 -1 
                  52 16 51 -1 
                  53 16 52 -1 
                  54 16 53 -1 
                  55 16 54 -1 
                  56 16 55 -1 
                  17 16 56 -1 
                  20 16 17 -1 
                  20 17 18 -1 
                  20 13 16 -1 
                  20 18 19 -1 
                  63 47 21 -1 
                  62 47 63 -1 
                  61 47 62 -1 
                  60 46 61 -1 
                  59 46 60 -1 
                  58 45 59 -1 
                  57 45 58 -1 
                  5 14 15 -1 
                  4 5 15 -1 
                  25 59 60 -1 
                  26 60 61 -1 
                  27 61 62 -1 
                  28 62 63 -1 
                  6 63 21 -1 
                  24 58 59 -1 
                  28 63 6 -1 
                  23 57 58 -1 
                  27 62 28 -1 
                  22 15 57 -1 
                  26 61 27 -1 
                  25 60 26 -1 
                  24 59 25 -1 
                  23 58 24 -1 
                  22 57 23 -1 
                  4 15 22 -1 
                  21 20 6 -1 
                  7 6 20 -1 
                  8 7 19 -1 
                  20 19 7 -1 
                  9 19 18 -1 
                  9 8 19 -1 
                  13 12 16 -1 
                  11 16 12 -1 
                  9 18 10 -1 
                  17 10 18 -1 
                  29 16 11 -1 
                  50 16 29 -1 
                  51 29 30 -1 
                  52 30 31 -1 
                  53 31 32 -1 
                  54 32 33 -1 
                  55 33 34 -1 
                  56 34 35 -1 
                  17 35 10 -1 
                  56 35 17 -1 
                  55 34 56 -1 
                  54 33 55 -1 
                  53 32 54 -1 
                  52 31 53 -1 
                  51 30 52 -1 
                  50 29 51 -1 
                ]
                normalIndex [
                  1 2 0 -1 
                  3 0 2 -1 
                  31 5 6 -1 
                  31 6 7 -1 
                  31 7 8 -1 
                  30 8 9 -1 
                  30 9 10 -1 
                  29 10 11 -1 
                  29 11 12 -1 
                  29 12 13 -1 
                  26 13 14 -1 
                  16 14 15 -1 
                  17 14 16 -1 
                  25 14 17 -1 
                  19 17 18 -1 
                  20 17 19 -1 
                  21 17 20 -1 
                  22 17 21 -1 
                  23 17 22 -1 
                  24 17 23 -1 
                  25 17 24 -1 
                  26 14 25 -1 
                  27 13 26 -1 
                  28 13 27 -1 
                  29 13 28 -1 
                  34 4 5 -1 
                  30 10 29 -1 
                  31 8 30 -1 
                  32 5 31 -1 
                  33 5 32 -1 
                  34 35 4 -1 
                  34 5 33 -1 
                  49 40 39 -1 
                  48 41 40 -1 
                  47 42 41 -1 
                  46 43 42 -1 
                  45 44 43 -1 
                  50 39 38 -1 
                  46 45 43 -1 
                  51 38 37 -1 
                  47 46 42 -1 
                  52 37 36 -1 
                  48 47 41 -1 
                  49 48 40 -1 
                  50 49 39 -1 
                  51 50 38 -1 
                  52 51 37 -1 
                  53 52 36 -1 
                  55 56 54 -1 
                  57 54 56 -1 
                  60 61 59 -1 
                  61 58 59 -1 
                  62 58 61 -1 
                  63 58 62 -1 
                  64 58 63 -1 
                  89 58 64 -1 
                  87 64 65 -1 
                  85 65 66 -1 
                  82 66 67 -1 
                  82 67 68 -1 
                  82 69 81 -1 
                  82 68 69 -1 
                  72 70 71 -1 
                  73 70 72 -1 
                  74 70 73 -1 
                  75 70 74 -1 
                  76 70 75 -1 
                  77 70 76 -1 
                  78 70 77 -1 
                  81 70 78 -1 
                  81 78 79 -1 
                  81 69 70 -1 
                  81 79 80 -1 
                  83 66 82 -1 
                  84 66 83 -1 
                  85 66 84 -1 
                  86 65 85 -1 
                  87 65 86 -1 
                  88 64 87 -1 
                  89 64 88 -1 
                  92 91 90 -1 
                  93 92 90 -1 
                  107 97 98 -1 
                  106 98 99 -1 
                  105 99 100 -1 
                  104 100 101 -1 
                  103 101 102 -1 
                  108 96 97 -1 
                  104 101 103 -1 
                  109 95 96 -1 
                  105 100 104 -1 
                  110 94 95 -1 
                  106 99 105 -1 
                  107 98 106 -1 
                  108 97 107 -1 
                  109 96 108 -1 
                  110 95 109 -1 
                  111 94 110 -1 
                  113 112 114 -1 
                  115 114 112 -1 
                  117 116 118 -1 
                  119 118 116 -1 
                  122 120 123 -1 
                  122 121 120 -1 
                  125 126 124 -1 
                  127 124 126 -1 
                  129 130 128 -1 
                  131 128 130 -1 
                  134 132 133 -1 
                  149 132 134 -1 
                  148 134 135 -1 
                  147 135 136 -1 
                  146 136 137 -1 
                  145 137 138 -1 
                  144 138 139 -1 
                  143 139 140 -1 
                  142 140 141 -1 
                  143 140 142 -1 
                  144 139 143 -1 
                  145 138 144 -1 
                  146 137 145 -1 
                  147 136 146 -1 
                  148 135 147 -1 
                  149 134 148 -1 
                ]
              }
            }
          ]
        }
      ]
    }
  ]
}
