ISO-10303-21;
HEADER;
FILE_DESCRIPTION((''),'2;1');
FILE_NAME('532580329','2016-09-29T',('rlalsangi'),(''),
'PRO/ENGINEER BY PARAMETRIC TECHNOLOGY CORPORATION, 2012310',
'PRO/ENGINEER BY PARAMETRIC TECHNOLOGY CORPORATION, 2012310','');
FILE_SCHEMA(('CONFIG_CONTROL_DESIGN'));
ENDSEC;
DATA;
#1=DIRECTION('',(-1.E0,0.E0,0.E0));
#2=VECTOR('',#1,2.2E0);
#3=CARTESIAN_POINT('',(-4.1E0,3.8E0,-5.25E0));
#4=LINE('',#3,#2);
#5=DIRECTION('',(0.E0,-1.E0,0.E0));
#6=VECTOR('',#5,7.6E0);
#7=CARTESIAN_POINT('',(-6.3E0,3.8E0,-5.25E0));
#8=LINE('',#7,#6);
#9=DIRECTION('',(1.E0,0.E0,0.E0));
#10=VECTOR('',#9,2.2E0);
#11=CARTESIAN_POINT('',(-6.3E0,-3.8E0,-5.25E0));
#12=LINE('',#11,#10);
#13=DIRECTION('',(-1.E0,0.E0,0.E0));
#14=VECTOR('',#13,2.3E0);
#15=CARTESIAN_POINT('',(-6.E-1,3.8E0,-5.25E0));
#16=LINE('',#15,#14);
#17=DIRECTION('',(1.E0,0.E0,0.E0));
#18=VECTOR('',#17,2.3E0);
#19=CARTESIAN_POINT('',(-2.9E0,-3.8E0,-5.25E0));
#20=LINE('',#19,#18);
#21=DIRECTION('',(-1.E0,0.E0,0.E0));
#22=VECTOR('',#21,2.3E0);
#23=CARTESIAN_POINT('',(2.9E0,3.8E0,-5.25E0));
#24=LINE('',#23,#22);
#25=DIRECTION('',(1.E0,0.E0,0.E0));
#26=VECTOR('',#25,2.3E0);
#27=CARTESIAN_POINT('',(6.E-1,-3.8E0,-5.25E0));
#28=LINE('',#27,#26);
#29=DIRECTION('',(1.E0,0.E0,0.E0));
#30=VECTOR('',#29,2.2E0);
#31=CARTESIAN_POINT('',(4.1E0,-3.8E0,-5.25E0));
#32=LINE('',#31,#30);
#33=DIRECTION('',(0.E0,1.E0,0.E0));
#34=VECTOR('',#33,7.35E0);
#35=CARTESIAN_POINT('',(6.3E0,-3.8E0,-5.25E0));
#36=LINE('',#35,#34);
#37=DIRECTION('',(-1.E0,0.E0,0.E0));
#38=VECTOR('',#37,2.5E-1);
#39=CARTESIAN_POINT('',(6.3E0,3.55E0,-5.25E0));
#40=LINE('',#39,#38);
#41=DIRECTION('',(0.E0,-1.E0,0.E0));
#42=VECTOR('',#41,2.5E-1);
#43=CARTESIAN_POINT('',(6.05E0,3.8E0,-5.25E0));
#44=LINE('',#43,#42);
#45=DIRECTION('',(-1.E0,0.E0,0.E0));
#46=VECTOR('',#45,1.95E0);
#47=CARTESIAN_POINT('',(6.05E0,3.8E0,-5.25E0));
#48=LINE('',#47,#46);
#49=DIRECTION('',(0.E0,0.E0,1.E0));
#50=VECTOR('',#49,1.5E-1);
#51=CARTESIAN_POINT('',(-4.1E0,6.799999999999E-1,-4.85E0));
#52=LINE('',#51,#50);
#53=DIRECTION('',(0.E0,3.713906763541E-1,9.284766908853E-1));
#54=VECTOR('',#53,2.154065922854E-1);
#55=CARTESIAN_POINT('',(-4.1E0,6.799999999999E-1,-4.7E0));
#56=LINE('',#55,#54);
#57=DIRECTION('',(0.E0,0.E0,1.E0));
#58=VECTOR('',#57,6.E-1);
#59=CARTESIAN_POINT('',(-4.1E0,7.599999999999E-1,-4.5E0));
#60=LINE('',#59,#58);
#61=DIRECTION('',(0.E0,1.E0,0.E0));
#62=VECTOR('',#61,1.9E0);
#63=CARTESIAN_POINT('',(-4.1E0,7.599999999999E-1,-3.9E0));
#64=LINE('',#63,#62);
#65=DIRECTION('',(0.E0,0.E0,1.E0));
#66=VECTOR('',#65,1.823205080757E0);
#67=CARTESIAN_POINT('',(-4.1E0,2.66E0,-3.9E0));
#68=LINE('',#67,#66);
#69=DIRECTION('',(0.E0,1.E0,0.E0));
#70=VECTOR('',#69,2.000000000008E-2);
#71=CARTESIAN_POINT('',(-4.1E0,2.66E0,-2.076794919243E0));
#72=LINE('',#71,#70);
#73=DIRECTION('',(0.E0,0.E0,1.E0));
#74=VECTOR('',#73,1.873205080757E0);
#75=CARTESIAN_POINT('',(-4.1E0,2.68E0,-3.95E0));
#76=LINE('',#75,#74);
#77=DIRECTION('',(0.E0,1.E0,0.E0));
#78=VECTOR('',#77,1.9E0);
#79=CARTESIAN_POINT('',(-4.1E0,7.8E-1,-3.95E0));
#80=LINE('',#79,#78);
#81=DIRECTION('',(0.E0,0.E0,1.E0));
#82=VECTOR('',#81,9.E-1);
#83=CARTESIAN_POINT('',(-4.1E0,7.8E-1,-4.85E0));
#84=LINE('',#83,#82);
#85=DIRECTION('',(0.E0,-1.E0,0.E0));
#86=VECTOR('',#85,2.62E0);
#87=CARTESIAN_POINT('',(-4.1E0,3.4E0,-4.85E0));
#88=LINE('',#87,#86);
#89=DIRECTION('',(0.E0,0.E0,-1.E0));
#90=VECTOR('',#89,8.5E-1);
#91=CARTESIAN_POINT('',(-4.1E0,3.4E0,-4.E0));
#92=LINE('',#91,#90);
#93=DIRECTION('',(0.E0,-1.E0,0.E0));
#94=VECTOR('',#93,4.E-1);
#95=CARTESIAN_POINT('',(-4.1E0,3.8E0,-4.E0));
#96=LINE('',#95,#94);
#97=DIRECTION('',(0.E0,-1.E0,0.E0));
#98=VECTOR('',#97,7.6E0);
#99=CARTESIAN_POINT('',(-4.1E0,3.8E0,-5.25E0));
#100=LINE('',#99,#98);
#101=DIRECTION('',(0.E0,-1.E0,0.E0));
#102=VECTOR('',#101,2.25E0);
#103=CARTESIAN_POINT('',(-4.1E0,-1.55E0,-4.E0));
#104=LINE('',#103,#102);
#105=DIRECTION('',(0.E0,0.E0,1.E0));
#106=VECTOR('',#105,8.5E-1);
#107=CARTESIAN_POINT('',(-4.1E0,-1.55E0,-4.85E0));
#108=LINE('',#107,#106);
#109=DIRECTION('',(1.E0,0.E0,0.E0));
#110=VECTOR('',#109,1.2E0);
#111=CARTESIAN_POINT('',(-4.1E0,7.8E-1,-4.85E0));
#112=LINE('',#111,#110);
#113=DIRECTION('',(-1.E0,0.E0,0.E0));
#114=VECTOR('',#113,1.2E0);
#115=CARTESIAN_POINT('',(-2.9E0,3.4E0,-4.85E0));
#116=LINE('',#115,#114);
#117=DIRECTION('',(0.E0,-1.E0,0.E0));
#118=VECTOR('',#117,6.E-1);
#119=CARTESIAN_POINT('',(-3.E0,6.799999999999E-1,-4.85E0));
#120=LINE('',#119,#118);
#121=DIRECTION('',(1.E0,0.E0,0.E0));
#122=VECTOR('',#121,1.E0);
#123=CARTESIAN_POINT('',(-4.E0,7.999999999992E-2,-4.85E0));
#124=LINE('',#123,#122);
#125=DIRECTION('',(0.E0,-1.E0,0.E0));
#126=VECTOR('',#125,2.23E0);
#127=CARTESIAN_POINT('',(-4.1E0,6.799999999999E-1,-4.85E0));
#128=LINE('',#127,#126);
#129=DIRECTION('',(-1.E0,0.E0,0.E0));
#130=VECTOR('',#129,1.2E0);
#131=CARTESIAN_POINT('',(-2.9E0,7.8E-1,-3.95E0));
#132=LINE('',#131,#130);
#133=DIRECTION('',(0.E0,0.E0,1.E0));
#134=VECTOR('',#133,1.5E-1);
#135=CARTESIAN_POINT('',(-2.9E0,6.799999999999E-1,-4.85E0));
#136=LINE('',#135,#134);
#137=DIRECTION('',(0.E0,-1.E0,0.E0));
#138=VECTOR('',#137,2.23E0);
#139=CARTESIAN_POINT('',(-2.9E0,6.799999999999E-1,-4.85E0));
#140=LINE('',#139,#138);
#141=DIRECTION('',(0.E0,0.E0,1.E0));
#142=VECTOR('',#141,8.5E-1);
#143=CARTESIAN_POINT('',(-2.9E0,-1.55E0,-4.85E0));
#144=LINE('',#143,#142);
#145=DIRECTION('',(0.E0,-1.E0,0.E0));
#146=VECTOR('',#145,2.25E0);
#147=CARTESIAN_POINT('',(-2.9E0,-1.55E0,-4.E0));
#148=LINE('',#147,#146);
#149=DIRECTION('',(0.E0,1.E0,0.E0));
#150=VECTOR('',#149,7.6E0);
#151=CARTESIAN_POINT('',(-2.9E0,-3.8E0,-5.25E0));
#152=LINE('',#151,#150);
#153=DIRECTION('',(0.E0,-1.E0,0.E0));
#154=VECTOR('',#153,4.E-1);
#155=CARTESIAN_POINT('',(-2.9E0,3.8E0,-4.E0));
#156=LINE('',#155,#154);
#157=DIRECTION('',(0.E0,0.E0,-1.E0));
#158=VECTOR('',#157,8.5E-1);
#159=CARTESIAN_POINT('',(-2.9E0,3.4E0,-4.E0));
#160=LINE('',#159,#158);
#161=DIRECTION('',(0.E0,-1.E0,0.E0));
#162=VECTOR('',#161,2.62E0);
#163=CARTESIAN_POINT('',(-2.9E0,3.4E0,-4.85E0));
#164=LINE('',#163,#162);
#165=DIRECTION('',(0.E0,0.E0,1.E0));
#166=VECTOR('',#165,9.E-1);
#167=CARTESIAN_POINT('',(-2.9E0,7.8E-1,-4.85E0));
#168=LINE('',#167,#166);
#169=DIRECTION('',(0.E0,1.E0,0.E0));
#170=VECTOR('',#169,1.9E0);
#171=CARTESIAN_POINT('',(-2.9E0,7.8E-1,-3.95E0));
#172=LINE('',#171,#170);
#173=DIRECTION('',(0.E0,0.E0,1.E0));
#174=VECTOR('',#173,1.873205080757E0);
#175=CARTESIAN_POINT('',(-2.9E0,2.68E0,-3.95E0));
#176=LINE('',#175,#174);
#177=DIRECTION('',(0.E0,-1.E0,2.220446049241E-14));
#178=VECTOR('',#177,2.000000000008E-2);
#179=CARTESIAN_POINT('',(-2.9E0,2.68E0,-2.076794919243E0));
#180=LINE('',#179,#178);
#181=DIRECTION('',(0.E0,0.E0,1.E0));
#182=VECTOR('',#181,1.823205080757E0);
#183=CARTESIAN_POINT('',(-2.9E0,2.66E0,-3.9E0));
#184=LINE('',#183,#182);
#185=DIRECTION('',(0.E0,1.E0,0.E0));
#186=VECTOR('',#185,1.9E0);
#187=CARTESIAN_POINT('',(-2.9E0,7.599999999999E-1,-3.9E0));
#188=LINE('',#187,#186);
#189=DIRECTION('',(0.E0,0.E0,-1.E0));
#190=VECTOR('',#189,6.E-1);
#191=CARTESIAN_POINT('',(-2.9E0,7.599999999999E-1,-3.9E0));
#192=LINE('',#191,#190);
#193=DIRECTION('',(0.E0,3.713906763541E-1,9.284766908853E-1));
#194=VECTOR('',#193,2.154065922854E-1);
#195=CARTESIAN_POINT('',(-2.9E0,6.799999999999E-1,-4.7E0));
#196=LINE('',#195,#194);
#197=DIRECTION('',(0.E0,0.E0,1.E0));
#198=VECTOR('',#197,3.153589838487E0);
#199=CARTESIAN_POINT('',(-3.72E0,6.799999999999E-1,-8.003589838487E0));
#200=LINE('',#199,#198);
#201=DIRECTION('',(1.E0,0.E0,0.E0));
#202=VECTOR('',#201,4.4E-1);
#203=CARTESIAN_POINT('',(-3.72E0,6.799999999999E-1,-4.85E0));
#204=LINE('',#203,#202);
#205=DIRECTION('',(0.E0,0.E0,1.E0));
#206=VECTOR('',#205,3.153589838487E0);
#207=CARTESIAN_POINT('',(-3.28E0,6.799999999999E-1,-8.003589838487E0));
#208=LINE('',#207,#206);
#209=DIRECTION('',(1.E0,0.E0,0.E0));
#210=VECTOR('',#209,1.817346480207E-1);
#211=CARTESIAN_POINT('',(-3.28E0,6.799999999999E-1,-8.003589838487E0));
#212=LINE('',#211,#210);
#213=DIRECTION('',(2.365671640951E-1,0.E0,9.716151382477E-1));
#214=VECTOR('',#213,4.153803523630E-1);
#215=CARTESIAN_POINT('',(-3.098265351979E0,6.799999999999E-1,
-8.003589838487E0));
#216=LINE('',#215,#214);
#217=DIRECTION('',(0.E0,0.E0,1.E0));
#218=VECTOR('',#217,6.5E-1);
#219=CARTESIAN_POINT('',(-3.E0,6.799999999999E-1,-7.6E0));
#220=LINE('',#219,#218);
#221=DIRECTION('',(-4.472135955E-1,0.E0,-8.944271909999E-1));
#222=VECTOR('',#221,2.236067977500E-1);
#223=CARTESIAN_POINT('',(-2.9E0,6.799999999999E-1,-6.75E0));
#224=LINE('',#223,#222);
#225=DIRECTION('',(-4.472135955E-1,0.E0,8.944271909999E-1));
#226=VECTOR('',#225,2.236067977500E-1);
#227=CARTESIAN_POINT('',(-2.9E0,6.799999999999E-1,-5.85E0));
#228=LINE('',#227,#226);
#229=DIRECTION('',(0.E0,0.E0,1.E0));
#230=VECTOR('',#229,8.E-1);
#231=CARTESIAN_POINT('',(-3.E0,6.799999999999E-1,-5.65E0));
#232=LINE('',#231,#230);
#233=DIRECTION('',(-1.E0,0.E0,0.E0));
#234=VECTOR('',#233,1.E-1);
#235=CARTESIAN_POINT('',(-2.9E0,6.799999999999E-1,-4.85E0));
#236=LINE('',#235,#234);
#237=DIRECTION('',(1.E0,0.E0,0.E0));
#238=VECTOR('',#237,1.E-1);
#239=CARTESIAN_POINT('',(-4.1E0,6.799999999999E-1,-4.85E0));
#240=LINE('',#239,#238);
#241=DIRECTION('',(0.E0,0.E0,-1.E0));
#242=VECTOR('',#241,8.E-1);
#243=CARTESIAN_POINT('',(-4.E0,6.799999999999E-1,-4.85E0));
#244=LINE('',#243,#242);
#245=DIRECTION('',(-4.472135955E-1,0.E0,-8.944271909999E-1));
#246=VECTOR('',#245,2.236067977500E-1);
#247=CARTESIAN_POINT('',(-4.E0,6.799999999999E-1,-5.65E0));
#248=LINE('',#247,#246);
#249=DIRECTION('',(4.472135955E-1,0.E0,-8.944271909999E-1));
#250=VECTOR('',#249,2.236067977500E-1);
#251=CARTESIAN_POINT('',(-4.1E0,6.799999999999E-1,-6.75E0));
#252=LINE('',#251,#250);
#253=DIRECTION('',(0.E0,0.E0,-1.E0));
#254=VECTOR('',#253,6.5E-1);
#255=CARTESIAN_POINT('',(-4.E0,6.799999999999E-1,-6.95E0));
#256=LINE('',#255,#254);
#257=DIRECTION('',(-2.365671640951E-1,0.E0,9.716151382477E-1));
#258=VECTOR('',#257,4.153803523630E-1);
#259=CARTESIAN_POINT('',(-3.901734648021E0,6.799999999999E-1,
-8.003589838487E0));
#260=LINE('',#259,#258);
#261=DIRECTION('',(1.E0,0.E0,0.E0));
#262=VECTOR('',#261,1.817346480207E-1);
#263=CARTESIAN_POINT('',(-3.901734648021E0,6.799999999999E-1,
-8.003589838487E0));
#264=LINE('',#263,#262);
#265=DIRECTION('',(0.E0,-1.E0,0.E0));
#266=VECTOR('',#265,2.200000000001E-1);
#267=CARTESIAN_POINT('',(-3.72E0,4.8E-1,-8.75E0));
#268=LINE('',#267,#266);
#269=DIRECTION('',(0.E0,-1.E0,0.E0));
#270=VECTOR('',#269,6.E-1);
#271=CARTESIAN_POINT('',(-4.E0,6.799999999999E-1,-7.6E0));
#272=LINE('',#271,#270);
#273=DIRECTION('',(0.E0,2.588190451025E-1,9.659258262891E-1));
#274=VECTOR('',#273,7.727406610309E-1);
#275=CARTESIAN_POINT('',(-3.72E0,4.8E-1,-8.75E0));
#276=LINE('',#275,#274);
#277=DIRECTION('',(-2.289358627826E-1,2.519452017279E-1,9.402722935715E-1));
#278=VECTOR('',#277,7.938234132990E-1);
#279=CARTESIAN_POINT('',(-3.72E0,4.8E-1,-8.75E0));
#280=LINE('',#279,#278);
#281=DIRECTION('',(0.E0,2.588190451025E-1,9.659258262891E-1));
#282=VECTOR('',#281,7.727406610310E-1);
#283=CARTESIAN_POINT('',(-3.28E0,4.8E-1,-8.75E0));
#284=LINE('',#283,#282);
#285=DIRECTION('',(2.289358627826E-1,2.519452017279E-1,9.402722935715E-1));
#286=VECTOR('',#285,7.938234132991E-1);
#287=CARTESIAN_POINT('',(-3.28E0,4.8E-1,-8.75E0));
#288=LINE('',#287,#286);
#289=DIRECTION('',(0.E0,-1.E0,0.E0));
#290=VECTOR('',#289,4.2E-1);
#291=CARTESIAN_POINT('',(-3.28E0,6.799999999999E-1,-4.85E0));
#292=LINE('',#291,#290);
#293=DIRECTION('',(0.E0,-1.E0,3.229739707999E-14));
#294=VECTOR('',#293,2.200000000001E-1);
#295=CARTESIAN_POINT('',(-3.28E0,4.8E-1,-8.75E0));
#296=LINE('',#295,#294);
#297=DIRECTION('',(1.E0,0.E0,0.E0));
#298=VECTOR('',#297,4.4E-1);
#299=CARTESIAN_POINT('',(-3.72E0,2.599999999999E-1,-8.75E0));
#300=LINE('',#299,#298);
#301=DIRECTION('',(0.E0,1.E0,0.E0));
#302=VECTOR('',#301,1.8E-1);
#303=CARTESIAN_POINT('',(-3.72E0,7.999999999992E-2,-8.75E0));
#304=LINE('',#303,#302);
#305=DIRECTION('',(1.E0,0.E0,0.E0));
#306=VECTOR('',#305,4.4E-1);
#307=CARTESIAN_POINT('',(-3.72E0,7.999999999992E-2,-8.75E0));
#308=LINE('',#307,#306);
#309=DIRECTION('',(0.E0,1.E0,-1.973729821556E-14));
#310=VECTOR('',#309,1.8E-1);
#311=CARTESIAN_POINT('',(-3.28E0,7.999999999992E-2,-8.75E0));
#312=LINE('',#311,#310);
#313=DIRECTION('',(0.E0,0.E0,-1.E0));
#314=VECTOR('',#313,3.9E0);
#315=CARTESIAN_POINT('',(-3.28E0,2.599999999999E-1,-4.85E0));
#316=LINE('',#315,#314);
#317=DIRECTION('',(1.E0,0.E0,0.E0));
#318=VECTOR('',#317,4.4E-1);
#319=CARTESIAN_POINT('',(-3.72E0,2.599999999999E-1,-4.85E0));
#320=LINE('',#319,#318);
#321=DIRECTION('',(0.E0,0.E0,1.E0));
#322=VECTOR('',#321,3.9E0);
#323=CARTESIAN_POINT('',(-3.72E0,2.599999999999E-1,-8.75E0));
#324=LINE('',#323,#322);
#325=DIRECTION('',(0.E0,-1.E0,0.E0));
#326=VECTOR('',#325,4.2E-1);
#327=CARTESIAN_POINT('',(-3.72E0,6.799999999999E-1,-4.85E0));
#328=LINE('',#327,#326);
#329=DIRECTION('',(0.E0,0.E0,-1.E0));
#330=VECTOR('',#329,8.E-1);
#331=CARTESIAN_POINT('',(-4.E0,7.999999999992E-2,-4.85E0));
#332=LINE('',#331,#330);
#333=DIRECTION('',(0.E0,0.E0,1.E0));
#334=VECTOR('',#333,8.E-1);
#335=CARTESIAN_POINT('',(-3.E0,7.999999999992E-2,-5.65E0));
#336=LINE('',#335,#334);
#337=DIRECTION('',(-4.472135955E-1,0.E0,8.944271909999E-1));
#338=VECTOR('',#337,2.236067977500E-1);
#339=CARTESIAN_POINT('',(-2.9E0,7.999999999992E-2,-5.85E0));
#340=LINE('',#339,#338);
#341=DIRECTION('',(4.472135955E-1,0.E0,8.944271909999E-1));
#342=VECTOR('',#341,2.236067977500E-1);
#343=CARTESIAN_POINT('',(-3.E0,7.999999999992E-2,-6.95E0));
#344=LINE('',#343,#342);
#345=DIRECTION('',(0.E0,0.E0,1.E0));
#346=VECTOR('',#345,6.5E-1);
#347=CARTESIAN_POINT('',(-3.E0,7.999999999992E-2,-7.6E0));
#348=LINE('',#347,#346);
#349=DIRECTION('',(2.365671640951E-1,0.E0,9.716151382477E-1));
#350=VECTOR('',#349,1.183596214931E0);
#351=CARTESIAN_POINT('',(-3.28E0,7.999999999992E-2,-8.75E0));
#352=LINE('',#351,#350);
#353=DIRECTION('',(2.365671640951E-1,0.E0,-9.716151382477E-1));
#354=VECTOR('',#353,1.183596214931E0);
#355=CARTESIAN_POINT('',(-4.E0,7.999999999992E-2,-7.6E0));
#356=LINE('',#355,#354);
#357=DIRECTION('',(0.E0,0.E0,-1.E0));
#358=VECTOR('',#357,6.5E-1);
#359=CARTESIAN_POINT('',(-4.E0,7.999999999992E-2,-6.95E0));
#360=LINE('',#359,#358);
#361=DIRECTION('',(4.472135955E-1,0.E0,-8.944271909999E-1));
#362=VECTOR('',#361,2.236067977500E-1);
#363=CARTESIAN_POINT('',(-4.1E0,7.999999999992E-2,-6.75E0));
#364=LINE('',#363,#362);
#365=DIRECTION('',(-4.472135955E-1,0.E0,-8.944271909999E-1));
#366=VECTOR('',#365,2.236067977500E-1);
#367=CARTESIAN_POINT('',(-4.E0,7.999999999992E-2,-5.65E0));
#368=LINE('',#367,#366);
#369=DIRECTION('',(0.E0,-1.E0,0.E0));
#370=VECTOR('',#369,6.E-1);
#371=CARTESIAN_POINT('',(-4.E0,6.799999999999E-1,-4.85E0));
#372=LINE('',#371,#370);
#373=DIRECTION('',(0.E0,-1.E0,0.E0));
#374=VECTOR('',#373,6.E-1);
#375=CARTESIAN_POINT('',(-4.E0,6.799999999999E-1,-5.65E0));
#376=LINE('',#375,#374);
#377=DIRECTION('',(0.E0,1.E0,0.E0));
#378=VECTOR('',#377,6.E-1);
#379=CARTESIAN_POINT('',(-4.1E0,7.999999999992E-2,-5.85E0));
#380=LINE('',#379,#378);
#381=DIRECTION('',(0.E0,0.E0,-1.E0));
#382=VECTOR('',#381,9.E-1);
#383=CARTESIAN_POINT('',(-4.1E0,7.999999999992E-2,-5.85E0));
#384=LINE('',#383,#382);
#385=DIRECTION('',(0.E0,1.E0,0.E0));
#386=VECTOR('',#385,6.E-1);
#387=CARTESIAN_POINT('',(-4.1E0,7.999999999992E-2,-6.75E0));
#388=LINE('',#387,#386);
#389=DIRECTION('',(0.E0,0.E0,1.E0));
#390=VECTOR('',#389,9.E-1);
#391=CARTESIAN_POINT('',(-4.1E0,6.799999999999E-1,-6.75E0));
#392=LINE('',#391,#390);
#393=DIRECTION('',(0.E0,1.E0,0.E0));
#394=VECTOR('',#393,1.14E0);
#395=CARTESIAN_POINT('',(-4.1E0,4.799999999999E-1,3.7E0));
#396=LINE('',#395,#394);
#397=DIRECTION('',(0.E0,0.E0,-1.E0));
#398=VECTOR('',#397,5.15E0);
#399=CARTESIAN_POINT('',(-4.1E0,4.799999999999E-1,3.7E0));
#400=LINE('',#399,#398);
#401=DIRECTION('',(0.E0,-5.547001962252E-1,-8.320502943378E-1));
#402=VECTOR('',#401,7.211102550928E-1);
#403=CARTESIAN_POINT('',(-4.1E0,4.799999999999E-1,-1.45E0));
#404=LINE('',#403,#402);
#405=DIRECTION('',(3.314726988507E-14,-1.657363494254E-14,1.E0));
#406=VECTOR('',#405,2.679491924311E-2);
#407=CARTESIAN_POINT('',(-4.1E0,2.66E0,-2.076794919243E0));
#408=LINE('',#407,#406);
#409=DIRECTION('',(0.E0,-1.E0,0.E0));
#410=VECTOR('',#409,1.153E0);
#411=CARTESIAN_POINT('',(-4.1E0,2.66E0,-2.05E0));
#412=LINE('',#411,#410);
#413=DIRECTION('',(0.E0,0.E0,1.E0));
#414=VECTOR('',#413,7.E-1);
#415=CARTESIAN_POINT('',(-4.1E0,1.507E0,-2.05E0));
#416=LINE('',#415,#414);
#417=DIRECTION('',(0.E0,1.E0,0.E0));
#418=VECTOR('',#417,1.13E-1);
#419=CARTESIAN_POINT('',(-4.1E0,1.507E0,-1.35E0));
#420=LINE('',#419,#418);
#421=DIRECTION('',(0.E0,0.E0,1.E0));
#422=VECTOR('',#421,5.05E0);
#423=CARTESIAN_POINT('',(-4.1E0,1.62E0,-1.35E0));
#424=LINE('',#423,#422);
#425=DIRECTION('',(0.E0,-1.E0,0.E0));
#426=VECTOR('',#425,6.E-1);
#427=CARTESIAN_POINT('',(-4.E0,6.799999999999E-1,-6.95E0));
#428=LINE('',#427,#426);
#429=DIRECTION('',(-1.924500897299E-1,1.924500897299E-1,-9.622504486494E-1));
#430=VECTOR('',#429,7.794228634060E-1);
#431=CARTESIAN_POINT('',(-3.95E0,1.47E0,4.45E0));
#432=LINE('',#431,#430);
#433=DIRECTION('',(1.924500897299E-1,1.924500897299E-1,-9.622504486494E-1));
#434=VECTOR('',#433,7.794228634060E-1);
#435=CARTESIAN_POINT('',(-3.05E0,1.47E0,4.45E0));
#436=LINE('',#435,#434);
#437=DIRECTION('',(-1.E0,0.E0,0.E0));
#438=VECTOR('',#437,1.2E0);
#439=CARTESIAN_POINT('',(-2.9E0,1.62E0,3.7E0));
#440=LINE('',#439,#438);
#441=DIRECTION('',(1.E0,0.E0,0.E0));
#442=VECTOR('',#441,1.2E0);
#443=CARTESIAN_POINT('',(-4.1E0,1.62E0,-1.35E0));
#444=LINE('',#443,#442);
#445=DIRECTION('',(1.E0,0.E0,0.E0));
#446=VECTOR('',#445,1.2E0);
#447=CARTESIAN_POINT('',(-4.1E0,1.507E0,-1.35E0));
#448=LINE('',#447,#446);
#449=DIRECTION('',(1.E0,0.E0,0.E0));
#450=VECTOR('',#449,1.2E0);
#451=CARTESIAN_POINT('',(-4.1E0,1.507E0,-2.05E0));
#452=LINE('',#451,#450);
#453=DIRECTION('',(1.E0,0.E0,0.E0));
#454=VECTOR('',#453,1.2E0);
#455=CARTESIAN_POINT('',(-4.1E0,2.66E0,-2.05E0));
#456=LINE('',#455,#454);
#457=DIRECTION('',(1.E0,0.E0,0.E0));
#458=VECTOR('',#457,1.2E0);
#459=CARTESIAN_POINT('',(-4.1E0,2.66E0,-3.9E0));
#460=LINE('',#459,#458);
#461=DIRECTION('',(0.E0,1.E0,0.E0));
#462=VECTOR('',#461,6.E-1);
#463=CARTESIAN_POINT('',(-2.9E0,7.999999999992E-2,-5.85E0));
#464=LINE('',#463,#462);
#465=DIRECTION('',(0.E0,0.E0,1.E0));
#466=VECTOR('',#465,9.E-1);
#467=CARTESIAN_POINT('',(-2.9E0,6.799999999999E-1,-6.75E0));
#468=LINE('',#467,#466);
#469=DIRECTION('',(0.E0,1.E0,0.E0));
#470=VECTOR('',#469,6.E-1);
#471=CARTESIAN_POINT('',(-2.9E0,7.999999999992E-2,-6.75E0));
#472=LINE('',#471,#470);
#473=DIRECTION('',(0.E0,0.E0,-1.E0));
#474=VECTOR('',#473,9.E-1);
#475=CARTESIAN_POINT('',(-2.9E0,7.999999999992E-2,-5.85E0));
#476=LINE('',#475,#474);
#477=DIRECTION('',(0.E0,-1.E0,0.E0));
#478=VECTOR('',#477,1.14E0);
#479=CARTESIAN_POINT('',(-2.9E0,1.62E0,3.7E0));
#480=LINE('',#479,#478);
#481=DIRECTION('',(0.E0,0.E0,1.E0));
#482=VECTOR('',#481,5.05E0);
#483=CARTESIAN_POINT('',(-2.9E0,1.62E0,-1.35E0));
#484=LINE('',#483,#482);
#485=DIRECTION('',(0.E0,1.E0,0.E0));
#486=VECTOR('',#485,1.13E-1);
#487=CARTESIAN_POINT('',(-2.9E0,1.507E0,-1.35E0));
#488=LINE('',#487,#486);
#489=DIRECTION('',(0.E0,0.E0,1.E0));
#490=VECTOR('',#489,7.E-1);
#491=CARTESIAN_POINT('',(-2.9E0,1.507E0,-2.05E0));
#492=LINE('',#491,#490);
#493=DIRECTION('',(0.E0,-1.E0,0.E0));
#494=VECTOR('',#493,1.153E0);
#495=CARTESIAN_POINT('',(-2.9E0,2.66E0,-2.05E0));
#496=LINE('',#495,#494);
#497=DIRECTION('',(1.657363494254E-14,-3.314726988507E-14,1.E0));
#498=VECTOR('',#497,2.679491924311E-2);
#499=CARTESIAN_POINT('',(-2.9E0,2.66E0,-2.076794919243E0));
#500=LINE('',#499,#498);
#501=DIRECTION('',(0.E0,-5.547001962252E-1,-8.320502943378E-1));
#502=VECTOR('',#501,7.211102550928E-1);
#503=CARTESIAN_POINT('',(-2.9E0,4.799999999999E-1,-1.45E0));
#504=LINE('',#503,#502);
#505=DIRECTION('',(0.E0,0.E0,-1.E0));
#506=VECTOR('',#505,5.15E0);
#507=CARTESIAN_POINT('',(-2.9E0,4.799999999999E-1,3.7E0));
#508=LINE('',#507,#506);
#509=DIRECTION('',(0.E0,-1.E0,0.E0));
#510=VECTOR('',#509,6.E-1);
#511=CARTESIAN_POINT('',(-3.E0,6.799999999999E-1,-5.65E0));
#512=LINE('',#511,#510);
#513=DIRECTION('',(0.E0,-1.E0,0.E0));
#514=VECTOR('',#513,6.E-1);
#515=CARTESIAN_POINT('',(-3.E0,6.799999999999E-1,-6.95E0));
#516=LINE('',#515,#514);
#517=DIRECTION('',(0.E0,-1.E0,0.E0));
#518=VECTOR('',#517,6.E-1);
#519=CARTESIAN_POINT('',(-3.E0,6.799999999999E-1,-7.6E0));
#520=LINE('',#519,#518);
#521=DIRECTION('',(1.924500897299E-1,-1.924500897299E-1,-9.622504486494E-1));
#522=VECTOR('',#521,7.794228634060E-1);
#523=CARTESIAN_POINT('',(-3.05E0,6.299999999999E-1,4.45E0));
#524=LINE('',#523,#522);
#525=DIRECTION('',(0.E0,-1.E0,0.E0));
#526=VECTOR('',#525,8.4E-1);
#527=CARTESIAN_POINT('',(-3.05E0,1.47E0,4.45E0));
#528=LINE('',#527,#526);
#529=DIRECTION('',(-1.E0,0.E0,0.E0));
#530=VECTOR('',#529,9.E-1);
#531=CARTESIAN_POINT('',(-3.05E0,6.299999999999E-1,4.45E0));
#532=LINE('',#531,#530);
#533=DIRECTION('',(0.E0,1.E0,0.E0));
#534=VECTOR('',#533,8.4E-1);
#535=CARTESIAN_POINT('',(-3.95E0,6.299999999999E-1,4.45E0));
#536=LINE('',#535,#534);
#537=DIRECTION('',(-1.E0,0.E0,0.E0));
#538=VECTOR('',#537,9.E-1);
#539=CARTESIAN_POINT('',(-3.05E0,1.47E0,4.45E0));
#540=LINE('',#539,#538);
#541=DIRECTION('',(-1.924500897299E-1,-1.924500897299E-1,-9.622504486494E-1));
#542=VECTOR('',#541,7.794228634060E-1);
#543=CARTESIAN_POINT('',(-3.95E0,6.299999999999E-1,4.45E0));
#544=LINE('',#543,#542);
#545=DIRECTION('',(-1.E0,0.E0,0.E0));
#546=VECTOR('',#545,1.2E0);
#547=CARTESIAN_POINT('',(-2.9E0,4.799999999999E-1,3.7E0));
#548=LINE('',#547,#546);
#549=DIRECTION('',(1.E0,0.E0,0.E0));
#550=VECTOR('',#549,1.2E0);
#551=CARTESIAN_POINT('',(-4.1E0,4.799999999999E-1,-1.45E0));
#552=LINE('',#551,#550);
#553=DIRECTION('',(0.E0,-1.E0,0.E0));
#554=VECTOR('',#553,6.4E0);
#555=CARTESIAN_POINT('',(-5.6E0,3.2E0,-2.05E0));
#556=LINE('',#555,#554);
#557=DIRECTION('',(-1.E0,0.E0,0.E0));
#558=VECTOR('',#557,1.12E1);
#559=CARTESIAN_POINT('',(5.6E0,3.2E0,-2.05E0));
#560=LINE('',#559,#558);
#561=DIRECTION('',(0.E0,1.E0,0.E0));
#562=VECTOR('',#561,6.4E0);
#563=CARTESIAN_POINT('',(5.6E0,-3.2E0,-2.05E0));
#564=LINE('',#563,#562);
#565=DIRECTION('',(1.E0,0.E0,0.E0));
#566=VECTOR('',#565,1.12E1);
#567=CARTESIAN_POINT('',(-5.6E0,-3.2E0,-2.05E0));
#568=LINE('',#567,#566);
#569=DIRECTION('',(-1.E0,-6.501743587961E-13,7.105427357601E-14));
#570=VECTOR('',#569,1.E-1);
#571=CARTESIAN_POINT('',(-2.8E0,8.E-2,-2.05E0));
#572=LINE('',#571,#570);
#573=DIRECTION('',(0.E0,-1.E0,0.E0));
#574=VECTOR('',#573,2.7E0);
#575=CARTESIAN_POINT('',(-2.8E0,2.78E0,-2.05E0));
#576=LINE('',#575,#574);
#577=DIRECTION('',(1.E0,0.E0,0.E0));
#578=VECTOR('',#577,1.4E0);
#579=CARTESIAN_POINT('',(-4.2E0,2.78E0,-2.05E0));
#580=LINE('',#579,#578);
#581=DIRECTION('',(0.E0,1.E0,0.E0));
#582=VECTOR('',#581,2.7E0);
#583=CARTESIAN_POINT('',(-4.2E0,8.E-2,-2.05E0));
#584=LINE('',#583,#582);
#585=DIRECTION('',(-1.E0,6.547540287727E-13,-7.549516567451E-14));
#586=VECTOR('',#585,1.E-1);
#587=CARTESIAN_POINT('',(-4.1E0,7.999999999994E-2,-2.05E0));
#588=LINE('',#587,#586);
#589=DIRECTION('',(1.E0,0.E0,0.E0));
#590=VECTOR('',#589,1.2E0);
#591=CARTESIAN_POINT('',(-4.1E0,7.999999999994E-2,-2.05E0));
#592=LINE('',#591,#590);
#593=DIRECTION('',(-1.E0,-6.539213615042E-13,7.105427357601E-14));
#594=VECTOR('',#593,1.E-1);
#595=CARTESIAN_POINT('',(7.E-1,8.E-2,-2.05E0));
#596=LINE('',#595,#594);
#597=DIRECTION('',(0.E0,-1.E0,0.E0));
#598=VECTOR('',#597,2.7E0);
#599=CARTESIAN_POINT('',(7.E-1,2.78E0,-2.05E0));
#600=LINE('',#599,#598);
#601=DIRECTION('',(1.E0,0.E0,0.E0));
#602=VECTOR('',#601,1.4E0);
#603=CARTESIAN_POINT('',(-7.E-1,2.78E0,-2.05E0));
#604=LINE('',#603,#602);
#605=DIRECTION('',(0.E0,1.E0,0.E0));
#606=VECTOR('',#605,2.7E0);
#607=CARTESIAN_POINT('',(-7.E-1,8.E-2,-2.05E0));
#608=LINE('',#607,#606);
#609=DIRECTION('',(-1.E0,6.539213615042E-13,-7.549516567451E-14));
#610=VECTOR('',#609,1.E-1);
#611=CARTESIAN_POINT('',(-6.E-1,7.999999999993E-2,-2.05E0));
#612=LINE('',#611,#610);
#613=DIRECTION('',(1.E0,0.E0,0.E0));
#614=VECTOR('',#613,1.2E0);
#615=CARTESIAN_POINT('',(-6.E-1,7.999999999993E-2,-2.05E0));
#616=LINE('',#615,#614);
#617=DIRECTION('',(-1.E0,-6.554479181631E-13,7.105427357601E-14));
#618=VECTOR('',#617,1.E-1);
#619=CARTESIAN_POINT('',(4.2E0,8.E-2,-2.05E0));
#620=LINE('',#619,#618);
#621=DIRECTION('',(0.E0,-1.E0,0.E0));
#622=VECTOR('',#621,2.7E0);
#623=CARTESIAN_POINT('',(4.2E0,2.78E0,-2.05E0));
#624=LINE('',#623,#622);
#625=DIRECTION('',(1.E0,0.E0,0.E0));
#626=VECTOR('',#625,1.4E0);
#627=CARTESIAN_POINT('',(2.8E0,2.78E0,-2.05E0));
#628=LINE('',#627,#626);
#629=DIRECTION('',(0.E0,1.E0,0.E0));
#630=VECTOR('',#629,2.7E0);
#631=CARTESIAN_POINT('',(2.8E0,8.E-2,-2.05E0));
#632=LINE('',#631,#630);
#633=DIRECTION('',(-1.E0,6.510070260646E-13,-7.549516567451E-14));
#634=VECTOR('',#633,1.E-1);
#635=CARTESIAN_POINT('',(2.9E0,7.999999999993E-2,-2.05E0));
#636=LINE('',#635,#634);
#637=DIRECTION('',(1.E0,0.E0,0.E0));
#638=VECTOR('',#637,1.2E0);
#639=CARTESIAN_POINT('',(2.9E0,7.999999999993E-2,-2.05E0));
#640=LINE('',#639,#638);
#641=DIRECTION('',(0.E0,0.E0,-1.E0));
#642=VECTOR('',#641,7.05E0);
#643=CARTESIAN_POINT('',(-5.6E0,3.2E0,5.E0));
#644=LINE('',#643,#642);
#645=DIRECTION('',(0.E0,-1.E0,0.E0));
#646=VECTOR('',#645,6.9E0);
#647=CARTESIAN_POINT('',(-5.85E0,3.45E0,5.25E0));
#648=LINE('',#647,#646);
#649=DIRECTION('',(5.773502691896E-1,-5.773502691896E-1,-5.773502691896E-1));
#650=VECTOR('',#649,4.330127018922E-1);
#651=CARTESIAN_POINT('',(-5.85E0,3.45E0,5.25E0));
#652=LINE('',#651,#650);
#653=DIRECTION('',(0.E0,-1.E0,0.E0));
#654=VECTOR('',#653,6.4E0);
#655=CARTESIAN_POINT('',(-5.6E0,3.2E0,5.E0));
#656=LINE('',#655,#654);
#657=DIRECTION('',(5.773502691896E-1,5.773502691896E-1,-5.773502691896E-1));
#658=VECTOR('',#657,4.330127018922E-1);
#659=CARTESIAN_POINT('',(-5.85E0,-3.45E0,5.25E0));
#660=LINE('',#659,#658);
#661=DIRECTION('',(0.E0,-1.E0,0.E0));
#662=VECTOR('',#661,3.5E-1);
#663=CARTESIAN_POINT('',(-3.05E0,3.8E0,5.25E0));
#664=LINE('',#663,#662);
#665=DIRECTION('',(0.E0,-1.E0,0.E0));
#666=VECTOR('',#665,3.5E-1);
#667=CARTESIAN_POINT('',(3.05E0,3.8E0,5.25E0));
#668=LINE('',#667,#666);
#669=DIRECTION('',(-1.E0,0.E0,0.E0));
#670=VECTOR('',#669,3.25E0);
#671=CARTESIAN_POINT('',(6.3E0,3.8E0,5.25E0));
#672=LINE('',#671,#670);
#673=DIRECTION('',(0.E0,1.E0,0.E0));
#674=VECTOR('',#673,7.6E0);
#675=CARTESIAN_POINT('',(6.3E0,-3.8E0,5.25E0));
#676=LINE('',#675,#674);
#677=DIRECTION('',(1.E0,0.E0,0.E0));
#678=VECTOR('',#677,1.26E1);
#679=CARTESIAN_POINT('',(-6.3E0,-3.8E0,5.25E0));
#680=LINE('',#679,#678);
#681=DIRECTION('',(0.E0,-1.E0,0.E0));
#682=VECTOR('',#681,7.6E0);
#683=CARTESIAN_POINT('',(-6.3E0,3.8E0,5.25E0));
#684=LINE('',#683,#682);
#685=DIRECTION('',(-1.E0,0.E0,0.E0));
#686=VECTOR('',#685,3.25E0);
#687=CARTESIAN_POINT('',(-3.05E0,3.8E0,5.25E0));
#688=LINE('',#687,#686);
#689=DIRECTION('',(1.E0,0.E0,0.E0));
#690=VECTOR('',#689,3.9E0);
#691=CARTESIAN_POINT('',(-1.95E0,3.7E0,5.25E0));
#692=LINE('',#691,#690);
#693=DIRECTION('',(0.E0,-1.E0,0.E0));
#694=VECTOR('',#693,2.5E-1);
#695=CARTESIAN_POINT('',(1.95E0,3.7E0,5.25E0));
#696=LINE('',#695,#694);
#697=DIRECTION('',(0.E0,-1.E0,0.E0));
#698=VECTOR('',#697,2.5E-1);
#699=CARTESIAN_POINT('',(-1.95E0,3.7E0,5.25E0));
#700=LINE('',#699,#698);
#701=DIRECTION('',(0.E0,-1.E0,0.E0));
#702=VECTOR('',#701,6.E-1);
#703=CARTESIAN_POINT('',(-3.05E0,3.8E0,-9.E-1));
#704=LINE('',#703,#702);
#705=DIRECTION('',(0.E0,0.E0,1.E0));
#706=VECTOR('',#705,1.75E0);
#707=CARTESIAN_POINT('',(6.05E0,3.8E0,-5.25E0));
#708=LINE('',#707,#706);
#709=DIRECTION('',(-1.E0,0.E0,0.E0));
#710=VECTOR('',#709,2.5E-1);
#711=CARTESIAN_POINT('',(6.3E0,3.8E0,-3.5E0));
#712=LINE('',#711,#710);
#713=DIRECTION('',(0.E0,0.E0,1.E0));
#714=VECTOR('',#713,8.75E0);
#715=CARTESIAN_POINT('',(6.3E0,3.8E0,-3.5E0));
#716=LINE('',#715,#714);
#717=DIRECTION('',(0.E0,0.E0,-1.E0));
#718=VECTOR('',#717,6.15E0);
#719=CARTESIAN_POINT('',(3.05E0,3.8E0,5.25E0));
#720=LINE('',#719,#718);
#721=CARTESIAN_POINT('',(2.5E0,3.8E0,-9.E-1));
#722=DIRECTION('',(0.E0,1.E0,0.E0));
#723=DIRECTION('',(1.E0,0.E0,0.E0));
#724=AXIS2_PLACEMENT_3D('',#721,#722,#723);
#726=DIRECTION('',(0.E0,0.E0,1.E0));
#727=VECTOR('',#726,5.9E0);
#728=CARTESIAN_POINT('',(1.95E0,3.8E0,-9.E-1));
#729=LINE('',#728,#727);
#730=DIRECTION('',(1.E0,0.E0,0.E0));
#731=VECTOR('',#730,1.475E0);
#732=CARTESIAN_POINT('',(4.75E-1,3.8E0,5.E0));
#733=LINE('',#732,#731);
#734=DIRECTION('',(0.E0,0.E0,-1.E0));
#735=VECTOR('',#734,3.025833024920E0);
#736=CARTESIAN_POINT('',(4.75E-1,3.8E0,5.E0));
#737=LINE('',#736,#735);
#738=DIRECTION('',(1.E0,0.E0,0.E0));
#739=VECTOR('',#738,9.5E-1);
#740=CARTESIAN_POINT('',(-4.75E-1,3.8E0,1.974166975080E0));
#741=LINE('',#740,#739);
#742=DIRECTION('',(0.E0,0.E0,-1.E0));
#743=VECTOR('',#742,3.025833024920E0);
#744=CARTESIAN_POINT('',(-4.75E-1,3.8E0,5.E0));
#745=LINE('',#744,#743);
#746=DIRECTION('',(1.E0,0.E0,0.E0));
#747=VECTOR('',#746,1.475E0);
#748=CARTESIAN_POINT('',(-1.95E0,3.8E0,5.E0));
#749=LINE('',#748,#747);
#750=DIRECTION('',(0.E0,0.E0,-1.E0));
#751=VECTOR('',#750,5.9E0);
#752=CARTESIAN_POINT('',(-1.95E0,3.8E0,5.E0));
#753=LINE('',#752,#751);
#754=CARTESIAN_POINT('',(-2.5E0,3.8E0,-9.E-1));
#755=DIRECTION('',(0.E0,1.E0,0.E0));
#756=DIRECTION('',(1.E0,0.E0,0.E0));
#757=AXIS2_PLACEMENT_3D('',#754,#755,#756);
#759=DIRECTION('',(0.E0,0.E0,-1.E0));
#760=VECTOR('',#759,6.15E0);
#761=CARTESIAN_POINT('',(-3.05E0,3.8E0,5.25E0));
#762=LINE('',#761,#760);
#763=DIRECTION('',(0.E0,0.E0,1.E0));
#764=VECTOR('',#763,1.25E0);
#765=CARTESIAN_POINT('',(-4.1E0,3.8E0,-5.25E0));
#766=LINE('',#765,#764);
#767=DIRECTION('',(1.E0,0.E0,0.E0));
#768=VECTOR('',#767,1.2E0);
#769=CARTESIAN_POINT('',(-4.1E0,3.8E0,-4.E0));
#770=LINE('',#769,#768);
#771=DIRECTION('',(0.E0,0.E0,1.E0));
#772=VECTOR('',#771,1.25E0);
#773=CARTESIAN_POINT('',(-2.9E0,3.8E0,-5.25E0));
#774=LINE('',#773,#772);
#775=DIRECTION('',(0.E0,0.E0,1.E0));
#776=VECTOR('',#775,1.25E0);
#777=CARTESIAN_POINT('',(-6.E-1,3.8E0,-5.25E0));
#778=LINE('',#777,#776);
#779=DIRECTION('',(1.E0,0.E0,0.E0));
#780=VECTOR('',#779,1.2E0);
#781=CARTESIAN_POINT('',(-6.E-1,3.8E0,-4.E0));
#782=LINE('',#781,#780);
#783=DIRECTION('',(0.E0,0.E0,1.E0));
#784=VECTOR('',#783,1.25E0);
#785=CARTESIAN_POINT('',(6.E-1,3.8E0,-5.25E0));
#786=LINE('',#785,#784);
#787=DIRECTION('',(0.E0,0.E0,1.E0));
#788=VECTOR('',#787,1.25E0);
#789=CARTESIAN_POINT('',(2.9E0,3.8E0,-5.25E0));
#790=LINE('',#789,#788);
#791=DIRECTION('',(1.E0,0.E0,0.E0));
#792=VECTOR('',#791,1.2E0);
#793=CARTESIAN_POINT('',(2.9E0,3.8E0,-4.E0));
#794=LINE('',#793,#792);
#795=DIRECTION('',(0.E0,0.E0,1.E0));
#796=VECTOR('',#795,1.25E0);
#797=CARTESIAN_POINT('',(4.1E0,3.8E0,-5.25E0));
#798=LINE('',#797,#796);
#799=DIRECTION('',(1.E0,0.E0,0.E0));
#800=VECTOR('',#799,2.5E-1);
#801=CARTESIAN_POINT('',(6.05E0,3.55E0,-3.5E0));
#802=LINE('',#801,#800);
#803=DIRECTION('',(0.E0,0.E0,1.E0));
#804=VECTOR('',#803,1.75E0);
#805=CARTESIAN_POINT('',(6.05E0,3.55E0,-5.25E0));
#806=LINE('',#805,#804);
#807=DIRECTION('',(0.E0,0.E0,1.E0));
#808=VECTOR('',#807,1.75E0);
#809=CARTESIAN_POINT('',(6.3E0,3.55E0,-5.25E0));
#810=LINE('',#809,#808);
#811=DIRECTION('',(0.E0,0.E0,1.E0));
#812=VECTOR('',#811,1.05E1);
#813=CARTESIAN_POINT('',(6.3E0,-3.8E0,-5.25E0));
#814=LINE('',#813,#812);
#815=DIRECTION('',(0.E0,-1.E0,0.E0));
#816=VECTOR('',#815,2.5E-1);
#817=CARTESIAN_POINT('',(6.3E0,3.8E0,-3.5E0));
#818=LINE('',#817,#816);
#819=DIRECTION('',(0.E0,0.E0,1.E0));
#820=VECTOR('',#819,1.25E0);
#821=CARTESIAN_POINT('',(4.1E0,-3.8E0,-5.25E0));
#822=LINE('',#821,#820);
#823=DIRECTION('',(1.E0,0.E0,0.E0));
#824=VECTOR('',#823,1.2E0);
#825=CARTESIAN_POINT('',(2.9E0,-3.8E0,-4.E0));
#826=LINE('',#825,#824);
#827=DIRECTION('',(0.E0,0.E0,1.E0));
#828=VECTOR('',#827,1.25E0);
#829=CARTESIAN_POINT('',(2.9E0,-3.8E0,-5.25E0));
#830=LINE('',#829,#828);
#831=DIRECTION('',(0.E0,0.E0,1.E0));
#832=VECTOR('',#831,1.25E0);
#833=CARTESIAN_POINT('',(6.E-1,-3.8E0,-5.25E0));
#834=LINE('',#833,#832);
#835=DIRECTION('',(1.E0,0.E0,0.E0));
#836=VECTOR('',#835,1.2E0);
#837=CARTESIAN_POINT('',(-6.E-1,-3.8E0,-4.E0));
#838=LINE('',#837,#836);
#839=DIRECTION('',(0.E0,0.E0,1.E0));
#840=VECTOR('',#839,1.25E0);
#841=CARTESIAN_POINT('',(-6.E-1,-3.8E0,-5.25E0));
#842=LINE('',#841,#840);
#843=DIRECTION('',(0.E0,0.E0,1.E0));
#844=VECTOR('',#843,1.25E0);
#845=CARTESIAN_POINT('',(-2.9E0,-3.8E0,-5.25E0));
#846=LINE('',#845,#844);
#847=DIRECTION('',(1.E0,0.E0,0.E0));
#848=VECTOR('',#847,1.2E0);
#849=CARTESIAN_POINT('',(-4.1E0,-3.8E0,-4.E0));
#850=LINE('',#849,#848);
#851=DIRECTION('',(0.E0,0.E0,1.E0));
#852=VECTOR('',#851,1.25E0);
#853=CARTESIAN_POINT('',(-4.1E0,-3.8E0,-5.25E0));
#854=LINE('',#853,#852);
#855=DIRECTION('',(0.E0,0.E0,1.E0));
#856=VECTOR('',#855,1.05E1);
#857=CARTESIAN_POINT('',(-6.3E0,-3.8E0,-5.25E0));
#858=LINE('',#857,#856);
#859=DIRECTION('',(0.E0,0.E0,1.E0));
#860=VECTOR('',#859,1.5E-1);
#861=CARTESIAN_POINT('',(4.1E0,6.799999999999E-1,-4.85E0));
#862=LINE('',#861,#860);
#863=DIRECTION('',(0.E0,-1.E0,0.E0));
#864=VECTOR('',#863,2.23E0);
#865=CARTESIAN_POINT('',(4.1E0,6.799999999999E-1,-4.85E0));
#866=LINE('',#865,#864);
#867=DIRECTION('',(0.E0,0.E0,1.E0));
#868=VECTOR('',#867,8.5E-1);
#869=CARTESIAN_POINT('',(4.1E0,-1.55E0,-4.85E0));
#870=LINE('',#869,#868);
#871=DIRECTION('',(0.E0,-1.E0,0.E0));
#872=VECTOR('',#871,2.25E0);
#873=CARTESIAN_POINT('',(4.1E0,-1.55E0,-4.E0));
#874=LINE('',#873,#872);
#875=DIRECTION('',(0.E0,1.E0,0.E0));
#876=VECTOR('',#875,7.6E0);
#877=CARTESIAN_POINT('',(4.1E0,-3.8E0,-5.25E0));
#878=LINE('',#877,#876);
#879=DIRECTION('',(0.E0,-1.E0,0.E0));
#880=VECTOR('',#879,4.E-1);
#881=CARTESIAN_POINT('',(4.1E0,3.8E0,-4.E0));
#882=LINE('',#881,#880);
#883=DIRECTION('',(0.E0,0.E0,-1.E0));
#884=VECTOR('',#883,8.5E-1);
#885=CARTESIAN_POINT('',(4.1E0,3.4E0,-4.E0));
#886=LINE('',#885,#884);
#887=DIRECTION('',(0.E0,-1.E0,0.E0));
#888=VECTOR('',#887,2.62E0);
#889=CARTESIAN_POINT('',(4.1E0,3.4E0,-4.85E0));
#890=LINE('',#889,#888);
#891=DIRECTION('',(0.E0,0.E0,1.E0));
#892=VECTOR('',#891,9.E-1);
#893=CARTESIAN_POINT('',(4.1E0,7.8E-1,-4.85E0));
#894=LINE('',#893,#892);
#895=DIRECTION('',(0.E0,1.E0,0.E0));
#896=VECTOR('',#895,1.9E0);
#897=CARTESIAN_POINT('',(4.1E0,7.8E-1,-3.95E0));
#898=LINE('',#897,#896);
#899=DIRECTION('',(0.E0,0.E0,1.E0));
#900=VECTOR('',#899,1.873205080757E0);
#901=CARTESIAN_POINT('',(4.1E0,2.68E0,-3.95E0));
#902=LINE('',#901,#900);
#903=DIRECTION('',(0.E0,-1.E0,-2.220446049241E-14));
#904=VECTOR('',#903,2.000000000008E-2);
#905=CARTESIAN_POINT('',(4.1E0,2.68E0,-2.076794919243E0));
#906=LINE('',#905,#904);
#907=DIRECTION('',(0.E0,0.E0,1.E0));
#908=VECTOR('',#907,1.823205080757E0);
#909=CARTESIAN_POINT('',(4.1E0,2.66E0,-3.9E0));
#910=LINE('',#909,#908);
#911=DIRECTION('',(0.E0,1.E0,0.E0));
#912=VECTOR('',#911,1.9E0);
#913=CARTESIAN_POINT('',(4.1E0,7.599999999999E-1,-3.9E0));
#914=LINE('',#913,#912);
#915=DIRECTION('',(0.E0,0.E0,1.E0));
#916=VECTOR('',#915,6.E-1);
#917=CARTESIAN_POINT('',(4.1E0,7.599999999999E-1,-4.5E0));
#918=LINE('',#917,#916);
#919=DIRECTION('',(0.E0,3.713906763541E-1,9.284766908853E-1));
#920=VECTOR('',#919,2.154065922854E-1);
#921=CARTESIAN_POINT('',(4.1E0,6.799999999999E-1,-4.7E0));
#922=LINE('',#921,#920);
#923=DIRECTION('',(0.E0,0.E0,1.E0));
#924=VECTOR('',#923,3.153589838487E0);
#925=CARTESIAN_POINT('',(3.28E0,6.799999999999E-1,-8.003589838487E0));
#926=LINE('',#925,#924);
#927=DIRECTION('',(1.E0,0.E0,0.E0));
#928=VECTOR('',#927,4.4E-1);
#929=CARTESIAN_POINT('',(3.28E0,6.799999999999E-1,-4.85E0));
#930=LINE('',#929,#928);
#931=DIRECTION('',(0.E0,0.E0,1.E0));
#932=VECTOR('',#931,3.153589838487E0);
#933=CARTESIAN_POINT('',(3.72E0,6.799999999999E-1,-8.003589838487E0));
#934=LINE('',#933,#932);
#935=DIRECTION('',(1.E0,0.E0,0.E0));
#936=VECTOR('',#935,1.817346480207E-1);
#937=CARTESIAN_POINT('',(3.72E0,6.799999999999E-1,-8.003589838487E0));
#938=LINE('',#937,#936);
#939=DIRECTION('',(2.365671640951E-1,0.E0,9.716151382477E-1));
#940=VECTOR('',#939,4.153803523630E-1);
#941=CARTESIAN_POINT('',(3.901734648021E0,6.799999999999E-1,-8.003589838487E0));
#942=LINE('',#941,#940);
#943=DIRECTION('',(0.E0,0.E0,1.E0));
#944=VECTOR('',#943,6.5E-1);
#945=CARTESIAN_POINT('',(4.E0,6.799999999999E-1,-7.6E0));
#946=LINE('',#945,#944);
#947=DIRECTION('',(-4.472135955E-1,0.E0,-8.944271909999E-1));
#948=VECTOR('',#947,2.236067977500E-1);
#949=CARTESIAN_POINT('',(4.1E0,6.799999999999E-1,-6.75E0));
#950=LINE('',#949,#948);
#951=DIRECTION('',(-4.472135955E-1,0.E0,8.944271909999E-1));
#952=VECTOR('',#951,2.236067977500E-1);
#953=CARTESIAN_POINT('',(4.1E0,6.799999999999E-1,-5.85E0));
#954=LINE('',#953,#952);
#955=DIRECTION('',(0.E0,0.E0,1.E0));
#956=VECTOR('',#955,8.E-1);
#957=CARTESIAN_POINT('',(4.E0,6.799999999999E-1,-5.65E0));
#958=LINE('',#957,#956);
#959=DIRECTION('',(-1.E0,0.E0,0.E0));
#960=VECTOR('',#959,1.E-1);
#961=CARTESIAN_POINT('',(4.1E0,6.799999999999E-1,-4.85E0));
#962=LINE('',#961,#960);
#963=DIRECTION('',(1.E0,0.E0,0.E0));
#964=VECTOR('',#963,1.E-1);
#965=CARTESIAN_POINT('',(2.9E0,6.799999999999E-1,-4.85E0));
#966=LINE('',#965,#964);
#967=DIRECTION('',(0.E0,0.E0,-1.E0));
#968=VECTOR('',#967,8.E-1);
#969=CARTESIAN_POINT('',(3.E0,6.799999999999E-1,-4.85E0));
#970=LINE('',#969,#968);
#971=DIRECTION('',(-4.472135955E-1,0.E0,-8.944271909999E-1));
#972=VECTOR('',#971,2.236067977500E-1);
#973=CARTESIAN_POINT('',(3.E0,6.799999999999E-1,-5.65E0));
#974=LINE('',#973,#972);
#975=DIRECTION('',(4.472135955E-1,0.E0,-8.944271909999E-1));
#976=VECTOR('',#975,2.236067977500E-1);
#977=CARTESIAN_POINT('',(2.9E0,6.799999999999E-1,-6.75E0));
#978=LINE('',#977,#976);
#979=DIRECTION('',(0.E0,0.E0,-1.E0));
#980=VECTOR('',#979,6.5E-1);
#981=CARTESIAN_POINT('',(3.E0,6.799999999999E-1,-6.95E0));
#982=LINE('',#981,#980);
#983=DIRECTION('',(-2.365671640951E-1,0.E0,9.716151382477E-1));
#984=VECTOR('',#983,4.153803523630E-1);
#985=CARTESIAN_POINT('',(3.098265351979E0,6.799999999999E-1,-8.003589838487E0));
#986=LINE('',#985,#984);
#987=DIRECTION('',(1.E0,0.E0,0.E0));
#988=VECTOR('',#987,1.817346480207E-1);
#989=CARTESIAN_POINT('',(3.098265351979E0,6.799999999999E-1,-8.003589838487E0));
#990=LINE('',#989,#988);
#991=DIRECTION('',(0.E0,-1.E0,0.E0));
#992=VECTOR('',#991,2.200000000001E-1);
#993=CARTESIAN_POINT('',(3.28E0,4.8E-1,-8.75E0));
#994=LINE('',#993,#992);
#995=DIRECTION('',(0.E0,-1.E0,0.E0));
#996=VECTOR('',#995,6.E-1);
#997=CARTESIAN_POINT('',(3.E0,6.799999999999E-1,-7.6E0));
#998=LINE('',#997,#996);
#999=DIRECTION('',(0.E0,2.588190451025E-1,9.659258262891E-1));
#1000=VECTOR('',#999,7.727406610309E-1);
#1001=CARTESIAN_POINT('',(3.28E0,4.8E-1,-8.75E0));
#1002=LINE('',#1001,#1000);
#1003=DIRECTION('',(-2.289358627826E-1,2.519452017279E-1,9.402722935715E-1));
#1004=VECTOR('',#1003,7.938234132990E-1);
#1005=CARTESIAN_POINT('',(3.28E0,4.8E-1,-8.75E0));
#1006=LINE('',#1005,#1004);
#1007=DIRECTION('',(0.E0,2.588190451025E-1,9.659258262891E-1));
#1008=VECTOR('',#1007,7.727406610310E-1);
#1009=CARTESIAN_POINT('',(3.72E0,4.8E-1,-8.75E0));
#1010=LINE('',#1009,#1008);
#1011=DIRECTION('',(2.289358627826E-1,2.519452017279E-1,9.402722935715E-1));
#1012=VECTOR('',#1011,7.938234132991E-1);
#1013=CARTESIAN_POINT('',(3.72E0,4.8E-1,-8.75E0));
#1014=LINE('',#1013,#1012);
#1015=DIRECTION('',(0.E0,-1.E0,0.E0));
#1016=VECTOR('',#1015,4.2E-1);
#1017=CARTESIAN_POINT('',(3.72E0,6.799999999999E-1,-4.85E0));
#1018=LINE('',#1017,#1016);
#1019=DIRECTION('',(0.E0,-1.E0,3.229739707999E-14));
#1020=VECTOR('',#1019,2.200000000001E-1);
#1021=CARTESIAN_POINT('',(3.72E0,4.8E-1,-8.75E0));
#1022=LINE('',#1021,#1020);
#1023=DIRECTION('',(1.E0,0.E0,0.E0));
#1024=VECTOR('',#1023,4.4E-1);
#1025=CARTESIAN_POINT('',(3.28E0,2.599999999999E-1,-8.75E0));
#1026=LINE('',#1025,#1024);
#1027=DIRECTION('',(0.E0,1.E0,0.E0));
#1028=VECTOR('',#1027,1.8E-1);
#1029=CARTESIAN_POINT('',(3.28E0,7.999999999992E-2,-8.75E0));
#1030=LINE('',#1029,#1028);
#1031=DIRECTION('',(1.E0,0.E0,0.E0));
#1032=VECTOR('',#1031,4.4E-1);
#1033=CARTESIAN_POINT('',(3.28E0,7.999999999992E-2,-8.75E0));
#1034=LINE('',#1033,#1032);
#1035=DIRECTION('',(0.E0,1.E0,-1.973729821556E-14));
#1036=VECTOR('',#1035,1.8E-1);
#1037=CARTESIAN_POINT('',(3.72E0,7.999999999992E-2,-8.75E0));
#1038=LINE('',#1037,#1036);
#1039=DIRECTION('',(0.E0,0.E0,-1.E0));
#1040=VECTOR('',#1039,3.9E0);
#1041=CARTESIAN_POINT('',(3.72E0,2.599999999999E-1,-4.85E0));
#1042=LINE('',#1041,#1040);
#1043=DIRECTION('',(1.E0,0.E0,0.E0));
#1044=VECTOR('',#1043,4.4E-1);
#1045=CARTESIAN_POINT('',(3.28E0,2.599999999999E-1,-4.85E0));
#1046=LINE('',#1045,#1044);
#1047=DIRECTION('',(0.E0,0.E0,1.E0));
#1048=VECTOR('',#1047,3.9E0);
#1049=CARTESIAN_POINT('',(3.28E0,2.599999999999E-1,-8.75E0));
#1050=LINE('',#1049,#1048);
#1051=DIRECTION('',(0.E0,-1.E0,0.E0));
#1052=VECTOR('',#1051,4.2E-1);
#1053=CARTESIAN_POINT('',(3.28E0,6.799999999999E-1,-4.85E0));
#1054=LINE('',#1053,#1052);
#1055=DIRECTION('',(0.E0,0.E0,-1.E0));
#1056=VECTOR('',#1055,8.E-1);
#1057=CARTESIAN_POINT('',(3.E0,7.999999999992E-2,-4.85E0));
#1058=LINE('',#1057,#1056);
#1059=DIRECTION('',(0.E0,0.E0,1.E0));
#1060=VECTOR('',#1059,8.E-1);
#1061=CARTESIAN_POINT('',(4.E0,7.999999999992E-2,-5.65E0));
#1062=LINE('',#1061,#1060);
#1063=DIRECTION('',(-4.472135955E-1,0.E0,8.944271909999E-1));
#1064=VECTOR('',#1063,2.236067977500E-1);
#1065=CARTESIAN_POINT('',(4.1E0,7.999999999992E-2,-5.85E0));
#1066=LINE('',#1065,#1064);
#1067=DIRECTION('',(4.472135955E-1,0.E0,8.944271909999E-1));
#1068=VECTOR('',#1067,2.236067977500E-1);
#1069=CARTESIAN_POINT('',(4.E0,7.999999999992E-2,-6.95E0));
#1070=LINE('',#1069,#1068);
#1071=DIRECTION('',(0.E0,0.E0,1.E0));
#1072=VECTOR('',#1071,6.5E-1);
#1073=CARTESIAN_POINT('',(4.E0,7.999999999992E-2,-7.6E0));
#1074=LINE('',#1073,#1072);
#1075=DIRECTION('',(2.365671640951E-1,0.E0,9.716151382477E-1));
#1076=VECTOR('',#1075,1.183596214931E0);
#1077=CARTESIAN_POINT('',(3.72E0,7.999999999992E-2,-8.75E0));
#1078=LINE('',#1077,#1076);
#1079=DIRECTION('',(2.365671640951E-1,0.E0,-9.716151382477E-1));
#1080=VECTOR('',#1079,1.183596214931E0);
#1081=CARTESIAN_POINT('',(3.E0,7.999999999992E-2,-7.6E0));
#1082=LINE('',#1081,#1080);
#1083=DIRECTION('',(0.E0,0.E0,-1.E0));
#1084=VECTOR('',#1083,6.5E-1);
#1085=CARTESIAN_POINT('',(3.E0,7.999999999992E-2,-6.95E0));
#1086=LINE('',#1085,#1084);
#1087=DIRECTION('',(4.472135955E-1,0.E0,-8.944271909999E-1));
#1088=VECTOR('',#1087,2.236067977500E-1);
#1089=CARTESIAN_POINT('',(2.9E0,7.999999999992E-2,-6.75E0));
#1090=LINE('',#1089,#1088);
#1091=DIRECTION('',(-4.472135955E-1,0.E0,-8.944271909999E-1));
#1092=VECTOR('',#1091,2.236067977500E-1);
#1093=CARTESIAN_POINT('',(3.E0,7.999999999992E-2,-5.65E0));
#1094=LINE('',#1093,#1092);
#1095=DIRECTION('',(0.E0,-1.E0,0.E0));
#1096=VECTOR('',#1095,6.E-1);
#1097=CARTESIAN_POINT('',(3.E0,6.799999999999E-1,-4.85E0));
#1098=LINE('',#1097,#1096);
#1099=DIRECTION('',(0.E0,-1.E0,0.E0));
#1100=VECTOR('',#1099,6.E-1);
#1101=CARTESIAN_POINT('',(3.E0,6.799999999999E-1,-5.65E0));
#1102=LINE('',#1101,#1100);
#1103=DIRECTION('',(0.E0,1.E0,0.E0));
#1104=VECTOR('',#1103,6.E-1);
#1105=CARTESIAN_POINT('',(2.9E0,7.999999999992E-2,-5.85E0));
#1106=LINE('',#1105,#1104);
#1107=DIRECTION('',(0.E0,0.E0,-1.E0));
#1108=VECTOR('',#1107,9.E-1);
#1109=CARTESIAN_POINT('',(2.9E0,7.999999999992E-2,-5.85E0));
#1110=LINE('',#1109,#1108);
#1111=DIRECTION('',(0.E0,1.E0,0.E0));
#1112=VECTOR('',#1111,6.E-1);
#1113=CARTESIAN_POINT('',(2.9E0,7.999999999992E-2,-6.75E0));
#1114=LINE('',#1113,#1112);
#1115=DIRECTION('',(0.E0,0.E0,1.E0));
#1116=VECTOR('',#1115,9.E-1);
#1117=CARTESIAN_POINT('',(2.9E0,6.799999999999E-1,-6.75E0));
#1118=LINE('',#1117,#1116);
#1119=DIRECTION('',(0.E0,1.E0,0.E0));
#1120=VECTOR('',#1119,1.14E0);
#1121=CARTESIAN_POINT('',(2.9E0,4.799999999999E-1,3.7E0));
#1122=LINE('',#1121,#1120);
#1123=DIRECTION('',(0.E0,0.E0,-1.E0));
#1124=VECTOR('',#1123,5.15E0);
#1125=CARTESIAN_POINT('',(2.9E0,4.799999999999E-1,3.7E0));
#1126=LINE('',#1125,#1124);
#1127=DIRECTION('',(0.E0,-5.547001962252E-1,-8.320502943378E-1));
#1128=VECTOR('',#1127,7.211102550928E-1);
#1129=CARTESIAN_POINT('',(2.9E0,4.799999999999E-1,-1.45E0));
#1130=LINE('',#1129,#1128);
#1131=DIRECTION('',(1.657363494254E-14,-3.314726988507E-14,1.E0));
#1132=VECTOR('',#1131,2.679491924311E-2);
#1133=CARTESIAN_POINT('',(2.9E0,2.66E0,-2.076794919243E0));
#1134=LINE('',#1133,#1132);
#1135=DIRECTION('',(0.E0,-1.E0,0.E0));
#1136=VECTOR('',#1135,1.153E0);
#1137=CARTESIAN_POINT('',(2.9E0,2.66E0,-2.05E0));
#1138=LINE('',#1137,#1136);
#1139=DIRECTION('',(0.E0,0.E0,1.E0));
#1140=VECTOR('',#1139,7.E-1);
#1141=CARTESIAN_POINT('',(2.9E0,1.507E0,-2.05E0));
#1142=LINE('',#1141,#1140);
#1143=DIRECTION('',(0.E0,1.E0,0.E0));
#1144=VECTOR('',#1143,1.13E-1);
#1145=CARTESIAN_POINT('',(2.9E0,1.507E0,-1.35E0));
#1146=LINE('',#1145,#1144);
#1147=DIRECTION('',(0.E0,0.E0,1.E0));
#1148=VECTOR('',#1147,5.05E0);
#1149=CARTESIAN_POINT('',(2.9E0,1.62E0,-1.35E0));
#1150=LINE('',#1149,#1148);
#1151=DIRECTION('',(0.E0,-1.E0,0.E0));
#1152=VECTOR('',#1151,6.E-1);
#1153=CARTESIAN_POINT('',(3.E0,6.799999999999E-1,-6.95E0));
#1154=LINE('',#1153,#1152);
#1155=DIRECTION('',(-1.924500897299E-1,1.924500897299E-1,-9.622504486494E-1));
#1156=VECTOR('',#1155,7.794228634060E-1);
#1157=CARTESIAN_POINT('',(3.05E0,1.47E0,4.45E0));
#1158=LINE('',#1157,#1156);
#1159=DIRECTION('',(1.924500897299E-1,1.924500897299E-1,-9.622504486494E-1));
#1160=VECTOR('',#1159,7.794228634060E-1);
#1161=CARTESIAN_POINT('',(3.95E0,1.47E0,4.45E0));
#1162=LINE('',#1161,#1160);
#1163=DIRECTION('',(-1.E0,0.E0,0.E0));
#1164=VECTOR('',#1163,1.2E0);
#1165=CARTESIAN_POINT('',(4.1E0,1.62E0,3.7E0));
#1166=LINE('',#1165,#1164);
#1167=DIRECTION('',(1.E0,0.E0,0.E0));
#1168=VECTOR('',#1167,1.2E0);
#1169=CARTESIAN_POINT('',(2.9E0,1.62E0,-1.35E0));
#1170=LINE('',#1169,#1168);
#1171=DIRECTION('',(1.E0,0.E0,0.E0));
#1172=VECTOR('',#1171,1.2E0);
#1173=CARTESIAN_POINT('',(2.9E0,1.507E0,-1.35E0));
#1174=LINE('',#1173,#1172);
#1175=DIRECTION('',(1.E0,0.E0,0.E0));
#1176=VECTOR('',#1175,1.2E0);
#1177=CARTESIAN_POINT('',(2.9E0,1.507E0,-2.05E0));
#1178=LINE('',#1177,#1176);
#1179=DIRECTION('',(1.E0,0.E0,0.E0));
#1180=VECTOR('',#1179,1.2E0);
#1181=CARTESIAN_POINT('',(2.9E0,2.66E0,-2.05E0));
#1182=LINE('',#1181,#1180);
#1183=DIRECTION('',(1.E0,0.E0,0.E0));
#1184=VECTOR('',#1183,1.2E0);
#1185=CARTESIAN_POINT('',(2.9E0,2.66E0,-3.9E0));
#1186=LINE('',#1185,#1184);
#1187=DIRECTION('',(0.E0,1.E0,0.E0));
#1188=VECTOR('',#1187,6.E-1);
#1189=CARTESIAN_POINT('',(4.1E0,7.999999999992E-2,-5.85E0));
#1190=LINE('',#1189,#1188);
#1191=DIRECTION('',(0.E0,0.E0,1.E0));
#1192=VECTOR('',#1191,9.E-1);
#1193=CARTESIAN_POINT('',(4.1E0,6.799999999999E-1,-6.75E0));
#1194=LINE('',#1193,#1192);
#1195=DIRECTION('',(0.E0,1.E0,0.E0));
#1196=VECTOR('',#1195,6.E-1);
#1197=CARTESIAN_POINT('',(4.1E0,7.999999999992E-2,-6.75E0));
#1198=LINE('',#1197,#1196);
#1199=DIRECTION('',(0.E0,0.E0,-1.E0));
#1200=VECTOR('',#1199,9.E-1);
#1201=CARTESIAN_POINT('',(4.1E0,7.999999999992E-2,-5.85E0));
#1202=LINE('',#1201,#1200);
#1203=DIRECTION('',(0.E0,-1.E0,0.E0));
#1204=VECTOR('',#1203,1.14E0);
#1205=CARTESIAN_POINT('',(4.1E0,1.62E0,3.7E0));
#1206=LINE('',#1205,#1204);
#1207=DIRECTION('',(0.E0,0.E0,1.E0));
#1208=VECTOR('',#1207,5.05E0);
#1209=CARTESIAN_POINT('',(4.1E0,1.62E0,-1.35E0));
#1210=LINE('',#1209,#1208);
#1211=DIRECTION('',(0.E0,1.E0,0.E0));
#1212=VECTOR('',#1211,1.13E-1);
#1213=CARTESIAN_POINT('',(4.1E0,1.507E0,-1.35E0));
#1214=LINE('',#1213,#1212);
#1215=DIRECTION('',(0.E0,0.E0,1.E0));
#1216=VECTOR('',#1215,7.E-1);
#1217=CARTESIAN_POINT('',(4.1E0,1.507E0,-2.05E0));
#1218=LINE('',#1217,#1216);
#1219=DIRECTION('',(0.E0,-1.E0,0.E0));
#1220=VECTOR('',#1219,1.153E0);
#1221=CARTESIAN_POINT('',(4.1E0,2.66E0,-2.05E0));
#1222=LINE('',#1221,#1220);
#1223=DIRECTION('',(-3.314726988507E-14,-1.657363494254E-14,1.E0));
#1224=VECTOR('',#1223,2.679491924311E-2);
#1225=CARTESIAN_POINT('',(4.1E0,2.66E0,-2.076794919243E0));
#1226=LINE('',#1225,#1224);
#1227=DIRECTION('',(0.E0,-5.547001962252E-1,-8.320502943378E-1));
#1228=VECTOR('',#1227,7.211102550928E-1);
#1229=CARTESIAN_POINT('',(4.1E0,4.799999999999E-1,-1.45E0));
#1230=LINE('',#1229,#1228);
#1231=DIRECTION('',(0.E0,0.E0,-1.E0));
#1232=VECTOR('',#1231,5.15E0);
#1233=CARTESIAN_POINT('',(4.1E0,4.799999999999E-1,3.7E0));
#1234=LINE('',#1233,#1232);
#1235=DIRECTION('',(0.E0,-1.E0,0.E0));
#1236=VECTOR('',#1235,6.E-1);
#1237=CARTESIAN_POINT('',(4.E0,6.799999999999E-1,-5.65E0));
#1238=LINE('',#1237,#1236);
#1239=DIRECTION('',(1.E0,0.E0,0.E0));
#1240=VECTOR('',#1239,1.2E0);
#1241=CARTESIAN_POINT('',(2.9E0,7.8E-1,-4.85E0));
#1242=LINE('',#1241,#1240);
#1243=DIRECTION('',(-1.E0,0.E0,0.E0));
#1244=VECTOR('',#1243,1.2E0);
#1245=CARTESIAN_POINT('',(4.1E0,3.4E0,-4.85E0));
#1246=LINE('',#1245,#1244);
#1247=DIRECTION('',(0.E0,-1.E0,0.E0));
#1248=VECTOR('',#1247,6.E-1);
#1249=CARTESIAN_POINT('',(4.E0,6.799999999999E-1,-4.85E0));
#1250=LINE('',#1249,#1248);
#1251=DIRECTION('',(1.E0,0.E0,0.E0));
#1252=VECTOR('',#1251,1.E0);
#1253=CARTESIAN_POINT('',(3.E0,7.999999999992E-2,-4.85E0));
#1254=LINE('',#1253,#1252);
#1255=DIRECTION('',(0.E0,-1.E0,0.E0));
#1256=VECTOR('',#1255,2.23E0);
#1257=CARTESIAN_POINT('',(2.9E0,6.799999999999E-1,-4.85E0));
#1258=LINE('',#1257,#1256);
#1259=DIRECTION('',(0.E0,0.E0,1.E0));
#1260=VECTOR('',#1259,1.5E-1);
#1261=CARTESIAN_POINT('',(2.9E0,6.799999999999E-1,-4.85E0));
#1262=LINE('',#1261,#1260);
#1263=DIRECTION('',(0.E0,3.713906763541E-1,9.284766908853E-1));
#1264=VECTOR('',#1263,2.154065922854E-1);
#1265=CARTESIAN_POINT('',(2.9E0,6.799999999999E-1,-4.7E0));
#1266=LINE('',#1265,#1264);
#1267=DIRECTION('',(0.E0,0.E0,1.E0));
#1268=VECTOR('',#1267,6.E-1);
#1269=CARTESIAN_POINT('',(2.9E0,7.599999999999E-1,-4.5E0));
#1270=LINE('',#1269,#1268);
#1271=DIRECTION('',(0.E0,1.E0,0.E0));
#1272=VECTOR('',#1271,1.9E0);
#1273=CARTESIAN_POINT('',(2.9E0,7.599999999999E-1,-3.9E0));
#1274=LINE('',#1273,#1272);
#1275=DIRECTION('',(0.E0,0.E0,1.E0));
#1276=VECTOR('',#1275,1.823205080757E0);
#1277=CARTESIAN_POINT('',(2.9E0,2.66E0,-3.9E0));
#1278=LINE('',#1277,#1276);
#1279=DIRECTION('',(-2.220446049241E-14,1.E0,0.E0));
#1280=VECTOR('',#1279,2.000000000008E-2);
#1281=CARTESIAN_POINT('',(2.9E0,2.66E0,-2.076794919243E0));
#1282=LINE('',#1281,#1280);
#1283=DIRECTION('',(0.E0,0.E0,1.E0));
#1284=VECTOR('',#1283,1.873205080757E0);
#1285=CARTESIAN_POINT('',(2.9E0,2.68E0,-3.95E0));
#1286=LINE('',#1285,#1284);
#1287=DIRECTION('',(0.E0,1.E0,0.E0));
#1288=VECTOR('',#1287,1.9E0);
#1289=CARTESIAN_POINT('',(2.9E0,7.8E-1,-3.95E0));
#1290=LINE('',#1289,#1288);
#1291=DIRECTION('',(0.E0,0.E0,1.E0));
#1292=VECTOR('',#1291,9.E-1);
#1293=CARTESIAN_POINT('',(2.9E0,7.8E-1,-4.85E0));
#1294=LINE('',#1293,#1292);
#1295=DIRECTION('',(0.E0,-1.E0,0.E0));
#1296=VECTOR('',#1295,2.62E0);
#1297=CARTESIAN_POINT('',(2.9E0,3.4E0,-4.85E0));
#1298=LINE('',#1297,#1296);
#1299=DIRECTION('',(0.E0,0.E0,-1.E0));
#1300=VECTOR('',#1299,8.5E-1);
#1301=CARTESIAN_POINT('',(2.9E0,3.4E0,-4.E0));
#1302=LINE('',#1301,#1300);
#1303=DIRECTION('',(0.E0,-1.E0,0.E0));
#1304=VECTOR('',#1303,4.E-1);
#1305=CARTESIAN_POINT('',(2.9E0,3.8E0,-4.E0));
#1306=LINE('',#1305,#1304);
#1307=DIRECTION('',(0.E0,-1.E0,0.E0));
#1308=VECTOR('',#1307,7.6E0);
#1309=CARTESIAN_POINT('',(2.9E0,3.8E0,-5.25E0));
#1310=LINE('',#1309,#1308);
#1311=DIRECTION('',(0.E0,-1.E0,0.E0));
#1312=VECTOR('',#1311,2.25E0);
#1313=CARTESIAN_POINT('',(2.9E0,-1.55E0,-4.E0));
#1314=LINE('',#1313,#1312);
#1315=DIRECTION('',(0.E0,0.E0,1.E0));
#1316=VECTOR('',#1315,8.5E-1);
#1317=CARTESIAN_POINT('',(2.9E0,-1.55E0,-4.85E0));
#1318=LINE('',#1317,#1316);
#1319=DIRECTION('',(1.E0,0.E0,0.E0));
#1320=VECTOR('',#1319,1.2E0);
#1321=CARTESIAN_POINT('',(2.9E0,6.799999999999E-1,-4.7E0));
#1322=LINE('',#1321,#1320);
#1323=DIRECTION('',(1.E0,0.E0,0.E0));
#1324=VECTOR('',#1323,1.2E0);
#1325=CARTESIAN_POINT('',(2.9E0,7.599999999999E-1,-4.5E0));
#1326=LINE('',#1325,#1324);
#1327=DIRECTION('',(1.E0,0.E0,0.E0));
#1328=VECTOR('',#1327,1.2E0);
#1329=CARTESIAN_POINT('',(2.9E0,7.599999999999E-1,-3.9E0));
#1330=LINE('',#1329,#1328);
#1331=DIRECTION('',(0.E0,-1.E0,0.E0));
#1332=VECTOR('',#1331,2.48E0);
#1333=CARTESIAN_POINT('',(2.9E0,2.66E0,-2.076794919243E0));
#1334=LINE('',#1333,#1332);
#1335=DIRECTION('',(6.947465906069E-1,-6.947465906069E-1,-1.861567878974E-1));
#1336=VECTOR('',#1335,1.439373742196E-1);
#1337=CARTESIAN_POINT('',(2.8E0,2.78E0,-2.05E0));
#1338=LINE('',#1337,#1336);
#1339=DIRECTION('',(0.E0,-9.659258262891E-1,2.588190451024E-1));
#1340=VECTOR('',#1339,1.035276180411E-1);
#1341=CARTESIAN_POINT('',(2.9E0,1.8E-1,-2.076794919243E0));
#1342=LINE('',#1341,#1340);
#1343=DIRECTION('',(6.947465906069E-1,6.947465906069E-1,-1.861567878974E-1));
#1344=VECTOR('',#1343,1.439373742196E-1);
#1345=CARTESIAN_POINT('',(2.8E0,8.E-2,-2.05E0));
#1346=LINE('',#1345,#1344);
#1347=DIRECTION('',(0.E0,-9.659258262891E-1,2.588190451024E-1));
#1348=VECTOR('',#1347,1.035276180411E-1);
#1349=CARTESIAN_POINT('',(4.1E0,1.8E-1,-2.076794919243E0));
#1350=LINE('',#1349,#1348);
#1351=DIRECTION('',(0.E0,-1.E0,0.E0));
#1352=VECTOR('',#1351,2.48E0);
#1353=CARTESIAN_POINT('',(4.1E0,2.66E0,-2.076794919243E0));
#1354=LINE('',#1353,#1352);
#1355=DIRECTION('',(-6.947465906069E-1,6.947465906069E-1,-1.861567878974E-1));
#1356=VECTOR('',#1355,1.439373742196E-1);
#1357=CARTESIAN_POINT('',(4.2E0,8.E-2,-2.05E0));
#1358=LINE('',#1357,#1356);
#1359=DIRECTION('',(-6.947465906069E-1,-6.947465906069E-1,-1.861567878974E-1));
#1360=VECTOR('',#1359,1.439373742196E-1);
#1361=CARTESIAN_POINT('',(4.2E0,2.78E0,-2.05E0));
#1362=LINE('',#1361,#1360);
#1363=DIRECTION('',(1.E0,0.E0,0.E0));
#1364=VECTOR('',#1363,1.2E0);
#1365=CARTESIAN_POINT('',(2.9E0,2.68E0,-2.076794919243E0));
#1366=LINE('',#1365,#1364);
#1367=DIRECTION('',(-1.E0,0.E0,0.E0));
#1368=VECTOR('',#1367,1.2E0);
#1369=CARTESIAN_POINT('',(4.1E0,2.68E0,-3.95E0));
#1370=LINE('',#1369,#1368);
#1371=DIRECTION('',(-1.E0,0.E0,0.E0));
#1372=VECTOR('',#1371,1.2E0);
#1373=CARTESIAN_POINT('',(4.1E0,7.8E-1,-3.95E0));
#1374=LINE('',#1373,#1372);
#1375=DIRECTION('',(-1.E0,0.E0,0.E0));
#1376=VECTOR('',#1375,1.2E0);
#1377=CARTESIAN_POINT('',(4.1E0,3.4E0,-4.E0));
#1378=LINE('',#1377,#1376);
#1379=DIRECTION('',(-1.E0,0.E0,0.E0));
#1380=VECTOR('',#1379,1.2E0);
#1381=CARTESIAN_POINT('',(4.1E0,-1.55E0,-4.E0));
#1382=LINE('',#1381,#1380);
#1383=DIRECTION('',(-1.E0,0.E0,0.E0));
#1384=VECTOR('',#1383,1.2E0);
#1385=CARTESIAN_POINT('',(4.1E0,-1.55E0,-4.85E0));
#1386=LINE('',#1385,#1384);
#1387=DIRECTION('',(0.E0,-1.E0,0.E0));
#1388=VECTOR('',#1387,6.E-1);
#1389=CARTESIAN_POINT('',(4.E0,6.799999999999E-1,-6.95E0));
#1390=LINE('',#1389,#1388);
#1391=DIRECTION('',(0.E0,-1.E0,0.E0));
#1392=VECTOR('',#1391,6.E-1);
#1393=CARTESIAN_POINT('',(4.E0,6.799999999999E-1,-7.6E0));
#1394=LINE('',#1393,#1392);
#1395=DIRECTION('',(1.924500897299E-1,-1.924500897299E-1,-9.622504486494E-1));
#1396=VECTOR('',#1395,7.794228634060E-1);
#1397=CARTESIAN_POINT('',(3.95E0,6.299999999999E-1,4.45E0));
#1398=LINE('',#1397,#1396);
#1399=DIRECTION('',(0.E0,-1.E0,0.E0));
#1400=VECTOR('',#1399,8.4E-1);
#1401=CARTESIAN_POINT('',(3.95E0,1.47E0,4.45E0));
#1402=LINE('',#1401,#1400);
#1403=DIRECTION('',(-1.E0,0.E0,0.E0));
#1404=VECTOR('',#1403,9.E-1);
#1405=CARTESIAN_POINT('',(3.95E0,6.299999999999E-1,4.45E0));
#1406=LINE('',#1405,#1404);
#1407=DIRECTION('',(0.E0,1.E0,0.E0));
#1408=VECTOR('',#1407,8.4E-1);
#1409=CARTESIAN_POINT('',(3.05E0,6.299999999999E-1,4.45E0));
#1410=LINE('',#1409,#1408);
#1411=DIRECTION('',(-1.E0,0.E0,0.E0));
#1412=VECTOR('',#1411,9.E-1);
#1413=CARTESIAN_POINT('',(3.95E0,1.47E0,4.45E0));
#1414=LINE('',#1413,#1412);
#1415=DIRECTION('',(-1.924500897299E-1,-1.924500897299E-1,-9.622504486494E-1));
#1416=VECTOR('',#1415,7.794228634060E-1);
#1417=CARTESIAN_POINT('',(3.05E0,6.299999999999E-1,4.45E0));
#1418=LINE('',#1417,#1416);
#1419=DIRECTION('',(-1.E0,0.E0,0.E0));
#1420=VECTOR('',#1419,1.2E0);
#1421=CARTESIAN_POINT('',(4.1E0,4.799999999999E-1,3.7E0));
#1422=LINE('',#1421,#1420);
#1423=DIRECTION('',(1.E0,0.E0,0.E0));
#1424=VECTOR('',#1423,1.2E0);
#1425=CARTESIAN_POINT('',(2.9E0,4.799999999999E-1,-1.45E0));
#1426=LINE('',#1425,#1424);
#1427=DIRECTION('',(0.E0,0.E0,1.E0));
#1428=VECTOR('',#1427,1.5E-1);
#1429=CARTESIAN_POINT('',(6.E-1,6.799999999999E-1,-4.85E0));
#1430=LINE('',#1429,#1428);
#1431=DIRECTION('',(0.E0,-1.E0,0.E0));
#1432=VECTOR('',#1431,2.23E0);
#1433=CARTESIAN_POINT('',(6.E-1,6.799999999999E-1,-4.85E0));
#1434=LINE('',#1433,#1432);
#1435=DIRECTION('',(0.E0,0.E0,1.E0));
#1436=VECTOR('',#1435,8.5E-1);
#1437=CARTESIAN_POINT('',(6.E-1,-1.55E0,-4.85E0));
#1438=LINE('',#1437,#1436);
#1439=DIRECTION('',(0.E0,-1.E0,0.E0));
#1440=VECTOR('',#1439,2.25E0);
#1441=CARTESIAN_POINT('',(6.E-1,-1.55E0,-4.E0));
#1442=LINE('',#1441,#1440);
#1443=DIRECTION('',(0.E0,1.E0,0.E0));
#1444=VECTOR('',#1443,7.6E0);
#1445=CARTESIAN_POINT('',(6.E-1,-3.8E0,-5.25E0));
#1446=LINE('',#1445,#1444);
#1447=DIRECTION('',(0.E0,-1.E0,0.E0));
#1448=VECTOR('',#1447,4.E-1);
#1449=CARTESIAN_POINT('',(6.E-1,3.8E0,-4.E0));
#1450=LINE('',#1449,#1448);
#1451=DIRECTION('',(0.E0,0.E0,-1.E0));
#1452=VECTOR('',#1451,8.5E-1);
#1453=CARTESIAN_POINT('',(6.E-1,3.4E0,-4.E0));
#1454=LINE('',#1453,#1452);
#1455=DIRECTION('',(0.E0,-1.E0,0.E0));
#1456=VECTOR('',#1455,2.62E0);
#1457=CARTESIAN_POINT('',(6.E-1,3.4E0,-4.85E0));
#1458=LINE('',#1457,#1456);
#1459=DIRECTION('',(0.E0,0.E0,1.E0));
#1460=VECTOR('',#1459,9.E-1);
#1461=CARTESIAN_POINT('',(6.E-1,7.8E-1,-4.85E0));
#1462=LINE('',#1461,#1460);
#1463=DIRECTION('',(0.E0,1.E0,0.E0));
#1464=VECTOR('',#1463,1.9E0);
#1465=CARTESIAN_POINT('',(6.E-1,7.8E-1,-3.95E0));
#1466=LINE('',#1465,#1464);
#1467=DIRECTION('',(0.E0,0.E0,1.E0));
#1468=VECTOR('',#1467,1.873205080757E0);
#1469=CARTESIAN_POINT('',(6.E-1,2.68E0,-3.95E0));
#1470=LINE('',#1469,#1468);
#1471=DIRECTION('',(0.E0,-1.E0,0.E0));
#1472=VECTOR('',#1471,2.000000000008E-2);
#1473=CARTESIAN_POINT('',(6.E-1,2.68E0,-2.076794919243E0));
#1474=LINE('',#1473,#1472);
#1475=DIRECTION('',(0.E0,0.E0,1.E0));
#1476=VECTOR('',#1475,1.823205080757E0);
#1477=CARTESIAN_POINT('',(6.E-1,2.66E0,-3.9E0));
#1478=LINE('',#1477,#1476);
#1479=DIRECTION('',(0.E0,1.E0,0.E0));
#1480=VECTOR('',#1479,1.9E0);
#1481=CARTESIAN_POINT('',(6.E-1,7.599999999999E-1,-3.9E0));
#1482=LINE('',#1481,#1480);
#1483=DIRECTION('',(0.E0,0.E0,1.E0));
#1484=VECTOR('',#1483,6.E-1);
#1485=CARTESIAN_POINT('',(6.E-1,7.599999999999E-1,-4.5E0));
#1486=LINE('',#1485,#1484);
#1487=DIRECTION('',(0.E0,3.713906763541E-1,9.284766908853E-1));
#1488=VECTOR('',#1487,2.154065922854E-1);
#1489=CARTESIAN_POINT('',(6.E-1,6.799999999999E-1,-4.7E0));
#1490=LINE('',#1489,#1488);
#1491=DIRECTION('',(0.E0,0.E0,1.E0));
#1492=VECTOR('',#1491,3.153589838487E0);
#1493=CARTESIAN_POINT('',(-2.2E-1,6.799999999999E-1,-8.003589838487E0));
#1494=LINE('',#1493,#1492);
#1495=DIRECTION('',(1.E0,0.E0,0.E0));
#1496=VECTOR('',#1495,4.4E-1);
#1497=CARTESIAN_POINT('',(-2.2E-1,6.799999999999E-1,-4.85E0));
#1498=LINE('',#1497,#1496);
#1499=DIRECTION('',(0.E0,0.E0,1.E0));
#1500=VECTOR('',#1499,3.153589838487E0);
#1501=CARTESIAN_POINT('',(2.2E-1,6.799999999999E-1,-8.003589838487E0));
#1502=LINE('',#1501,#1500);
#1503=DIRECTION('',(1.E0,0.E0,0.E0));
#1504=VECTOR('',#1503,1.817346480207E-1);
#1505=CARTESIAN_POINT('',(2.2E-1,6.799999999999E-1,-8.003589838487E0));
#1506=LINE('',#1505,#1504);
#1507=DIRECTION('',(2.365671640951E-1,0.E0,9.716151382477E-1));
#1508=VECTOR('',#1507,4.153803523630E-1);
#1509=CARTESIAN_POINT('',(4.017346480207E-1,6.799999999999E-1,
-8.003589838487E0));
#1510=LINE('',#1509,#1508);
#1511=DIRECTION('',(0.E0,0.E0,1.E0));
#1512=VECTOR('',#1511,6.5E-1);
#1513=CARTESIAN_POINT('',(5.E-1,6.799999999999E-1,-7.6E0));
#1514=LINE('',#1513,#1512);
#1515=DIRECTION('',(-4.472135955E-1,0.E0,-8.944271909999E-1));
#1516=VECTOR('',#1515,2.236067977500E-1);
#1517=CARTESIAN_POINT('',(6.E-1,6.799999999999E-1,-6.75E0));
#1518=LINE('',#1517,#1516);
#1519=DIRECTION('',(-4.472135955E-1,0.E0,8.944271909999E-1));
#1520=VECTOR('',#1519,2.236067977500E-1);
#1521=CARTESIAN_POINT('',(6.E-1,6.799999999999E-1,-5.85E0));
#1522=LINE('',#1521,#1520);
#1523=DIRECTION('',(0.E0,0.E0,1.E0));
#1524=VECTOR('',#1523,8.E-1);
#1525=CARTESIAN_POINT('',(5.E-1,6.799999999999E-1,-5.65E0));
#1526=LINE('',#1525,#1524);
#1527=DIRECTION('',(-1.E0,0.E0,0.E0));
#1528=VECTOR('',#1527,1.E-1);
#1529=CARTESIAN_POINT('',(6.E-1,6.799999999999E-1,-4.85E0));
#1530=LINE('',#1529,#1528);
#1531=DIRECTION('',(1.E0,0.E0,0.E0));
#1532=VECTOR('',#1531,1.E-1);
#1533=CARTESIAN_POINT('',(-6.E-1,6.799999999999E-1,-4.85E0));
#1534=LINE('',#1533,#1532);
#1535=DIRECTION('',(0.E0,0.E0,-1.E0));
#1536=VECTOR('',#1535,8.E-1);
#1537=CARTESIAN_POINT('',(-5.E-1,6.799999999999E-1,-4.85E0));
#1538=LINE('',#1537,#1536);
#1539=DIRECTION('',(-4.472135955E-1,0.E0,-8.944271909999E-1));
#1540=VECTOR('',#1539,2.236067977500E-1);
#1541=CARTESIAN_POINT('',(-5.E-1,6.799999999999E-1,-5.65E0));
#1542=LINE('',#1541,#1540);
#1543=DIRECTION('',(4.472135955E-1,0.E0,-8.944271909999E-1));
#1544=VECTOR('',#1543,2.236067977500E-1);
#1545=CARTESIAN_POINT('',(-6.E-1,6.799999999999E-1,-6.75E0));
#1546=LINE('',#1545,#1544);
#1547=DIRECTION('',(0.E0,0.E0,-1.E0));
#1548=VECTOR('',#1547,6.5E-1);
#1549=CARTESIAN_POINT('',(-5.E-1,6.799999999999E-1,-6.95E0));
#1550=LINE('',#1549,#1548);
#1551=DIRECTION('',(-2.365671640951E-1,0.E0,9.716151382477E-1));
#1552=VECTOR('',#1551,4.153803523630E-1);
#1553=CARTESIAN_POINT('',(-4.017346480207E-1,6.799999999999E-1,
-8.003589838487E0));
#1554=LINE('',#1553,#1552);
#1555=DIRECTION('',(1.E0,0.E0,0.E0));
#1556=VECTOR('',#1555,1.817346480207E-1);
#1557=CARTESIAN_POINT('',(-4.017346480207E-1,6.799999999999E-1,
-8.003589838487E0));
#1558=LINE('',#1557,#1556);
#1559=DIRECTION('',(0.E0,-1.E0,0.E0));
#1560=VECTOR('',#1559,2.200000000001E-1);
#1561=CARTESIAN_POINT('',(-2.2E-1,4.8E-1,-8.75E0));
#1562=LINE('',#1561,#1560);
#1563=DIRECTION('',(0.E0,-1.E0,0.E0));
#1564=VECTOR('',#1563,6.E-1);
#1565=CARTESIAN_POINT('',(-5.E-1,6.799999999999E-1,-7.6E0));
#1566=LINE('',#1565,#1564);
#1567=DIRECTION('',(0.E0,2.588190451025E-1,9.659258262891E-1));
#1568=VECTOR('',#1567,7.727406610309E-1);
#1569=CARTESIAN_POINT('',(-2.2E-1,4.8E-1,-8.75E0));
#1570=LINE('',#1569,#1568);
#1571=DIRECTION('',(-2.289358627826E-1,2.519452017279E-1,9.402722935715E-1));
#1572=VECTOR('',#1571,7.938234132990E-1);
#1573=CARTESIAN_POINT('',(-2.2E-1,4.8E-1,-8.75E0));
#1574=LINE('',#1573,#1572);
#1575=DIRECTION('',(0.E0,2.588190451025E-1,9.659258262891E-1));
#1576=VECTOR('',#1575,7.727406610310E-1);
#1577=CARTESIAN_POINT('',(2.2E-1,4.8E-1,-8.75E0));
#1578=LINE('',#1577,#1576);
#1579=DIRECTION('',(2.289358627826E-1,2.519452017279E-1,9.402722935715E-1));
#1580=VECTOR('',#1579,7.938234132991E-1);
#1581=CARTESIAN_POINT('',(2.2E-1,4.8E-1,-8.75E0));
#1582=LINE('',#1581,#1580);
#1583=DIRECTION('',(0.E0,-1.E0,0.E0));
#1584=VECTOR('',#1583,4.2E-1);
#1585=CARTESIAN_POINT('',(2.2E-1,6.799999999999E-1,-4.85E0));
#1586=LINE('',#1585,#1584);
#1587=DIRECTION('',(0.E0,-1.E0,2.422304780999E-14));
#1588=VECTOR('',#1587,2.200000000001E-1);
#1589=CARTESIAN_POINT('',(2.2E-1,4.8E-1,-8.75E0));
#1590=LINE('',#1589,#1588);
#1591=DIRECTION('',(1.E0,0.E0,0.E0));
#1592=VECTOR('',#1591,4.4E-1);
#1593=CARTESIAN_POINT('',(-2.2E-1,2.599999999999E-1,-8.75E0));
#1594=LINE('',#1593,#1592);
#1595=DIRECTION('',(0.E0,1.E0,0.E0));
#1596=VECTOR('',#1595,1.8E-1);
#1597=CARTESIAN_POINT('',(-2.2E-1,7.999999999992E-2,-8.75E0));
#1598=LINE('',#1597,#1596);
#1599=DIRECTION('',(1.E0,0.E0,0.E0));
#1600=VECTOR('',#1599,4.4E-1);
#1601=CARTESIAN_POINT('',(-2.2E-1,7.999999999992E-2,-8.75E0));
#1602=LINE('',#1601,#1600);
#1603=DIRECTION('',(0.E0,1.E0,-1.973729821556E-14));
#1604=VECTOR('',#1603,1.8E-1);
#1605=CARTESIAN_POINT('',(2.2E-1,7.999999999992E-2,-8.75E0));
#1606=LINE('',#1605,#1604);
#1607=DIRECTION('',(0.E0,0.E0,-1.E0));
#1608=VECTOR('',#1607,3.9E0);
#1609=CARTESIAN_POINT('',(2.2E-1,2.599999999999E-1,-4.85E0));
#1610=LINE('',#1609,#1608);
#1611=DIRECTION('',(1.E0,0.E0,0.E0));
#1612=VECTOR('',#1611,4.4E-1);
#1613=CARTESIAN_POINT('',(-2.2E-1,2.599999999999E-1,-4.85E0));
#1614=LINE('',#1613,#1612);
#1615=DIRECTION('',(0.E0,0.E0,1.E0));
#1616=VECTOR('',#1615,3.9E0);
#1617=CARTESIAN_POINT('',(-2.2E-1,2.599999999999E-1,-8.75E0));
#1618=LINE('',#1617,#1616);
#1619=DIRECTION('',(0.E0,-1.E0,0.E0));
#1620=VECTOR('',#1619,4.2E-1);
#1621=CARTESIAN_POINT('',(-2.2E-1,6.799999999999E-1,-4.85E0));
#1622=LINE('',#1621,#1620);
#1623=DIRECTION('',(0.E0,0.E0,-1.E0));
#1624=VECTOR('',#1623,8.E-1);
#1625=CARTESIAN_POINT('',(-5.E-1,7.999999999992E-2,-4.85E0));
#1626=LINE('',#1625,#1624);
#1627=DIRECTION('',(0.E0,0.E0,1.E0));
#1628=VECTOR('',#1627,8.E-1);
#1629=CARTESIAN_POINT('',(5.E-1,7.999999999992E-2,-5.65E0));
#1630=LINE('',#1629,#1628);
#1631=DIRECTION('',(-4.472135955E-1,0.E0,8.944271909999E-1));
#1632=VECTOR('',#1631,2.236067977500E-1);
#1633=CARTESIAN_POINT('',(6.E-1,7.999999999992E-2,-5.85E0));
#1634=LINE('',#1633,#1632);
#1635=DIRECTION('',(4.472135955E-1,0.E0,8.944271909999E-1));
#1636=VECTOR('',#1635,2.236067977500E-1);
#1637=CARTESIAN_POINT('',(5.E-1,7.999999999992E-2,-6.95E0));
#1638=LINE('',#1637,#1636);
#1639=DIRECTION('',(0.E0,0.E0,1.E0));
#1640=VECTOR('',#1639,6.5E-1);
#1641=CARTESIAN_POINT('',(5.E-1,7.999999999992E-2,-7.6E0));
#1642=LINE('',#1641,#1640);
#1643=DIRECTION('',(2.365671640951E-1,0.E0,9.716151382477E-1));
#1644=VECTOR('',#1643,1.183596214931E0);
#1645=CARTESIAN_POINT('',(2.2E-1,7.999999999992E-2,-8.75E0));
#1646=LINE('',#1645,#1644);
#1647=DIRECTION('',(2.365671640951E-1,0.E0,-9.716151382477E-1));
#1648=VECTOR('',#1647,1.183596214931E0);
#1649=CARTESIAN_POINT('',(-5.E-1,7.999999999992E-2,-7.6E0));
#1650=LINE('',#1649,#1648);
#1651=DIRECTION('',(0.E0,0.E0,-1.E0));
#1652=VECTOR('',#1651,6.5E-1);
#1653=CARTESIAN_POINT('',(-5.E-1,7.999999999992E-2,-6.95E0));
#1654=LINE('',#1653,#1652);
#1655=DIRECTION('',(4.472135955E-1,0.E0,-8.944271909999E-1));
#1656=VECTOR('',#1655,2.236067977500E-1);
#1657=CARTESIAN_POINT('',(-6.E-1,7.999999999992E-2,-6.75E0));
#1658=LINE('',#1657,#1656);
#1659=DIRECTION('',(-4.472135955E-1,0.E0,-8.944271909999E-1));
#1660=VECTOR('',#1659,2.236067977500E-1);
#1661=CARTESIAN_POINT('',(-5.E-1,7.999999999992E-2,-5.65E0));
#1662=LINE('',#1661,#1660);
#1663=DIRECTION('',(0.E0,-1.E0,0.E0));
#1664=VECTOR('',#1663,6.E-1);
#1665=CARTESIAN_POINT('',(-5.E-1,6.799999999999E-1,-4.85E0));
#1666=LINE('',#1665,#1664);
#1667=DIRECTION('',(0.E0,-1.E0,0.E0));
#1668=VECTOR('',#1667,6.E-1);
#1669=CARTESIAN_POINT('',(-5.E-1,6.799999999999E-1,-5.65E0));
#1670=LINE('',#1669,#1668);
#1671=DIRECTION('',(0.E0,1.E0,0.E0));
#1672=VECTOR('',#1671,6.E-1);
#1673=CARTESIAN_POINT('',(-6.E-1,7.999999999992E-2,-5.85E0));
#1674=LINE('',#1673,#1672);
#1675=DIRECTION('',(0.E0,0.E0,-1.E0));
#1676=VECTOR('',#1675,9.E-1);
#1677=CARTESIAN_POINT('',(-6.E-1,7.999999999992E-2,-5.85E0));
#1678=LINE('',#1677,#1676);
#1679=DIRECTION('',(0.E0,1.E0,0.E0));
#1680=VECTOR('',#1679,6.E-1);
#1681=CARTESIAN_POINT('',(-6.E-1,7.999999999992E-2,-6.75E0));
#1682=LINE('',#1681,#1680);
#1683=DIRECTION('',(0.E0,0.E0,1.E0));
#1684=VECTOR('',#1683,9.E-1);
#1685=CARTESIAN_POINT('',(-6.E-1,6.799999999999E-1,-6.75E0));
#1686=LINE('',#1685,#1684);
#1687=DIRECTION('',(0.E0,1.E0,0.E0));
#1688=VECTOR('',#1687,1.14E0);
#1689=CARTESIAN_POINT('',(-6.E-1,4.799999999999E-1,3.7E0));
#1690=LINE('',#1689,#1688);
#1691=DIRECTION('',(0.E0,0.E0,-1.E0));
#1692=VECTOR('',#1691,5.15E0);
#1693=CARTESIAN_POINT('',(-6.E-1,4.799999999999E-1,3.7E0));
#1694=LINE('',#1693,#1692);
#1695=DIRECTION('',(0.E0,-5.547001962252E-1,-8.320502943378E-1));
#1696=VECTOR('',#1695,7.211102550928E-1);
#1697=CARTESIAN_POINT('',(-6.E-1,4.799999999999E-1,-1.45E0));
#1698=LINE('',#1697,#1696);
#1699=DIRECTION('',(0.E0,-3.314726988507E-14,1.E0));
#1700=VECTOR('',#1699,2.679491924311E-2);
#1701=CARTESIAN_POINT('',(-6.E-1,2.66E0,-2.076794919243E0));
#1702=LINE('',#1701,#1700);
#1703=DIRECTION('',(0.E0,-1.E0,0.E0));
#1704=VECTOR('',#1703,1.153E0);
#1705=CARTESIAN_POINT('',(-6.E-1,2.66E0,-2.05E0));
#1706=LINE('',#1705,#1704);
#1707=DIRECTION('',(0.E0,0.E0,1.E0));
#1708=VECTOR('',#1707,7.E-1);
#1709=CARTESIAN_POINT('',(-6.E-1,1.507E0,-2.05E0));
#1710=LINE('',#1709,#1708);
#1711=DIRECTION('',(0.E0,1.E0,0.E0));
#1712=VECTOR('',#1711,1.13E-1);
#1713=CARTESIAN_POINT('',(-6.E-1,1.507E0,-1.35E0));
#1714=LINE('',#1713,#1712);
#1715=DIRECTION('',(0.E0,0.E0,1.E0));
#1716=VECTOR('',#1715,5.05E0);
#1717=CARTESIAN_POINT('',(-6.E-1,1.62E0,-1.35E0));
#1718=LINE('',#1717,#1716);
#1719=DIRECTION('',(0.E0,-1.E0,0.E0));
#1720=VECTOR('',#1719,6.E-1);
#1721=CARTESIAN_POINT('',(-5.E-1,6.799999999999E-1,-6.95E0));
#1722=LINE('',#1721,#1720);
#1723=DIRECTION('',(-1.924500897299E-1,1.924500897299E-1,-9.622504486494E-1));
#1724=VECTOR('',#1723,7.794228634060E-1);
#1725=CARTESIAN_POINT('',(-4.5E-1,1.47E0,4.45E0));
#1726=LINE('',#1725,#1724);
#1727=DIRECTION('',(1.924500897299E-1,1.924500897299E-1,-9.622504486494E-1));
#1728=VECTOR('',#1727,7.794228634060E-1);
#1729=CARTESIAN_POINT('',(4.5E-1,1.47E0,4.45E0));
#1730=LINE('',#1729,#1728);
#1731=DIRECTION('',(-1.E0,0.E0,0.E0));
#1732=VECTOR('',#1731,1.2E0);
#1733=CARTESIAN_POINT('',(6.E-1,1.62E0,3.7E0));
#1734=LINE('',#1733,#1732);
#1735=DIRECTION('',(1.E0,0.E0,0.E0));
#1736=VECTOR('',#1735,1.2E0);
#1737=CARTESIAN_POINT('',(-6.E-1,1.62E0,-1.35E0));
#1738=LINE('',#1737,#1736);
#1739=DIRECTION('',(1.E0,0.E0,0.E0));
#1740=VECTOR('',#1739,1.2E0);
#1741=CARTESIAN_POINT('',(-6.E-1,1.507E0,-1.35E0));
#1742=LINE('',#1741,#1740);
#1743=DIRECTION('',(1.E0,0.E0,0.E0));
#1744=VECTOR('',#1743,1.2E0);
#1745=CARTESIAN_POINT('',(-6.E-1,1.507E0,-2.05E0));
#1746=LINE('',#1745,#1744);
#1747=DIRECTION('',(1.E0,0.E0,0.E0));
#1748=VECTOR('',#1747,1.2E0);
#1749=CARTESIAN_POINT('',(-6.E-1,2.66E0,-2.05E0));
#1750=LINE('',#1749,#1748);
#1751=DIRECTION('',(1.E0,0.E0,0.E0));
#1752=VECTOR('',#1751,1.2E0);
#1753=CARTESIAN_POINT('',(-6.E-1,2.66E0,-3.9E0));
#1754=LINE('',#1753,#1752);
#1755=DIRECTION('',(0.E0,1.E0,0.E0));
#1756=VECTOR('',#1755,6.E-1);
#1757=CARTESIAN_POINT('',(6.E-1,7.999999999992E-2,-5.85E0));
#1758=LINE('',#1757,#1756);
#1759=DIRECTION('',(0.E0,0.E0,1.E0));
#1760=VECTOR('',#1759,9.E-1);
#1761=CARTESIAN_POINT('',(6.E-1,6.799999999999E-1,-6.75E0));
#1762=LINE('',#1761,#1760);
#1763=DIRECTION('',(0.E0,1.E0,0.E0));
#1764=VECTOR('',#1763,6.E-1);
#1765=CARTESIAN_POINT('',(6.E-1,7.999999999992E-2,-6.75E0));
#1766=LINE('',#1765,#1764);
#1767=DIRECTION('',(0.E0,0.E0,-1.E0));
#1768=VECTOR('',#1767,9.E-1);
#1769=CARTESIAN_POINT('',(6.E-1,7.999999999992E-2,-5.85E0));
#1770=LINE('',#1769,#1768);
#1771=DIRECTION('',(0.E0,-1.E0,0.E0));
#1772=VECTOR('',#1771,1.14E0);
#1773=CARTESIAN_POINT('',(6.E-1,1.62E0,3.7E0));
#1774=LINE('',#1773,#1772);
#1775=DIRECTION('',(0.E0,0.E0,1.E0));
#1776=VECTOR('',#1775,5.05E0);
#1777=CARTESIAN_POINT('',(6.E-1,1.62E0,-1.35E0));
#1778=LINE('',#1777,#1776);
#1779=DIRECTION('',(0.E0,1.E0,0.E0));
#1780=VECTOR('',#1779,1.13E-1);
#1781=CARTESIAN_POINT('',(6.E-1,1.507E0,-1.35E0));
#1782=LINE('',#1781,#1780);
#1783=DIRECTION('',(0.E0,0.E0,1.E0));
#1784=VECTOR('',#1783,7.E-1);
#1785=CARTESIAN_POINT('',(6.E-1,1.507E0,-2.05E0));
#1786=LINE('',#1785,#1784);
#1787=DIRECTION('',(0.E0,-1.E0,0.E0));
#1788=VECTOR('',#1787,1.153E0);
#1789=CARTESIAN_POINT('',(6.E-1,2.66E0,-2.05E0));
#1790=LINE('',#1789,#1788);
#1791=DIRECTION('',(0.E0,-1.657363494254E-14,1.E0));
#1792=VECTOR('',#1791,2.679491924311E-2);
#1793=CARTESIAN_POINT('',(6.E-1,2.66E0,-2.076794919243E0));
#1794=LINE('',#1793,#1792);
#1795=DIRECTION('',(0.E0,-5.547001962252E-1,-8.320502943378E-1));
#1796=VECTOR('',#1795,7.211102550928E-1);
#1797=CARTESIAN_POINT('',(6.E-1,4.799999999999E-1,-1.45E0));
#1798=LINE('',#1797,#1796);
#1799=DIRECTION('',(0.E0,0.E0,-1.E0));
#1800=VECTOR('',#1799,5.15E0);
#1801=CARTESIAN_POINT('',(6.E-1,4.799999999999E-1,3.7E0));
#1802=LINE('',#1801,#1800);
#1803=DIRECTION('',(0.E0,-1.E0,0.E0));
#1804=VECTOR('',#1803,6.E-1);
#1805=CARTESIAN_POINT('',(5.E-1,6.799999999999E-1,-5.65E0));
#1806=LINE('',#1805,#1804);
#1807=DIRECTION('',(1.E0,0.E0,0.E0));
#1808=VECTOR('',#1807,1.2E0);
#1809=CARTESIAN_POINT('',(-6.E-1,7.8E-1,-4.85E0));
#1810=LINE('',#1809,#1808);
#1811=DIRECTION('',(-1.E0,0.E0,0.E0));
#1812=VECTOR('',#1811,1.2E0);
#1813=CARTESIAN_POINT('',(6.E-1,3.4E0,-4.85E0));
#1814=LINE('',#1813,#1812);
#1815=DIRECTION('',(0.E0,-1.E0,0.E0));
#1816=VECTOR('',#1815,6.E-1);
#1817=CARTESIAN_POINT('',(5.E-1,6.799999999999E-1,-4.85E0));
#1818=LINE('',#1817,#1816);
#1819=DIRECTION('',(1.E0,0.E0,0.E0));
#1820=VECTOR('',#1819,1.E0);
#1821=CARTESIAN_POINT('',(-5.E-1,7.999999999992E-2,-4.85E0));
#1822=LINE('',#1821,#1820);
#1823=DIRECTION('',(0.E0,-1.E0,0.E0));
#1824=VECTOR('',#1823,2.23E0);
#1825=CARTESIAN_POINT('',(-6.E-1,6.799999999999E-1,-4.85E0));
#1826=LINE('',#1825,#1824);
#1827=DIRECTION('',(0.E0,0.E0,1.E0));
#1828=VECTOR('',#1827,1.5E-1);
#1829=CARTESIAN_POINT('',(-6.E-1,6.799999999999E-1,-4.85E0));
#1830=LINE('',#1829,#1828);
#1831=DIRECTION('',(0.E0,3.713906763541E-1,9.284766908853E-1));
#1832=VECTOR('',#1831,2.154065922854E-1);
#1833=CARTESIAN_POINT('',(-6.E-1,6.799999999999E-1,-4.7E0));
#1834=LINE('',#1833,#1832);
#1835=DIRECTION('',(0.E0,0.E0,1.E0));
#1836=VECTOR('',#1835,6.E-1);
#1837=CARTESIAN_POINT('',(-6.E-1,7.599999999999E-1,-4.5E0));
#1838=LINE('',#1837,#1836);
#1839=DIRECTION('',(0.E0,1.E0,0.E0));
#1840=VECTOR('',#1839,1.9E0);
#1841=CARTESIAN_POINT('',(-6.E-1,7.599999999999E-1,-3.9E0));
#1842=LINE('',#1841,#1840);
#1843=DIRECTION('',(0.E0,0.E0,1.E0));
#1844=VECTOR('',#1843,1.823205080757E0);
#1845=CARTESIAN_POINT('',(-6.E-1,2.66E0,-3.9E0));
#1846=LINE('',#1845,#1844);
#1847=DIRECTION('',(0.E0,1.E0,-2.220446049241E-14));
#1848=VECTOR('',#1847,2.000000000008E-2);
#1849=CARTESIAN_POINT('',(-6.E-1,2.66E0,-2.076794919243E0));
#1850=LINE('',#1849,#1848);
#1851=DIRECTION('',(0.E0,0.E0,1.E0));
#1852=VECTOR('',#1851,1.873205080757E0);
#1853=CARTESIAN_POINT('',(-6.E-1,2.68E0,-3.95E0));
#1854=LINE('',#1853,#1852);
#1855=DIRECTION('',(0.E0,1.E0,0.E0));
#1856=VECTOR('',#1855,1.9E0);
#1857=CARTESIAN_POINT('',(-6.E-1,7.8E-1,-3.95E0));
#1858=LINE('',#1857,#1856);
#1859=DIRECTION('',(0.E0,0.E0,1.E0));
#1860=VECTOR('',#1859,9.E-1);
#1861=CARTESIAN_POINT('',(-6.E-1,7.8E-1,-4.85E0));
#1862=LINE('',#1861,#1860);
#1863=DIRECTION('',(0.E0,-1.E0,0.E0));
#1864=VECTOR('',#1863,2.62E0);
#1865=CARTESIAN_POINT('',(-6.E-1,3.4E0,-4.85E0));
#1866=LINE('',#1865,#1864);
#1867=DIRECTION('',(0.E0,0.E0,-1.E0));
#1868=VECTOR('',#1867,8.5E-1);
#1869=CARTESIAN_POINT('',(-6.E-1,3.4E0,-4.E0));
#1870=LINE('',#1869,#1868);
#1871=DIRECTION('',(0.E0,-1.E0,0.E0));
#1872=VECTOR('',#1871,4.E-1);
#1873=CARTESIAN_POINT('',(-6.E-1,3.8E0,-4.E0));
#1874=LINE('',#1873,#1872);
#1875=DIRECTION('',(0.E0,-1.E0,0.E0));
#1876=VECTOR('',#1875,7.6E0);
#1877=CARTESIAN_POINT('',(-6.E-1,3.8E0,-5.25E0));
#1878=LINE('',#1877,#1876);
#1879=DIRECTION('',(0.E0,-1.E0,0.E0));
#1880=VECTOR('',#1879,2.25E0);
#1881=CARTESIAN_POINT('',(-6.E-1,-1.55E0,-4.E0));
#1882=LINE('',#1881,#1880);
#1883=DIRECTION('',(0.E0,0.E0,1.E0));
#1884=VECTOR('',#1883,8.5E-1);
#1885=CARTESIAN_POINT('',(-6.E-1,-1.55E0,-4.85E0));
#1886=LINE('',#1885,#1884);
#1887=DIRECTION('',(1.E0,0.E0,0.E0));
#1888=VECTOR('',#1887,1.2E0);
#1889=CARTESIAN_POINT('',(-6.E-1,6.799999999999E-1,-4.7E0));
#1890=LINE('',#1889,#1888);
#1891=DIRECTION('',(1.E0,0.E0,0.E0));
#1892=VECTOR('',#1891,1.2E0);
#1893=CARTESIAN_POINT('',(-6.E-1,7.599999999999E-1,-4.5E0));
#1894=LINE('',#1893,#1892);
#1895=DIRECTION('',(1.E0,0.E0,0.E0));
#1896=VECTOR('',#1895,1.2E0);
#1897=CARTESIAN_POINT('',(-6.E-1,7.599999999999E-1,-3.9E0));
#1898=LINE('',#1897,#1896);
#1899=DIRECTION('',(0.E0,-1.E0,0.E0));
#1900=VECTOR('',#1899,2.48E0);
#1901=CARTESIAN_POINT('',(-6.E-1,2.66E0,-2.076794919243E0));
#1902=LINE('',#1901,#1900);
#1903=DIRECTION('',(6.947465906069E-1,-6.947465906069E-1,-1.861567878974E-1));
#1904=VECTOR('',#1903,1.439373742196E-1);
#1905=CARTESIAN_POINT('',(-7.E-1,2.78E0,-2.05E0));
#1906=LINE('',#1905,#1904);
#1907=DIRECTION('',(0.E0,-9.659258262891E-1,2.588190451024E-1));
#1908=VECTOR('',#1907,1.035276180411E-1);
#1909=CARTESIAN_POINT('',(-6.E-1,1.8E-1,-2.076794919243E0));
#1910=LINE('',#1909,#1908);
#1911=DIRECTION('',(6.947465906069E-1,6.947465906069E-1,-1.861567878974E-1));
#1912=VECTOR('',#1911,1.439373742196E-1);
#1913=CARTESIAN_POINT('',(-7.E-1,8.E-2,-2.05E0));
#1914=LINE('',#1913,#1912);
#1915=DIRECTION('',(0.E0,-9.659258262891E-1,2.588190451024E-1));
#1916=VECTOR('',#1915,1.035276180411E-1);
#1917=CARTESIAN_POINT('',(6.E-1,1.8E-1,-2.076794919243E0));
#1918=LINE('',#1917,#1916);
#1919=DIRECTION('',(0.E0,-1.E0,0.E0));
#1920=VECTOR('',#1919,2.48E0);
#1921=CARTESIAN_POINT('',(6.E-1,2.66E0,-2.076794919243E0));
#1922=LINE('',#1921,#1920);
#1923=DIRECTION('',(-6.947465906069E-1,6.947465906069E-1,-1.861567878974E-1));
#1924=VECTOR('',#1923,1.439373742196E-1);
#1925=CARTESIAN_POINT('',(7.E-1,8.E-2,-2.05E0));
#1926=LINE('',#1925,#1924);
#1927=DIRECTION('',(-6.947465906069E-1,-6.947465906069E-1,-1.861567878974E-1));
#1928=VECTOR('',#1927,1.439373742196E-1);
#1929=CARTESIAN_POINT('',(7.E-1,2.78E0,-2.05E0));
#1930=LINE('',#1929,#1928);
#1931=DIRECTION('',(1.E0,0.E0,0.E0));
#1932=VECTOR('',#1931,1.2E0);
#1933=CARTESIAN_POINT('',(-6.E-1,2.68E0,-2.076794919243E0));
#1934=LINE('',#1933,#1932);
#1935=DIRECTION('',(-1.E0,0.E0,0.E0));
#1936=VECTOR('',#1935,1.2E0);
#1937=CARTESIAN_POINT('',(6.E-1,2.68E0,-3.95E0));
#1938=LINE('',#1937,#1936);
#1939=DIRECTION('',(-1.E0,0.E0,0.E0));
#1940=VECTOR('',#1939,1.2E0);
#1941=CARTESIAN_POINT('',(6.E-1,7.8E-1,-3.95E0));
#1942=LINE('',#1941,#1940);
#1943=DIRECTION('',(-1.E0,0.E0,0.E0));
#1944=VECTOR('',#1943,1.2E0);
#1945=CARTESIAN_POINT('',(6.E-1,3.4E0,-4.E0));
#1946=LINE('',#1945,#1944);
#1947=DIRECTION('',(-1.E0,0.E0,0.E0));
#1948=VECTOR('',#1947,1.2E0);
#1949=CARTESIAN_POINT('',(6.E-1,-1.55E0,-4.E0));
#1950=LINE('',#1949,#1948);
#1951=DIRECTION('',(-1.E0,0.E0,0.E0));
#1952=VECTOR('',#1951,1.2E0);
#1953=CARTESIAN_POINT('',(6.E-1,-1.55E0,-4.85E0));
#1954=LINE('',#1953,#1952);
#1955=DIRECTION('',(0.E0,-1.E0,0.E0));
#1956=VECTOR('',#1955,6.E-1);
#1957=CARTESIAN_POINT('',(5.E-1,6.799999999999E-1,-6.95E0));
#1958=LINE('',#1957,#1956);
#1959=DIRECTION('',(0.E0,-1.E0,0.E0));
#1960=VECTOR('',#1959,6.E-1);
#1961=CARTESIAN_POINT('',(5.E-1,6.799999999999E-1,-7.6E0));
#1962=LINE('',#1961,#1960);
#1963=DIRECTION('',(1.924500897299E-1,-1.924500897299E-1,-9.622504486494E-1));
#1964=VECTOR('',#1963,7.794228634060E-1);
#1965=CARTESIAN_POINT('',(4.5E-1,6.299999999999E-1,4.45E0));
#1966=LINE('',#1965,#1964);
#1967=DIRECTION('',(0.E0,-1.E0,0.E0));
#1968=VECTOR('',#1967,8.4E-1);
#1969=CARTESIAN_POINT('',(4.5E-1,1.47E0,4.45E0));
#1970=LINE('',#1969,#1968);
#1971=DIRECTION('',(-1.E0,0.E0,0.E0));
#1972=VECTOR('',#1971,9.E-1);
#1973=CARTESIAN_POINT('',(4.5E-1,6.299999999999E-1,4.45E0));
#1974=LINE('',#1973,#1972);
#1975=DIRECTION('',(0.E0,1.E0,0.E0));
#1976=VECTOR('',#1975,8.4E-1);
#1977=CARTESIAN_POINT('',(-4.5E-1,6.299999999999E-1,4.45E0));
#1978=LINE('',#1977,#1976);
#1979=DIRECTION('',(-1.E0,0.E0,0.E0));
#1980=VECTOR('',#1979,9.E-1);
#1981=CARTESIAN_POINT('',(4.5E-1,1.47E0,4.45E0));
#1982=LINE('',#1981,#1980);
#1983=DIRECTION('',(-1.924500897299E-1,-1.924500897299E-1,-9.622504486494E-1));
#1984=VECTOR('',#1983,7.794228634060E-1);
#1985=CARTESIAN_POINT('',(-4.5E-1,6.299999999999E-1,4.45E0));
#1986=LINE('',#1985,#1984);
#1987=DIRECTION('',(-1.E0,0.E0,0.E0));
#1988=VECTOR('',#1987,1.2E0);
#1989=CARTESIAN_POINT('',(6.E-1,4.799999999999E-1,3.7E0));
#1990=LINE('',#1989,#1988);
#1991=DIRECTION('',(1.E0,0.E0,0.E0));
#1992=VECTOR('',#1991,1.2E0);
#1993=CARTESIAN_POINT('',(-6.E-1,4.799999999999E-1,-1.45E0));
#1994=LINE('',#1993,#1992);
#1995=DIRECTION('',(-1.E0,0.E0,0.E0));
#1996=VECTOR('',#1995,1.2E0);
#1997=CARTESIAN_POINT('',(-2.9E0,-1.55E0,-4.E0));
#1998=LINE('',#1997,#1996);
#1999=DIRECTION('',(-1.E0,0.E0,0.E0));
#2000=VECTOR('',#1999,1.2E0);
#2001=CARTESIAN_POINT('',(-2.9E0,-1.55E0,-4.85E0));
#2002=LINE('',#2001,#2000);
#2003=DIRECTION('',(0.E0,0.E0,1.E0));
#2004=VECTOR('',#2003,1.05E1);
#2005=CARTESIAN_POINT('',(-6.3E0,3.8E0,-5.25E0));
#2006=LINE('',#2005,#2004);
#2007=DIRECTION('',(0.E0,-1.E0,0.E0));
#2008=VECTOR('',#2007,2.5E-1);
#2009=CARTESIAN_POINT('',(6.05E0,3.8E0,-3.5E0));
#2010=LINE('',#2009,#2008);
#2011=DIRECTION('',(0.E0,-7.071067811865E-1,-7.071067811865E-1));
#2012=VECTOR('',#2011,3.535533905933E-1);
#2013=CARTESIAN_POINT('',(-3.05E0,3.45E0,5.25E0));
#2014=LINE('',#2013,#2012);
#2015=DIRECTION('',(-1.E0,0.E0,0.E0));
#2016=VECTOR('',#2015,2.55E0);
#2017=CARTESIAN_POINT('',(-3.05E0,3.2E0,5.E0));
#2018=LINE('',#2017,#2016);
#2019=DIRECTION('',(-1.E0,0.E0,0.E0));
#2020=VECTOR('',#2019,2.8E0);
#2021=CARTESIAN_POINT('',(-3.05E0,3.45E0,5.25E0));
#2022=LINE('',#2021,#2020);
#2023=DIRECTION('',(0.E0,-7.071067811865E-1,-7.071067811865E-1));
#2024=VECTOR('',#2023,3.535533905933E-1);
#2025=CARTESIAN_POINT('',(3.05E0,3.45E0,5.25E0));
#2026=LINE('',#2025,#2024);
#2027=DIRECTION('',(-1.E0,0.E0,0.E0));
#2028=VECTOR('',#2027,2.8E0);
#2029=CARTESIAN_POINT('',(5.85E0,3.45E0,5.25E0));
#2030=LINE('',#2029,#2028);
#2031=DIRECTION('',(-5.773502691896E-1,-5.773502691896E-1,-5.773502691896E-1));
#2032=VECTOR('',#2031,4.330127018922E-1);
#2033=CARTESIAN_POINT('',(5.85E0,3.45E0,5.25E0));
#2034=LINE('',#2033,#2032);
#2035=DIRECTION('',(-1.E0,0.E0,0.E0));
#2036=VECTOR('',#2035,2.55E0);
#2037=CARTESIAN_POINT('',(5.6E0,3.2E0,5.E0));
#2038=LINE('',#2037,#2036);
#2039=DIRECTION('',(-1.E0,0.E0,0.E0));
#2040=VECTOR('',#2039,3.9E0);
#2041=CARTESIAN_POINT('',(1.95E0,3.45E0,5.25E0));
#2042=LINE('',#2041,#2040);
#2043=DIRECTION('',(0.E0,-7.071067811865E-1,-7.071067811865E-1));
#2044=VECTOR('',#2043,3.535533905933E-1);
#2045=CARTESIAN_POINT('',(1.95E0,3.45E0,5.25E0));
#2046=LINE('',#2045,#2044);
#2047=DIRECTION('',(-1.E0,0.E0,0.E0));
#2048=VECTOR('',#2047,3.9E0);
#2049=CARTESIAN_POINT('',(1.95E0,3.2E0,5.E0));
#2050=LINE('',#2049,#2048);
#2051=DIRECTION('',(0.E0,-7.071067811865E-1,-7.071067811865E-1));
#2052=VECTOR('',#2051,3.535533905933E-1);
#2053=CARTESIAN_POINT('',(-1.95E0,3.45E0,5.25E0));
#2054=LINE('',#2053,#2052);
#2055=DIRECTION('',(0.E0,0.E0,-1.E0));
#2056=VECTOR('',#2055,5.9E0);
#2057=CARTESIAN_POINT('',(-3.05E0,3.2E0,5.E0));
#2058=LINE('',#2057,#2056);
#2059=CARTESIAN_POINT('',(-2.5E0,3.2E0,-9.E-1));
#2060=DIRECTION('',(0.E0,1.E0,0.E0));
#2061=DIRECTION('',(1.E0,0.E0,1.291895883200E-14));
#2062=AXIS2_PLACEMENT_3D('',#2059,#2060,#2061);
#2064=DIRECTION('',(0.E0,0.E0,-1.E0));
#2065=VECTOR('',#2064,5.9E0);
#2066=CARTESIAN_POINT('',(-1.95E0,3.2E0,5.E0));
#2067=LINE('',#2066,#2065);
#2068=DIRECTION('',(0.E0,0.E0,-1.E0));
#2069=VECTOR('',#2068,5.9E0);
#2070=CARTESIAN_POINT('',(1.95E0,3.2E0,5.E0));
#2071=LINE('',#2070,#2069);
#2072=CARTESIAN_POINT('',(2.5E0,3.2E0,-9.E-1));
#2073=DIRECTION('',(0.E0,1.E0,0.E0));
#2074=DIRECTION('',(1.E0,0.E0,0.E0));
#2075=AXIS2_PLACEMENT_3D('',#2072,#2073,#2074);
#2077=DIRECTION('',(0.E0,0.E0,-1.E0));
#2078=VECTOR('',#2077,5.9E0);
#2079=CARTESIAN_POINT('',(3.05E0,3.2E0,5.E0));
#2080=LINE('',#2079,#2078);
#2081=DIRECTION('',(0.E0,0.E0,-1.E0));
#2082=VECTOR('',#2081,7.05E0);
#2083=CARTESIAN_POINT('',(5.6E0,3.2E0,5.E0));
#2084=LINE('',#2083,#2082);
#2085=DIRECTION('',(0.E0,-1.E0,0.E0));
#2086=VECTOR('',#2085,6.E-1);
#2087=CARTESIAN_POINT('',(-1.95E0,3.8E0,-9.E-1));
#2088=LINE('',#2087,#2086);
#2089=DIRECTION('',(0.E0,3.713906763541E-1,-9.284766908853E-1));
#2090=VECTOR('',#2089,2.692582403567E-1);
#2091=CARTESIAN_POINT('',(-1.95E0,3.7E0,5.25E0));
#2092=LINE('',#2091,#2090);
#2093=DIRECTION('',(1.E0,0.E0,0.E0));
#2094=VECTOR('',#2093,9.5E-1);
#2095=CARTESIAN_POINT('',(-4.75E-1,3.8E0,5.E0));
#2096=LINE('',#2095,#2094);
#2097=DIRECTION('',(1.E0,0.E0,0.E0));
#2098=VECTOR('',#2097,9.5E-1);
#2099=CARTESIAN_POINT('',(-4.75E-1,4.45E0,2.574166975080E0));
#2100=LINE('',#2099,#2098);
#2101=DIRECTION('',(0.E0,1.E0,0.E0));
#2102=VECTOR('',#2101,6.5E-1);
#2103=CARTESIAN_POINT('',(-4.75E-1,3.8E0,1.974166975080E0));
#2104=LINE('',#2103,#2102);
#2105=DIRECTION('',(0.E0,0.E0,1.E0));
#2106=VECTOR('',#2105,6.E-1);
#2107=CARTESIAN_POINT('',(-4.75E-1,4.45E0,1.974166975080E0));
#2108=LINE('',#2107,#2106);
#2109=DIRECTION('',(0.E0,-2.588190451025E-1,9.659258262891E-1));
#2110=VECTOR('',#2109,2.511407148352E0);
#2111=CARTESIAN_POINT('',(-4.75E-1,4.45E0,2.574166975080E0));
#2112=LINE('',#2111,#2110);
#2113=DIRECTION('',(0.E0,-2.588190451025E-1,9.659258262891E-1));
#2114=VECTOR('',#2113,2.511407148352E0);
#2115=CARTESIAN_POINT('',(4.75E-1,4.45E0,2.574166975080E0));
#2116=LINE('',#2115,#2114);
#2117=DIRECTION('',(0.E0,0.E0,1.E0));
#2118=VECTOR('',#2117,6.E-1);
#2119=CARTESIAN_POINT('',(4.75E-1,4.45E0,1.974166975080E0));
#2120=LINE('',#2119,#2118);
#2121=DIRECTION('',(0.E0,1.E0,0.E0));
#2122=VECTOR('',#2121,6.5E-1);
#2123=CARTESIAN_POINT('',(4.75E-1,3.8E0,1.974166975080E0));
#2124=LINE('',#2123,#2122);
#2125=DIRECTION('',(1.E0,0.E0,0.E0));
#2126=VECTOR('',#2125,9.5E-1);
#2127=CARTESIAN_POINT('',(-4.75E-1,4.45E0,1.974166975080E0));
#2128=LINE('',#2127,#2126);
#2129=DIRECTION('',(0.E0,3.713906763541E-1,-9.284766908853E-1));
#2130=VECTOR('',#2129,2.692582403567E-1);
#2131=CARTESIAN_POINT('',(1.95E0,3.7E0,5.25E0));
#2132=LINE('',#2131,#2130);
#2133=DIRECTION('',(0.E0,-1.E0,0.E0));
#2134=VECTOR('',#2133,6.E-1);
#2135=CARTESIAN_POINT('',(1.95E0,3.8E0,-9.E-1));
#2136=LINE('',#2135,#2134);
#2137=DIRECTION('',(0.E0,-1.E0,0.E0));
#2138=VECTOR('',#2137,6.E-1);
#2139=CARTESIAN_POINT('',(3.05E0,3.8E0,-9.E-1));
#2140=LINE('',#2139,#2138);
#2141=DIRECTION('',(0.E0,0.E0,-1.E0));
#2142=VECTOR('',#2141,7.05E0);
#2143=CARTESIAN_POINT('',(5.6E0,-3.2E0,5.E0));
#2144=LINE('',#2143,#2142);
#2145=DIRECTION('',(0.E0,1.E0,0.E0));
#2146=VECTOR('',#2145,6.9E0);
#2147=CARTESIAN_POINT('',(5.85E0,-3.45E0,5.25E0));
#2148=LINE('',#2147,#2146);
#2149=DIRECTION('',(-5.773502691896E-1,5.773502691896E-1,-5.773502691896E-1));
#2150=VECTOR('',#2149,4.330127018922E-1);
#2151=CARTESIAN_POINT('',(5.85E0,-3.45E0,5.25E0));
#2152=LINE('',#2151,#2150);
#2153=DIRECTION('',(0.E0,1.E0,0.E0));
#2154=VECTOR('',#2153,6.4E0);
#2155=CARTESIAN_POINT('',(5.6E0,-3.2E0,5.E0));
#2156=LINE('',#2155,#2154);
#2157=DIRECTION('',(1.E0,0.E0,0.E0));
#2158=VECTOR('',#2157,1.17E1);
#2159=CARTESIAN_POINT('',(-5.85E0,-3.45E0,5.25E0));
#2160=LINE('',#2159,#2158);
#2161=DIRECTION('',(1.E0,0.E0,0.E0));
#2162=VECTOR('',#2161,1.12E1);
#2163=CARTESIAN_POINT('',(-5.6E0,-3.2E0,5.E0));
#2164=LINE('',#2163,#2162);
#2165=DIRECTION('',(0.E0,0.E0,-1.E0));
#2166=VECTOR('',#2165,7.05E0);
#2167=CARTESIAN_POINT('',(-5.6E0,-3.2E0,5.E0));
#2168=LINE('',#2167,#2166);
#2169=DIRECTION('',(-1.E0,0.E0,0.E0));
#2170=VECTOR('',#2169,1.2E0);
#2171=CARTESIAN_POINT('',(-2.9E0,3.4E0,-4.E0));
#2172=LINE('',#2171,#2170);
#2173=DIRECTION('',(0.E0,-9.659258262891E-1,2.588190451024E-1));
#2174=VECTOR('',#2173,1.035276180411E-1);
#2175=CARTESIAN_POINT('',(-4.1E0,1.8E-1,-2.076794919243E0));
#2176=LINE('',#2175,#2174);
#2177=DIRECTION('',(6.947465906069E-1,6.947465906069E-1,-1.861567878974E-1));
#2178=VECTOR('',#2177,1.439373742196E-1);
#2179=CARTESIAN_POINT('',(-4.2E0,8.E-2,-2.05E0));
#2180=LINE('',#2179,#2178);
#2181=DIRECTION('',(0.E0,-9.659258262891E-1,2.588190451024E-1));
#2182=VECTOR('',#2181,1.035276180411E-1);
#2183=CARTESIAN_POINT('',(-2.9E0,1.8E-1,-2.076794919243E0));
#2184=LINE('',#2183,#2182);
#2185=DIRECTION('',(0.E0,-1.E0,0.E0));
#2186=VECTOR('',#2185,2.48E0);
#2187=CARTESIAN_POINT('',(-4.1E0,2.66E0,-2.076794919243E0));
#2188=LINE('',#2187,#2186);
#2189=DIRECTION('',(6.947465906069E-1,-6.947465906069E-1,-1.861567878974E-1));
#2190=VECTOR('',#2189,1.439373742196E-1);
#2191=CARTESIAN_POINT('',(-4.2E0,2.78E0,-2.05E0));
#2192=LINE('',#2191,#2190);
#2193=DIRECTION('',(-6.947465906069E-1,-6.947465906069E-1,-1.861567878974E-1));
#2194=VECTOR('',#2193,1.439373742196E-1);
#2195=CARTESIAN_POINT('',(-2.8E0,2.78E0,-2.05E0));
#2196=LINE('',#2195,#2194);
#2197=DIRECTION('',(0.E0,-1.E0,0.E0));
#2198=VECTOR('',#2197,2.48E0);
#2199=CARTESIAN_POINT('',(-2.9E0,2.66E0,-2.076794919243E0));
#2200=LINE('',#2199,#2198);
#2201=DIRECTION('',(-6.947465906069E-1,6.947465906069E-1,-1.861567878974E-1));
#2202=VECTOR('',#2201,1.439373742196E-1);
#2203=CARTESIAN_POINT('',(-2.8E0,8.E-2,-2.05E0));
#2204=LINE('',#2203,#2202);
#2205=DIRECTION('',(1.E0,0.E0,0.E0));
#2206=VECTOR('',#2205,1.2E0);
#2207=CARTESIAN_POINT('',(-4.1E0,2.68E0,-2.076794919243E0));
#2208=LINE('',#2207,#2206);
#2209=DIRECTION('',(-1.E0,0.E0,0.E0));
#2210=VECTOR('',#2209,1.2E0);
#2211=CARTESIAN_POINT('',(-2.9E0,2.68E0,-3.95E0));
#2212=LINE('',#2211,#2210);
#2213=DIRECTION('',(1.E0,0.E0,0.E0));
#2214=VECTOR('',#2213,1.2E0);
#2215=CARTESIAN_POINT('',(-4.1E0,7.599999999999E-1,-3.9E0));
#2216=LINE('',#2215,#2214);
#2217=DIRECTION('',(1.E0,0.E0,0.E0));
#2218=VECTOR('',#2217,1.2E0);
#2219=CARTESIAN_POINT('',(-4.1E0,7.599999999999E-1,-4.5E0));
#2220=LINE('',#2219,#2218);
#2221=DIRECTION('',(1.E0,0.E0,0.E0));
#2222=VECTOR('',#2221,1.2E0);
#2223=CARTESIAN_POINT('',(-4.1E0,6.799999999999E-1,-4.7E0));
#2224=LINE('',#2223,#2222);
#2225=CARTESIAN_POINT('',(-6.3E0,3.8E0,-5.25E0));
#2226=CARTESIAN_POINT('',(-6.3E0,-3.8E0,-5.25E0));
#2227=VERTEX_POINT('',#2225);
#2228=VERTEX_POINT('',#2226);
#2229=CARTESIAN_POINT('',(-6.3E0,3.8E0,5.25E0));
#2230=CARTESIAN_POINT('',(-6.3E0,-3.8E0,5.25E0));
#2231=VERTEX_POINT('',#2229);
#2232=VERTEX_POINT('',#2230);
#2233=CARTESIAN_POINT('',(6.3E0,-3.8E0,5.25E0));
#2234=VERTEX_POINT('',#2233);
#2235=CARTESIAN_POINT('',(6.3E0,3.8E0,5.25E0));
#2236=VERTEX_POINT('',#2235);
#2237=CARTESIAN_POINT('',(6.3E0,-3.8E0,-5.25E0));
#2238=VERTEX_POINT('',#2237);
#2239=CARTESIAN_POINT('',(-5.6E0,3.2E0,-2.05E0));
#2240=CARTESIAN_POINT('',(-5.6E0,-3.2E0,-2.05E0));
#2241=VERTEX_POINT('',#2239);
#2242=VERTEX_POINT('',#2240);
#2243=CARTESIAN_POINT('',(5.6E0,-3.2E0,-2.05E0));
#2244=VERTEX_POINT('',#2243);
#2245=CARTESIAN_POINT('',(5.6E0,3.2E0,-2.05E0));
#2246=VERTEX_POINT('',#2245);
#2247=CARTESIAN_POINT('',(-5.85E0,-3.45E0,5.25E0));
#2248=CARTESIAN_POINT('',(5.85E0,-3.45E0,5.25E0));
#2249=VERTEX_POINT('',#2247);
#2250=VERTEX_POINT('',#2248);
#2251=CARTESIAN_POINT('',(-5.6E0,-3.2E0,5.E0));
#2252=CARTESIAN_POINT('',(5.6E0,-3.2E0,5.E0));
#2253=VERTEX_POINT('',#2251);
#2254=VERTEX_POINT('',#2252);
#2255=CARTESIAN_POINT('',(5.85E0,3.45E0,5.25E0));
#2256=VERTEX_POINT('',#2255);
#2257=CARTESIAN_POINT('',(5.6E0,3.2E0,5.E0));
#2258=VERTEX_POINT('',#2257);
#2259=CARTESIAN_POINT('',(-5.85E0,3.45E0,5.25E0));
#2260=VERTEX_POINT('',#2259);
#2261=CARTESIAN_POINT('',(-5.6E0,3.2E0,5.E0));
#2262=VERTEX_POINT('',#2261);
#2263=CARTESIAN_POINT('',(-3.05E0,3.8E0,5.25E0));
#2264=CARTESIAN_POINT('',(-3.05E0,3.45E0,5.25E0));
#2265=VERTEX_POINT('',#2263);
#2266=VERTEX_POINT('',#2264);
#2267=CARTESIAN_POINT('',(3.05E0,3.8E0,5.25E0));
#2268=CARTESIAN_POINT('',(3.05E0,3.45E0,5.25E0));
#2269=VERTEX_POINT('',#2267);
#2270=VERTEX_POINT('',#2268);
#2271=CARTESIAN_POINT('',(-3.05E0,3.8E0,-9.E-1));
#2272=VERTEX_POINT('',#2271);
#2273=CARTESIAN_POINT('',(3.05E0,3.8E0,-9.E-1));
#2274=VERTEX_POINT('',#2273);
#2275=CARTESIAN_POINT('',(1.95E0,3.8E0,-9.E-1));
#2276=VERTEX_POINT('',#2275);
#2277=CARTESIAN_POINT('',(-1.95E0,3.8E0,-9.E-1));
#2278=VERTEX_POINT('',#2277);
#2279=CARTESIAN_POINT('',(-3.05E0,3.2E0,5.E0));
#2280=CARTESIAN_POINT('',(-3.05E0,3.2E0,-9.E-1));
#2281=VERTEX_POINT('',#2279);
#2282=VERTEX_POINT('',#2280);
#2283=CARTESIAN_POINT('',(3.05E0,3.2E0,5.E0));
#2284=CARTESIAN_POINT('',(3.05E0,3.2E0,-9.E-1));
#2285=VERTEX_POINT('',#2283);
#2286=VERTEX_POINT('',#2284);
#2287=CARTESIAN_POINT('',(1.95E0,3.2E0,-9.E-1));
#2288=VERTEX_POINT('',#2287);
#2289=CARTESIAN_POINT('',(1.95E0,3.2E0,5.E0));
#2290=VERTEX_POINT('',#2289);
#2291=CARTESIAN_POINT('',(-1.95E0,3.2E0,5.E0));
#2292=CARTESIAN_POINT('',(-1.95E0,3.2E0,-9.E-1));
#2293=VERTEX_POINT('',#2291);
#2294=VERTEX_POINT('',#2292);
#2295=CARTESIAN_POINT('',(1.95E0,3.45E0,5.25E0));
#2296=CARTESIAN_POINT('',(-1.95E0,3.45E0,5.25E0));
#2297=VERTEX_POINT('',#2295);
#2298=VERTEX_POINT('',#2296);
#2299=CARTESIAN_POINT('',(-1.95E0,3.7E0,5.25E0));
#2300=CARTESIAN_POINT('',(1.95E0,3.7E0,5.25E0));
#2301=VERTEX_POINT('',#2299);
#2302=VERTEX_POINT('',#2300);
#2303=CARTESIAN_POINT('',(1.95E0,3.8E0,5.E0));
#2304=VERTEX_POINT('',#2303);
#2305=CARTESIAN_POINT('',(-1.95E0,3.8E0,5.E0));
#2306=VERTEX_POINT('',#2305);
#2307=CARTESIAN_POINT('',(-4.75E-1,4.45E0,1.974166975080E0));
#2308=CARTESIAN_POINT('',(-4.75E-1,4.45E0,2.574166975080E0));
#2309=VERTEX_POINT('',#2307);
#2310=VERTEX_POINT('',#2308);
#2311=CARTESIAN_POINT('',(4.75E-1,4.45E0,1.974166975080E0));
#2312=CARTESIAN_POINT('',(4.75E-1,4.45E0,2.574166975080E0));
#2313=VERTEX_POINT('',#2311);
#2314=VERTEX_POINT('',#2312);
#2315=CARTESIAN_POINT('',(-4.75E-1,3.8E0,5.E0));
#2316=CARTESIAN_POINT('',(-4.75E-1,3.8E0,1.974166975080E0));
#2317=VERTEX_POINT('',#2315);
#2318=VERTEX_POINT('',#2316);
#2319=CARTESIAN_POINT('',(4.75E-1,3.8E0,5.E0));
#2320=CARTESIAN_POINT('',(4.75E-1,3.8E0,1.974166975080E0));
#2321=VERTEX_POINT('',#2319);
#2322=VERTEX_POINT('',#2320);
#2323=CARTESIAN_POINT('',(-2.9E0,3.4E0,-4.E0));
#2324=CARTESIAN_POINT('',(-2.9E0,3.4E0,-4.85E0));
#2325=VERTEX_POINT('',#2323);
#2326=VERTEX_POINT('',#2324);
#2327=CARTESIAN_POINT('',(-2.9E0,-1.55E0,-4.85E0));
#2328=CARTESIAN_POINT('',(-2.9E0,-1.55E0,-4.E0));
#2329=VERTEX_POINT('',#2327);
#2330=VERTEX_POINT('',#2328);
#2331=CARTESIAN_POINT('',(-4.1E0,3.4E0,-4.E0));
#2332=CARTESIAN_POINT('',(-4.1E0,3.4E0,-4.85E0));
#2333=VERTEX_POINT('',#2331);
#2334=VERTEX_POINT('',#2332);
#2335=CARTESIAN_POINT('',(-4.1E0,-1.55E0,-4.85E0));
#2336=CARTESIAN_POINT('',(-4.1E0,-1.55E0,-4.E0));
#2337=VERTEX_POINT('',#2335);
#2338=VERTEX_POINT('',#2336);
#2339=CARTESIAN_POINT('',(-2.9E0,-3.8E0,-5.25E0));
#2340=CARTESIAN_POINT('',(-2.9E0,-3.8E0,-4.E0));
#2341=VERTEX_POINT('',#2339);
#2342=VERTEX_POINT('',#2340);
#2343=CARTESIAN_POINT('',(-4.1E0,-3.8E0,-5.25E0));
#2344=CARTESIAN_POINT('',(-4.1E0,-3.8E0,-4.E0));
#2345=VERTEX_POINT('',#2343);
#2346=VERTEX_POINT('',#2344);
#2347=CARTESIAN_POINT('',(-2.9E0,3.8E0,-5.25E0));
#2348=CARTESIAN_POINT('',(-2.9E0,3.8E0,-4.E0));
#2349=VERTEX_POINT('',#2347);
#2350=VERTEX_POINT('',#2348);
#2351=CARTESIAN_POINT('',(-4.1E0,3.8E0,-5.25E0));
#2352=CARTESIAN_POINT('',(-4.1E0,3.8E0,-4.E0));
#2353=VERTEX_POINT('',#2351);
#2354=VERTEX_POINT('',#2352);
#2355=CARTESIAN_POINT('',(6.E-1,3.4E0,-4.E0));
#2356=CARTESIAN_POINT('',(6.E-1,3.4E0,-4.85E0));
#2357=VERTEX_POINT('',#2355);
#2358=VERTEX_POINT('',#2356);
#2359=CARTESIAN_POINT('',(6.E-1,-1.55E0,-4.85E0));
#2360=CARTESIAN_POINT('',(6.E-1,-1.55E0,-4.E0));
#2361=VERTEX_POINT('',#2359);
#2362=VERTEX_POINT('',#2360);
#2363=CARTESIAN_POINT('',(-6.E-1,3.4E0,-4.E0));
#2364=CARTESIAN_POINT('',(-6.E-1,3.4E0,-4.85E0));
#2365=VERTEX_POINT('',#2363);
#2366=VERTEX_POINT('',#2364);
#2367=CARTESIAN_POINT('',(-6.E-1,-1.55E0,-4.85E0));
#2368=CARTESIAN_POINT('',(-6.E-1,-1.55E0,-4.E0));
#2369=VERTEX_POINT('',#2367);
#2370=VERTEX_POINT('',#2368);
#2371=CARTESIAN_POINT('',(6.E-1,-3.8E0,-5.25E0));
#2372=CARTESIAN_POINT('',(6.E-1,-3.8E0,-4.E0));
#2373=VERTEX_POINT('',#2371);
#2374=VERTEX_POINT('',#2372);
#2375=CARTESIAN_POINT('',(-6.E-1,-3.8E0,-5.25E0));
#2376=CARTESIAN_POINT('',(-6.E-1,-3.8E0,-4.E0));
#2377=VERTEX_POINT('',#2375);
#2378=VERTEX_POINT('',#2376);
#2379=CARTESIAN_POINT('',(6.E-1,3.8E0,-5.25E0));
#2380=CARTESIAN_POINT('',(6.E-1,3.8E0,-4.E0));
#2381=VERTEX_POINT('',#2379);
#2382=VERTEX_POINT('',#2380);
#2383=CARTESIAN_POINT('',(-6.E-1,3.8E0,-5.25E0));
#2384=CARTESIAN_POINT('',(-6.E-1,3.8E0,-4.E0));
#2385=VERTEX_POINT('',#2383);
#2386=VERTEX_POINT('',#2384);
#2387=CARTESIAN_POINT('',(4.1E0,3.4E0,-4.E0));
#2388=CARTESIAN_POINT('',(4.1E0,3.4E0,-4.85E0));
#2389=VERTEX_POINT('',#2387);
#2390=VERTEX_POINT('',#2388);
#2391=CARTESIAN_POINT('',(4.1E0,-1.55E0,-4.85E0));
#2392=CARTESIAN_POINT('',(4.1E0,-1.55E0,-4.E0));
#2393=VERTEX_POINT('',#2391);
#2394=VERTEX_POINT('',#2392);
#2395=CARTESIAN_POINT('',(2.9E0,3.4E0,-4.E0));
#2396=CARTESIAN_POINT('',(2.9E0,3.4E0,-4.85E0));
#2397=VERTEX_POINT('',#2395);
#2398=VERTEX_POINT('',#2396);
#2399=CARTESIAN_POINT('',(2.9E0,-1.55E0,-4.85E0));
#2400=CARTESIAN_POINT('',(2.9E0,-1.55E0,-4.E0));
#2401=VERTEX_POINT('',#2399);
#2402=VERTEX_POINT('',#2400);
#2403=CARTESIAN_POINT('',(4.1E0,-3.8E0,-5.25E0));
#2404=CARTESIAN_POINT('',(4.1E0,-3.8E0,-4.E0));
#2405=VERTEX_POINT('',#2403);
#2406=VERTEX_POINT('',#2404);
#2407=CARTESIAN_POINT('',(2.9E0,-3.8E0,-5.25E0));
#2408=CARTESIAN_POINT('',(2.9E0,-3.8E0,-4.E0));
#2409=VERTEX_POINT('',#2407);
#2410=VERTEX_POINT('',#2408);
#2411=CARTESIAN_POINT('',(4.1E0,3.8E0,-5.25E0));
#2412=CARTESIAN_POINT('',(4.1E0,3.8E0,-4.E0));
#2413=VERTEX_POINT('',#2411);
#2414=VERTEX_POINT('',#2412);
#2415=CARTESIAN_POINT('',(2.9E0,3.8E0,-5.25E0));
#2416=CARTESIAN_POINT('',(2.9E0,3.8E0,-4.E0));
#2417=VERTEX_POINT('',#2415);
#2418=VERTEX_POINT('',#2416);
#2419=CARTESIAN_POINT('',(6.3E0,3.55E0,-5.25E0));
#2420=CARTESIAN_POINT('',(6.05E0,3.55E0,-5.25E0));
#2421=VERTEX_POINT('',#2419);
#2422=VERTEX_POINT('',#2420);
#2423=CARTESIAN_POINT('',(6.05E0,3.8E0,-5.25E0));
#2424=VERTEX_POINT('',#2423);
#2425=CARTESIAN_POINT('',(6.3E0,3.55E0,-3.5E0));
#2426=VERTEX_POINT('',#2425);
#2427=CARTESIAN_POINT('',(6.3E0,3.8E0,-3.5E0));
#2428=VERTEX_POINT('',#2427);
#2429=CARTESIAN_POINT('',(6.05E0,3.8E0,-3.5E0));
#2430=VERTEX_POINT('',#2429);
#2431=CARTESIAN_POINT('',(6.05E0,3.55E0,-3.5E0));
#2432=VERTEX_POINT('',#2431);
#2433=CARTESIAN_POINT('',(-2.9E0,7.8E-1,-3.95E0));
#2434=CARTESIAN_POINT('',(-2.9E0,2.68E0,-3.95E0));
#2435=VERTEX_POINT('',#2433);
#2436=VERTEX_POINT('',#2434);
#2437=CARTESIAN_POINT('',(-4.1E0,7.8E-1,-3.95E0));
#2438=CARTESIAN_POINT('',(-4.1E0,2.68E0,-3.95E0));
#2439=VERTEX_POINT('',#2437);
#2440=VERTEX_POINT('',#2438);
#2441=CARTESIAN_POINT('',(-4.1E0,7.8E-1,-4.85E0));
#2442=CARTESIAN_POINT('',(-2.9E0,7.8E-1,-4.85E0));
#2443=VERTEX_POINT('',#2441);
#2444=VERTEX_POINT('',#2442);
#2445=CARTESIAN_POINT('',(-4.1E0,2.66E0,-2.05E0));
#2446=CARTESIAN_POINT('',(-4.1E0,1.507E0,-2.05E0));
#2447=VERTEX_POINT('',#2445);
#2448=VERTEX_POINT('',#2446);
#2449=CARTESIAN_POINT('',(-4.1E0,1.507E0,-1.35E0));
#2450=VERTEX_POINT('',#2449);
#2451=CARTESIAN_POINT('',(-4.1E0,1.62E0,-1.35E0));
#2452=VERTEX_POINT('',#2451);
#2453=CARTESIAN_POINT('',(-2.9E0,2.66E0,-2.05E0));
#2454=CARTESIAN_POINT('',(-2.9E0,1.507E0,-2.05E0));
#2455=VERTEX_POINT('',#2453);
#2456=VERTEX_POINT('',#2454);
#2457=CARTESIAN_POINT('',(-2.9E0,1.507E0,-1.35E0));
#2458=VERTEX_POINT('',#2457);
#2459=CARTESIAN_POINT('',(-2.9E0,1.62E0,-1.35E0));
#2460=VERTEX_POINT('',#2459);
#2461=CARTESIAN_POINT('',(-4.1E0,4.799999999999E-1,-1.45E0));
#2462=CARTESIAN_POINT('',(-2.9E0,4.799999999999E-1,-1.45E0));
#2463=VERTEX_POINT('',#2461);
#2464=VERTEX_POINT('',#2462);
#2465=CARTESIAN_POINT('',(-4.1E0,7.599999999999E-1,-3.9E0));
#2466=CARTESIAN_POINT('',(-2.9E0,7.599999999999E-1,-3.9E0));
#2467=VERTEX_POINT('',#2465);
#2468=VERTEX_POINT('',#2466);
#2469=CARTESIAN_POINT('',(-2.9E0,7.599999999999E-1,-4.5E0));
#2470=VERTEX_POINT('',#2469);
#2471=CARTESIAN_POINT('',(-2.9E0,2.66E0,-3.9E0));
#2472=VERTEX_POINT('',#2471);
#2473=CARTESIAN_POINT('',(-4.1E0,2.66E0,-3.9E0));
#2474=VERTEX_POINT('',#2473);
#2475=CARTESIAN_POINT('',(-4.1E0,7.599999999999E-1,-4.5E0));
#2476=VERTEX_POINT('',#2475);
#2477=CARTESIAN_POINT('',(-4.1E0,7.999999999992E-2,-5.85E0));
#2478=CARTESIAN_POINT('',(-4.1E0,6.799999999999E-1,-5.85E0));
#2479=VERTEX_POINT('',#2477);
#2480=VERTEX_POINT('',#2478);
#2481=CARTESIAN_POINT('',(-4.1E0,7.999999999992E-2,-6.75E0));
#2482=CARTESIAN_POINT('',(-4.1E0,6.799999999999E-1,-6.75E0));
#2483=VERTEX_POINT('',#2481);
#2484=VERTEX_POINT('',#2482);
#2485=CARTESIAN_POINT('',(-2.9E0,7.999999999992E-2,-5.85E0));
#2486=CARTESIAN_POINT('',(-2.9E0,6.799999999999E-1,-5.85E0));
#2487=VERTEX_POINT('',#2485);
#2488=VERTEX_POINT('',#2486);
#2489=CARTESIAN_POINT('',(-2.9E0,7.999999999992E-2,-6.75E0));
#2490=CARTESIAN_POINT('',(-2.9E0,6.799999999999E-1,-6.75E0));
#2491=VERTEX_POINT('',#2489);
#2492=VERTEX_POINT('',#2490);
#2493=CARTESIAN_POINT('',(-4.E0,7.999999999992E-2,-4.85E0));
#2494=CARTESIAN_POINT('',(-4.E0,7.999999999992E-2,-5.65E0));
#2495=VERTEX_POINT('',#2493);
#2496=VERTEX_POINT('',#2494);
#2497=CARTESIAN_POINT('',(-4.E0,7.999999999992E-2,-6.95E0));
#2498=VERTEX_POINT('',#2497);
#2499=CARTESIAN_POINT('',(-4.E0,7.999999999992E-2,-7.6E0));
#2500=VERTEX_POINT('',#2499);
#2501=CARTESIAN_POINT('',(-3.72E0,7.999999999992E-2,-8.75E0));
#2502=VERTEX_POINT('',#2501);
#2503=CARTESIAN_POINT('',(-3.E0,7.999999999992E-2,-5.65E0));
#2504=VERTEX_POINT('',#2503);
#2505=CARTESIAN_POINT('',(-3.E0,7.999999999992E-2,-4.85E0));
#2506=VERTEX_POINT('',#2505);
#2507=CARTESIAN_POINT('',(-3.28E0,7.999999999992E-2,-8.75E0));
#2508=CARTESIAN_POINT('',(-3.E0,7.999999999992E-2,-7.6E0));
#2509=VERTEX_POINT('',#2507);
#2510=VERTEX_POINT('',#2508);
#2511=CARTESIAN_POINT('',(-3.E0,7.999999999992E-2,-6.95E0));
#2512=VERTEX_POINT('',#2511);
#2513=CARTESIAN_POINT('',(-4.E0,6.799999999999E-1,-4.85E0));
#2514=VERTEX_POINT('',#2513);
#2515=CARTESIAN_POINT('',(-4.E0,6.799999999999E-1,-5.65E0));
#2516=VERTEX_POINT('',#2515);
#2517=CARTESIAN_POINT('',(-4.E0,6.799999999999E-1,-6.95E0));
#2518=VERTEX_POINT('',#2517);
#2519=CARTESIAN_POINT('',(-4.E0,6.799999999999E-1,-7.6E0));
#2520=VERTEX_POINT('',#2519);
#2521=CARTESIAN_POINT('',(-3.E0,6.799999999999E-1,-4.85E0));
#2522=VERTEX_POINT('',#2521);
#2523=CARTESIAN_POINT('',(-3.E0,6.799999999999E-1,-5.65E0));
#2524=VERTEX_POINT('',#2523);
#2525=CARTESIAN_POINT('',(-3.E0,6.799999999999E-1,-7.6E0));
#2526=VERTEX_POINT('',#2525);
#2527=CARTESIAN_POINT('',(-3.E0,6.799999999999E-1,-6.95E0));
#2528=VERTEX_POINT('',#2527);
#2529=CARTESIAN_POINT('',(-3.72E0,2.599999999999E-1,-4.85E0));
#2530=CARTESIAN_POINT('',(-3.28E0,2.599999999999E-1,-4.85E0));
#2531=VERTEX_POINT('',#2529);
#2532=VERTEX_POINT('',#2530);
#2533=CARTESIAN_POINT('',(-3.72E0,2.599999999999E-1,-8.75E0));
#2534=CARTESIAN_POINT('',(-3.28E0,2.599999999999E-1,-8.75E0));
#2535=VERTEX_POINT('',#2533);
#2536=VERTEX_POINT('',#2534);
#2537=CARTESIAN_POINT('',(-3.72E0,4.8E-1,-8.75E0));
#2538=VERTEX_POINT('',#2537);
#2539=CARTESIAN_POINT('',(-3.28E0,4.8E-1,-8.75E0));
#2540=VERTEX_POINT('',#2539);
#2541=CARTESIAN_POINT('',(-3.72E0,6.799999999999E-1,-8.003589838487E0));
#2542=VERTEX_POINT('',#2541);
#2543=CARTESIAN_POINT('',(-3.28E0,6.799999999999E-1,-8.003589838487E0));
#2544=VERTEX_POINT('',#2543);
#2545=CARTESIAN_POINT('',(-3.901734648021E0,6.799999999999E-1,
-8.003589838487E0));
#2546=VERTEX_POINT('',#2545);
#2547=CARTESIAN_POINT('',(-3.098265351979E0,6.799999999999E-1,
-8.003589838487E0));
#2548=VERTEX_POINT('',#2547);
#2549=CARTESIAN_POINT('',(-3.72E0,6.799999999999E-1,-4.85E0));
#2550=VERTEX_POINT('',#2549);
#2551=CARTESIAN_POINT('',(-3.28E0,6.799999999999E-1,-4.85E0));
#2552=VERTEX_POINT('',#2551);
#2553=CARTESIAN_POINT('',(6.E-1,7.8E-1,-3.95E0));
#2554=CARTESIAN_POINT('',(6.E-1,2.68E0,-3.95E0));
#2555=VERTEX_POINT('',#2553);
#2556=VERTEX_POINT('',#2554);
#2557=CARTESIAN_POINT('',(-6.E-1,7.8E-1,-3.95E0));
#2558=CARTESIAN_POINT('',(-6.E-1,2.68E0,-3.95E0));
#2559=VERTEX_POINT('',#2557);
#2560=VERTEX_POINT('',#2558);
#2561=CARTESIAN_POINT('',(-6.E-1,7.8E-1,-4.85E0));
#2562=CARTESIAN_POINT('',(6.E-1,7.8E-1,-4.85E0));
#2563=VERTEX_POINT('',#2561);
#2564=VERTEX_POINT('',#2562);
#2565=CARTESIAN_POINT('',(4.1E0,7.8E-1,-3.95E0));
#2566=CARTESIAN_POINT('',(4.1E0,2.68E0,-3.95E0));
#2567=VERTEX_POINT('',#2565);
#2568=VERTEX_POINT('',#2566);
#2569=CARTESIAN_POINT('',(2.9E0,7.8E-1,-3.95E0));
#2570=CARTESIAN_POINT('',(2.9E0,2.68E0,-3.95E0));
#2571=VERTEX_POINT('',#2569);
#2572=VERTEX_POINT('',#2570);
#2573=CARTESIAN_POINT('',(2.9E0,7.8E-1,-4.85E0));
#2574=CARTESIAN_POINT('',(4.1E0,7.8E-1,-4.85E0));
#2575=VERTEX_POINT('',#2573);
#2576=VERTEX_POINT('',#2574);
#2577=CARTESIAN_POINT('',(-6.E-1,2.66E0,-2.05E0));
#2578=CARTESIAN_POINT('',(-6.E-1,1.507E0,-2.05E0));
#2579=VERTEX_POINT('',#2577);
#2580=VERTEX_POINT('',#2578);
#2581=CARTESIAN_POINT('',(-6.E-1,1.507E0,-1.35E0));
#2582=VERTEX_POINT('',#2581);
#2583=CARTESIAN_POINT('',(-6.E-1,1.62E0,-1.35E0));
#2584=VERTEX_POINT('',#2583);
#2585=CARTESIAN_POINT('',(6.E-1,2.66E0,-2.05E0));
#2586=CARTESIAN_POINT('',(6.E-1,1.507E0,-2.05E0));
#2587=VERTEX_POINT('',#2585);
#2588=VERTEX_POINT('',#2586);
#2589=CARTESIAN_POINT('',(6.E-1,1.507E0,-1.35E0));
#2590=VERTEX_POINT('',#2589);
#2591=CARTESIAN_POINT('',(6.E-1,1.62E0,-1.35E0));
#2592=VERTEX_POINT('',#2591);
#2593=CARTESIAN_POINT('',(-6.E-1,4.799999999999E-1,-1.45E0));
#2594=CARTESIAN_POINT('',(6.E-1,4.799999999999E-1,-1.45E0));
#2595=VERTEX_POINT('',#2593);
#2596=VERTEX_POINT('',#2594);
#2597=CARTESIAN_POINT('',(6.E-1,7.599999999999E-1,-3.9E0));
#2598=CARTESIAN_POINT('',(6.E-1,2.66E0,-3.9E0));
#2599=VERTEX_POINT('',#2597);
#2600=VERTEX_POINT('',#2598);
#2601=CARTESIAN_POINT('',(6.E-1,7.599999999999E-1,-4.5E0));
#2602=VERTEX_POINT('',#2601);
#2603=CARTESIAN_POINT('',(-6.E-1,7.599999999999E-1,-3.9E0));
#2604=CARTESIAN_POINT('',(-6.E-1,2.66E0,-3.9E0));
#2605=VERTEX_POINT('',#2603);
#2606=VERTEX_POINT('',#2604);
#2607=CARTESIAN_POINT('',(-6.E-1,7.599999999999E-1,-4.5E0));
#2608=VERTEX_POINT('',#2607);
#2609=CARTESIAN_POINT('',(2.9E0,2.66E0,-2.05E0));
#2610=CARTESIAN_POINT('',(2.9E0,1.507E0,-2.05E0));
#2611=VERTEX_POINT('',#2609);
#2612=VERTEX_POINT('',#2610);
#2613=CARTESIAN_POINT('',(2.9E0,1.507E0,-1.35E0));
#2614=VERTEX_POINT('',#2613);
#2615=CARTESIAN_POINT('',(2.9E0,1.62E0,-1.35E0));
#2616=VERTEX_POINT('',#2615);
#2617=CARTESIAN_POINT('',(4.1E0,2.66E0,-2.05E0));
#2618=CARTESIAN_POINT('',(4.1E0,1.507E0,-2.05E0));
#2619=VERTEX_POINT('',#2617);
#2620=VERTEX_POINT('',#2618);
#2621=CARTESIAN_POINT('',(4.1E0,1.507E0,-1.35E0));
#2622=VERTEX_POINT('',#2621);
#2623=CARTESIAN_POINT('',(4.1E0,1.62E0,-1.35E0));
#2624=VERTEX_POINT('',#2623);
#2625=CARTESIAN_POINT('',(2.9E0,4.799999999999E-1,-1.45E0));
#2626=CARTESIAN_POINT('',(4.1E0,4.799999999999E-1,-1.45E0));
#2627=VERTEX_POINT('',#2625);
#2628=VERTEX_POINT('',#2626);
#2629=CARTESIAN_POINT('',(4.1E0,7.599999999999E-1,-3.9E0));
#2630=CARTESIAN_POINT('',(4.1E0,2.66E0,-3.9E0));
#2631=VERTEX_POINT('',#2629);
#2632=VERTEX_POINT('',#2630);
#2633=CARTESIAN_POINT('',(4.1E0,7.599999999999E-1,-4.5E0));
#2634=VERTEX_POINT('',#2633);
#2635=CARTESIAN_POINT('',(2.9E0,7.599999999999E-1,-3.9E0));
#2636=CARTESIAN_POINT('',(2.9E0,2.66E0,-3.9E0));
#2637=VERTEX_POINT('',#2635);
#2638=VERTEX_POINT('',#2636);
#2639=CARTESIAN_POINT('',(2.9E0,7.599999999999E-1,-4.5E0));
#2640=VERTEX_POINT('',#2639);
#2641=CARTESIAN_POINT('',(-6.E-1,7.999999999992E-2,-5.85E0));
#2642=CARTESIAN_POINT('',(-6.E-1,6.799999999999E-1,-5.85E0));
#2643=VERTEX_POINT('',#2641);
#2644=VERTEX_POINT('',#2642);
#2645=CARTESIAN_POINT('',(-6.E-1,7.999999999992E-2,-6.75E0));
#2646=CARTESIAN_POINT('',(-6.E-1,6.799999999999E-1,-6.75E0));
#2647=VERTEX_POINT('',#2645);
#2648=VERTEX_POINT('',#2646);
#2649=CARTESIAN_POINT('',(6.E-1,7.999999999992E-2,-5.85E0));
#2650=CARTESIAN_POINT('',(6.E-1,6.799999999999E-1,-5.85E0));
#2651=VERTEX_POINT('',#2649);
#2652=VERTEX_POINT('',#2650);
#2653=CARTESIAN_POINT('',(6.E-1,7.999999999992E-2,-6.75E0));
#2654=CARTESIAN_POINT('',(6.E-1,6.799999999999E-1,-6.75E0));
#2655=VERTEX_POINT('',#2653);
#2656=VERTEX_POINT('',#2654);
#2657=CARTESIAN_POINT('',(-5.E-1,7.999999999992E-2,-4.85E0));
#2658=CARTESIAN_POINT('',(-5.E-1,7.999999999992E-2,-5.65E0));
#2659=VERTEX_POINT('',#2657);
#2660=VERTEX_POINT('',#2658);
#2661=CARTESIAN_POINT('',(-5.E-1,7.999999999992E-2,-6.95E0));
#2662=VERTEX_POINT('',#2661);
#2663=CARTESIAN_POINT('',(-5.E-1,7.999999999992E-2,-7.6E0));
#2664=VERTEX_POINT('',#2663);
#2665=CARTESIAN_POINT('',(-2.2E-1,7.999999999992E-2,-8.75E0));
#2666=VERTEX_POINT('',#2665);
#2667=CARTESIAN_POINT('',(5.E-1,7.999999999992E-2,-5.65E0));
#2668=VERTEX_POINT('',#2667);
#2669=CARTESIAN_POINT('',(5.E-1,7.999999999992E-2,-4.85E0));
#2670=VERTEX_POINT('',#2669);
#2671=CARTESIAN_POINT('',(2.2E-1,7.999999999992E-2,-8.75E0));
#2672=CARTESIAN_POINT('',(5.E-1,7.999999999992E-2,-7.6E0));
#2673=VERTEX_POINT('',#2671);
#2674=VERTEX_POINT('',#2672);
#2675=CARTESIAN_POINT('',(5.E-1,7.999999999992E-2,-6.95E0));
#2676=VERTEX_POINT('',#2675);
#2677=CARTESIAN_POINT('',(-5.E-1,6.799999999999E-1,-4.85E0));
#2678=VERTEX_POINT('',#2677);
#2679=CARTESIAN_POINT('',(-5.E-1,6.799999999999E-1,-5.65E0));
#2680=VERTEX_POINT('',#2679);
#2681=CARTESIAN_POINT('',(-5.E-1,6.799999999999E-1,-6.95E0));
#2682=VERTEX_POINT('',#2681);
#2683=CARTESIAN_POINT('',(-5.E-1,6.799999999999E-1,-7.6E0));
#2684=VERTEX_POINT('',#2683);
#2685=CARTESIAN_POINT('',(5.E-1,6.799999999999E-1,-4.85E0));
#2686=VERTEX_POINT('',#2685);
#2687=CARTESIAN_POINT('',(5.E-1,6.799999999999E-1,-5.65E0));
#2688=VERTEX_POINT('',#2687);
#2689=CARTESIAN_POINT('',(5.E-1,6.799999999999E-1,-7.6E0));
#2690=VERTEX_POINT('',#2689);
#2691=CARTESIAN_POINT('',(5.E-1,6.799999999999E-1,-6.95E0));
#2692=VERTEX_POINT('',#2691);
#2693=CARTESIAN_POINT('',(2.9E0,7.999999999992E-2,-5.85E0));
#2694=CARTESIAN_POINT('',(2.9E0,6.799999999999E-1,-5.85E0));
#2695=VERTEX_POINT('',#2693);
#2696=VERTEX_POINT('',#2694);
#2697=CARTESIAN_POINT('',(2.9E0,7.999999999992E-2,-6.75E0));
#2698=CARTESIAN_POINT('',(2.9E0,6.799999999999E-1,-6.75E0));
#2699=VERTEX_POINT('',#2697);
#2700=VERTEX_POINT('',#2698);
#2701=CARTESIAN_POINT('',(4.1E0,7.999999999992E-2,-5.85E0));
#2702=CARTESIAN_POINT('',(4.1E0,6.799999999999E-1,-5.85E0));
#2703=VERTEX_POINT('',#2701);
#2704=VERTEX_POINT('',#2702);
#2705=CARTESIAN_POINT('',(4.1E0,7.999999999992E-2,-6.75E0));
#2706=CARTESIAN_POINT('',(4.1E0,6.799999999999E-1,-6.75E0));
#2707=VERTEX_POINT('',#2705);
#2708=VERTEX_POINT('',#2706);
#2709=CARTESIAN_POINT('',(3.E0,7.999999999992E-2,-4.85E0));
#2710=CARTESIAN_POINT('',(3.E0,7.999999999992E-2,-5.65E0));
#2711=VERTEX_POINT('',#2709);
#2712=VERTEX_POINT('',#2710);
#2713=CARTESIAN_POINT('',(3.E0,7.999999999992E-2,-6.95E0));
#2714=VERTEX_POINT('',#2713);
#2715=CARTESIAN_POINT('',(3.E0,7.999999999992E-2,-7.6E0));
#2716=VERTEX_POINT('',#2715);
#2717=CARTESIAN_POINT('',(3.28E0,7.999999999992E-2,-8.75E0));
#2718=VERTEX_POINT('',#2717);
#2719=CARTESIAN_POINT('',(4.E0,7.999999999992E-2,-5.65E0));
#2720=VERTEX_POINT('',#2719);
#2721=CARTESIAN_POINT('',(4.E0,7.999999999992E-2,-4.85E0));
#2722=VERTEX_POINT('',#2721);
#2723=CARTESIAN_POINT('',(3.72E0,7.999999999992E-2,-8.75E0));
#2724=CARTESIAN_POINT('',(4.E0,7.999999999992E-2,-7.6E0));
#2725=VERTEX_POINT('',#2723);
#2726=VERTEX_POINT('',#2724);
#2727=CARTESIAN_POINT('',(4.E0,7.999999999992E-2,-6.95E0));
#2728=VERTEX_POINT('',#2727);
#2729=CARTESIAN_POINT('',(3.E0,6.799999999999E-1,-4.85E0));
#2730=VERTEX_POINT('',#2729);
#2731=CARTESIAN_POINT('',(3.E0,6.799999999999E-1,-5.65E0));
#2732=VERTEX_POINT('',#2731);
#2733=CARTESIAN_POINT('',(3.E0,6.799999999999E-1,-6.95E0));
#2734=VERTEX_POINT('',#2733);
#2735=CARTESIAN_POINT('',(3.E0,6.799999999999E-1,-7.6E0));
#2736=VERTEX_POINT('',#2735);
#2737=CARTESIAN_POINT('',(4.E0,6.799999999999E-1,-4.85E0));
#2738=VERTEX_POINT('',#2737);
#2739=CARTESIAN_POINT('',(4.E0,6.799999999999E-1,-5.65E0));
#2740=VERTEX_POINT('',#2739);
#2741=CARTESIAN_POINT('',(4.E0,6.799999999999E-1,-7.6E0));
#2742=VERTEX_POINT('',#2741);
#2743=CARTESIAN_POINT('',(4.E0,6.799999999999E-1,-6.95E0));
#2744=VERTEX_POINT('',#2743);
#2745=CARTESIAN_POINT('',(-2.2E-1,2.599999999999E-1,-4.85E0));
#2746=CARTESIAN_POINT('',(2.2E-1,2.599999999999E-1,-4.85E0));
#2747=VERTEX_POINT('',#2745);
#2748=VERTEX_POINT('',#2746);
#2749=CARTESIAN_POINT('',(-2.2E-1,2.599999999999E-1,-8.75E0));
#2750=CARTESIAN_POINT('',(2.2E-1,2.599999999999E-1,-8.75E0));
#2751=VERTEX_POINT('',#2749);
#2752=VERTEX_POINT('',#2750);
#2753=CARTESIAN_POINT('',(-2.2E-1,4.8E-1,-8.75E0));
#2754=VERTEX_POINT('',#2753);
#2755=CARTESIAN_POINT('',(2.2E-1,4.8E-1,-8.75E0));
#2756=VERTEX_POINT('',#2755);
#2757=CARTESIAN_POINT('',(-2.2E-1,6.799999999999E-1,-8.003589838487E0));
#2758=VERTEX_POINT('',#2757);
#2759=CARTESIAN_POINT('',(2.2E-1,6.799999999999E-1,-8.003589838487E0));
#2760=VERTEX_POINT('',#2759);
#2761=CARTESIAN_POINT('',(-4.017346480207E-1,6.799999999999E-1,
-8.003589838487E0));
#2762=VERTEX_POINT('',#2761);
#2763=CARTESIAN_POINT('',(4.017346480207E-1,6.799999999999E-1,
-8.003589838487E0));
#2764=VERTEX_POINT('',#2763);
#2765=CARTESIAN_POINT('',(-2.2E-1,6.799999999999E-1,-4.85E0));
#2766=VERTEX_POINT('',#2765);
#2767=CARTESIAN_POINT('',(2.2E-1,6.799999999999E-1,-4.85E0));
#2768=VERTEX_POINT('',#2767);
#2769=CARTESIAN_POINT('',(3.28E0,2.599999999999E-1,-4.85E0));
#2770=CARTESIAN_POINT('',(3.72E0,2.599999999999E-1,-4.85E0));
#2771=VERTEX_POINT('',#2769);
#2772=VERTEX_POINT('',#2770);
#2773=CARTESIAN_POINT('',(3.28E0,2.599999999999E-1,-8.75E0));
#2774=CARTESIAN_POINT('',(3.72E0,2.599999999999E-1,-8.75E0));
#2775=VERTEX_POINT('',#2773);
#2776=VERTEX_POINT('',#2774);
#2777=CARTESIAN_POINT('',(3.28E0,4.8E-1,-8.75E0));
#2778=VERTEX_POINT('',#2777);
#2779=CARTESIAN_POINT('',(3.72E0,4.8E-1,-8.75E0));
#2780=VERTEX_POINT('',#2779);
#2781=CARTESIAN_POINT('',(3.28E0,6.799999999999E-1,-8.003589838487E0));
#2782=VERTEX_POINT('',#2781);
#2783=CARTESIAN_POINT('',(3.72E0,6.799999999999E-1,-8.003589838487E0));
#2784=VERTEX_POINT('',#2783);
#2785=CARTESIAN_POINT('',(3.098265351979E0,6.799999999999E-1,
-8.003589838487E0));
#2786=VERTEX_POINT('',#2785);
#2787=CARTESIAN_POINT('',(3.901734648021E0,6.799999999999E-1,
-8.003589838487E0));
#2788=VERTEX_POINT('',#2787);
#2789=CARTESIAN_POINT('',(3.28E0,6.799999999999E-1,-4.85E0));
#2790=VERTEX_POINT('',#2789);
#2791=CARTESIAN_POINT('',(3.72E0,6.799999999999E-1,-4.85E0));
#2792=VERTEX_POINT('',#2791);
#2793=CARTESIAN_POINT('',(-4.2E0,8.E-2,-2.05E0));
#2794=CARTESIAN_POINT('',(-4.2E0,2.78E0,-2.05E0));
#2795=VERTEX_POINT('',#2793);
#2796=VERTEX_POINT('',#2794);
#2797=CARTESIAN_POINT('',(-2.8E0,2.78E0,-2.05E0));
#2798=VERTEX_POINT('',#2797);
#2799=CARTESIAN_POINT('',(-4.1E0,2.68E0,-2.076794919243E0));
#2800=CARTESIAN_POINT('',(-2.9E0,2.68E0,-2.076794919243E0));
#2801=VERTEX_POINT('',#2799);
#2802=VERTEX_POINT('',#2800);
#2803=CARTESIAN_POINT('',(-2.8E0,8.E-2,-2.05E0));
#2804=VERTEX_POINT('',#2803);
#2805=CARTESIAN_POINT('',(-7.E-1,8.E-2,-2.05E0));
#2806=CARTESIAN_POINT('',(-7.E-1,2.78E0,-2.05E0));
#2807=VERTEX_POINT('',#2805);
#2808=VERTEX_POINT('',#2806);
#2809=CARTESIAN_POINT('',(7.E-1,2.78E0,-2.05E0));
#2810=VERTEX_POINT('',#2809);
#2811=CARTESIAN_POINT('',(-6.E-1,2.68E0,-2.076794919243E0));
#2812=CARTESIAN_POINT('',(6.E-1,2.68E0,-2.076794919243E0));
#2813=VERTEX_POINT('',#2811);
#2814=VERTEX_POINT('',#2812);
#2815=CARTESIAN_POINT('',(7.E-1,8.E-2,-2.05E0));
#2816=VERTEX_POINT('',#2815);
#2817=CARTESIAN_POINT('',(2.8E0,8.E-2,-2.05E0));
#2818=CARTESIAN_POINT('',(2.8E0,2.78E0,-2.05E0));
#2819=VERTEX_POINT('',#2817);
#2820=VERTEX_POINT('',#2818);
#2821=CARTESIAN_POINT('',(4.2E0,2.78E0,-2.05E0));
#2822=VERTEX_POINT('',#2821);
#2823=CARTESIAN_POINT('',(2.9E0,2.68E0,-2.076794919243E0));
#2824=CARTESIAN_POINT('',(4.1E0,2.68E0,-2.076794919243E0));
#2825=VERTEX_POINT('',#2823);
#2826=VERTEX_POINT('',#2824);
#2827=CARTESIAN_POINT('',(4.2E0,8.E-2,-2.05E0));
#2828=VERTEX_POINT('',#2827);
#2829=CARTESIAN_POINT('',(-2.9E0,2.66E0,-2.076794919243E0));
#2830=CARTESIAN_POINT('',(-2.9E0,1.8E-1,-2.076794919243E0));
#2831=VERTEX_POINT('',#2829);
#2832=VERTEX_POINT('',#2830);
#2833=CARTESIAN_POINT('',(-4.1E0,2.66E0,-2.076794919243E0));
#2834=CARTESIAN_POINT('',(-4.1E0,1.8E-1,-2.076794919243E0));
#2835=VERTEX_POINT('',#2833);
#2836=VERTEX_POINT('',#2834);
#2837=CARTESIAN_POINT('',(6.E-1,2.66E0,-2.076794919243E0));
#2838=CARTESIAN_POINT('',(6.E-1,1.8E-1,-2.076794919243E0));
#2839=VERTEX_POINT('',#2837);
#2840=VERTEX_POINT('',#2838);
#2841=CARTESIAN_POINT('',(-6.E-1,2.66E0,-2.076794919243E0));
#2842=CARTESIAN_POINT('',(-6.E-1,1.8E-1,-2.076794919243E0));
#2843=VERTEX_POINT('',#2841);
#2844=VERTEX_POINT('',#2842);
#2845=CARTESIAN_POINT('',(4.1E0,2.66E0,-2.076794919243E0));
#2846=CARTESIAN_POINT('',(4.1E0,1.8E-1,-2.076794919243E0));
#2847=VERTEX_POINT('',#2845);
#2848=VERTEX_POINT('',#2846);
#2849=CARTESIAN_POINT('',(2.9E0,2.66E0,-2.076794919243E0));
#2850=CARTESIAN_POINT('',(2.9E0,1.8E-1,-2.076794919243E0));
#2851=VERTEX_POINT('',#2849);
#2852=VERTEX_POINT('',#2850);
#2853=CARTESIAN_POINT('',(-4.1E0,7.999999999994E-2,-2.05E0));
#2854=CARTESIAN_POINT('',(-2.9E0,7.999999999994E-2,-2.05E0));
#2855=VERTEX_POINT('',#2853);
#2856=VERTEX_POINT('',#2854);
#2857=CARTESIAN_POINT('',(-2.9E0,6.799999999999E-1,-4.7E0));
#2858=VERTEX_POINT('',#2857);
#2859=CARTESIAN_POINT('',(-4.1E0,6.799999999999E-1,-4.7E0));
#2860=VERTEX_POINT('',#2859);
#2861=CARTESIAN_POINT('',(-6.E-1,7.999999999993E-2,-2.05E0));
#2862=CARTESIAN_POINT('',(6.E-1,7.999999999993E-2,-2.05E0));
#2863=VERTEX_POINT('',#2861);
#2864=VERTEX_POINT('',#2862);
#2865=CARTESIAN_POINT('',(6.E-1,6.799999999999E-1,-4.7E0));
#2866=VERTEX_POINT('',#2865);
#2867=CARTESIAN_POINT('',(-6.E-1,6.799999999999E-1,-4.7E0));
#2868=VERTEX_POINT('',#2867);
#2869=CARTESIAN_POINT('',(2.9E0,7.999999999993E-2,-2.05E0));
#2870=CARTESIAN_POINT('',(4.1E0,7.999999999993E-2,-2.05E0));
#2871=VERTEX_POINT('',#2869);
#2872=VERTEX_POINT('',#2870);
#2873=CARTESIAN_POINT('',(4.1E0,6.799999999999E-1,-4.7E0));
#2874=VERTEX_POINT('',#2873);
#2875=CARTESIAN_POINT('',(2.9E0,6.799999999999E-1,-4.7E0));
#2876=VERTEX_POINT('',#2875);
#2877=CARTESIAN_POINT('',(-4.1E0,6.799999999999E-1,-4.85E0));
#2878=VERTEX_POINT('',#2877);
#2879=CARTESIAN_POINT('',(-2.9E0,6.799999999999E-1,-4.85E0));
#2880=VERTEX_POINT('',#2879);
#2881=CARTESIAN_POINT('',(-6.E-1,6.799999999999E-1,-4.85E0));
#2882=VERTEX_POINT('',#2881);
#2883=CARTESIAN_POINT('',(6.E-1,6.799999999999E-1,-4.85E0));
#2884=VERTEX_POINT('',#2883);
#2885=CARTESIAN_POINT('',(2.9E0,6.799999999999E-1,-4.85E0));
#2886=VERTEX_POINT('',#2885);
#2887=CARTESIAN_POINT('',(4.1E0,6.799999999999E-1,-4.85E0));
#2888=VERTEX_POINT('',#2887);
#2889=CARTESIAN_POINT('',(-3.05E0,1.47E0,4.45E0));
#2890=CARTESIAN_POINT('',(-3.05E0,6.299999999999E-1,4.45E0));
#2891=VERTEX_POINT('',#2889);
#2892=VERTEX_POINT('',#2890);
#2893=CARTESIAN_POINT('',(-2.9E0,1.62E0,3.7E0));
#2894=CARTESIAN_POINT('',(-2.9E0,4.799999999999E-1,3.7E0));
#2895=VERTEX_POINT('',#2893);
#2896=VERTEX_POINT('',#2894);
#2897=CARTESIAN_POINT('',(-4.1E0,1.62E0,3.7E0));
#2898=VERTEX_POINT('',#2897);
#2899=CARTESIAN_POINT('',(-3.95E0,1.47E0,4.45E0));
#2900=VERTEX_POINT('',#2899);
#2901=CARTESIAN_POINT('',(-4.1E0,4.799999999999E-1,3.7E0));
#2902=VERTEX_POINT('',#2901);
#2903=CARTESIAN_POINT('',(-3.95E0,6.299999999999E-1,4.45E0));
#2904=VERTEX_POINT('',#2903);
#2905=CARTESIAN_POINT('',(4.5E-1,1.47E0,4.45E0));
#2906=CARTESIAN_POINT('',(4.5E-1,6.299999999999E-1,4.45E0));
#2907=VERTEX_POINT('',#2905);
#2908=VERTEX_POINT('',#2906);
#2909=CARTESIAN_POINT('',(6.E-1,1.62E0,3.7E0));
#2910=CARTESIAN_POINT('',(6.E-1,4.799999999999E-1,3.7E0));
#2911=VERTEX_POINT('',#2909);
#2912=VERTEX_POINT('',#2910);
#2913=CARTESIAN_POINT('',(-6.E-1,1.62E0,3.7E0));
#2914=VERTEX_POINT('',#2913);
#2915=CARTESIAN_POINT('',(-4.5E-1,1.47E0,4.45E0));
#2916=VERTEX_POINT('',#2915);
#2917=CARTESIAN_POINT('',(-6.E-1,4.799999999999E-1,3.7E0));
#2918=VERTEX_POINT('',#2917);
#2919=CARTESIAN_POINT('',(-4.5E-1,6.299999999999E-1,4.45E0));
#2920=VERTEX_POINT('',#2919);
#2921=CARTESIAN_POINT('',(3.95E0,1.47E0,4.45E0));
#2922=CARTESIAN_POINT('',(3.95E0,6.299999999999E-1,4.45E0));
#2923=VERTEX_POINT('',#2921);
#2924=VERTEX_POINT('',#2922);
#2925=CARTESIAN_POINT('',(4.1E0,1.62E0,3.7E0));
#2926=CARTESIAN_POINT('',(4.1E0,4.799999999999E-1,3.7E0));
#2927=VERTEX_POINT('',#2925);
#2928=VERTEX_POINT('',#2926);
#2929=CARTESIAN_POINT('',(2.9E0,1.62E0,3.7E0));
#2930=VERTEX_POINT('',#2929);
#2931=CARTESIAN_POINT('',(3.05E0,1.47E0,4.45E0));
#2932=VERTEX_POINT('',#2931);
#2933=CARTESIAN_POINT('',(2.9E0,4.799999999999E-1,3.7E0));
#2934=VERTEX_POINT('',#2933);
#2935=CARTESIAN_POINT('',(3.05E0,6.299999999999E-1,4.45E0));
#2936=VERTEX_POINT('',#2935);
#2937=CARTESIAN_POINT('',(0.E0,0.E0,-5.25E0));
#2938=DIRECTION('',(0.E0,0.E0,1.E0));
#2939=DIRECTION('',(1.E0,0.E0,0.E0));
#2940=AXIS2_PLACEMENT_3D('',#2937,#2938,#2939);
#2941=PLANE('',#2940);
#2943=ORIENTED_EDGE('',*,*,#2942,.F.);
#2945=ORIENTED_EDGE('',*,*,#2944,.T.);
#2947=ORIENTED_EDGE('',*,*,#2946,.T.);
#2949=ORIENTED_EDGE('',*,*,#2948,.T.);
#2950=EDGE_LOOP('',(#2943,#2945,#2947,#2949));
#2951=FACE_OUTER_BOUND('',#2950,.F.);
#2952=ADVANCED_FACE('',(#2951),#2941,.F.);
#2953=CARTESIAN_POINT('',(0.E0,0.E0,-5.25E0));
#2954=DIRECTION('',(0.E0,0.E0,1.E0));
#2955=DIRECTION('',(1.E0,0.E0,0.E0));
#2956=AXIS2_PLACEMENT_3D('',#2953,#2954,#2955);
#2957=PLANE('',#2956);
#2959=ORIENTED_EDGE('',*,*,#2958,.F.);
#2961=ORIENTED_EDGE('',*,*,#2960,.T.);
#2963=ORIENTED_EDGE('',*,*,#2962,.F.);
#2965=ORIENTED_EDGE('',*,*,#2964,.T.);
#2966=EDGE_LOOP('',(#2959,#2961,#2963,#2965));
#2967=FACE_OUTER_BOUND('',#2966,.F.);
#2968=ADVANCED_FACE('',(#2967),#2957,.F.);
#2969=CARTESIAN_POINT('',(0.E0,0.E0,-5.25E0));
#2970=DIRECTION('',(0.E0,0.E0,1.E0));
#2971=DIRECTION('',(1.E0,0.E0,0.E0));
#2972=AXIS2_PLACEMENT_3D('',#2969,#2970,#2971);
#2973=PLANE('',#2972);
#2975=ORIENTED_EDGE('',*,*,#2974,.F.);
#2977=ORIENTED_EDGE('',*,*,#2976,.T.);
#2979=ORIENTED_EDGE('',*,*,#2978,.F.);
#2981=ORIENTED_EDGE('',*,*,#2980,.T.);
#2982=EDGE_LOOP('',(#2975,#2977,#2979,#2981));
#2983=FACE_OUTER_BOUND('',#2982,.F.);
#2984=ADVANCED_FACE('',(#2983),#2973,.F.);
#2985=CARTESIAN_POINT('',(0.E0,0.E0,-5.25E0));
#2986=DIRECTION('',(0.E0,0.E0,1.E0));
#2987=DIRECTION('',(1.E0,0.E0,0.E0));
#2988=AXIS2_PLACEMENT_3D('',#2985,#2986,#2987);
#2989=PLANE('',#2988);
#2991=ORIENTED_EDGE('',*,*,#2990,.F.);
#2993=ORIENTED_EDGE('',*,*,#2992,.T.);
#2995=ORIENTED_EDGE('',*,*,#2994,.T.);
#2997=ORIENTED_EDGE('',*,*,#2996,.T.);
#2999=ORIENTED_EDGE('',*,*,#2998,.F.);
#3001=ORIENTED_EDGE('',*,*,#3000,.T.);
#3002=EDGE_LOOP('',(#2991,#2993,#2995,#2997,#2999,#3001));
#3003=FACE_OUTER_BOUND('',#3002,.F.);
#3004=ADVANCED_FACE('',(#3003),#2989,.F.);
#3005=CARTESIAN_POINT('',(-4.1E0,0.E0,0.E0));
#3006=DIRECTION('',(1.E0,0.E0,0.E0));
#3007=DIRECTION('',(0.E0,0.E0,-1.E0));
#3008=AXIS2_PLACEMENT_3D('',#3005,#3006,#3007);
#3009=PLANE('',#3008);
#3011=ORIENTED_EDGE('',*,*,#3010,.F.);
#3013=ORIENTED_EDGE('',*,*,#3012,.T.);
#3015=ORIENTED_EDGE('',*,*,#3014,.T.);
#3017=ORIENTED_EDGE('',*,*,#3016,.T.);
#3019=ORIENTED_EDGE('',*,*,#3018,.T.);
#3021=ORIENTED_EDGE('',*,*,#3020,.T.);
#3023=ORIENTED_EDGE('',*,*,#3022,.T.);
#3025=ORIENTED_EDGE('',*,*,#3024,.F.);
#3027=ORIENTED_EDGE('',*,*,#3026,.F.);
#3029=ORIENTED_EDGE('',*,*,#3028,.F.);
#3031=ORIENTED_EDGE('',*,*,#3030,.F.);
#3033=ORIENTED_EDGE('',*,*,#3032,.F.);
#3035=ORIENTED_EDGE('',*,*,#3034,.F.);
#3037=ORIENTED_EDGE('',*,*,#3036,.F.);
#3038=ORIENTED_EDGE('',*,*,#2942,.T.);
#3040=ORIENTED_EDGE('',*,*,#3039,.T.);
#3042=ORIENTED_EDGE('',*,*,#3041,.F.);
#3044=ORIENTED_EDGE('',*,*,#3043,.F.);
#3045=EDGE_LOOP('',(#3011,#3013,#3015,#3017,#3019,#3021,#3023,#3025,#3027,#3029,
#3031,#3033,#3035,#3037,#3038,#3040,#3042,#3044));
#3046=FACE_OUTER_BOUND('',#3045,.F.);
#3047=ADVANCED_FACE('',(#3046),#3009,.T.);
#3048=CARTESIAN_POINT('',(-2.9E0,3.4E0,-4.85E0));
#3049=DIRECTION('',(0.E0,0.E0,1.E0));
#3050=DIRECTION('',(0.E0,-1.E0,0.E0));
#3051=AXIS2_PLACEMENT_3D('',#3048,#3049,#3050);
#3052=PLANE('',#3051);
#3054=ORIENTED_EDGE('',*,*,#3053,.T.);
#3056=ORIENTED_EDGE('',*,*,#3055,.F.);
#3058=ORIENTED_EDGE('',*,*,#3057,.T.);
#3059=ORIENTED_EDGE('',*,*,#3030,.T.);
#3060=EDGE_LOOP('',(#3054,#3056,#3058,#3059));
#3061=FACE_OUTER_BOUND('',#3060,.F.);
#3062=ADVANCED_FACE('',(#3061),#3052,.F.);
#3063=CARTESIAN_POINT('',(-2.9E0,3.4E0,-4.85E0));
#3064=DIRECTION('',(0.E0,0.E0,1.E0));
#3065=DIRECTION('',(0.E0,-1.E0,0.E0));
#3066=AXIS2_PLACEMENT_3D('',#3063,#3064,#3065);
#3067=PLANE('',#3066);
#3069=ORIENTED_EDGE('',*,*,#3068,.F.);
#3071=ORIENTED_EDGE('',*,*,#3070,.T.);
#3073=ORIENTED_EDGE('',*,*,#3072,.T.);
#3075=ORIENTED_EDGE('',*,*,#3074,.F.);
#3077=ORIENTED_EDGE('',*,*,#3076,.F.);
#3079=ORIENTED_EDGE('',*,*,#3078,.F.);
#3080=ORIENTED_EDGE('',*,*,#3010,.T.);
#3082=ORIENTED_EDGE('',*,*,#3081,.F.);
#3083=EDGE_LOOP('',(#3069,#3071,#3073,#3075,#3077,#3079,#3080,#3082));
#3084=FACE_OUTER_BOUND('',#3083,.F.);
#3085=ADVANCED_FACE('',(#3084),#3067,.F.);
#3086=CARTESIAN_POINT('',(-2.9E0,7.8E-1,-5.25E0));
#3087=DIRECTION('',(0.E0,1.E0,0.E0));
#3088=DIRECTION('',(0.E0,0.E0,1.E0));
#3089=AXIS2_PLACEMENT_3D('',#3086,#3087,#3088);
#3090=PLANE('',#3089);
#3091=ORIENTED_EDGE('',*,*,#3053,.F.);
#3092=ORIENTED_EDGE('',*,*,#3028,.T.);
#3094=ORIENTED_EDGE('',*,*,#3093,.F.);
#3096=ORIENTED_EDGE('',*,*,#3095,.F.);
#3097=EDGE_LOOP('',(#3091,#3092,#3094,#3096));
#3098=FACE_OUTER_BOUND('',#3097,.F.);
#3099=ADVANCED_FACE('',(#3098),#3090,.F.);
#3100=CARTESIAN_POINT('',(-2.9E0,7.8E-1,-3.95E0));
#3101=DIRECTION('',(0.E0,0.E0,-1.E0));
#3102=DIRECTION('',(0.E0,1.E0,0.E0));
#3103=AXIS2_PLACEMENT_3D('',#3100,#3101,#3102);
#3104=PLANE('',#3103);
#3106=ORIENTED_EDGE('',*,*,#3105,.F.);
#3107=ORIENTED_EDGE('',*,*,#3093,.T.);
#3108=ORIENTED_EDGE('',*,*,#3026,.T.);
#3110=ORIENTED_EDGE('',*,*,#3109,.F.);
#3111=EDGE_LOOP('',(#3106,#3107,#3108,#3110));
#3112=FACE_OUTER_BOUND('',#3111,.F.);
#3113=ADVANCED_FACE('',(#3112),#3104,.F.);
#3114=CARTESIAN_POINT('',(-2.9E0,0.E0,0.E0));
#3115=DIRECTION('',(1.E0,0.E0,0.E0));
#3116=DIRECTION('',(0.E0,0.E0,-1.E0));
#3117=AXIS2_PLACEMENT_3D('',#3114,#3115,#3116);
#3118=PLANE('',#3117);
#3120=ORIENTED_EDGE('',*,*,#3119,.F.);
#3121=ORIENTED_EDGE('',*,*,#3068,.T.);
#3123=ORIENTED_EDGE('',*,*,#3122,.T.);
#3125=ORIENTED_EDGE('',*,*,#3124,.T.);
#3127=ORIENTED_EDGE('',*,*,#3126,.F.);
#3128=ORIENTED_EDGE('',*,*,#2962,.T.);
#3130=ORIENTED_EDGE('',*,*,#3129,.T.);
#3132=ORIENTED_EDGE('',*,*,#3131,.T.);
#3134=ORIENTED_EDGE('',*,*,#3133,.T.);
#3135=ORIENTED_EDGE('',*,*,#3055,.T.);
#3136=ORIENTED_EDGE('',*,*,#3095,.T.);
#3137=ORIENTED_EDGE('',*,*,#3105,.T.);
#3139=ORIENTED_EDGE('',*,*,#3138,.T.);
#3141=ORIENTED_EDGE('',*,*,#3140,.T.);
#3143=ORIENTED_EDGE('',*,*,#3142,.F.);
#3145=ORIENTED_EDGE('',*,*,#3144,.F.);
#3147=ORIENTED_EDGE('',*,*,#3146,.T.);
#3149=ORIENTED_EDGE('',*,*,#3148,.F.);
#3150=EDGE_LOOP('',(#3120,#3121,#3123,#3125,#3127,#3128,#3130,#3132,#3134,#3135,
#3136,#3137,#3139,#3141,#3143,#3145,#3147,#3149));
#3151=FACE_OUTER_BOUND('',#3150,.F.);
#3152=ADVANCED_FACE('',(#3151),#3118,.F.);
#3153=CARTESIAN_POINT('',(-4.1E0,6.799999999999E-1,-8.003589838487E0));
#3154=DIRECTION('',(0.E0,1.E0,0.E0));
#3155=DIRECTION('',(0.E0,0.E0,1.E0));
#3156=AXIS2_PLACEMENT_3D('',#3153,#3154,#3155);
#3157=PLANE('',#3156);
#3159=ORIENTED_EDGE('',*,*,#3158,.T.);
#3161=ORIENTED_EDGE('',*,*,#3160,.T.);
#3163=ORIENTED_EDGE('',*,*,#3162,.F.);
#3165=ORIENTED_EDGE('',*,*,#3164,.T.);
#3167=ORIENTED_EDGE('',*,*,#3166,.T.);
#3169=ORIENTED_EDGE('',*,*,#3168,.T.);
#3171=ORIENTED_EDGE('',*,*,#3170,.F.);
#3173=ORIENTED_EDGE('',*,*,#3172,.T.);
#3175=ORIENTED_EDGE('',*,*,#3174,.T.);
#3177=ORIENTED_EDGE('',*,*,#3176,.T.);
#3178=ORIENTED_EDGE('',*,*,#3070,.F.);
#3179=ORIENTED_EDGE('',*,*,#3119,.T.);
#3181=ORIENTED_EDGE('',*,*,#3180,.F.);
#3182=ORIENTED_EDGE('',*,*,#3012,.F.);
#3183=ORIENTED_EDGE('',*,*,#3078,.T.);
#3185=ORIENTED_EDGE('',*,*,#3184,.T.);
#3187=ORIENTED_EDGE('',*,*,#3186,.T.);
#3189=ORIENTED_EDGE('',*,*,#3188,.F.);
#3191=ORIENTED_EDGE('',*,*,#3190,.T.);
#3193=ORIENTED_EDGE('',*,*,#3192,.T.);
#3195=ORIENTED_EDGE('',*,*,#3194,.F.);
#3197=ORIENTED_EDGE('',*,*,#3196,.T.);
#3198=EDGE_LOOP('',(#3159,#3161,#3163,#3165,#3167,#3169,#3171,#3173,#3175,#3177,
#3178,#3179,#3181,#3182,#3183,#3185,#3187,#3189,#3191,#3193,#3195,#3197));
#3199=FACE_OUTER_BOUND('',#3198,.F.);
#3200=ADVANCED_FACE('',(#3199),#3157,.T.);
#3201=CARTESIAN_POINT('',(-3.72E0,7.599999999999E-1,-8.75E0));
#3202=DIRECTION('',(-1.E0,0.E0,0.E0));
#3203=DIRECTION('',(0.E0,0.E0,1.E0));
#3204=AXIS2_PLACEMENT_3D('',#3201,#3202,#3203);
#3205=PLANE('',#3204);
#3207=ORIENTED_EDGE('',*,*,#3206,.T.);
#3209=ORIENTED_EDGE('',*,*,#3208,.T.);
#3211=ORIENTED_EDGE('',*,*,#3210,.F.);
#3212=ORIENTED_EDGE('',*,*,#3158,.F.);
#3214=ORIENTED_EDGE('',*,*,#3213,.F.);
#3215=EDGE_LOOP('',(#3207,#3209,#3211,#3212,#3214));
#3216=FACE_OUTER_BOUND('',#3215,.F.);
#3217=ADVANCED_FACE('',(#3216),#3205,.F.);
#3218=CARTESIAN_POINT('',(-4.E0,7.999999999992E-2,-7.6E0));
#3219=DIRECTION('',(9.716151382477E-1,0.E0,2.365671640951E-1));
#3220=DIRECTION('',(2.365671640951E-1,0.E0,-9.716151382477E-1));
#3221=AXIS2_PLACEMENT_3D('',#3218,#3219,#3220);
#3222=PLANE('',#3221);
#3223=ORIENTED_EDGE('',*,*,#3206,.F.);
#3225=ORIENTED_EDGE('',*,*,#3224,.T.);
#3226=ORIENTED_EDGE('',*,*,#3194,.T.);
#3228=ORIENTED_EDGE('',*,*,#3227,.T.);
#3230=ORIENTED_EDGE('',*,*,#3229,.T.);
#3232=ORIENTED_EDGE('',*,*,#3231,.T.);
#3233=EDGE_LOOP('',(#3223,#3225,#3226,#3228,#3230,#3232));
#3234=FACE_OUTER_BOUND('',#3233,.F.);
#3235=ADVANCED_FACE('',(#3234),#3222,.F.);
#3236=CARTESIAN_POINT('',(-4.1E0,4.8E-1,-8.75E0));
#3237=DIRECTION('',(0.E0,9.659258262891E-1,-2.588190451025E-1));
#3238=DIRECTION('',(0.E0,2.588190451025E-1,9.659258262891E-1));
#3239=AXIS2_PLACEMENT_3D('',#3236,#3237,#3238);
#3240=PLANE('',#3239);
#3241=ORIENTED_EDGE('',*,*,#3213,.T.);
#3242=ORIENTED_EDGE('',*,*,#3196,.F.);
#3243=ORIENTED_EDGE('',*,*,#3224,.F.);
#3244=EDGE_LOOP('',(#3241,#3242,#3243));
#3245=FACE_OUTER_BOUND('',#3244,.F.);
#3246=ADVANCED_FACE('',(#3245),#3240,.T.);
#3247=CARTESIAN_POINT('',(-4.1E0,4.8E-1,-8.75E0));
#3248=DIRECTION('',(0.E0,9.659258262891E-1,-2.588190451025E-1));
#3249=DIRECTION('',(0.E0,2.588190451025E-1,9.659258262891E-1));
#3250=AXIS2_PLACEMENT_3D('',#3247,#3248,#3249);
#3251=PLANE('',#3250);
#3253=ORIENTED_EDGE('',*,*,#3252,.F.);
#3255=ORIENTED_EDGE('',*,*,#3254,.T.);
#3256=ORIENTED_EDGE('',*,*,#3164,.F.);
#3257=EDGE_LOOP('',(#3253,#3255,#3256));
#3258=FACE_OUTER_BOUND('',#3257,.F.);
#3259=ADVANCED_FACE('',(#3258),#3251,.T.);
#3260=CARTESIAN_POINT('',(-3.28E0,7.599999999999E-1,-4.85E0));
#3261=DIRECTION('',(1.E0,0.E0,0.E0));
#3262=DIRECTION('',(0.E0,0.E0,-1.E0));
#3263=AXIS2_PLACEMENT_3D('',#3260,#3261,#3262);
#3264=PLANE('',#3263);
#3266=ORIENTED_EDGE('',*,*,#3265,.F.);
#3267=ORIENTED_EDGE('',*,*,#3252,.T.);
#3268=ORIENTED_EDGE('',*,*,#3162,.T.);
#3270=ORIENTED_EDGE('',*,*,#3269,.T.);
#3272=ORIENTED_EDGE('',*,*,#3271,.T.);
#3273=EDGE_LOOP('',(#3266,#3267,#3268,#3270,#3272));
#3274=FACE_OUTER_BOUND('',#3273,.F.);
#3275=ADVANCED_FACE('',(#3274),#3264,.F.);
#3276=CARTESIAN_POINT('',(-3.28E0,7.999999999992E-2,-8.75E0));
#3277=DIRECTION('',(-9.716151382477E-1,0.E0,2.365671640951E-1));
#3278=DIRECTION('',(2.365671640951E-1,0.E0,9.716151382477E-1));
#3279=AXIS2_PLACEMENT_3D('',#3276,#3277,#3278);
#3280=PLANE('',#3279);
#3281=ORIENTED_EDGE('',*,*,#3265,.T.);
#3283=ORIENTED_EDGE('',*,*,#3282,.F.);
#3285=ORIENTED_EDGE('',*,*,#3284,.T.);
#3287=ORIENTED_EDGE('',*,*,#3286,.F.);
#3288=ORIENTED_EDGE('',*,*,#3166,.F.);
#3289=ORIENTED_EDGE('',*,*,#3254,.F.);
#3290=EDGE_LOOP('',(#3281,#3283,#3285,#3287,#3288,#3289));
#3291=FACE_OUTER_BOUND('',#3290,.F.);
#3292=ADVANCED_FACE('',(#3291),#3280,.F.);
#3293=CARTESIAN_POINT('',(-4.1E0,7.999999999992E-2,-8.75E0));
#3294=DIRECTION('',(0.E0,0.E0,-1.E0));
#3295=DIRECTION('',(0.E0,1.E0,0.E0));
#3296=AXIS2_PLACEMENT_3D('',#3293,#3294,#3295);
#3297=PLANE('',#3296);
#3299=ORIENTED_EDGE('',*,*,#3298,.F.);
#3300=ORIENTED_EDGE('',*,*,#3231,.F.);
#3302=ORIENTED_EDGE('',*,*,#3301,.T.);
#3303=ORIENTED_EDGE('',*,*,#3282,.T.);
#3304=EDGE_LOOP('',(#3299,#3300,#3302,#3303));
#3305=FACE_OUTER_BOUND('',#3304,.F.);
#3306=ADVANCED_FACE('',(#3305),#3297,.T.);
#3307=CARTESIAN_POINT('',(-4.1E0,2.599999999999E-1,-4.5E0));
#3308=DIRECTION('',(0.E0,1.E0,0.E0));
#3309=DIRECTION('',(1.E0,0.E0,0.E0));
#3310=AXIS2_PLACEMENT_3D('',#3307,#3308,#3309);
#3311=PLANE('',#3310);
#3312=ORIENTED_EDGE('',*,*,#3298,.T.);
#3313=ORIENTED_EDGE('',*,*,#3271,.F.);
#3315=ORIENTED_EDGE('',*,*,#3314,.F.);
#3316=ORIENTED_EDGE('',*,*,#3208,.F.);
#3317=EDGE_LOOP('',(#3312,#3313,#3315,#3316));
#3318=FACE_OUTER_BOUND('',#3317,.F.);
#3319=ADVANCED_FACE('',(#3318),#3311,.T.);
#3320=CARTESIAN_POINT('',(-3.72E0,7.599999999999E-1,-4.85E0));
#3321=DIRECTION('',(0.E0,0.E0,1.E0));
#3322=DIRECTION('',(1.E0,0.E0,0.E0));
#3323=AXIS2_PLACEMENT_3D('',#3320,#3321,#3322);
#3324=PLANE('',#3323);
#3325=ORIENTED_EDGE('',*,*,#3210,.T.);
#3326=ORIENTED_EDGE('',*,*,#3314,.T.);
#3327=ORIENTED_EDGE('',*,*,#3269,.F.);
#3328=ORIENTED_EDGE('',*,*,#3160,.F.);
#3329=EDGE_LOOP('',(#3325,#3326,#3327,#3328));
#3330=FACE_OUTER_BOUND('',#3329,.F.);
#3331=ADVANCED_FACE('',(#3330),#3324,.F.);
#3332=CARTESIAN_POINT('',(-4.1E0,7.999999999992E-2,-2.05E0));
#3333=DIRECTION('',(0.E0,-1.E0,0.E0));
#3334=DIRECTION('',(0.E0,0.E0,-1.E0));
#3335=AXIS2_PLACEMENT_3D('',#3332,#3333,#3334);
#3336=PLANE('',#3335);
#3338=ORIENTED_EDGE('',*,*,#3337,.F.);
#3339=ORIENTED_EDGE('',*,*,#3074,.T.);
#3341=ORIENTED_EDGE('',*,*,#3340,.F.);
#3343=ORIENTED_EDGE('',*,*,#3342,.F.);
#3345=ORIENTED_EDGE('',*,*,#3344,.T.);
#3347=ORIENTED_EDGE('',*,*,#3346,.F.);
#3349=ORIENTED_EDGE('',*,*,#3348,.F.);
#3350=ORIENTED_EDGE('',*,*,#3284,.F.);
#3351=ORIENTED_EDGE('',*,*,#3301,.F.);
#3352=ORIENTED_EDGE('',*,*,#3229,.F.);
#3354=ORIENTED_EDGE('',*,*,#3353,.F.);
#3356=ORIENTED_EDGE('',*,*,#3355,.F.);
#3358=ORIENTED_EDGE('',*,*,#3357,.F.);
#3360=ORIENTED_EDGE('',*,*,#3359,.F.);
#3361=EDGE_LOOP('',(#3338,#3339,#3341,#3343,#3345,#3347,#3349,#3350,#3351,#3352,
#3354,#3356,#3358,#3360));
#3362=FACE_OUTER_BOUND('',#3361,.F.);
#3363=ADVANCED_FACE('',(#3362),#3336,.T.);
#3364=CARTESIAN_POINT('',(-4.E0,7.999999999992E-2,-4.85E0));
#3365=DIRECTION('',(1.E0,0.E0,0.E0));
#3366=DIRECTION('',(0.E0,0.E0,-1.E0));
#3367=AXIS2_PLACEMENT_3D('',#3364,#3365,#3366);
#3368=PLANE('',#3367);
#3369=ORIENTED_EDGE('',*,*,#3337,.T.);
#3371=ORIENTED_EDGE('',*,*,#3370,.F.);
#3372=ORIENTED_EDGE('',*,*,#3184,.F.);
#3373=ORIENTED_EDGE('',*,*,#3076,.T.);
#3374=EDGE_LOOP('',(#3369,#3371,#3372,#3373));
#3375=FACE_OUTER_BOUND('',#3374,.F.);
#3376=ADVANCED_FACE('',(#3375),#3368,.F.);
#3377=CARTESIAN_POINT('',(-4.E0,7.999999999992E-2,-5.65E0));
#3378=DIRECTION('',(8.944271909999E-1,0.E0,-4.472135955E-1));
#3379=DIRECTION('',(-4.472135955E-1,0.E0,-8.944271909999E-1));
#3380=AXIS2_PLACEMENT_3D('',#3377,#3378,#3379);
#3381=PLANE('',#3380);
#3383=ORIENTED_EDGE('',*,*,#3382,.T.);
#3384=ORIENTED_EDGE('',*,*,#3186,.F.);
#3385=ORIENTED_EDGE('',*,*,#3370,.T.);
#3386=ORIENTED_EDGE('',*,*,#3359,.T.);
#3387=EDGE_LOOP('',(#3383,#3384,#3385,#3386));
#3388=FACE_OUTER_BOUND('',#3387,.F.);
#3389=ADVANCED_FACE('',(#3388),#3381,.F.);
#3390=CARTESIAN_POINT('',(-4.1E0,0.E0,0.E0));
#3391=DIRECTION('',(1.E0,0.E0,0.E0));
#3392=DIRECTION('',(0.E0,0.E0,-1.E0));
#3393=AXIS2_PLACEMENT_3D('',#3390,#3391,#3392);
#3394=PLANE('',#3393);
#3395=ORIENTED_EDGE('',*,*,#3382,.F.);
#3396=ORIENTED_EDGE('',*,*,#3357,.T.);
#3398=ORIENTED_EDGE('',*,*,#3397,.T.);
#3399=ORIENTED_EDGE('',*,*,#3188,.T.);
#3400=EDGE_LOOP('',(#3395,#3396,#3398,#3399));
#3401=FACE_OUTER_BOUND('',#3400,.F.);
#3402=ADVANCED_FACE('',(#3401),#3394,.F.);
#3403=CARTESIAN_POINT('',(-4.1E0,0.E0,0.E0));
#3404=DIRECTION('',(1.E0,0.E0,0.E0));
#3405=DIRECTION('',(0.E0,0.E0,-1.E0));
#3406=AXIS2_PLACEMENT_3D('',#3403,#3404,#3405);
#3407=PLANE('',#3406);
#3409=ORIENTED_EDGE('',*,*,#3408,.F.);
#3411=ORIENTED_EDGE('',*,*,#3410,.T.);
#3413=ORIENTED_EDGE('',*,*,#3412,.T.);
#3415=ORIENTED_EDGE('',*,*,#3414,.F.);
#3417=ORIENTED_EDGE('',*,*,#3416,.F.);
#3419=ORIENTED_EDGE('',*,*,#3418,.T.);
#3421=ORIENTED_EDGE('',*,*,#3420,.T.);
#3423=ORIENTED_EDGE('',*,*,#3422,.T.);
#3425=ORIENTED_EDGE('',*,*,#3424,.T.);
#3427=ORIENTED_EDGE('',*,*,#3426,.T.);
#3428=EDGE_LOOP('',(#3409,#3411,#3413,#3415,#3417,#3419,#3421,#3423,#3425,
#3427));
#3429=FACE_OUTER_BOUND('',#3428,.F.);
#3430=ADVANCED_FACE('',(#3429),#3407,.F.);
#3431=CARTESIAN_POINT('',(-4.1E0,7.999999999992E-2,-6.75E0));
#3432=DIRECTION('',(8.944271909999E-1,0.E0,4.472135955E-1));
#3433=DIRECTION('',(4.472135955E-1,0.E0,-8.944271909999E-1));
#3434=AXIS2_PLACEMENT_3D('',#3431,#3432,#3433);
#3435=PLANE('',#3434);
#3436=ORIENTED_EDGE('',*,*,#3397,.F.);
#3437=ORIENTED_EDGE('',*,*,#3355,.T.);
#3439=ORIENTED_EDGE('',*,*,#3438,.F.);
#3440=ORIENTED_EDGE('',*,*,#3190,.F.);
#3441=EDGE_LOOP('',(#3436,#3437,#3439,#3440));
#3442=FACE_OUTER_BOUND('',#3441,.F.);
#3443=ADVANCED_FACE('',(#3442),#3435,.F.);
#3444=CARTESIAN_POINT('',(-4.E0,7.999999999992E-2,-6.95E0));
#3445=DIRECTION('',(1.E0,0.E0,0.E0));
#3446=DIRECTION('',(0.E0,0.E0,-1.E0));
#3447=AXIS2_PLACEMENT_3D('',#3444,#3445,#3446);
#3448=PLANE('',#3447);
#3449=ORIENTED_EDGE('',*,*,#3353,.T.);
#3450=ORIENTED_EDGE('',*,*,#3227,.F.);
#3451=ORIENTED_EDGE('',*,*,#3192,.F.);
#3452=ORIENTED_EDGE('',*,*,#3438,.T.);
#3453=EDGE_LOOP('',(#3449,#3450,#3451,#3452));
#3454=FACE_OUTER_BOUND('',#3453,.F.);
#3455=ADVANCED_FACE('',(#3454),#3448,.F.);
#3456=CARTESIAN_POINT('',(-4.025E0,1.05E0,4.075E0));
#3457=DIRECTION('',(-9.805806756909E-1,0.E0,1.961161351382E-1));
#3458=DIRECTION('',(1.961161351382E-1,0.E0,9.805806756909E-1));
#3459=AXIS2_PLACEMENT_3D('',#3456,#3457,#3458);
#3460=PLANE('',#3459);
#3461=ORIENTED_EDGE('',*,*,#3408,.T.);
#3463=ORIENTED_EDGE('',*,*,#3462,.F.);
#3465=ORIENTED_EDGE('',*,*,#3464,.F.);
#3467=ORIENTED_EDGE('',*,*,#3466,.T.);
#3468=EDGE_LOOP('',(#3461,#3463,#3465,#3467));
#3469=FACE_OUTER_BOUND('',#3468,.F.);
#3470=ADVANCED_FACE('',(#3469),#3460,.T.);
#3471=CARTESIAN_POINT('',(-3.5E0,1.545E0,4.075E0));
#3472=DIRECTION('',(0.E0,9.805806756909E-1,1.961161351382E-1));
#3473=DIRECTION('',(0.E0,1.961161351382E-1,-9.805806756909E-1));
#3474=AXIS2_PLACEMENT_3D('',#3471,#3472,#3473);
#3475=PLANE('',#3474);
#3477=ORIENTED_EDGE('',*,*,#3476,.F.);
#3479=ORIENTED_EDGE('',*,*,#3478,.F.);
#3481=ORIENTED_EDGE('',*,*,#3480,.T.);
#3482=ORIENTED_EDGE('',*,*,#3462,.T.);
#3483=EDGE_LOOP('',(#3477,#3479,#3481,#3482));
#3484=FACE_OUTER_BOUND('',#3483,.F.);
#3485=ADVANCED_FACE('',(#3484),#3475,.T.);
#3486=CARTESIAN_POINT('',(-4.1E0,1.62E0,-1.35E0));
#3487=DIRECTION('',(0.E0,1.E0,0.E0));
#3488=DIRECTION('',(0.E0,0.E0,1.E0));
#3489=AXIS2_PLACEMENT_3D('',#3486,#3487,#3488);
#3490=PLANE('',#3489);
#3491=ORIENTED_EDGE('',*,*,#3476,.T.);
#3492=ORIENTED_EDGE('',*,*,#3426,.F.);
#3494=ORIENTED_EDGE('',*,*,#3493,.T.);
#3496=ORIENTED_EDGE('',*,*,#3495,.T.);
#3497=EDGE_LOOP('',(#3491,#3492,#3494,#3496));
#3498=FACE_OUTER_BOUND('',#3497,.F.);
#3499=ADVANCED_FACE('',(#3498),#3490,.T.);
#3500=CARTESIAN_POINT('',(-4.1E0,1.507E0,-1.35E0));
#3501=DIRECTION('',(0.E0,0.E0,-1.E0));
#3502=DIRECTION('',(0.E0,1.E0,0.E0));
#3503=AXIS2_PLACEMENT_3D('',#3500,#3501,#3502);
#3504=PLANE('',#3503);
#3505=ORIENTED_EDGE('',*,*,#3424,.F.);
#3507=ORIENTED_EDGE('',*,*,#3506,.T.);
#3509=ORIENTED_EDGE('',*,*,#3508,.T.);
#3510=ORIENTED_EDGE('',*,*,#3493,.F.);
#3511=EDGE_LOOP('',(#3505,#3507,#3509,#3510));
#3512=FACE_OUTER_BOUND('',#3511,.F.);
#3513=ADVANCED_FACE('',(#3512),#3504,.T.);
#3514=CARTESIAN_POINT('',(-4.1E0,1.507E0,-2.05E0));
#3515=DIRECTION('',(0.E0,1.E0,0.E0));
#3516=DIRECTION('',(0.E0,0.E0,1.E0));
#3517=AXIS2_PLACEMENT_3D('',#3514,#3515,#3516);
#3518=PLANE('',#3517);
#3519=ORIENTED_EDGE('',*,*,#3422,.F.);
#3521=ORIENTED_EDGE('',*,*,#3520,.T.);
#3523=ORIENTED_EDGE('',*,*,#3522,.T.);
#3524=ORIENTED_EDGE('',*,*,#3506,.F.);
#3525=EDGE_LOOP('',(#3519,#3521,#3523,#3524));
#3526=FACE_OUTER_BOUND('',#3525,.F.);
#3527=ADVANCED_FACE('',(#3526),#3518,.T.);
#3528=CARTESIAN_POINT('',(-4.1E0,2.66E0,-2.05E0));
#3529=DIRECTION('',(0.E0,0.E0,1.E0));
#3530=DIRECTION('',(0.E0,-1.E0,0.E0));
#3531=AXIS2_PLACEMENT_3D('',#3528,#3529,#3530);
#3532=PLANE('',#3531);
#3533=ORIENTED_EDGE('',*,*,#3420,.F.);
#3535=ORIENTED_EDGE('',*,*,#3534,.T.);
#3537=ORIENTED_EDGE('',*,*,#3536,.T.);
#3538=ORIENTED_EDGE('',*,*,#3520,.F.);
#3539=EDGE_LOOP('',(#3533,#3535,#3537,#3538));
#3540=FACE_OUTER_BOUND('',#3539,.F.);
#3541=ADVANCED_FACE('',(#3540),#3532,.T.);
#3542=CARTESIAN_POINT('',(-4.1E0,2.66E0,-3.9E0));
#3543=DIRECTION('',(0.E0,1.E0,0.E0));
#3544=DIRECTION('',(0.E0,0.E0,1.E0));
#3545=AXIS2_PLACEMENT_3D('',#3542,#3543,#3544);
#3546=PLANE('',#3545);
#3547=ORIENTED_EDGE('',*,*,#3142,.T.);
#3549=ORIENTED_EDGE('',*,*,#3548,.T.);
#3550=ORIENTED_EDGE('',*,*,#3534,.F.);
#3551=ORIENTED_EDGE('',*,*,#3418,.F.);
#3552=ORIENTED_EDGE('',*,*,#3020,.F.);
#3554=ORIENTED_EDGE('',*,*,#3553,.T.);
#3555=EDGE_LOOP('',(#3547,#3549,#3550,#3551,#3552,#3554));
#3556=FACE_OUTER_BOUND('',#3555,.F.);
#3557=ADVANCED_FACE('',(#3556),#3546,.T.);
#3558=CARTESIAN_POINT('',(-2.9E0,0.E0,0.E0));
#3559=DIRECTION('',(1.E0,0.E0,0.E0));
#3560=DIRECTION('',(0.E0,0.E0,-1.E0));
#3561=AXIS2_PLACEMENT_3D('',#3558,#3559,#3560);
#3562=PLANE('',#3561);
#3564=ORIENTED_EDGE('',*,*,#3563,.T.);
#3565=ORIENTED_EDGE('',*,*,#3172,.F.);
#3567=ORIENTED_EDGE('',*,*,#3566,.F.);
#3568=ORIENTED_EDGE('',*,*,#3344,.F.);
#3569=EDGE_LOOP('',(#3564,#3565,#3567,#3568));
#3570=FACE_OUTER_BOUND('',#3569,.F.);
#3571=ADVANCED_FACE('',(#3570),#3562,.T.);
#3572=CARTESIAN_POINT('',(-2.9E0,0.E0,0.E0));
#3573=DIRECTION('',(1.E0,0.E0,0.E0));
#3574=DIRECTION('',(0.E0,0.E0,-1.E0));
#3575=AXIS2_PLACEMENT_3D('',#3572,#3573,#3574);
#3576=PLANE('',#3575);
#3578=ORIENTED_EDGE('',*,*,#3577,.F.);
#3579=ORIENTED_EDGE('',*,*,#3495,.F.);
#3580=ORIENTED_EDGE('',*,*,#3508,.F.);
#3581=ORIENTED_EDGE('',*,*,#3522,.F.);
#3582=ORIENTED_EDGE('',*,*,#3536,.F.);
#3583=ORIENTED_EDGE('',*,*,#3548,.F.);
#3585=ORIENTED_EDGE('',*,*,#3584,.T.);
#3587=ORIENTED_EDGE('',*,*,#3586,.T.);
#3589=ORIENTED_EDGE('',*,*,#3588,.F.);
#3591=ORIENTED_EDGE('',*,*,#3590,.F.);
#3592=EDGE_LOOP('',(#3578,#3579,#3580,#3581,#3582,#3583,#3585,#3587,#3589,
#3591));
#3593=FACE_OUTER_BOUND('',#3592,.F.);
#3594=ADVANCED_FACE('',(#3593),#3576,.T.);
#3595=CARTESIAN_POINT('',(-2.9E0,7.999999999992E-2,-5.85E0));
#3596=DIRECTION('',(-8.944271909999E-1,0.E0,-4.472135955E-1));
#3597=DIRECTION('',(-4.472135955E-1,0.E0,8.944271909999E-1));
#3598=AXIS2_PLACEMENT_3D('',#3595,#3596,#3597);
#3599=PLANE('',#3598);
#3600=ORIENTED_EDGE('',*,*,#3563,.F.);
#3601=ORIENTED_EDGE('',*,*,#3342,.T.);
#3603=ORIENTED_EDGE('',*,*,#3602,.F.);
#3604=ORIENTED_EDGE('',*,*,#3174,.F.);
#3605=EDGE_LOOP('',(#3600,#3601,#3603,#3604));
#3606=FACE_OUTER_BOUND('',#3605,.F.);
#3607=ADVANCED_FACE('',(#3606),#3599,.F.);
#3608=CARTESIAN_POINT('',(-3.E0,7.999999999992E-2,-5.65E0));
#3609=DIRECTION('',(-1.E0,0.E0,0.E0));
#3610=DIRECTION('',(0.E0,0.E0,1.E0));
#3611=AXIS2_PLACEMENT_3D('',#3608,#3609,#3610);
#3612=PLANE('',#3611);
#3613=ORIENTED_EDGE('',*,*,#3340,.T.);
#3614=ORIENTED_EDGE('',*,*,#3072,.F.);
#3615=ORIENTED_EDGE('',*,*,#3176,.F.);
#3616=ORIENTED_EDGE('',*,*,#3602,.T.);
#3617=EDGE_LOOP('',(#3613,#3614,#3615,#3616));
#3618=FACE_OUTER_BOUND('',#3617,.F.);
#3619=ADVANCED_FACE('',(#3618),#3612,.F.);
#3620=CARTESIAN_POINT('',(-3.E0,7.999999999992E-2,-6.95E0));
#3621=DIRECTION('',(-8.944271909999E-1,0.E0,4.472135955E-1));
#3622=DIRECTION('',(4.472135955E-1,0.E0,8.944271909999E-1));
#3623=AXIS2_PLACEMENT_3D('',#3620,#3621,#3622);
#3624=PLANE('',#3623);
#3625=ORIENTED_EDGE('',*,*,#3566,.T.);
#3626=ORIENTED_EDGE('',*,*,#3170,.T.);
#3628=ORIENTED_EDGE('',*,*,#3627,.T.);
#3629=ORIENTED_EDGE('',*,*,#3346,.T.);
#3630=EDGE_LOOP('',(#3625,#3626,#3628,#3629));
#3631=FACE_OUTER_BOUND('',#3630,.F.);
#3632=ADVANCED_FACE('',(#3631),#3624,.F.);
#3633=CARTESIAN_POINT('',(-3.E0,7.999999999992E-2,-7.6E0));
#3634=DIRECTION('',(-1.E0,0.E0,0.E0));
#3635=DIRECTION('',(0.E0,0.E0,1.E0));
#3636=AXIS2_PLACEMENT_3D('',#3633,#3634,#3635);
#3637=PLANE('',#3636);
#3638=ORIENTED_EDGE('',*,*,#3348,.T.);
#3639=ORIENTED_EDGE('',*,*,#3627,.F.);
#3640=ORIENTED_EDGE('',*,*,#3168,.F.);
#3641=ORIENTED_EDGE('',*,*,#3286,.T.);
#3642=EDGE_LOOP('',(#3638,#3639,#3640,#3641));
#3643=FACE_OUTER_BOUND('',#3642,.F.);
#3644=ADVANCED_FACE('',(#3643),#3637,.F.);
#3645=CARTESIAN_POINT('',(-2.975E0,1.05E0,4.075E0));
#3646=DIRECTION('',(9.805806756909E-1,0.E0,1.961161351382E-1));
#3647=DIRECTION('',(-1.961161351382E-1,0.E0,9.805806756909E-1));
#3648=AXIS2_PLACEMENT_3D('',#3645,#3646,#3647);
#3649=PLANE('',#3648);
#3651=ORIENTED_EDGE('',*,*,#3650,.F.);
#3652=ORIENTED_EDGE('',*,*,#3478,.T.);
#3653=ORIENTED_EDGE('',*,*,#3577,.T.);
#3655=ORIENTED_EDGE('',*,*,#3654,.F.);
#3656=EDGE_LOOP('',(#3651,#3652,#3653,#3655));
#3657=FACE_OUTER_BOUND('',#3656,.F.);
#3658=ADVANCED_FACE('',(#3657),#3649,.T.);
#3659=CARTESIAN_POINT('',(-4.1E0,1.62E0,4.45E0));
#3660=DIRECTION('',(0.E0,0.E0,1.E0));
#3661=DIRECTION('',(0.E0,-1.E0,0.E0));
#3662=AXIS2_PLACEMENT_3D('',#3659,#3660,#3661);
#3663=PLANE('',#3662);
#3664=ORIENTED_EDGE('',*,*,#3650,.T.);
#3666=ORIENTED_EDGE('',*,*,#3665,.T.);
#3667=ORIENTED_EDGE('',*,*,#3464,.T.);
#3668=ORIENTED_EDGE('',*,*,#3480,.F.);
#3669=EDGE_LOOP('',(#3664,#3666,#3667,#3668));
#3670=FACE_OUTER_BOUND('',#3669,.F.);
#3671=ADVANCED_FACE('',(#3670),#3663,.T.);
#3672=CARTESIAN_POINT('',(-3.5E0,5.549999999999E-1,4.075E0));
#3673=DIRECTION('',(0.E0,-9.805806756909E-1,1.961161351382E-1));
#3674=DIRECTION('',(0.E0,1.961161351382E-1,9.805806756909E-1));
#3675=AXIS2_PLACEMENT_3D('',#3672,#3673,#3674);
#3676=PLANE('',#3675);
#3678=ORIENTED_EDGE('',*,*,#3677,.T.);
#3679=ORIENTED_EDGE('',*,*,#3466,.F.);
#3680=ORIENTED_EDGE('',*,*,#3665,.F.);
#3681=ORIENTED_EDGE('',*,*,#3654,.T.);
#3682=EDGE_LOOP('',(#3678,#3679,#3680,#3681));
#3683=FACE_OUTER_BOUND('',#3682,.F.);
#3684=ADVANCED_FACE('',(#3683),#3676,.T.);
#3685=CARTESIAN_POINT('',(-4.1E0,4.799999999999E-1,4.45E0));
#3686=DIRECTION('',(0.E0,-1.E0,0.E0));
#3687=DIRECTION('',(0.E0,0.E0,-1.E0));
#3688=AXIS2_PLACEMENT_3D('',#3685,#3686,#3687);
#3689=PLANE('',#3688);
#3690=ORIENTED_EDGE('',*,*,#3677,.F.);
#3691=ORIENTED_EDGE('',*,*,#3590,.T.);
#3693=ORIENTED_EDGE('',*,*,#3692,.F.);
#3694=ORIENTED_EDGE('',*,*,#3410,.F.);
#3695=EDGE_LOOP('',(#3690,#3691,#3693,#3694));
#3696=FACE_OUTER_BOUND('',#3695,.F.);
#3697=ADVANCED_FACE('',(#3696),#3689,.T.);
#3698=CARTESIAN_POINT('',(-4.1E0,4.799999999999E-1,-1.45E0));
#3699=DIRECTION('',(0.E0,-8.320502943378E-1,5.547001962252E-1));
#3700=DIRECTION('',(0.E0,-5.547001962252E-1,-8.320502943378E-1));
#3701=AXIS2_PLACEMENT_3D('',#3698,#3699,#3700);
#3702=PLANE('',#3701);
#3704=ORIENTED_EDGE('',*,*,#3703,.F.);
#3705=ORIENTED_EDGE('',*,*,#3412,.F.);
#3706=ORIENTED_EDGE('',*,*,#3692,.T.);
#3707=ORIENTED_EDGE('',*,*,#3588,.T.);
#3708=EDGE_LOOP('',(#3704,#3705,#3706,#3707));
#3709=FACE_OUTER_BOUND('',#3708,.F.);
#3710=ADVANCED_FACE('',(#3709),#3702,.T.);
#3711=CARTESIAN_POINT('',(0.E0,0.E0,-2.05E0));
#3712=DIRECTION('',(0.E0,0.E0,1.E0));
#3713=DIRECTION('',(1.E0,0.E0,0.E0));
#3714=AXIS2_PLACEMENT_3D('',#3711,#3712,#3713);
#3715=PLANE('',#3714);
#3717=ORIENTED_EDGE('',*,*,#3716,.F.);
#3719=ORIENTED_EDGE('',*,*,#3718,.F.);
#3721=ORIENTED_EDGE('',*,*,#3720,.F.);
#3723=ORIENTED_EDGE('',*,*,#3722,.F.);
#3724=EDGE_LOOP('',(#3717,#3719,#3721,#3723));
#3725=FACE_OUTER_BOUND('',#3724,.F.);
#3727=ORIENTED_EDGE('',*,*,#3726,.F.);
#3729=ORIENTED_EDGE('',*,*,#3728,.F.);
#3731=ORIENTED_EDGE('',*,*,#3730,.F.);
#3733=ORIENTED_EDGE('',*,*,#3732,.F.);
#3735=ORIENTED_EDGE('',*,*,#3734,.F.);
#3736=ORIENTED_EDGE('',*,*,#3703,.T.);
#3737=EDGE_LOOP('',(#3727,#3729,#3731,#3733,#3735,#3736));
#3738=FACE_BOUND('',#3737,.F.);
#3740=ORIENTED_EDGE('',*,*,#3739,.F.);
#3742=ORIENTED_EDGE('',*,*,#3741,.F.);
#3744=ORIENTED_EDGE('',*,*,#3743,.F.);
#3746=ORIENTED_EDGE('',*,*,#3745,.F.);
#3748=ORIENTED_EDGE('',*,*,#3747,.F.);
#3750=ORIENTED_EDGE('',*,*,#3749,.T.);
#3751=EDGE_LOOP('',(#3740,#3742,#3744,#3746,#3748,#3750));
#3752=FACE_BOUND('',#3751,.F.);
#3754=ORIENTED_EDGE('',*,*,#3753,.F.);
#3756=ORIENTED_EDGE('',*,*,#3755,.F.);
#3758=ORIENTED_EDGE('',*,*,#3757,.F.);
#3760=ORIENTED_EDGE('',*,*,#3759,.F.);
#3762=ORIENTED_EDGE('',*,*,#3761,.F.);
#3764=ORIENTED_EDGE('',*,*,#3763,.T.);
#3765=EDGE_LOOP('',(#3754,#3756,#3758,#3760,#3762,#3764));
#3766=FACE_BOUND('',#3765,.F.);
#3767=ADVANCED_FACE('',(#3725,#3738,#3752,#3766),#3715,.T.);
#3768=CARTESIAN_POINT('',(-5.6E0,3.2E0,5.25E0));
#3769=DIRECTION('',(-1.E0,0.E0,0.E0));
#3770=DIRECTION('',(0.E0,-1.E0,0.E0));
#3771=AXIS2_PLACEMENT_3D('',#3768,#3769,#3770);
#3772=PLANE('',#3771);
#3774=ORIENTED_EDGE('',*,*,#3773,.F.);
#3776=ORIENTED_EDGE('',*,*,#3775,.T.);
#3777=ORIENTED_EDGE('',*,*,#3716,.T.);
#3779=ORIENTED_EDGE('',*,*,#3778,.F.);
#3780=EDGE_LOOP('',(#3774,#3776,#3777,#3779));
#3781=FACE_OUTER_BOUND('',#3780,.F.);
#3782=ADVANCED_FACE('',(#3781),#3772,.F.);
#3783=CARTESIAN_POINT('',(-5.85E0,3.2E0,5.25E0));
#3784=DIRECTION('',(7.071067811865E-1,0.E0,7.071067811865E-1));
#3785=DIRECTION('',(0.E0,-1.E0,0.E0));
#3786=AXIS2_PLACEMENT_3D('',#3783,#3784,#3785);
#3787=PLANE('',#3786);
#3789=ORIENTED_EDGE('',*,*,#3788,.F.);
#3791=ORIENTED_EDGE('',*,*,#3790,.T.);
#3792=ORIENTED_EDGE('',*,*,#3773,.T.);
#3794=ORIENTED_EDGE('',*,*,#3793,.F.);
#3795=EDGE_LOOP('',(#3789,#3791,#3792,#3794));
#3796=FACE_OUTER_BOUND('',#3795,.F.);
#3797=ADVANCED_FACE('',(#3796),#3787,.T.);
#3798=CARTESIAN_POINT('',(0.E0,0.E0,5.25E0));
#3799=DIRECTION('',(0.E0,0.E0,1.E0));
#3800=DIRECTION('',(1.E0,0.E0,0.E0));
#3801=AXIS2_PLACEMENT_3D('',#3798,#3799,#3800);
#3802=PLANE('',#3801);
#3804=ORIENTED_EDGE('',*,*,#3803,.T.);
#3806=ORIENTED_EDGE('',*,*,#3805,.T.);
#3807=ORIENTED_EDGE('',*,*,#3788,.T.);
#3809=ORIENTED_EDGE('',*,*,#3808,.T.);
#3811=ORIENTED_EDGE('',*,*,#3810,.T.);
#3813=ORIENTED_EDGE('',*,*,#3812,.T.);
#3815=ORIENTED_EDGE('',*,*,#3814,.F.);
#3817=ORIENTED_EDGE('',*,*,#3816,.F.);
#3819=ORIENTED_EDGE('',*,*,#3818,.F.);
#3821=ORIENTED_EDGE('',*,*,#3820,.F.);
#3823=ORIENTED_EDGE('',*,*,#3822,.F.);
#3825=ORIENTED_EDGE('',*,*,#3824,.F.);
#3826=EDGE_LOOP('',(#3804,#3806,#3807,#3809,#3811,#3813,#3815,#3817,#3819,#3821,
#3823,#3825));
#3827=FACE_OUTER_BOUND('',#3826,.F.);
#3828=ADVANCED_FACE('',(#3827),#3802,.T.);
#3829=CARTESIAN_POINT('',(0.E0,0.E0,5.25E0));
#3830=DIRECTION('',(0.E0,0.E0,1.E0));
#3831=DIRECTION('',(1.E0,0.E0,0.E0));
#3832=AXIS2_PLACEMENT_3D('',#3829,#3830,#3831);
#3833=PLANE('',#3832);
#3835=ORIENTED_EDGE('',*,*,#3834,.T.);
#3837=ORIENTED_EDGE('',*,*,#3836,.T.);
#3839=ORIENTED_EDGE('',*,*,#3838,.T.);
#3841=ORIENTED_EDGE('',*,*,#3840,.F.);
#3842=EDGE_LOOP('',(#3835,#3837,#3839,#3841));
#3843=FACE_OUTER_BOUND('',#3842,.F.);
#3844=ADVANCED_FACE('',(#3843),#3833,.T.);
#3845=CARTESIAN_POINT('',(-3.05E0,3.8E0,-9.E-1));
#3846=DIRECTION('',(-1.E0,0.E0,0.E0));
#3847=DIRECTION('',(0.E0,0.E0,1.E0));
#3848=AXIS2_PLACEMENT_3D('',#3845,#3846,#3847);
#3849=PLANE('',#3848);
#3850=ORIENTED_EDGE('',*,*,#3803,.F.);
#3852=ORIENTED_EDGE('',*,*,#3851,.T.);
#3854=ORIENTED_EDGE('',*,*,#3853,.T.);
#3856=ORIENTED_EDGE('',*,*,#3855,.F.);
#3858=ORIENTED_EDGE('',*,*,#3857,.F.);
#3859=EDGE_LOOP('',(#3850,#3852,#3854,#3856,#3858));
#3860=FACE_OUTER_BOUND('',#3859,.F.);
#3861=ADVANCED_FACE('',(#3860),#3849,.F.);
#3862=CARTESIAN_POINT('',(6.3E0,3.8E0,-5.25E0));
#3863=DIRECTION('',(0.E0,1.E0,0.E0));
#3864=DIRECTION('',(-1.E0,0.E0,0.E0));
#3865=AXIS2_PLACEMENT_3D('',#3862,#3863,#3864);
#3866=PLANE('',#3865);
#3868=ORIENTED_EDGE('',*,*,#3867,.T.);
#3870=ORIENTED_EDGE('',*,*,#3869,.F.);
#3872=ORIENTED_EDGE('',*,*,#3871,.T.);
#3873=ORIENTED_EDGE('',*,*,#3816,.T.);
#3875=ORIENTED_EDGE('',*,*,#3874,.T.);
#3877=ORIENTED_EDGE('',*,*,#3876,.T.);
#3879=ORIENTED_EDGE('',*,*,#3878,.T.);
#3881=ORIENTED_EDGE('',*,*,#3880,.F.);
#3883=ORIENTED_EDGE('',*,*,#3882,.T.);
#3885=ORIENTED_EDGE('',*,*,#3884,.F.);
#3887=ORIENTED_EDGE('',*,*,#3886,.F.);
#3889=ORIENTED_EDGE('',*,*,#3888,.F.);
#3891=ORIENTED_EDGE('',*,*,#3890,.T.);
#3893=ORIENTED_EDGE('',*,*,#3892,.T.);
#3894=ORIENTED_EDGE('',*,*,#3851,.F.);
#3895=ORIENTED_EDGE('',*,*,#3824,.T.);
#3897=ORIENTED_EDGE('',*,*,#3896,.F.);
#3898=ORIENTED_EDGE('',*,*,#2944,.F.);
#3899=ORIENTED_EDGE('',*,*,#3036,.T.);
#3901=ORIENTED_EDGE('',*,*,#3900,.T.);
#3902=ORIENTED_EDGE('',*,*,#3129,.F.);
#3903=ORIENTED_EDGE('',*,*,#2960,.F.);
#3905=ORIENTED_EDGE('',*,*,#3904,.T.);
#3907=ORIENTED_EDGE('',*,*,#3906,.T.);
#3909=ORIENTED_EDGE('',*,*,#3908,.F.);
#3910=ORIENTED_EDGE('',*,*,#2976,.F.);
#3912=ORIENTED_EDGE('',*,*,#3911,.T.);
#3914=ORIENTED_EDGE('',*,*,#3913,.T.);
#3916=ORIENTED_EDGE('',*,*,#3915,.F.);
#3917=ORIENTED_EDGE('',*,*,#3000,.F.);
#3918=EDGE_LOOP('',(#3868,#3870,#3872,#3873,#3875,#3877,#3879,#3881,#3883,#3885,
#3887,#3889,#3891,#3893,#3894,#3895,#3897,#3898,#3899,#3901,#3902,#3903,#3905,
#3907,#3909,#3910,#3912,#3914,#3916,#3917));
#3919=FACE_OUTER_BOUND('',#3918,.F.);
#3920=ADVANCED_FACE('',(#3919),#3866,.T.);
#3921=CARTESIAN_POINT('',(6.05E0,3.8E0,-5.25E0));
#3922=DIRECTION('',(-1.E0,0.E0,0.E0));
#3923=DIRECTION('',(0.E0,0.E0,1.E0));
#3924=AXIS2_PLACEMENT_3D('',#3921,#3922,#3923);
#3925=PLANE('',#3924);
#3926=ORIENTED_EDGE('',*,*,#2998,.T.);
#3928=ORIENTED_EDGE('',*,*,#3927,.T.);
#3930=ORIENTED_EDGE('',*,*,#3929,.F.);
#3931=ORIENTED_EDGE('',*,*,#3867,.F.);
#3932=EDGE_LOOP('',(#3926,#3928,#3930,#3931));
#3933=FACE_OUTER_BOUND('',#3932,.F.);
#3934=ADVANCED_FACE('',(#3933),#3925,.F.);
#3935=CARTESIAN_POINT('',(6.3E0,3.55E0,-5.25E0));
#3936=DIRECTION('',(0.E0,1.E0,0.E0));
#3937=DIRECTION('',(1.E0,0.E0,0.E0));
#3938=AXIS2_PLACEMENT_3D('',#3935,#3936,#3937);
#3939=PLANE('',#3938);
#3940=ORIENTED_EDGE('',*,*,#2996,.F.);
#3942=ORIENTED_EDGE('',*,*,#3941,.T.);
#3944=ORIENTED_EDGE('',*,*,#3943,.F.);
#3945=ORIENTED_EDGE('',*,*,#3927,.F.);
#3946=EDGE_LOOP('',(#3940,#3942,#3944,#3945));
#3947=FACE_OUTER_BOUND('',#3946,.F.);
#3948=ADVANCED_FACE('',(#3947),#3939,.T.);
#3949=CARTESIAN_POINT('',(6.3E0,-3.8E0,-5.25E0));
#3950=DIRECTION('',(1.E0,0.E0,0.E0));
#3951=DIRECTION('',(0.E0,1.E0,0.E0));
#3952=AXIS2_PLACEMENT_3D('',#3949,#3950,#3951);
#3953=PLANE('',#3952);
#3954=ORIENTED_EDGE('',*,*,#3941,.F.);
#3955=ORIENTED_EDGE('',*,*,#2994,.F.);
#3957=ORIENTED_EDGE('',*,*,#3956,.T.);
#3958=ORIENTED_EDGE('',*,*,#3818,.T.);
#3959=ORIENTED_EDGE('',*,*,#3871,.F.);
#3961=ORIENTED_EDGE('',*,*,#3960,.T.);
#3962=EDGE_LOOP('',(#3954,#3955,#3957,#3958,#3959,#3961));
#3963=FACE_OUTER_BOUND('',#3962,.F.);
#3964=ADVANCED_FACE('',(#3963),#3953,.T.);
#3965=CARTESIAN_POINT('',(-6.3E0,-3.8E0,-5.25E0));
#3966=DIRECTION('',(0.E0,-1.E0,0.E0));
#3967=DIRECTION('',(1.E0,0.E0,0.E0));
#3968=AXIS2_PLACEMENT_3D('',#3965,#3966,#3967);
#3969=PLANE('',#3968);
#3971=ORIENTED_EDGE('',*,*,#3970,.T.);
#3973=ORIENTED_EDGE('',*,*,#3972,.F.);
#3975=ORIENTED_EDGE('',*,*,#3974,.F.);
#3976=ORIENTED_EDGE('',*,*,#2980,.F.);
#3978=ORIENTED_EDGE('',*,*,#3977,.T.);
#3980=ORIENTED_EDGE('',*,*,#3979,.F.);
#3982=ORIENTED_EDGE('',*,*,#3981,.F.);
#3983=ORIENTED_EDGE('',*,*,#2964,.F.);
#3984=ORIENTED_EDGE('',*,*,#3126,.T.);
#3986=ORIENTED_EDGE('',*,*,#3985,.F.);
#3987=ORIENTED_EDGE('',*,*,#3039,.F.);
#3988=ORIENTED_EDGE('',*,*,#2948,.F.);
#3990=ORIENTED_EDGE('',*,*,#3989,.T.);
#3991=ORIENTED_EDGE('',*,*,#3820,.T.);
#3992=ORIENTED_EDGE('',*,*,#3956,.F.);
#3993=ORIENTED_EDGE('',*,*,#2992,.F.);
#3994=EDGE_LOOP('',(#3971,#3973,#3975,#3976,#3978,#3980,#3982,#3983,#3984,#3986,
#3987,#3988,#3990,#3991,#3992,#3993));
#3995=FACE_OUTER_BOUND('',#3994,.F.);
#3996=ADVANCED_FACE('',(#3995),#3969,.T.);
#3997=CARTESIAN_POINT('',(4.1E0,0.E0,0.E0));
#3998=DIRECTION('',(1.E0,0.E0,0.E0));
#3999=DIRECTION('',(0.E0,0.E0,-1.E0));
#4000=AXIS2_PLACEMENT_3D('',#3997,#3998,#3999);
#4001=PLANE('',#4000);
#4003=ORIENTED_EDGE('',*,*,#4002,.F.);
#4005=ORIENTED_EDGE('',*,*,#4004,.T.);
#4007=ORIENTED_EDGE('',*,*,#4006,.T.);
#4009=ORIENTED_EDGE('',*,*,#4008,.T.);
#4010=ORIENTED_EDGE('',*,*,#3970,.F.);
#4011=ORIENTED_EDGE('',*,*,#2990,.T.);
#4012=ORIENTED_EDGE('',*,*,#3915,.T.);
#4014=ORIENTED_EDGE('',*,*,#4013,.T.);
#4016=ORIENTED_EDGE('',*,*,#4015,.T.);
#4018=ORIENTED_EDGE('',*,*,#4017,.T.);
#4020=ORIENTED_EDGE('',*,*,#4019,.T.);
#4022=ORIENTED_EDGE('',*,*,#4021,.T.);
#4024=ORIENTED_EDGE('',*,*,#4023,.T.);
#4026=ORIENTED_EDGE('',*,*,#4025,.T.);
#4028=ORIENTED_EDGE('',*,*,#4027,.F.);
#4030=ORIENTED_EDGE('',*,*,#4029,.F.);
#4032=ORIENTED_EDGE('',*,*,#4031,.F.);
#4034=ORIENTED_EDGE('',*,*,#4033,.F.);
#4035=EDGE_LOOP('',(#4003,#4005,#4007,#4009,#4010,#4011,#4012,#4014,#4016,#4018,
#4020,#4022,#4024,#4026,#4028,#4030,#4032,#4034));
#4036=FACE_OUTER_BOUND('',#4035,.F.);
#4037=ADVANCED_FACE('',(#4036),#4001,.F.);
#4038=CARTESIAN_POINT('',(2.9E0,6.799999999999E-1,-8.003589838487E0));
#4039=DIRECTION('',(0.E0,1.E0,0.E0));
#4040=DIRECTION('',(0.E0,0.E0,1.E0));
#4041=AXIS2_PLACEMENT_3D('',#4038,#4039,#4040);
#4042=PLANE('',#4041);
#4044=ORIENTED_EDGE('',*,*,#4043,.T.);
#4046=ORIENTED_EDGE('',*,*,#4045,.T.);
#4048=ORIENTED_EDGE('',*,*,#4047,.F.);
#4050=ORIENTED_EDGE('',*,*,#4049,.T.);
#4052=ORIENTED_EDGE('',*,*,#4051,.T.);
#4054=ORIENTED_EDGE('',*,*,#4053,.T.);
#4056=ORIENTED_EDGE('',*,*,#4055,.F.);
#4058=ORIENTED_EDGE('',*,*,#4057,.T.);
#4060=ORIENTED_EDGE('',*,*,#4059,.T.);
#4062=ORIENTED_EDGE('',*,*,#4061,.T.);
#4064=ORIENTED_EDGE('',*,*,#4063,.F.);
#4065=ORIENTED_EDGE('',*,*,#4002,.T.);
#4067=ORIENTED_EDGE('',*,*,#4066,.F.);
#4069=ORIENTED_EDGE('',*,*,#4068,.F.);
#4071=ORIENTED_EDGE('',*,*,#4070,.T.);
#4073=ORIENTED_EDGE('',*,*,#4072,.T.);
#4075=ORIENTED_EDGE('',*,*,#4074,.T.);
#4077=ORIENTED_EDGE('',*,*,#4076,.F.);
#4079=ORIENTED_EDGE('',*,*,#4078,.T.);
#4081=ORIENTED_EDGE('',*,*,#4080,.T.);
#4083=ORIENTED_EDGE('',*,*,#4082,.F.);
#4085=ORIENTED_EDGE('',*,*,#4084,.T.);
#4086=EDGE_LOOP('',(#4044,#4046,#4048,#4050,#4052,#4054,#4056,#4058,#4060,#4062,
#4064,#4065,#4067,#4069,#4071,#4073,#4075,#4077,#4079,#4081,#4083,#4085));
#4087=FACE_OUTER_BOUND('',#4086,.F.);
#4088=ADVANCED_FACE('',(#4087),#4042,.T.);
#4089=CARTESIAN_POINT('',(3.28E0,7.599999999999E-1,-8.75E0));
#4090=DIRECTION('',(-1.E0,0.E0,0.E0));
#4091=DIRECTION('',(0.E0,0.E0,1.E0));
#4092=AXIS2_PLACEMENT_3D('',#4089,#4090,#4091);
#4093=PLANE('',#4092);
#4095=ORIENTED_EDGE('',*,*,#4094,.T.);
#4097=ORIENTED_EDGE('',*,*,#4096,.T.);
#4099=ORIENTED_EDGE('',*,*,#4098,.F.);
#4100=ORIENTED_EDGE('',*,*,#4043,.F.);
#4102=ORIENTED_EDGE('',*,*,#4101,.F.);
#4103=EDGE_LOOP('',(#4095,#4097,#4099,#4100,#4102));
#4104=FACE_OUTER_BOUND('',#4103,.F.);
#4105=ADVANCED_FACE('',(#4104),#4093,.F.);
#4106=CARTESIAN_POINT('',(3.E0,7.999999999992E-2,-7.6E0));
#4107=DIRECTION('',(9.716151382477E-1,0.E0,2.365671640951E-1));
#4108=DIRECTION('',(2.365671640951E-1,0.E0,-9.716151382477E-1));
#4109=AXIS2_PLACEMENT_3D('',#4106,#4107,#4108);
#4110=PLANE('',#4109);
#4111=ORIENTED_EDGE('',*,*,#4094,.F.);
#4113=ORIENTED_EDGE('',*,*,#4112,.T.);
#4114=ORIENTED_EDGE('',*,*,#4082,.T.);
#4116=ORIENTED_EDGE('',*,*,#4115,.T.);
#4118=ORIENTED_EDGE('',*,*,#4117,.T.);
#4120=ORIENTED_EDGE('',*,*,#4119,.T.);
#4121=EDGE_LOOP('',(#4111,#4113,#4114,#4116,#4118,#4120));
#4122=FACE_OUTER_BOUND('',#4121,.F.);
#4123=ADVANCED_FACE('',(#4122),#4110,.F.);
#4124=CARTESIAN_POINT('',(2.9E0,4.8E-1,-8.75E0));
#4125=DIRECTION('',(0.E0,9.659258262891E-1,-2.588190451025E-1));
#4126=DIRECTION('',(0.E0,2.588190451025E-1,9.659258262891E-1));
#4127=AXIS2_PLACEMENT_3D('',#4124,#4125,#4126);
#4128=PLANE('',#4127);
#4129=ORIENTED_EDGE('',*,*,#4101,.T.);
#4130=ORIENTED_EDGE('',*,*,#4084,.F.);
#4131=ORIENTED_EDGE('',*,*,#4112,.F.);
#4132=EDGE_LOOP('',(#4129,#4130,#4131));
#4133=FACE_OUTER_BOUND('',#4132,.F.);
#4134=ADVANCED_FACE('',(#4133),#4128,.T.);
#4135=CARTESIAN_POINT('',(2.9E0,4.8E-1,-8.75E0));
#4136=DIRECTION('',(0.E0,9.659258262891E-1,-2.588190451025E-1));
#4137=DIRECTION('',(0.E0,2.588190451025E-1,9.659258262891E-1));
#4138=AXIS2_PLACEMENT_3D('',#4135,#4136,#4137);
#4139=PLANE('',#4138);
#4141=ORIENTED_EDGE('',*,*,#4140,.F.);
#4143=ORIENTED_EDGE('',*,*,#4142,.T.);
#4144=ORIENTED_EDGE('',*,*,#4049,.F.);
#4145=EDGE_LOOP('',(#4141,#4143,#4144));
#4146=FACE_OUTER_BOUND('',#4145,.F.);
#4147=ADVANCED_FACE('',(#4146),#4139,.T.);
#4148=CARTESIAN_POINT('',(3.72E0,7.599999999999E-1,-4.85E0));
#4149=DIRECTION('',(1.E0,0.E0,0.E0));
#4150=DIRECTION('',(0.E0,0.E0,-1.E0));
#4151=AXIS2_PLACEMENT_3D('',#4148,#4149,#4150);
#4152=PLANE('',#4151);
#4154=ORIENTED_EDGE('',*,*,#4153,.F.);
#4155=ORIENTED_EDGE('',*,*,#4140,.T.);
#4156=ORIENTED_EDGE('',*,*,#4047,.T.);
#4158=ORIENTED_EDGE('',*,*,#4157,.T.);
#4160=ORIENTED_EDGE('',*,*,#4159,.T.);
#4161=EDGE_LOOP('',(#4154,#4155,#4156,#4158,#4160));
#4162=FACE_OUTER_BOUND('',#4161,.F.);
#4163=ADVANCED_FACE('',(#4162),#4152,.F.);
#4164=CARTESIAN_POINT('',(3.72E0,7.999999999992E-2,-8.75E0));
#4165=DIRECTION('',(-9.716151382477E-1,0.E0,2.365671640951E-1));
#4166=DIRECTION('',(2.365671640951E-1,0.E0,9.716151382477E-1));
#4167=AXIS2_PLACEMENT_3D('',#4164,#4165,#4166);
#4168=PLANE('',#4167);
#4169=ORIENTED_EDGE('',*,*,#4153,.T.);
#4171=ORIENTED_EDGE('',*,*,#4170,.F.);
#4173=ORIENTED_EDGE('',*,*,#4172,.T.);
#4175=ORIENTED_EDGE('',*,*,#4174,.F.);
#4176=ORIENTED_EDGE('',*,*,#4051,.F.);
#4177=ORIENTED_EDGE('',*,*,#4142,.F.);
#4178=EDGE_LOOP('',(#4169,#4171,#4173,#4175,#4176,#4177));
#4179=FACE_OUTER_BOUND('',#4178,.F.);
#4180=ADVANCED_FACE('',(#4179),#4168,.F.);
#4181=CARTESIAN_POINT('',(2.9E0,7.999999999992E-2,-8.75E0));
#4182=DIRECTION('',(0.E0,0.E0,-1.E0));
#4183=DIRECTION('',(0.E0,1.E0,0.E0));
#4184=AXIS2_PLACEMENT_3D('',#4181,#4182,#4183);
#4185=PLANE('',#4184);
#4187=ORIENTED_EDGE('',*,*,#4186,.F.);
#4188=ORIENTED_EDGE('',*,*,#4119,.F.);
#4190=ORIENTED_EDGE('',*,*,#4189,.T.);
#4191=ORIENTED_EDGE('',*,*,#4170,.T.);
#4192=EDGE_LOOP('',(#4187,#4188,#4190,#4191));
#4193=FACE_OUTER_BOUND('',#4192,.F.);
#4194=ADVANCED_FACE('',(#4193),#4185,.T.);
#4195=CARTESIAN_POINT('',(2.9E0,2.599999999999E-1,-4.5E0));
#4196=DIRECTION('',(0.E0,1.E0,0.E0));
#4197=DIRECTION('',(1.E0,0.E0,0.E0));
#4198=AXIS2_PLACEMENT_3D('',#4195,#4196,#4197);
#4199=PLANE('',#4198);
#4200=ORIENTED_EDGE('',*,*,#4186,.T.);
#4201=ORIENTED_EDGE('',*,*,#4159,.F.);
#4203=ORIENTED_EDGE('',*,*,#4202,.F.);
#4204=ORIENTED_EDGE('',*,*,#4096,.F.);
#4205=EDGE_LOOP('',(#4200,#4201,#4203,#4204));
#4206=FACE_OUTER_BOUND('',#4205,.F.);
#4207=ADVANCED_FACE('',(#4206),#4199,.T.);
#4208=CARTESIAN_POINT('',(3.28E0,7.599999999999E-1,-4.85E0));
#4209=DIRECTION('',(0.E0,0.E0,1.E0));
#4210=DIRECTION('',(1.E0,0.E0,0.E0));
#4211=AXIS2_PLACEMENT_3D('',#4208,#4209,#4210);
#4212=PLANE('',#4211);
#4213=ORIENTED_EDGE('',*,*,#4098,.T.);
#4214=ORIENTED_EDGE('',*,*,#4202,.T.);
#4215=ORIENTED_EDGE('',*,*,#4157,.F.);
#4216=ORIENTED_EDGE('',*,*,#4045,.F.);
#4217=EDGE_LOOP('',(#4213,#4214,#4215,#4216));
#4218=FACE_OUTER_BOUND('',#4217,.F.);
#4219=ADVANCED_FACE('',(#4218),#4212,.F.);
#4220=CARTESIAN_POINT('',(2.9E0,7.999999999992E-2,-2.05E0));
#4221=DIRECTION('',(0.E0,-1.E0,0.E0));
#4222=DIRECTION('',(0.E0,0.E0,-1.E0));
#4223=AXIS2_PLACEMENT_3D('',#4220,#4221,#4222);
#4224=PLANE('',#4223);
#4226=ORIENTED_EDGE('',*,*,#4225,.F.);
#4228=ORIENTED_EDGE('',*,*,#4227,.T.);
#4230=ORIENTED_EDGE('',*,*,#4229,.F.);
#4232=ORIENTED_EDGE('',*,*,#4231,.F.);
#4234=ORIENTED_EDGE('',*,*,#4233,.T.);
#4236=ORIENTED_EDGE('',*,*,#4235,.F.);
#4238=ORIENTED_EDGE('',*,*,#4237,.F.);
#4239=ORIENTED_EDGE('',*,*,#4172,.F.);
#4240=ORIENTED_EDGE('',*,*,#4189,.F.);
#4241=ORIENTED_EDGE('',*,*,#4117,.F.);
#4243=ORIENTED_EDGE('',*,*,#4242,.F.);
#4245=ORIENTED_EDGE('',*,*,#4244,.F.);
#4247=ORIENTED_EDGE('',*,*,#4246,.F.);
#4249=ORIENTED_EDGE('',*,*,#4248,.F.);
#4250=EDGE_LOOP('',(#4226,#4228,#4230,#4232,#4234,#4236,#4238,#4239,#4240,#4241,
#4243,#4245,#4247,#4249));
#4251=FACE_OUTER_BOUND('',#4250,.F.);
#4252=ADVANCED_FACE('',(#4251),#4224,.T.);
#4253=CARTESIAN_POINT('',(3.E0,7.999999999992E-2,-4.85E0));
#4254=DIRECTION('',(1.E0,0.E0,0.E0));
#4255=DIRECTION('',(0.E0,0.E0,-1.E0));
#4256=AXIS2_PLACEMENT_3D('',#4253,#4254,#4255);
#4257=PLANE('',#4256);
#4258=ORIENTED_EDGE('',*,*,#4225,.T.);
#4260=ORIENTED_EDGE('',*,*,#4259,.F.);
#4261=ORIENTED_EDGE('',*,*,#4072,.F.);
#4263=ORIENTED_EDGE('',*,*,#4262,.T.);
#4264=EDGE_LOOP('',(#4258,#4260,#4261,#4263));
#4265=FACE_OUTER_BOUND('',#4264,.F.);
#4266=ADVANCED_FACE('',(#4265),#4257,.F.);
#4267=CARTESIAN_POINT('',(3.E0,7.999999999992E-2,-5.65E0));
#4268=DIRECTION('',(8.944271909999E-1,0.E0,-4.472135955E-1));
#4269=DIRECTION('',(-4.472135955E-1,0.E0,-8.944271909999E-1));
#4270=AXIS2_PLACEMENT_3D('',#4267,#4268,#4269);
#4271=PLANE('',#4270);
#4273=ORIENTED_EDGE('',*,*,#4272,.T.);
#4274=ORIENTED_EDGE('',*,*,#4074,.F.);
#4275=ORIENTED_EDGE('',*,*,#4259,.T.);
#4276=ORIENTED_EDGE('',*,*,#4248,.T.);
#4277=EDGE_LOOP('',(#4273,#4274,#4275,#4276));
#4278=FACE_OUTER_BOUND('',#4277,.F.);
#4279=ADVANCED_FACE('',(#4278),#4271,.F.);
#4280=CARTESIAN_POINT('',(2.9E0,0.E0,0.E0));
#4281=DIRECTION('',(1.E0,0.E0,0.E0));
#4282=DIRECTION('',(0.E0,0.E0,-1.E0));
#4283=AXIS2_PLACEMENT_3D('',#4280,#4281,#4282);
#4284=PLANE('',#4283);
#4285=ORIENTED_EDGE('',*,*,#4272,.F.);
#4286=ORIENTED_EDGE('',*,*,#4246,.T.);
#4288=ORIENTED_EDGE('',*,*,#4287,.T.);
#4289=ORIENTED_EDGE('',*,*,#4076,.T.);
#4290=EDGE_LOOP('',(#4285,#4286,#4288,#4289));
#4291=FACE_OUTER_BOUND('',#4290,.F.);
#4292=ADVANCED_FACE('',(#4291),#4284,.F.);
#4293=CARTESIAN_POINT('',(2.9E0,0.E0,0.E0));
#4294=DIRECTION('',(1.E0,0.E0,0.E0));
#4295=DIRECTION('',(0.E0,0.E0,-1.E0));
#4296=AXIS2_PLACEMENT_3D('',#4293,#4294,#4295);
#4297=PLANE('',#4296);
#4299=ORIENTED_EDGE('',*,*,#4298,.F.);
#4301=ORIENTED_EDGE('',*,*,#4300,.T.);
#4303=ORIENTED_EDGE('',*,*,#4302,.T.);
#4305=ORIENTED_EDGE('',*,*,#4304,.F.);
#4307=ORIENTED_EDGE('',*,*,#4306,.F.);
#4309=ORIENTED_EDGE('',*,*,#4308,.T.);
#4311=ORIENTED_EDGE('',*,*,#4310,.T.);
#4313=ORIENTED_EDGE('',*,*,#4312,.T.);
#4315=ORIENTED_EDGE('',*,*,#4314,.T.);
#4317=ORIENTED_EDGE('',*,*,#4316,.T.);
#4318=EDGE_LOOP('',(#4299,#4301,#4303,#4305,#4307,#4309,#4311,#4313,#4315,
#4317));
#4319=FACE_OUTER_BOUND('',#4318,.F.);
#4320=ADVANCED_FACE('',(#4319),#4297,.F.);
#4321=CARTESIAN_POINT('',(2.9E0,7.999999999992E-2,-6.75E0));
#4322=DIRECTION('',(8.944271909999E-1,0.E0,4.472135955E-1));
#4323=DIRECTION('',(4.472135955E-1,0.E0,-8.944271909999E-1));
#4324=AXIS2_PLACEMENT_3D('',#4321,#4322,#4323);
#4325=PLANE('',#4324);
#4326=ORIENTED_EDGE('',*,*,#4287,.F.);
#4327=ORIENTED_EDGE('',*,*,#4244,.T.);
#4329=ORIENTED_EDGE('',*,*,#4328,.F.);
#4330=ORIENTED_EDGE('',*,*,#4078,.F.);
#4331=EDGE_LOOP('',(#4326,#4327,#4329,#4330));
#4332=FACE_OUTER_BOUND('',#4331,.F.);
#4333=ADVANCED_FACE('',(#4332),#4325,.F.);
#4334=CARTESIAN_POINT('',(3.E0,7.999999999992E-2,-6.95E0));
#4335=DIRECTION('',(1.E0,0.E0,0.E0));
#4336=DIRECTION('',(0.E0,0.E0,-1.E0));
#4337=AXIS2_PLACEMENT_3D('',#4334,#4335,#4336);
#4338=PLANE('',#4337);
#4339=ORIENTED_EDGE('',*,*,#4242,.T.);
#4340=ORIENTED_EDGE('',*,*,#4115,.F.);
#4341=ORIENTED_EDGE('',*,*,#4080,.F.);
#4342=ORIENTED_EDGE('',*,*,#4328,.T.);
#4343=EDGE_LOOP('',(#4339,#4340,#4341,#4342));
#4344=FACE_OUTER_BOUND('',#4343,.F.);
#4345=ADVANCED_FACE('',(#4344),#4338,.F.);
#4346=CARTESIAN_POINT('',(2.975E0,1.05E0,4.075E0));
#4347=DIRECTION('',(-9.805806756909E-1,0.E0,1.961161351382E-1));
#4348=DIRECTION('',(1.961161351382E-1,0.E0,9.805806756909E-1));
#4349=AXIS2_PLACEMENT_3D('',#4346,#4347,#4348);
#4350=PLANE('',#4349);
#4351=ORIENTED_EDGE('',*,*,#4298,.T.);
#4353=ORIENTED_EDGE('',*,*,#4352,.F.);
#4355=ORIENTED_EDGE('',*,*,#4354,.F.);
#4357=ORIENTED_EDGE('',*,*,#4356,.T.);
#4358=EDGE_LOOP('',(#4351,#4353,#4355,#4357));
#4359=FACE_OUTER_BOUND('',#4358,.F.);
#4360=ADVANCED_FACE('',(#4359),#4350,.T.);
#4361=CARTESIAN_POINT('',(3.5E0,1.545E0,4.075E0));
#4362=DIRECTION('',(0.E0,9.805806756909E-1,1.961161351382E-1));
#4363=DIRECTION('',(0.E0,1.961161351382E-1,-9.805806756909E-1));
#4364=AXIS2_PLACEMENT_3D('',#4361,#4362,#4363);
#4365=PLANE('',#4364);
#4367=ORIENTED_EDGE('',*,*,#4366,.F.);
#4369=ORIENTED_EDGE('',*,*,#4368,.F.);
#4371=ORIENTED_EDGE('',*,*,#4370,.T.);
#4372=ORIENTED_EDGE('',*,*,#4352,.T.);
#4373=EDGE_LOOP('',(#4367,#4369,#4371,#4372));
#4374=FACE_OUTER_BOUND('',#4373,.F.);
#4375=ADVANCED_FACE('',(#4374),#4365,.T.);
#4376=CARTESIAN_POINT('',(2.9E0,1.62E0,-1.35E0));
#4377=DIRECTION('',(0.E0,1.E0,0.E0));
#4378=DIRECTION('',(0.E0,0.E0,1.E0));
#4379=AXIS2_PLACEMENT_3D('',#4376,#4377,#4378);
#4380=PLANE('',#4379);
#4381=ORIENTED_EDGE('',*,*,#4366,.T.);
#4382=ORIENTED_EDGE('',*,*,#4316,.F.);
#4384=ORIENTED_EDGE('',*,*,#4383,.T.);
#4386=ORIENTED_EDGE('',*,*,#4385,.T.);
#4387=EDGE_LOOP('',(#4381,#4382,#4384,#4386));
#4388=FACE_OUTER_BOUND('',#4387,.F.);
#4389=ADVANCED_FACE('',(#4388),#4380,.T.);
#4390=CARTESIAN_POINT('',(2.9E0,1.507E0,-1.35E0));
#4391=DIRECTION('',(0.E0,0.E0,-1.E0));
#4392=DIRECTION('',(0.E0,1.E0,0.E0));
#4393=AXIS2_PLACEMENT_3D('',#4390,#4391,#4392);
#4394=PLANE('',#4393);
#4395=ORIENTED_EDGE('',*,*,#4314,.F.);
#4397=ORIENTED_EDGE('',*,*,#4396,.T.);
#4399=ORIENTED_EDGE('',*,*,#4398,.T.);
#4400=ORIENTED_EDGE('',*,*,#4383,.F.);
#4401=EDGE_LOOP('',(#4395,#4397,#4399,#4400));
#4402=FACE_OUTER_BOUND('',#4401,.F.);
#4403=ADVANCED_FACE('',(#4402),#4394,.T.);
#4404=CARTESIAN_POINT('',(2.9E0,1.507E0,-2.05E0));
#4405=DIRECTION('',(0.E0,1.E0,0.E0));
#4406=DIRECTION('',(0.E0,0.E0,1.E0));
#4407=AXIS2_PLACEMENT_3D('',#4404,#4405,#4406);
#4408=PLANE('',#4407);
#4409=ORIENTED_EDGE('',*,*,#4312,.F.);
#4411=ORIENTED_EDGE('',*,*,#4410,.T.);
#4413=ORIENTED_EDGE('',*,*,#4412,.T.);
#4414=ORIENTED_EDGE('',*,*,#4396,.F.);
#4415=EDGE_LOOP('',(#4409,#4411,#4413,#4414));
#4416=FACE_OUTER_BOUND('',#4415,.F.);
#4417=ADVANCED_FACE('',(#4416),#4408,.T.);
#4418=CARTESIAN_POINT('',(2.9E0,2.66E0,-2.05E0));
#4419=DIRECTION('',(0.E0,0.E0,1.E0));
#4420=DIRECTION('',(0.E0,-1.E0,0.E0));
#4421=AXIS2_PLACEMENT_3D('',#4418,#4419,#4420);
#4422=PLANE('',#4421);
#4423=ORIENTED_EDGE('',*,*,#4310,.F.);
#4425=ORIENTED_EDGE('',*,*,#4424,.T.);
#4427=ORIENTED_EDGE('',*,*,#4426,.T.);
#4428=ORIENTED_EDGE('',*,*,#4410,.F.);
#4429=EDGE_LOOP('',(#4423,#4425,#4427,#4428));
#4430=FACE_OUTER_BOUND('',#4429,.F.);
#4431=ADVANCED_FACE('',(#4430),#4422,.T.);
#4432=CARTESIAN_POINT('',(2.9E0,2.66E0,-3.9E0));
#4433=DIRECTION('',(0.E0,1.E0,0.E0));
#4434=DIRECTION('',(0.E0,0.E0,1.E0));
#4435=AXIS2_PLACEMENT_3D('',#4432,#4433,#4434);
#4436=PLANE('',#4435);
#4437=ORIENTED_EDGE('',*,*,#4027,.T.);
#4439=ORIENTED_EDGE('',*,*,#4438,.T.);
#4440=ORIENTED_EDGE('',*,*,#4424,.F.);
#4441=ORIENTED_EDGE('',*,*,#4308,.F.);
#4443=ORIENTED_EDGE('',*,*,#4442,.F.);
#4445=ORIENTED_EDGE('',*,*,#4444,.T.);
#4446=EDGE_LOOP('',(#4437,#4439,#4440,#4441,#4443,#4445));
#4447=FACE_OUTER_BOUND('',#4446,.F.);
#4448=ADVANCED_FACE('',(#4447),#4436,.T.);
#4449=CARTESIAN_POINT('',(4.1E0,0.E0,0.E0));
#4450=DIRECTION('',(1.E0,0.E0,0.E0));
#4451=DIRECTION('',(0.E0,0.E0,-1.E0));
#4452=AXIS2_PLACEMENT_3D('',#4449,#4450,#4451);
#4453=PLANE('',#4452);
#4455=ORIENTED_EDGE('',*,*,#4454,.T.);
#4456=ORIENTED_EDGE('',*,*,#4057,.F.);
#4458=ORIENTED_EDGE('',*,*,#4457,.F.);
#4459=ORIENTED_EDGE('',*,*,#4233,.F.);
#4460=EDGE_LOOP('',(#4455,#4456,#4458,#4459));
#4461=FACE_OUTER_BOUND('',#4460,.F.);
#4462=ADVANCED_FACE('',(#4461),#4453,.T.);
#4463=CARTESIAN_POINT('',(4.1E0,0.E0,0.E0));
#4464=DIRECTION('',(1.E0,0.E0,0.E0));
#4465=DIRECTION('',(0.E0,0.E0,-1.E0));
#4466=AXIS2_PLACEMENT_3D('',#4463,#4464,#4465);
#4467=PLANE('',#4466);
#4469=ORIENTED_EDGE('',*,*,#4468,.F.);
#4470=ORIENTED_EDGE('',*,*,#4385,.F.);
#4471=ORIENTED_EDGE('',*,*,#4398,.F.);
#4472=ORIENTED_EDGE('',*,*,#4412,.F.);
#4473=ORIENTED_EDGE('',*,*,#4426,.F.);
#4474=ORIENTED_EDGE('',*,*,#4438,.F.);
#4476=ORIENTED_EDGE('',*,*,#4475,.T.);
#4478=ORIENTED_EDGE('',*,*,#4477,.T.);
#4480=ORIENTED_EDGE('',*,*,#4479,.F.);
#4482=ORIENTED_EDGE('',*,*,#4481,.F.);
#4483=EDGE_LOOP('',(#4469,#4470,#4471,#4472,#4473,#4474,#4476,#4478,#4480,
#4482));
#4484=FACE_OUTER_BOUND('',#4483,.F.);
#4485=ADVANCED_FACE('',(#4484),#4467,.T.);
#4486=CARTESIAN_POINT('',(4.1E0,7.999999999992E-2,-5.85E0));
#4487=DIRECTION('',(-8.944271909999E-1,0.E0,-4.472135955E-1));
#4488=DIRECTION('',(-4.472135955E-1,0.E0,8.944271909999E-1));
#4489=AXIS2_PLACEMENT_3D('',#4486,#4487,#4488);
#4490=PLANE('',#4489);
#4491=ORIENTED_EDGE('',*,*,#4454,.F.);
#4492=ORIENTED_EDGE('',*,*,#4231,.T.);
#4494=ORIENTED_EDGE('',*,*,#4493,.F.);
#4495=ORIENTED_EDGE('',*,*,#4059,.F.);
#4496=EDGE_LOOP('',(#4491,#4492,#4494,#4495));
#4497=FACE_OUTER_BOUND('',#4496,.F.);
#4498=ADVANCED_FACE('',(#4497),#4490,.F.);
#4499=CARTESIAN_POINT('',(4.E0,7.999999999992E-2,-5.65E0));
#4500=DIRECTION('',(-1.E0,0.E0,0.E0));
#4501=DIRECTION('',(0.E0,0.E0,1.E0));
#4502=AXIS2_PLACEMENT_3D('',#4499,#4500,#4501);
#4503=PLANE('',#4502);
#4504=ORIENTED_EDGE('',*,*,#4229,.T.);
#4506=ORIENTED_EDGE('',*,*,#4505,.F.);
#4507=ORIENTED_EDGE('',*,*,#4061,.F.);
#4508=ORIENTED_EDGE('',*,*,#4493,.T.);
#4509=EDGE_LOOP('',(#4504,#4506,#4507,#4508));
#4510=FACE_OUTER_BOUND('',#4509,.F.);
#4511=ADVANCED_FACE('',(#4510),#4503,.F.);
#4512=CARTESIAN_POINT('',(4.1E0,3.4E0,-4.85E0));
#4513=DIRECTION('',(0.E0,0.E0,1.E0));
#4514=DIRECTION('',(0.E0,-1.E0,0.E0));
#4515=AXIS2_PLACEMENT_3D('',#4512,#4513,#4514);
#4516=PLANE('',#4515);
#4518=ORIENTED_EDGE('',*,*,#4517,.T.);
#4519=ORIENTED_EDGE('',*,*,#4017,.F.);
#4521=ORIENTED_EDGE('',*,*,#4520,.T.);
#4523=ORIENTED_EDGE('',*,*,#4522,.T.);
#4524=EDGE_LOOP('',(#4518,#4519,#4521,#4523));
#4525=FACE_OUTER_BOUND('',#4524,.F.);
#4526=ADVANCED_FACE('',(#4525),#4516,.F.);
#4527=CARTESIAN_POINT('',(4.1E0,3.4E0,-4.85E0));
#4528=DIRECTION('',(0.E0,0.E0,1.E0));
#4529=DIRECTION('',(0.E0,-1.E0,0.E0));
#4530=AXIS2_PLACEMENT_3D('',#4527,#4528,#4529);
#4531=PLANE('',#4530);
#4532=ORIENTED_EDGE('',*,*,#4004,.F.);
#4533=ORIENTED_EDGE('',*,*,#4063,.T.);
#4534=ORIENTED_EDGE('',*,*,#4505,.T.);
#4535=ORIENTED_EDGE('',*,*,#4227,.F.);
#4536=ORIENTED_EDGE('',*,*,#4262,.F.);
#4537=ORIENTED_EDGE('',*,*,#4070,.F.);
#4539=ORIENTED_EDGE('',*,*,#4538,.T.);
#4541=ORIENTED_EDGE('',*,*,#4540,.F.);
#4542=EDGE_LOOP('',(#4532,#4533,#4534,#4535,#4536,#4537,#4539,#4541));
#4543=FACE_OUTER_BOUND('',#4542,.F.);
#4544=ADVANCED_FACE('',(#4543),#4531,.F.);
#4545=CARTESIAN_POINT('',(4.1E0,7.8E-1,-5.25E0));
#4546=DIRECTION('',(0.E0,1.E0,0.E0));
#4547=DIRECTION('',(0.E0,0.E0,1.E0));
#4548=AXIS2_PLACEMENT_3D('',#4545,#4546,#4547);
#4549=PLANE('',#4548);
#4550=ORIENTED_EDGE('',*,*,#4517,.F.);
#4552=ORIENTED_EDGE('',*,*,#4551,.T.);
#4554=ORIENTED_EDGE('',*,*,#4553,.F.);
#4555=ORIENTED_EDGE('',*,*,#4019,.F.);
#4556=EDGE_LOOP('',(#4550,#4552,#4554,#4555));
#4557=FACE_OUTER_BOUND('',#4556,.F.);
#4558=ADVANCED_FACE('',(#4557),#4549,.F.);
#4559=CARTESIAN_POINT('',(2.9E0,0.E0,0.E0));
#4560=DIRECTION('',(1.E0,0.E0,0.E0));
#4561=DIRECTION('',(0.E0,0.E0,-1.E0));
#4562=AXIS2_PLACEMENT_3D('',#4559,#4560,#4561);
#4563=PLANE('',#4562);
#4564=ORIENTED_EDGE('',*,*,#4538,.F.);
#4565=ORIENTED_EDGE('',*,*,#4068,.T.);
#4567=ORIENTED_EDGE('',*,*,#4566,.T.);
#4569=ORIENTED_EDGE('',*,*,#4568,.T.);
#4571=ORIENTED_EDGE('',*,*,#4570,.T.);
#4572=ORIENTED_EDGE('',*,*,#4442,.T.);
#4574=ORIENTED_EDGE('',*,*,#4573,.T.);
#4576=ORIENTED_EDGE('',*,*,#4575,.F.);
#4578=ORIENTED_EDGE('',*,*,#4577,.F.);
#4579=ORIENTED_EDGE('',*,*,#4551,.F.);
#4580=ORIENTED_EDGE('',*,*,#4522,.F.);
#4582=ORIENTED_EDGE('',*,*,#4581,.F.);
#4584=ORIENTED_EDGE('',*,*,#4583,.F.);
#4585=ORIENTED_EDGE('',*,*,#3911,.F.);
#4586=ORIENTED_EDGE('',*,*,#2974,.T.);
#4587=ORIENTED_EDGE('',*,*,#3974,.T.);
#4589=ORIENTED_EDGE('',*,*,#4588,.F.);
#4591=ORIENTED_EDGE('',*,*,#4590,.F.);
#4592=EDGE_LOOP('',(#4564,#4565,#4567,#4569,#4571,#4572,#4574,#4576,#4578,#4579,
#4580,#4582,#4584,#4585,#4586,#4587,#4589,#4591));
#4593=FACE_OUTER_BOUND('',#4592,.F.);
#4594=ADVANCED_FACE('',(#4593),#4563,.T.);
#4595=CARTESIAN_POINT('',(2.9E0,6.799999999999E-1,-4.7E0));
#4596=DIRECTION('',(0.E0,9.284766908853E-1,-3.713906763541E-1));
#4597=DIRECTION('',(0.E0,3.713906763541E-1,9.284766908853E-1));
#4598=AXIS2_PLACEMENT_3D('',#4595,#4596,#4597);
#4599=PLANE('',#4598);
#4600=ORIENTED_EDGE('',*,*,#4033,.T.);
#4602=ORIENTED_EDGE('',*,*,#4601,.F.);
#4603=ORIENTED_EDGE('',*,*,#4566,.F.);
#4604=ORIENTED_EDGE('',*,*,#4066,.T.);
#4605=EDGE_LOOP('',(#4600,#4602,#4603,#4604));
#4606=FACE_OUTER_BOUND('',#4605,.F.);
#4607=ADVANCED_FACE('',(#4606),#4599,.T.);
#4608=CARTESIAN_POINT('',(2.9E0,7.599999999999E-1,-4.5E0));
#4609=DIRECTION('',(0.E0,1.E0,0.E0));
#4610=DIRECTION('',(0.E0,0.E0,1.E0));
#4611=AXIS2_PLACEMENT_3D('',#4608,#4609,#4610);
#4612=PLANE('',#4611);
#4613=ORIENTED_EDGE('',*,*,#4031,.T.);
#4615=ORIENTED_EDGE('',*,*,#4614,.F.);
#4616=ORIENTED_EDGE('',*,*,#4568,.F.);
#4617=ORIENTED_EDGE('',*,*,#4601,.T.);
#4618=EDGE_LOOP('',(#4613,#4615,#4616,#4617));
#4619=FACE_OUTER_BOUND('',#4618,.F.);
#4620=ADVANCED_FACE('',(#4619),#4612,.T.);
#4621=CARTESIAN_POINT('',(2.9E0,7.599999999999E-1,-3.9E0));
#4622=DIRECTION('',(0.E0,0.E0,-1.E0));
#4623=DIRECTION('',(0.E0,1.E0,0.E0));
#4624=AXIS2_PLACEMENT_3D('',#4621,#4622,#4623);
#4625=PLANE('',#4624);
#4626=ORIENTED_EDGE('',*,*,#4029,.T.);
#4627=ORIENTED_EDGE('',*,*,#4444,.F.);
#4628=ORIENTED_EDGE('',*,*,#4570,.F.);
#4629=ORIENTED_EDGE('',*,*,#4614,.T.);
#4630=EDGE_LOOP('',(#4626,#4627,#4628,#4629));
#4631=FACE_OUTER_BOUND('',#4630,.F.);
#4632=ADVANCED_FACE('',(#4631),#4625,.T.);
#4633=CARTESIAN_POINT('',(2.85E0,1.43E0,-2.063397459622E0));
#4634=DIRECTION('',(2.588190451025E-1,0.E0,9.659258262891E-1));
#4635=DIRECTION('',(0.E0,-1.E0,0.E0));
#4636=AXIS2_PLACEMENT_3D('',#4633,#4634,#4635);
#4637=PLANE('',#4636);
#4638=ORIENTED_EDGE('',*,*,#4306,.T.);
#4640=ORIENTED_EDGE('',*,*,#4639,.F.);
#4641=ORIENTED_EDGE('',*,*,#3759,.T.);
#4643=ORIENTED_EDGE('',*,*,#4642,.T.);
#4644=ORIENTED_EDGE('',*,*,#4573,.F.);
#4645=EDGE_LOOP('',(#4638,#4640,#4641,#4643,#4644));
#4646=FACE_OUTER_BOUND('',#4645,.F.);
#4647=ADVANCED_FACE('',(#4646),#4637,.T.);
#4648=CARTESIAN_POINT('',(3.5E0,1.3E-1,-2.063397459622E0));
#4649=DIRECTION('',(0.E0,2.588190451025E-1,9.659258262891E-1));
#4650=DIRECTION('',(-1.E0,0.E0,0.E0));
#4651=AXIS2_PLACEMENT_3D('',#4648,#4649,#4650);
#4652=PLANE('',#4651);
#4653=ORIENTED_EDGE('',*,*,#4304,.T.);
#4654=ORIENTED_EDGE('',*,*,#3761,.T.);
#4655=ORIENTED_EDGE('',*,*,#4639,.T.);
#4656=EDGE_LOOP('',(#4653,#4654,#4655));
#4657=FACE_OUTER_BOUND('',#4656,.F.);
#4658=ADVANCED_FACE('',(#4657),#4652,.T.);
#4659=CARTESIAN_POINT('',(3.5E0,1.3E-1,-2.063397459622E0));
#4660=DIRECTION('',(0.E0,2.588190451025E-1,9.659258262891E-1));
#4661=DIRECTION('',(-1.E0,0.E0,0.E0));
#4662=AXIS2_PLACEMENT_3D('',#4659,#4660,#4661);
#4663=PLANE('',#4662);
#4664=ORIENTED_EDGE('',*,*,#4477,.F.);
#4666=ORIENTED_EDGE('',*,*,#4665,.F.);
#4667=ORIENTED_EDGE('',*,*,#3753,.T.);
#4668=EDGE_LOOP('',(#4664,#4666,#4667));
#4669=FACE_OUTER_BOUND('',#4668,.F.);
#4670=ADVANCED_FACE('',(#4669),#4663,.T.);
#4671=CARTESIAN_POINT('',(4.15E0,1.43E0,-2.063397459622E0));
#4672=DIRECTION('',(-2.588190451025E-1,0.E0,9.659258262891E-1));
#4673=DIRECTION('',(0.E0,-1.E0,0.E0));
#4674=AXIS2_PLACEMENT_3D('',#4671,#4672,#4673);
#4675=PLANE('',#4674);
#4676=ORIENTED_EDGE('',*,*,#4475,.F.);
#4677=ORIENTED_EDGE('',*,*,#4025,.F.);
#4679=ORIENTED_EDGE('',*,*,#4678,.F.);
#4680=ORIENTED_EDGE('',*,*,#3755,.T.);
#4681=ORIENTED_EDGE('',*,*,#4665,.T.);
#4682=EDGE_LOOP('',(#4676,#4677,#4679,#4680,#4681));
#4683=FACE_OUTER_BOUND('',#4682,.F.);
#4684=ADVANCED_FACE('',(#4683),#4675,.T.);
#4685=CARTESIAN_POINT('',(3.5E0,2.73E0,-2.063397459622E0));
#4686=DIRECTION('',(0.E0,-2.588190451025E-1,9.659258262891E-1));
#4687=DIRECTION('',(-1.E0,0.E0,0.E0));
#4688=AXIS2_PLACEMENT_3D('',#4685,#4686,#4687);
#4689=PLANE('',#4688);
#4690=ORIENTED_EDGE('',*,*,#3757,.T.);
#4691=ORIENTED_EDGE('',*,*,#4678,.T.);
#4693=ORIENTED_EDGE('',*,*,#4692,.F.);
#4694=ORIENTED_EDGE('',*,*,#4642,.F.);
#4695=EDGE_LOOP('',(#4690,#4691,#4693,#4694));
#4696=FACE_OUTER_BOUND('',#4695,.F.);
#4697=ADVANCED_FACE('',(#4696),#4689,.T.);
#4698=CARTESIAN_POINT('',(4.1E0,2.68E0,-3.95E0));
#4699=DIRECTION('',(0.E0,1.E0,0.E0));
#4700=DIRECTION('',(0.E0,0.E0,1.E0));
#4701=AXIS2_PLACEMENT_3D('',#4698,#4699,#4700);
#4702=PLANE('',#4701);
#4703=ORIENTED_EDGE('',*,*,#4692,.T.);
#4704=ORIENTED_EDGE('',*,*,#4023,.F.);
#4706=ORIENTED_EDGE('',*,*,#4705,.T.);
#4707=ORIENTED_EDGE('',*,*,#4575,.T.);
#4708=EDGE_LOOP('',(#4703,#4704,#4706,#4707));
#4709=FACE_OUTER_BOUND('',#4708,.F.);
#4710=ADVANCED_FACE('',(#4709),#4702,.F.);
#4711=CARTESIAN_POINT('',(4.1E0,7.8E-1,-3.95E0));
#4712=DIRECTION('',(0.E0,0.E0,-1.E0));
#4713=DIRECTION('',(0.E0,1.E0,0.E0));
#4714=AXIS2_PLACEMENT_3D('',#4711,#4712,#4713);
#4715=PLANE('',#4714);
#4716=ORIENTED_EDGE('',*,*,#4021,.F.);
#4717=ORIENTED_EDGE('',*,*,#4553,.T.);
#4718=ORIENTED_EDGE('',*,*,#4577,.T.);
#4719=ORIENTED_EDGE('',*,*,#4705,.F.);
#4720=EDGE_LOOP('',(#4716,#4717,#4718,#4719));
#4721=FACE_OUTER_BOUND('',#4720,.F.);
#4722=ADVANCED_FACE('',(#4721),#4715,.F.);
#4723=CARTESIAN_POINT('',(4.1E0,3.4E0,-4.E0));
#4724=DIRECTION('',(0.E0,-1.E0,0.E0));
#4725=DIRECTION('',(0.E0,0.E0,-1.E0));
#4726=AXIS2_PLACEMENT_3D('',#4723,#4724,#4725);
#4727=PLANE('',#4726);
#4728=ORIENTED_EDGE('',*,*,#4015,.F.);
#4730=ORIENTED_EDGE('',*,*,#4729,.T.);
#4731=ORIENTED_EDGE('',*,*,#4581,.T.);
#4732=ORIENTED_EDGE('',*,*,#4520,.F.);
#4733=EDGE_LOOP('',(#4728,#4730,#4731,#4732));
#4734=FACE_OUTER_BOUND('',#4733,.F.);
#4735=ADVANCED_FACE('',(#4734),#4727,.F.);
#4736=CARTESIAN_POINT('',(4.1E0,3.8E0,-4.E0));
#4737=DIRECTION('',(0.E0,0.E0,1.E0));
#4738=DIRECTION('',(0.E0,-1.E0,0.E0));
#4739=AXIS2_PLACEMENT_3D('',#4736,#4737,#4738);
#4740=PLANE('',#4739);
#4741=ORIENTED_EDGE('',*,*,#3913,.F.);
#4742=ORIENTED_EDGE('',*,*,#4583,.T.);
#4743=ORIENTED_EDGE('',*,*,#4729,.F.);
#4744=ORIENTED_EDGE('',*,*,#4013,.F.);
#4745=EDGE_LOOP('',(#4741,#4742,#4743,#4744));
#4746=FACE_OUTER_BOUND('',#4745,.F.);
#4747=ADVANCED_FACE('',(#4746),#4740,.F.);
#4748=CARTESIAN_POINT('',(4.1E0,-1.55E0,-4.E0));
#4749=DIRECTION('',(0.E0,0.E0,1.E0));
#4750=DIRECTION('',(0.E0,-1.E0,0.E0));
#4751=AXIS2_PLACEMENT_3D('',#4748,#4749,#4750);
#4752=PLANE('',#4751);
#4753=ORIENTED_EDGE('',*,*,#3972,.T.);
#4754=ORIENTED_EDGE('',*,*,#4008,.F.);
#4756=ORIENTED_EDGE('',*,*,#4755,.T.);
#4757=ORIENTED_EDGE('',*,*,#4588,.T.);
#4758=EDGE_LOOP('',(#4753,#4754,#4756,#4757));
#4759=FACE_OUTER_BOUND('',#4758,.F.);
#4760=ADVANCED_FACE('',(#4759),#4752,.F.);
#4761=CARTESIAN_POINT('',(4.1E0,-1.55E0,-4.85E0));
#4762=DIRECTION('',(0.E0,1.E0,0.E0));
#4763=DIRECTION('',(0.E0,0.E0,1.E0));
#4764=AXIS2_PLACEMENT_3D('',#4761,#4762,#4763);
#4765=PLANE('',#4764);
#4766=ORIENTED_EDGE('',*,*,#4006,.F.);
#4767=ORIENTED_EDGE('',*,*,#4540,.T.);
#4768=ORIENTED_EDGE('',*,*,#4590,.T.);
#4769=ORIENTED_EDGE('',*,*,#4755,.F.);
#4770=EDGE_LOOP('',(#4766,#4767,#4768,#4769));
#4771=FACE_OUTER_BOUND('',#4770,.F.);
#4772=ADVANCED_FACE('',(#4771),#4765,.F.);
#4773=CARTESIAN_POINT('',(4.E0,7.999999999992E-2,-6.95E0));
#4774=DIRECTION('',(-8.944271909999E-1,0.E0,4.472135955E-1));
#4775=DIRECTION('',(4.472135955E-1,0.E0,8.944271909999E-1));
#4776=AXIS2_PLACEMENT_3D('',#4773,#4774,#4775);
#4777=PLANE('',#4776);
#4778=ORIENTED_EDGE('',*,*,#4457,.T.);
#4779=ORIENTED_EDGE('',*,*,#4055,.T.);
#4781=ORIENTED_EDGE('',*,*,#4780,.T.);
#4782=ORIENTED_EDGE('',*,*,#4235,.T.);
#4783=EDGE_LOOP('',(#4778,#4779,#4781,#4782));
#4784=FACE_OUTER_BOUND('',#4783,.F.);
#4785=ADVANCED_FACE('',(#4784),#4777,.F.);
#4786=CARTESIAN_POINT('',(4.E0,7.999999999992E-2,-7.6E0));
#4787=DIRECTION('',(-1.E0,0.E0,0.E0));
#4788=DIRECTION('',(0.E0,0.E0,1.E0));
#4789=AXIS2_PLACEMENT_3D('',#4786,#4787,#4788);
#4790=PLANE('',#4789);
#4791=ORIENTED_EDGE('',*,*,#4237,.T.);
#4792=ORIENTED_EDGE('',*,*,#4780,.F.);
#4793=ORIENTED_EDGE('',*,*,#4053,.F.);
#4794=ORIENTED_EDGE('',*,*,#4174,.T.);
#4795=EDGE_LOOP('',(#4791,#4792,#4793,#4794));
#4796=FACE_OUTER_BOUND('',#4795,.F.);
#4797=ADVANCED_FACE('',(#4796),#4790,.F.);
#4798=CARTESIAN_POINT('',(4.025E0,1.05E0,4.075E0));
#4799=DIRECTION('',(9.805806756909E-1,0.E0,1.961161351382E-1));
#4800=DIRECTION('',(-1.961161351382E-1,0.E0,9.805806756909E-1));
#4801=AXIS2_PLACEMENT_3D('',#4798,#4799,#4800);
#4802=PLANE('',#4801);
#4804=ORIENTED_EDGE('',*,*,#4803,.F.);
#4805=ORIENTED_EDGE('',*,*,#4368,.T.);
#4806=ORIENTED_EDGE('',*,*,#4468,.T.);
#4808=ORIENTED_EDGE('',*,*,#4807,.F.);
#4809=EDGE_LOOP('',(#4804,#4805,#4806,#4808));
#4810=FACE_OUTER_BOUND('',#4809,.F.);
#4811=ADVANCED_FACE('',(#4810),#4802,.T.);
#4812=CARTESIAN_POINT('',(2.9E0,1.62E0,4.45E0));
#4813=DIRECTION('',(0.E0,0.E0,1.E0));
#4814=DIRECTION('',(0.E0,-1.E0,0.E0));
#4815=AXIS2_PLACEMENT_3D('',#4812,#4813,#4814);
#4816=PLANE('',#4815);
#4817=ORIENTED_EDGE('',*,*,#4803,.T.);
#4819=ORIENTED_EDGE('',*,*,#4818,.T.);
#4820=ORIENTED_EDGE('',*,*,#4354,.T.);
#4821=ORIENTED_EDGE('',*,*,#4370,.F.);
#4822=EDGE_LOOP('',(#4817,#4819,#4820,#4821));
#4823=FACE_OUTER_BOUND('',#4822,.F.);
#4824=ADVANCED_FACE('',(#4823),#4816,.T.);
#4825=CARTESIAN_POINT('',(3.5E0,5.549999999999E-1,4.075E0));
#4826=DIRECTION('',(0.E0,-9.805806756909E-1,1.961161351382E-1));
#4827=DIRECTION('',(0.E0,1.961161351382E-1,9.805806756909E-1));
#4828=AXIS2_PLACEMENT_3D('',#4825,#4826,#4827);
#4829=PLANE('',#4828);
#4831=ORIENTED_EDGE('',*,*,#4830,.T.);
#4832=ORIENTED_EDGE('',*,*,#4356,.F.);
#4833=ORIENTED_EDGE('',*,*,#4818,.F.);
#4834=ORIENTED_EDGE('',*,*,#4807,.T.);
#4835=EDGE_LOOP('',(#4831,#4832,#4833,#4834));
#4836=FACE_OUTER_BOUND('',#4835,.F.);
#4837=ADVANCED_FACE('',(#4836),#4829,.T.);
#4838=CARTESIAN_POINT('',(2.9E0,4.799999999999E-1,4.45E0));
#4839=DIRECTION('',(0.E0,-1.E0,0.E0));
#4840=DIRECTION('',(0.E0,0.E0,-1.E0));
#4841=AXIS2_PLACEMENT_3D('',#4838,#4839,#4840);
#4842=PLANE('',#4841);
#4843=ORIENTED_EDGE('',*,*,#4830,.F.);
#4844=ORIENTED_EDGE('',*,*,#4481,.T.);
#4846=ORIENTED_EDGE('',*,*,#4845,.F.);
#4847=ORIENTED_EDGE('',*,*,#4300,.F.);
#4848=EDGE_LOOP('',(#4843,#4844,#4846,#4847));
#4849=FACE_OUTER_BOUND('',#4848,.F.);
#4850=ADVANCED_FACE('',(#4849),#4842,.T.);
#4851=CARTESIAN_POINT('',(2.9E0,4.799999999999E-1,-1.45E0));
#4852=DIRECTION('',(0.E0,-8.320502943378E-1,5.547001962252E-1));
#4853=DIRECTION('',(0.E0,-5.547001962252E-1,-8.320502943378E-1));
#4854=AXIS2_PLACEMENT_3D('',#4851,#4852,#4853);
#4855=PLANE('',#4854);
#4856=ORIENTED_EDGE('',*,*,#3763,.F.);
#4857=ORIENTED_EDGE('',*,*,#4302,.F.);
#4858=ORIENTED_EDGE('',*,*,#4845,.T.);
#4859=ORIENTED_EDGE('',*,*,#4479,.T.);
#4860=EDGE_LOOP('',(#4856,#4857,#4858,#4859));
#4861=FACE_OUTER_BOUND('',#4860,.F.);
#4862=ADVANCED_FACE('',(#4861),#4855,.T.);
#4863=CARTESIAN_POINT('',(6.E-1,0.E0,0.E0));
#4864=DIRECTION('',(1.E0,0.E0,0.E0));
#4865=DIRECTION('',(0.E0,0.E0,-1.E0));
#4866=AXIS2_PLACEMENT_3D('',#4863,#4864,#4865);
#4867=PLANE('',#4866);
#4869=ORIENTED_EDGE('',*,*,#4868,.F.);
#4871=ORIENTED_EDGE('',*,*,#4870,.T.);
#4873=ORIENTED_EDGE('',*,*,#4872,.T.);
#4875=ORIENTED_EDGE('',*,*,#4874,.T.);
#4876=ORIENTED_EDGE('',*,*,#3977,.F.);
#4877=ORIENTED_EDGE('',*,*,#2978,.T.);
#4878=ORIENTED_EDGE('',*,*,#3908,.T.);
#4880=ORIENTED_EDGE('',*,*,#4879,.T.);
#4882=ORIENTED_EDGE('',*,*,#4881,.T.);
#4884=ORIENTED_EDGE('',*,*,#4883,.T.);
#4886=ORIENTED_EDGE('',*,*,#4885,.T.);
#4888=ORIENTED_EDGE('',*,*,#4887,.T.);
#4890=ORIENTED_EDGE('',*,*,#4889,.T.);
#4892=ORIENTED_EDGE('',*,*,#4891,.T.);
#4894=ORIENTED_EDGE('',*,*,#4893,.F.);
#4896=ORIENTED_EDGE('',*,*,#4895,.F.);
#4898=ORIENTED_EDGE('',*,*,#4897,.F.);
#4900=ORIENTED_EDGE('',*,*,#4899,.F.);
#4901=EDGE_LOOP('',(#4869,#4871,#4873,#4875,#4876,#4877,#4878,#4880,#4882,#4884,
#4886,#4888,#4890,#4892,#4894,#4896,#4898,#4900));
#4902=FACE_OUTER_BOUND('',#4901,.F.);
#4903=ADVANCED_FACE('',(#4902),#4867,.F.);
#4904=CARTESIAN_POINT('',(-6.E-1,6.799999999999E-1,-8.003589838487E0));
#4905=DIRECTION('',(0.E0,1.E0,0.E0));
#4906=DIRECTION('',(0.E0,0.E0,1.E0));
#4907=AXIS2_PLACEMENT_3D('',#4904,#4905,#4906);
#4908=PLANE('',#4907);
#4910=ORIENTED_EDGE('',*,*,#4909,.T.);
#4912=ORIENTED_EDGE('',*,*,#4911,.T.);
#4914=ORIENTED_EDGE('',*,*,#4913,.F.);
#4916=ORIENTED_EDGE('',*,*,#4915,.T.);
#4918=ORIENTED_EDGE('',*,*,#4917,.T.);
#4920=ORIENTED_EDGE('',*,*,#4919,.T.);
#4922=ORIENTED_EDGE('',*,*,#4921,.F.);
#4924=ORIENTED_EDGE('',*,*,#4923,.T.);
#4926=ORIENTED_EDGE('',*,*,#4925,.T.);
#4928=ORIENTED_EDGE('',*,*,#4927,.T.);
#4930=ORIENTED_EDGE('',*,*,#4929,.F.);
#4931=ORIENTED_EDGE('',*,*,#4868,.T.);
#4933=ORIENTED_EDGE('',*,*,#4932,.F.);
#4935=ORIENTED_EDGE('',*,*,#4934,.F.);
#4937=ORIENTED_EDGE('',*,*,#4936,.T.);
#4939=ORIENTED_EDGE('',*,*,#4938,.T.);
#4941=ORIENTED_EDGE('',*,*,#4940,.T.);
#4943=ORIENTED_EDGE('',*,*,#4942,.F.);
#4945=ORIENTED_EDGE('',*,*,#4944,.T.);
#4947=ORIENTED_EDGE('',*,*,#4946,.T.);
#4949=ORIENTED_EDGE('',*,*,#4948,.F.);
#4951=ORIENTED_EDGE('',*,*,#4950,.T.);
#4952=EDGE_LOOP('',(#4910,#4912,#4914,#4916,#4918,#4920,#4922,#4924,#4926,#4928,
#4930,#4931,#4933,#4935,#4937,#4939,#4941,#4943,#4945,#4947,#4949,#4951));
#4953=FACE_OUTER_BOUND('',#4952,.F.);
#4954=ADVANCED_FACE('',(#4953),#4908,.T.);
#4955=CARTESIAN_POINT('',(-2.2E-1,7.599999999999E-1,-8.75E0));
#4956=DIRECTION('',(-1.E0,0.E0,0.E0));
#4957=DIRECTION('',(0.E0,0.E0,1.E0));
#4958=AXIS2_PLACEMENT_3D('',#4955,#4956,#4957);
#4959=PLANE('',#4958);
#4961=ORIENTED_EDGE('',*,*,#4960,.T.);
#4963=ORIENTED_EDGE('',*,*,#4962,.T.);
#4965=ORIENTED_EDGE('',*,*,#4964,.F.);
#4966=ORIENTED_EDGE('',*,*,#4909,.F.);
#4968=ORIENTED_EDGE('',*,*,#4967,.F.);
#4969=EDGE_LOOP('',(#4961,#4963,#4965,#4966,#4968));
#4970=FACE_OUTER_BOUND('',#4969,.F.);
#4971=ADVANCED_FACE('',(#4970),#4959,.F.);
#4972=CARTESIAN_POINT('',(-5.E-1,7.999999999992E-2,-7.6E0));
#4973=DIRECTION('',(9.716151382477E-1,0.E0,2.365671640951E-1));
#4974=DIRECTION('',(2.365671640951E-1,0.E0,-9.716151382477E-1));
#4975=AXIS2_PLACEMENT_3D('',#4972,#4973,#4974);
#4976=PLANE('',#4975);
#4977=ORIENTED_EDGE('',*,*,#4960,.F.);
#4979=ORIENTED_EDGE('',*,*,#4978,.T.);
#4980=ORIENTED_EDGE('',*,*,#4948,.T.);
#4982=ORIENTED_EDGE('',*,*,#4981,.T.);
#4984=ORIENTED_EDGE('',*,*,#4983,.T.);
#4986=ORIENTED_EDGE('',*,*,#4985,.T.);
#4987=EDGE_LOOP('',(#4977,#4979,#4980,#4982,#4984,#4986));
#4988=FACE_OUTER_BOUND('',#4987,.F.);
#4989=ADVANCED_FACE('',(#4988),#4976,.F.);
#4990=CARTESIAN_POINT('',(-6.E-1,4.8E-1,-8.75E0));
#4991=DIRECTION('',(0.E0,9.659258262891E-1,-2.588190451025E-1));
#4992=DIRECTION('',(0.E0,2.588190451025E-1,9.659258262891E-1));
#4993=AXIS2_PLACEMENT_3D('',#4990,#4991,#4992);
#4994=PLANE('',#4993);
#4995=ORIENTED_EDGE('',*,*,#4967,.T.);
#4996=ORIENTED_EDGE('',*,*,#4950,.F.);
#4997=ORIENTED_EDGE('',*,*,#4978,.F.);
#4998=EDGE_LOOP('',(#4995,#4996,#4997));
#4999=FACE_OUTER_BOUND('',#4998,.F.);
#5000=ADVANCED_FACE('',(#4999),#4994,.T.);
#5001=CARTESIAN_POINT('',(-6.E-1,4.8E-1,-8.75E0));
#5002=DIRECTION('',(0.E0,9.659258262891E-1,-2.588190451025E-1));
#5003=DIRECTION('',(0.E0,2.588190451025E-1,9.659258262891E-1));
#5004=AXIS2_PLACEMENT_3D('',#5001,#5002,#5003);
#5005=PLANE('',#5004);
#5007=ORIENTED_EDGE('',*,*,#5006,.F.);
#5009=ORIENTED_EDGE('',*,*,#5008,.T.);
#5010=ORIENTED_EDGE('',*,*,#4915,.F.);
#5011=EDGE_LOOP('',(#5007,#5009,#5010));
#5012=FACE_OUTER_BOUND('',#5011,.F.);
#5013=ADVANCED_FACE('',(#5012),#5005,.T.);
#5014=CARTESIAN_POINT('',(2.2E-1,7.599999999999E-1,-4.85E0));
#5015=DIRECTION('',(1.E0,0.E0,0.E0));
#5016=DIRECTION('',(0.E0,0.E0,-1.E0));
#5017=AXIS2_PLACEMENT_3D('',#5014,#5015,#5016);
#5018=PLANE('',#5017);
#5020=ORIENTED_EDGE('',*,*,#5019,.F.);
#5021=ORIENTED_EDGE('',*,*,#5006,.T.);
#5022=ORIENTED_EDGE('',*,*,#4913,.T.);
#5024=ORIENTED_EDGE('',*,*,#5023,.T.);
#5026=ORIENTED_EDGE('',*,*,#5025,.T.);
#5027=EDGE_LOOP('',(#5020,#5021,#5022,#5024,#5026));
#5028=FACE_OUTER_BOUND('',#5027,.F.);
#5029=ADVANCED_FACE('',(#5028),#5018,.F.);
#5030=CARTESIAN_POINT('',(2.2E-1,7.999999999992E-2,-8.75E0));
#5031=DIRECTION('',(-9.716151382477E-1,0.E0,2.365671640951E-1));
#5032=DIRECTION('',(2.365671640951E-1,0.E0,9.716151382477E-1));
#5033=AXIS2_PLACEMENT_3D('',#5030,#5031,#5032);
#5034=PLANE('',#5033);
#5035=ORIENTED_EDGE('',*,*,#5019,.T.);
#5037=ORIENTED_EDGE('',*,*,#5036,.F.);
#5039=ORIENTED_EDGE('',*,*,#5038,.T.);
#5041=ORIENTED_EDGE('',*,*,#5040,.F.);
#5042=ORIENTED_EDGE('',*,*,#4917,.F.);
#5043=ORIENTED_EDGE('',*,*,#5008,.F.);
#5044=EDGE_LOOP('',(#5035,#5037,#5039,#5041,#5042,#5043));
#5045=FACE_OUTER_BOUND('',#5044,.F.);
#5046=ADVANCED_FACE('',(#5045),#5034,.F.);
#5047=CARTESIAN_POINT('',(-6.E-1,7.999999999992E-2,-8.75E0));
#5048=DIRECTION('',(0.E0,0.E0,-1.E0));
#5049=DIRECTION('',(0.E0,1.E0,0.E0));
#5050=AXIS2_PLACEMENT_3D('',#5047,#5048,#5049);
#5051=PLANE('',#5050);
#5053=ORIENTED_EDGE('',*,*,#5052,.F.);
#5054=ORIENTED_EDGE('',*,*,#4985,.F.);
#5056=ORIENTED_EDGE('',*,*,#5055,.T.);
#5057=ORIENTED_EDGE('',*,*,#5036,.T.);
#5058=EDGE_LOOP('',(#5053,#5054,#5056,#5057));
#5059=FACE_OUTER_BOUND('',#5058,.F.);
#5060=ADVANCED_FACE('',(#5059),#5051,.T.);
#5061=CARTESIAN_POINT('',(-6.E-1,2.599999999999E-1,-4.5E0));
#5062=DIRECTION('',(0.E0,1.E0,0.E0));
#5063=DIRECTION('',(1.E0,0.E0,0.E0));
#5064=AXIS2_PLACEMENT_3D('',#5061,#5062,#5063);
#5065=PLANE('',#5064);
#5066=ORIENTED_EDGE('',*,*,#5052,.T.);
#5067=ORIENTED_EDGE('',*,*,#5025,.F.);
#5069=ORIENTED_EDGE('',*,*,#5068,.F.);
#5070=ORIENTED_EDGE('',*,*,#4962,.F.);
#5071=EDGE_LOOP('',(#5066,#5067,#5069,#5070));
#5072=FACE_OUTER_BOUND('',#5071,.F.);
#5073=ADVANCED_FACE('',(#5072),#5065,.T.);
#5074=CARTESIAN_POINT('',(-2.2E-1,7.599999999999E-1,-4.85E0));
#5075=DIRECTION('',(0.E0,0.E0,1.E0));
#5076=DIRECTION('',(1.E0,0.E0,0.E0));
#5077=AXIS2_PLACEMENT_3D('',#5074,#5075,#5076);
#5078=PLANE('',#5077);
#5079=ORIENTED_EDGE('',*,*,#4964,.T.);
#5080=ORIENTED_EDGE('',*,*,#5068,.T.);
#5081=ORIENTED_EDGE('',*,*,#5023,.F.);
#5082=ORIENTED_EDGE('',*,*,#4911,.F.);
#5083=EDGE_LOOP('',(#5079,#5080,#5081,#5082));
#5084=FACE_OUTER_BOUND('',#5083,.F.);
#5085=ADVANCED_FACE('',(#5084),#5078,.F.);
#5086=CARTESIAN_POINT('',(-6.E-1,7.999999999992E-2,-2.05E0));
#5087=DIRECTION('',(0.E0,-1.E0,0.E0));
#5088=DIRECTION('',(0.E0,0.E0,-1.E0));
#5089=AXIS2_PLACEMENT_3D('',#5086,#5087,#5088);
#5090=PLANE('',#5089);
#5092=ORIENTED_EDGE('',*,*,#5091,.F.);
#5094=ORIENTED_EDGE('',*,*,#5093,.T.);
#5096=ORIENTED_EDGE('',*,*,#5095,.F.);
#5098=ORIENTED_EDGE('',*,*,#5097,.F.);
#5100=ORIENTED_EDGE('',*,*,#5099,.T.);
#5102=ORIENTED_EDGE('',*,*,#5101,.F.);
#5104=ORIENTED_EDGE('',*,*,#5103,.F.);
#5105=ORIENTED_EDGE('',*,*,#5038,.F.);
#5106=ORIENTED_EDGE('',*,*,#5055,.F.);
#5107=ORIENTED_EDGE('',*,*,#4983,.F.);
#5109=ORIENTED_EDGE('',*,*,#5108,.F.);
#5111=ORIENTED_EDGE('',*,*,#5110,.F.);
#5113=ORIENTED_EDGE('',*,*,#5112,.F.);
#5115=ORIENTED_EDGE('',*,*,#5114,.F.);
#5116=EDGE_LOOP('',(#5092,#5094,#5096,#5098,#5100,#5102,#5104,#5105,#5106,#5107,
#5109,#5111,#5113,#5115));
#5117=FACE_OUTER_BOUND('',#5116,.F.);
#5118=ADVANCED_FACE('',(#5117),#5090,.T.);
#5119=CARTESIAN_POINT('',(-5.E-1,7.999999999992E-2,-4.85E0));
#5120=DIRECTION('',(1.E0,0.E0,0.E0));
#5121=DIRECTION('',(0.E0,0.E0,-1.E0));
#5122=AXIS2_PLACEMENT_3D('',#5119,#5120,#5121);
#5123=PLANE('',#5122);
#5124=ORIENTED_EDGE('',*,*,#5091,.T.);
#5126=ORIENTED_EDGE('',*,*,#5125,.F.);
#5127=ORIENTED_EDGE('',*,*,#4938,.F.);
#5129=ORIENTED_EDGE('',*,*,#5128,.T.);
#5130=EDGE_LOOP('',(#5124,#5126,#5127,#5129));
#5131=FACE_OUTER_BOUND('',#5130,.F.);
#5132=ADVANCED_FACE('',(#5131),#5123,.F.);
#5133=CARTESIAN_POINT('',(-5.E-1,7.999999999992E-2,-5.65E0));
#5134=DIRECTION('',(8.944271909999E-1,0.E0,-4.472135955E-1));
#5135=DIRECTION('',(-4.472135955E-1,0.E0,-8.944271909999E-1));
#5136=AXIS2_PLACEMENT_3D('',#5133,#5134,#5135);
#5137=PLANE('',#5136);
#5139=ORIENTED_EDGE('',*,*,#5138,.T.);
#5140=ORIENTED_EDGE('',*,*,#4940,.F.);
#5141=ORIENTED_EDGE('',*,*,#5125,.T.);
#5142=ORIENTED_EDGE('',*,*,#5114,.T.);
#5143=EDGE_LOOP('',(#5139,#5140,#5141,#5142));
#5144=FACE_OUTER_BOUND('',#5143,.F.);
#5145=ADVANCED_FACE('',(#5144),#5137,.F.);
#5146=CARTESIAN_POINT('',(-6.E-1,0.E0,0.E0));
#5147=DIRECTION('',(1.E0,0.E0,0.E0));
#5148=DIRECTION('',(0.E0,0.E0,-1.E0));
#5149=AXIS2_PLACEMENT_3D('',#5146,#5147,#5148);
#5150=PLANE('',#5149);
#5151=ORIENTED_EDGE('',*,*,#5138,.F.);
#5152=ORIENTED_EDGE('',*,*,#5112,.T.);
#5154=ORIENTED_EDGE('',*,*,#5153,.T.);
#5155=ORIENTED_EDGE('',*,*,#4942,.T.);
#5156=EDGE_LOOP('',(#5151,#5152,#5154,#5155));
#5157=FACE_OUTER_BOUND('',#5156,.F.);
#5158=ADVANCED_FACE('',(#5157),#5150,.F.);
#5159=CARTESIAN_POINT('',(-6.E-1,0.E0,0.E0));
#5160=DIRECTION('',(1.E0,0.E0,0.E0));
#5161=DIRECTION('',(0.E0,0.E0,-1.E0));
#5162=AXIS2_PLACEMENT_3D('',#5159,#5160,#5161);
#5163=PLANE('',#5162);
#5165=ORIENTED_EDGE('',*,*,#5164,.F.);
#5167=ORIENTED_EDGE('',*,*,#5166,.T.);
#5169=ORIENTED_EDGE('',*,*,#5168,.T.);
#5171=ORIENTED_EDGE('',*,*,#5170,.F.);
#5173=ORIENTED_EDGE('',*,*,#5172,.F.);
#5175=ORIENTED_EDGE('',*,*,#5174,.T.);
#5177=ORIENTED_EDGE('',*,*,#5176,.T.);
#5179=ORIENTED_EDGE('',*,*,#5178,.T.);
#5181=ORIENTED_EDGE('',*,*,#5180,.T.);
#5183=ORIENTED_EDGE('',*,*,#5182,.T.);
#5184=EDGE_LOOP('',(#5165,#5167,#5169,#5171,#5173,#5175,#5177,#5179,#5181,
#5183));
#5185=FACE_OUTER_BOUND('',#5184,.F.);
#5186=ADVANCED_FACE('',(#5185),#5163,.F.);
#5187=CARTESIAN_POINT('',(-6.E-1,7.999999999992E-2,-6.75E0));
#5188=DIRECTION('',(8.944271909999E-1,0.E0,4.472135955E-1));
#5189=DIRECTION('',(4.472135955E-1,0.E0,-8.944271909999E-1));
#5190=AXIS2_PLACEMENT_3D('',#5187,#5188,#5189);
#5191=PLANE('',#5190);
#5192=ORIENTED_EDGE('',*,*,#5153,.F.);
#5193=ORIENTED_EDGE('',*,*,#5110,.T.);
#5195=ORIENTED_EDGE('',*,*,#5194,.F.);
#5196=ORIENTED_EDGE('',*,*,#4944,.F.);
#5197=EDGE_LOOP('',(#5192,#5193,#5195,#5196));
#5198=FACE_OUTER_BOUND('',#5197,.F.);
#5199=ADVANCED_FACE('',(#5198),#5191,.F.);
#5200=CARTESIAN_POINT('',(-5.E-1,7.999999999992E-2,-6.95E0));
#5201=DIRECTION('',(1.E0,0.E0,0.E0));
#5202=DIRECTION('',(0.E0,0.E0,-1.E0));
#5203=AXIS2_PLACEMENT_3D('',#5200,#5201,#5202);
#5204=PLANE('',#5203);
#5205=ORIENTED_EDGE('',*,*,#5108,.T.);
#5206=ORIENTED_EDGE('',*,*,#4981,.F.);
#5207=ORIENTED_EDGE('',*,*,#4946,.F.);
#5208=ORIENTED_EDGE('',*,*,#5194,.T.);
#5209=EDGE_LOOP('',(#5205,#5206,#5207,#5208));
#5210=FACE_OUTER_BOUND('',#5209,.F.);
#5211=ADVANCED_FACE('',(#5210),#5204,.F.);
#5212=CARTESIAN_POINT('',(-5.25E-1,1.05E0,4.075E0));
#5213=DIRECTION('',(-9.805806756909E-1,0.E0,1.961161351382E-1));
#5214=DIRECTION('',(1.961161351382E-1,0.E0,9.805806756909E-1));
#5215=AXIS2_PLACEMENT_3D('',#5212,#5213,#5214);
#5216=PLANE('',#5215);
#5217=ORIENTED_EDGE('',*,*,#5164,.T.);
#5219=ORIENTED_EDGE('',*,*,#5218,.F.);
#5221=ORIENTED_EDGE('',*,*,#5220,.F.);
#5223=ORIENTED_EDGE('',*,*,#5222,.T.);
#5224=EDGE_LOOP('',(#5217,#5219,#5221,#5223));
#5225=FACE_OUTER_BOUND('',#5224,.F.);
#5226=ADVANCED_FACE('',(#5225),#5216,.T.);
#5227=CARTESIAN_POINT('',(0.E0,1.545E0,4.075E0));
#5228=DIRECTION('',(0.E0,9.805806756909E-1,1.961161351382E-1));
#5229=DIRECTION('',(0.E0,1.961161351382E-1,-9.805806756909E-1));
#5230=AXIS2_PLACEMENT_3D('',#5227,#5228,#5229);
#5231=PLANE('',#5230);
#5233=ORIENTED_EDGE('',*,*,#5232,.F.);
#5235=ORIENTED_EDGE('',*,*,#5234,.F.);
#5237=ORIENTED_EDGE('',*,*,#5236,.T.);
#5238=ORIENTED_EDGE('',*,*,#5218,.T.);
#5239=EDGE_LOOP('',(#5233,#5235,#5237,#5238));
#5240=FACE_OUTER_BOUND('',#5239,.F.);
#5241=ADVANCED_FACE('',(#5240),#5231,.T.);
#5242=CARTESIAN_POINT('',(-6.E-1,1.62E0,-1.35E0));
#5243=DIRECTION('',(0.E0,1.E0,0.E0));
#5244=DIRECTION('',(0.E0,0.E0,1.E0));
#5245=AXIS2_PLACEMENT_3D('',#5242,#5243,#5244);
#5246=PLANE('',#5245);
#5247=ORIENTED_EDGE('',*,*,#5232,.T.);
#5248=ORIENTED_EDGE('',*,*,#5182,.F.);
#5250=ORIENTED_EDGE('',*,*,#5249,.T.);
#5252=ORIENTED_EDGE('',*,*,#5251,.T.);
#5253=EDGE_LOOP('',(#5247,#5248,#5250,#5252));
#5254=FACE_OUTER_BOUND('',#5253,.F.);
#5255=ADVANCED_FACE('',(#5254),#5246,.T.);
#5256=CARTESIAN_POINT('',(-6.E-1,1.507E0,-1.35E0));
#5257=DIRECTION('',(0.E0,0.E0,-1.E0));
#5258=DIRECTION('',(0.E0,1.E0,0.E0));
#5259=AXIS2_PLACEMENT_3D('',#5256,#5257,#5258);
#5260=PLANE('',#5259);
#5261=ORIENTED_EDGE('',*,*,#5180,.F.);
#5263=ORIENTED_EDGE('',*,*,#5262,.T.);
#5265=ORIENTED_EDGE('',*,*,#5264,.T.);
#5266=ORIENTED_EDGE('',*,*,#5249,.F.);
#5267=EDGE_LOOP('',(#5261,#5263,#5265,#5266));
#5268=FACE_OUTER_BOUND('',#5267,.F.);
#5269=ADVANCED_FACE('',(#5268),#5260,.T.);
#5270=CARTESIAN_POINT('',(-6.E-1,1.507E0,-2.05E0));
#5271=DIRECTION('',(0.E0,1.E0,0.E0));
#5272=DIRECTION('',(0.E0,0.E0,1.E0));
#5273=AXIS2_PLACEMENT_3D('',#5270,#5271,#5272);
#5274=PLANE('',#5273);
#5275=ORIENTED_EDGE('',*,*,#5178,.F.);
#5277=ORIENTED_EDGE('',*,*,#5276,.T.);
#5279=ORIENTED_EDGE('',*,*,#5278,.T.);
#5280=ORIENTED_EDGE('',*,*,#5262,.F.);
#5281=EDGE_LOOP('',(#5275,#5277,#5279,#5280));
#5282=FACE_OUTER_BOUND('',#5281,.F.);
#5283=ADVANCED_FACE('',(#5282),#5274,.T.);
#5284=CARTESIAN_POINT('',(-6.E-1,2.66E0,-2.05E0));
#5285=DIRECTION('',(0.E0,0.E0,1.E0));
#5286=DIRECTION('',(0.E0,-1.E0,0.E0));
#5287=AXIS2_PLACEMENT_3D('',#5284,#5285,#5286);
#5288=PLANE('',#5287);
#5289=ORIENTED_EDGE('',*,*,#5176,.F.);
#5291=ORIENTED_EDGE('',*,*,#5290,.T.);
#5293=ORIENTED_EDGE('',*,*,#5292,.T.);
#5294=ORIENTED_EDGE('',*,*,#5276,.F.);
#5295=EDGE_LOOP('',(#5289,#5291,#5293,#5294));
#5296=FACE_OUTER_BOUND('',#5295,.F.);
#5297=ADVANCED_FACE('',(#5296),#5288,.T.);
#5298=CARTESIAN_POINT('',(-6.E-1,2.66E0,-3.9E0));
#5299=DIRECTION('',(0.E0,1.E0,0.E0));
#5300=DIRECTION('',(0.E0,0.E0,1.E0));
#5301=AXIS2_PLACEMENT_3D('',#5298,#5299,#5300);
#5302=PLANE('',#5301);
#5303=ORIENTED_EDGE('',*,*,#4893,.T.);
#5305=ORIENTED_EDGE('',*,*,#5304,.T.);
#5306=ORIENTED_EDGE('',*,*,#5290,.F.);
#5307=ORIENTED_EDGE('',*,*,#5174,.F.);
#5309=ORIENTED_EDGE('',*,*,#5308,.F.);
#5311=ORIENTED_EDGE('',*,*,#5310,.T.);
#5312=EDGE_LOOP('',(#5303,#5305,#5306,#5307,#5309,#5311));
#5313=FACE_OUTER_BOUND('',#5312,.F.);
#5314=ADVANCED_FACE('',(#5313),#5302,.T.);
#5315=CARTESIAN_POINT('',(6.E-1,0.E0,0.E0));
#5316=DIRECTION('',(1.E0,0.E0,0.E0));
#5317=DIRECTION('',(0.E0,0.E0,-1.E0));
#5318=AXIS2_PLACEMENT_3D('',#5315,#5316,#5317);
#5319=PLANE('',#5318);
#5321=ORIENTED_EDGE('',*,*,#5320,.T.);
#5322=ORIENTED_EDGE('',*,*,#4923,.F.);
#5324=ORIENTED_EDGE('',*,*,#5323,.F.);
#5325=ORIENTED_EDGE('',*,*,#5099,.F.);
#5326=EDGE_LOOP('',(#5321,#5322,#5324,#5325));
#5327=FACE_OUTER_BOUND('',#5326,.F.);
#5328=ADVANCED_FACE('',(#5327),#5319,.T.);
#5329=CARTESIAN_POINT('',(6.E-1,0.E0,0.E0));
#5330=DIRECTION('',(1.E0,0.E0,0.E0));
#5331=DIRECTION('',(0.E0,0.E0,-1.E0));
#5332=AXIS2_PLACEMENT_3D('',#5329,#5330,#5331);
#5333=PLANE('',#5332);
#5335=ORIENTED_EDGE('',*,*,#5334,.F.);
#5336=ORIENTED_EDGE('',*,*,#5251,.F.);
#5337=ORIENTED_EDGE('',*,*,#5264,.F.);
#5338=ORIENTED_EDGE('',*,*,#5278,.F.);
#5339=ORIENTED_EDGE('',*,*,#5292,.F.);
#5340=ORIENTED_EDGE('',*,*,#5304,.F.);
#5342=ORIENTED_EDGE('',*,*,#5341,.T.);
#5344=ORIENTED_EDGE('',*,*,#5343,.T.);
#5346=ORIENTED_EDGE('',*,*,#5345,.F.);
#5348=ORIENTED_EDGE('',*,*,#5347,.F.);
#5349=EDGE_LOOP('',(#5335,#5336,#5337,#5338,#5339,#5340,#5342,#5344,#5346,
#5348));
#5350=FACE_OUTER_BOUND('',#5349,.F.);
#5351=ADVANCED_FACE('',(#5350),#5333,.T.);
#5352=CARTESIAN_POINT('',(6.E-1,7.999999999992E-2,-5.85E0));
#5353=DIRECTION('',(-8.944271909999E-1,0.E0,-4.472135955E-1));
#5354=DIRECTION('',(-4.472135955E-1,0.E0,8.944271909999E-1));
#5355=AXIS2_PLACEMENT_3D('',#5352,#5353,#5354);
#5356=PLANE('',#5355);
#5357=ORIENTED_EDGE('',*,*,#5320,.F.);
#5358=ORIENTED_EDGE('',*,*,#5097,.T.);
#5360=ORIENTED_EDGE('',*,*,#5359,.F.);
#5361=ORIENTED_EDGE('',*,*,#4925,.F.);
#5362=EDGE_LOOP('',(#5357,#5358,#5360,#5361));
#5363=FACE_OUTER_BOUND('',#5362,.F.);
#5364=ADVANCED_FACE('',(#5363),#5356,.F.);
#5365=CARTESIAN_POINT('',(5.E-1,7.999999999992E-2,-5.65E0));
#5366=DIRECTION('',(-1.E0,0.E0,0.E0));
#5367=DIRECTION('',(0.E0,0.E0,1.E0));
#5368=AXIS2_PLACEMENT_3D('',#5365,#5366,#5367);
#5369=PLANE('',#5368);
#5370=ORIENTED_EDGE('',*,*,#5095,.T.);
#5372=ORIENTED_EDGE('',*,*,#5371,.F.);
#5373=ORIENTED_EDGE('',*,*,#4927,.F.);
#5374=ORIENTED_EDGE('',*,*,#5359,.T.);
#5375=EDGE_LOOP('',(#5370,#5372,#5373,#5374));
#5376=FACE_OUTER_BOUND('',#5375,.F.);
#5377=ADVANCED_FACE('',(#5376),#5369,.F.);
#5378=CARTESIAN_POINT('',(6.E-1,3.4E0,-4.85E0));
#5379=DIRECTION('',(0.E0,0.E0,1.E0));
#5380=DIRECTION('',(0.E0,-1.E0,0.E0));
#5381=AXIS2_PLACEMENT_3D('',#5378,#5379,#5380);
#5382=PLANE('',#5381);
#5384=ORIENTED_EDGE('',*,*,#5383,.T.);
#5385=ORIENTED_EDGE('',*,*,#4883,.F.);
#5387=ORIENTED_EDGE('',*,*,#5386,.T.);
#5389=ORIENTED_EDGE('',*,*,#5388,.T.);
#5390=EDGE_LOOP('',(#5384,#5385,#5387,#5389));
#5391=FACE_OUTER_BOUND('',#5390,.F.);
#5392=ADVANCED_FACE('',(#5391),#5382,.F.);
#5393=CARTESIAN_POINT('',(6.E-1,3.4E0,-4.85E0));
#5394=DIRECTION('',(0.E0,0.E0,1.E0));
#5395=DIRECTION('',(0.E0,-1.E0,0.E0));
#5396=AXIS2_PLACEMENT_3D('',#5393,#5394,#5395);
#5397=PLANE('',#5396);
#5398=ORIENTED_EDGE('',*,*,#4870,.F.);
#5399=ORIENTED_EDGE('',*,*,#4929,.T.);
#5400=ORIENTED_EDGE('',*,*,#5371,.T.);
#5401=ORIENTED_EDGE('',*,*,#5093,.F.);
#5402=ORIENTED_EDGE('',*,*,#5128,.F.);
#5403=ORIENTED_EDGE('',*,*,#4936,.F.);
#5405=ORIENTED_EDGE('',*,*,#5404,.T.);
#5407=ORIENTED_EDGE('',*,*,#5406,.F.);
#5408=EDGE_LOOP('',(#5398,#5399,#5400,#5401,#5402,#5403,#5405,#5407));
#5409=FACE_OUTER_BOUND('',#5408,.F.);
#5410=ADVANCED_FACE('',(#5409),#5397,.F.);
#5411=CARTESIAN_POINT('',(6.E-1,7.8E-1,-5.25E0));
#5412=DIRECTION('',(0.E0,1.E0,0.E0));
#5413=DIRECTION('',(0.E0,0.E0,1.E0));
#5414=AXIS2_PLACEMENT_3D('',#5411,#5412,#5413);
#5415=PLANE('',#5414);
#5416=ORIENTED_EDGE('',*,*,#5383,.F.);
#5418=ORIENTED_EDGE('',*,*,#5417,.T.);
#5420=ORIENTED_EDGE('',*,*,#5419,.F.);
#5421=ORIENTED_EDGE('',*,*,#4885,.F.);
#5422=EDGE_LOOP('',(#5416,#5418,#5420,#5421));
#5423=FACE_OUTER_BOUND('',#5422,.F.);
#5424=ADVANCED_FACE('',(#5423),#5415,.F.);
#5425=CARTESIAN_POINT('',(-6.E-1,0.E0,0.E0));
#5426=DIRECTION('',(1.E0,0.E0,0.E0));
#5427=DIRECTION('',(0.E0,0.E0,-1.E0));
#5428=AXIS2_PLACEMENT_3D('',#5425,#5426,#5427);
#5429=PLANE('',#5428);
#5430=ORIENTED_EDGE('',*,*,#5404,.F.);
#5431=ORIENTED_EDGE('',*,*,#4934,.T.);
#5433=ORIENTED_EDGE('',*,*,#5432,.T.);
#5435=ORIENTED_EDGE('',*,*,#5434,.T.);
#5437=ORIENTED_EDGE('',*,*,#5436,.T.);
#5438=ORIENTED_EDGE('',*,*,#5308,.T.);
#5440=ORIENTED_EDGE('',*,*,#5439,.T.);
#5442=ORIENTED_EDGE('',*,*,#5441,.F.);
#5444=ORIENTED_EDGE('',*,*,#5443,.F.);
#5445=ORIENTED_EDGE('',*,*,#5417,.F.);
#5446=ORIENTED_EDGE('',*,*,#5388,.F.);
#5448=ORIENTED_EDGE('',*,*,#5447,.F.);
#5450=ORIENTED_EDGE('',*,*,#5449,.F.);
#5451=ORIENTED_EDGE('',*,*,#3904,.F.);
#5452=ORIENTED_EDGE('',*,*,#2958,.T.);
#5453=ORIENTED_EDGE('',*,*,#3981,.T.);
#5455=ORIENTED_EDGE('',*,*,#5454,.F.);
#5457=ORIENTED_EDGE('',*,*,#5456,.F.);
#5458=EDGE_LOOP('',(#5430,#5431,#5433,#5435,#5437,#5438,#5440,#5442,#5444,#5445,
#5446,#5448,#5450,#5451,#5452,#5453,#5455,#5457));
#5459=FACE_OUTER_BOUND('',#5458,.F.);
#5460=ADVANCED_FACE('',(#5459),#5429,.T.);
#5461=CARTESIAN_POINT('',(-6.E-1,6.799999999999E-1,-4.7E0));
#5462=DIRECTION('',(0.E0,9.284766908853E-1,-3.713906763541E-1));
#5463=DIRECTION('',(0.E0,3.713906763541E-1,9.284766908853E-1));
#5464=AXIS2_PLACEMENT_3D('',#5461,#5462,#5463);
#5465=PLANE('',#5464);
#5466=ORIENTED_EDGE('',*,*,#4899,.T.);
#5468=ORIENTED_EDGE('',*,*,#5467,.F.);
#5469=ORIENTED_EDGE('',*,*,#5432,.F.);
#5470=ORIENTED_EDGE('',*,*,#4932,.T.);
#5471=EDGE_LOOP('',(#5466,#5468,#5469,#5470));
#5472=FACE_OUTER_BOUND('',#5471,.F.);
#5473=ADVANCED_FACE('',(#5472),#5465,.T.);
#5474=CARTESIAN_POINT('',(-6.E-1,7.599999999999E-1,-4.5E0));
#5475=DIRECTION('',(0.E0,1.E0,0.E0));
#5476=DIRECTION('',(0.E0,0.E0,1.E0));
#5477=AXIS2_PLACEMENT_3D('',#5474,#5475,#5476);
#5478=PLANE('',#5477);
#5479=ORIENTED_EDGE('',*,*,#4897,.T.);
#5481=ORIENTED_EDGE('',*,*,#5480,.F.);
#5482=ORIENTED_EDGE('',*,*,#5434,.F.);
#5483=ORIENTED_EDGE('',*,*,#5467,.T.);
#5484=EDGE_LOOP('',(#5479,#5481,#5482,#5483));
#5485=FACE_OUTER_BOUND('',#5484,.F.);
#5486=ADVANCED_FACE('',(#5485),#5478,.T.);
#5487=CARTESIAN_POINT('',(-6.E-1,7.599999999999E-1,-3.9E0));
#5488=DIRECTION('',(0.E0,0.E0,-1.E0));
#5489=DIRECTION('',(0.E0,1.E0,0.E0));
#5490=AXIS2_PLACEMENT_3D('',#5487,#5488,#5489);
#5491=PLANE('',#5490);
#5492=ORIENTED_EDGE('',*,*,#4895,.T.);
#5493=ORIENTED_EDGE('',*,*,#5310,.F.);
#5494=ORIENTED_EDGE('',*,*,#5436,.F.);
#5495=ORIENTED_EDGE('',*,*,#5480,.T.);
#5496=EDGE_LOOP('',(#5492,#5493,#5494,#5495));
#5497=FACE_OUTER_BOUND('',#5496,.F.);
#5498=ADVANCED_FACE('',(#5497),#5491,.T.);
#5499=CARTESIAN_POINT('',(-6.5E-1,1.43E0,-2.063397459622E0));
#5500=DIRECTION('',(2.588190451025E-1,0.E0,9.659258262891E-1));
#5501=DIRECTION('',(0.E0,-1.E0,0.E0));
#5502=AXIS2_PLACEMENT_3D('',#5499,#5500,#5501);
#5503=PLANE('',#5502);
#5504=ORIENTED_EDGE('',*,*,#5172,.T.);
#5506=ORIENTED_EDGE('',*,*,#5505,.F.);
#5507=ORIENTED_EDGE('',*,*,#3745,.T.);
#5509=ORIENTED_EDGE('',*,*,#5508,.T.);
#5510=ORIENTED_EDGE('',*,*,#5439,.F.);
#5511=EDGE_LOOP('',(#5504,#5506,#5507,#5509,#5510));
#5512=FACE_OUTER_BOUND('',#5511,.F.);
#5513=ADVANCED_FACE('',(#5512),#5503,.T.);
#5514=CARTESIAN_POINT('',(0.E0,1.3E-1,-2.063397459622E0));
#5515=DIRECTION('',(0.E0,2.588190451025E-1,9.659258262891E-1));
#5516=DIRECTION('',(-1.E0,0.E0,0.E0));
#5517=AXIS2_PLACEMENT_3D('',#5514,#5515,#5516);
#5518=PLANE('',#5517);
#5519=ORIENTED_EDGE('',*,*,#5170,.T.);
#5520=ORIENTED_EDGE('',*,*,#3747,.T.);
#5521=ORIENTED_EDGE('',*,*,#5505,.T.);
#5522=EDGE_LOOP('',(#5519,#5520,#5521));
#5523=FACE_OUTER_BOUND('',#5522,.F.);
#5524=ADVANCED_FACE('',(#5523),#5518,.T.);
#5525=CARTESIAN_POINT('',(0.E0,1.3E-1,-2.063397459622E0));
#5526=DIRECTION('',(0.E0,2.588190451025E-1,9.659258262891E-1));
#5527=DIRECTION('',(-1.E0,0.E0,0.E0));
#5528=AXIS2_PLACEMENT_3D('',#5525,#5526,#5527);
#5529=PLANE('',#5528);
#5530=ORIENTED_EDGE('',*,*,#5343,.F.);
#5532=ORIENTED_EDGE('',*,*,#5531,.F.);
#5533=ORIENTED_EDGE('',*,*,#3739,.T.);
#5534=EDGE_LOOP('',(#5530,#5532,#5533));
#5535=FACE_OUTER_BOUND('',#5534,.F.);
#5536=ADVANCED_FACE('',(#5535),#5529,.T.);
#5537=CARTESIAN_POINT('',(6.5E-1,1.43E0,-2.063397459622E0));
#5538=DIRECTION('',(-2.588190451025E-1,0.E0,9.659258262891E-1));
#5539=DIRECTION('',(0.E0,-1.E0,0.E0));
#5540=AXIS2_PLACEMENT_3D('',#5537,#5538,#5539);
#5541=PLANE('',#5540);
#5542=ORIENTED_EDGE('',*,*,#5341,.F.);
#5543=ORIENTED_EDGE('',*,*,#4891,.F.);
#5545=ORIENTED_EDGE('',*,*,#5544,.F.);
#5546=ORIENTED_EDGE('',*,*,#3741,.T.);
#5547=ORIENTED_EDGE('',*,*,#5531,.T.);
#5548=EDGE_LOOP('',(#5542,#5543,#5545,#5546,#5547));
#5549=FACE_OUTER_BOUND('',#5548,.F.);
#5550=ADVANCED_FACE('',(#5549),#5541,.T.);
#5551=CARTESIAN_POINT('',(0.E0,2.73E0,-2.063397459622E0));
#5552=DIRECTION('',(0.E0,-2.588190451025E-1,9.659258262891E-1));
#5553=DIRECTION('',(-1.E0,0.E0,0.E0));
#5554=AXIS2_PLACEMENT_3D('',#5551,#5552,#5553);
#5555=PLANE('',#5554);
#5556=ORIENTED_EDGE('',*,*,#3743,.T.);
#5557=ORIENTED_EDGE('',*,*,#5544,.T.);
#5559=ORIENTED_EDGE('',*,*,#5558,.F.);
#5560=ORIENTED_EDGE('',*,*,#5508,.F.);
#5561=EDGE_LOOP('',(#5556,#5557,#5559,#5560));
#5562=FACE_OUTER_BOUND('',#5561,.F.);
#5563=ADVANCED_FACE('',(#5562),#5555,.T.);
#5564=CARTESIAN_POINT('',(6.E-1,2.68E0,-3.95E0));
#5565=DIRECTION('',(0.E0,1.E0,0.E0));
#5566=DIRECTION('',(0.E0,0.E0,1.E0));
#5567=AXIS2_PLACEMENT_3D('',#5564,#5565,#5566);
#5568=PLANE('',#5567);
#5569=ORIENTED_EDGE('',*,*,#5558,.T.);
#5570=ORIENTED_EDGE('',*,*,#4889,.F.);
#5572=ORIENTED_EDGE('',*,*,#5571,.T.);
#5573=ORIENTED_EDGE('',*,*,#5441,.T.);
#5574=EDGE_LOOP('',(#5569,#5570,#5572,#5573));
#5575=FACE_OUTER_BOUND('',#5574,.F.);
#5576=ADVANCED_FACE('',(#5575),#5568,.F.);
#5577=CARTESIAN_POINT('',(6.E-1,7.8E-1,-3.95E0));
#5578=DIRECTION('',(0.E0,0.E0,-1.E0));
#5579=DIRECTION('',(0.E0,1.E0,0.E0));
#5580=AXIS2_PLACEMENT_3D('',#5577,#5578,#5579);
#5581=PLANE('',#5580);
#5582=ORIENTED_EDGE('',*,*,#4887,.F.);
#5583=ORIENTED_EDGE('',*,*,#5419,.T.);
#5584=ORIENTED_EDGE('',*,*,#5443,.T.);
#5585=ORIENTED_EDGE('',*,*,#5571,.F.);
#5586=EDGE_LOOP('',(#5582,#5583,#5584,#5585));
#5587=FACE_OUTER_BOUND('',#5586,.F.);
#5588=ADVANCED_FACE('',(#5587),#5581,.F.);
#5589=CARTESIAN_POINT('',(6.E-1,3.4E0,-4.E0));
#5590=DIRECTION('',(0.E0,-1.E0,0.E0));
#5591=DIRECTION('',(0.E0,0.E0,-1.E0));
#5592=AXIS2_PLACEMENT_3D('',#5589,#5590,#5591);
#5593=PLANE('',#5592);
#5594=ORIENTED_EDGE('',*,*,#4881,.F.);
#5596=ORIENTED_EDGE('',*,*,#5595,.T.);
#5597=ORIENTED_EDGE('',*,*,#5447,.T.);
#5598=ORIENTED_EDGE('',*,*,#5386,.F.);
#5599=EDGE_LOOP('',(#5594,#5596,#5597,#5598));
#5600=FACE_OUTER_BOUND('',#5599,.F.);
#5601=ADVANCED_FACE('',(#5600),#5593,.F.);
#5602=CARTESIAN_POINT('',(6.E-1,3.8E0,-4.E0));
#5603=DIRECTION('',(0.E0,0.E0,1.E0));
#5604=DIRECTION('',(0.E0,-1.E0,0.E0));
#5605=AXIS2_PLACEMENT_3D('',#5602,#5603,#5604);
#5606=PLANE('',#5605);
#5607=ORIENTED_EDGE('',*,*,#3906,.F.);
#5608=ORIENTED_EDGE('',*,*,#5449,.T.);
#5609=ORIENTED_EDGE('',*,*,#5595,.F.);
#5610=ORIENTED_EDGE('',*,*,#4879,.F.);
#5611=EDGE_LOOP('',(#5607,#5608,#5609,#5610));
#5612=FACE_OUTER_BOUND('',#5611,.F.);
#5613=ADVANCED_FACE('',(#5612),#5606,.F.);
#5614=CARTESIAN_POINT('',(6.E-1,-1.55E0,-4.E0));
#5615=DIRECTION('',(0.E0,0.E0,1.E0));
#5616=DIRECTION('',(0.E0,-1.E0,0.E0));
#5617=AXIS2_PLACEMENT_3D('',#5614,#5615,#5616);
#5618=PLANE('',#5617);
#5619=ORIENTED_EDGE('',*,*,#3979,.T.);
#5620=ORIENTED_EDGE('',*,*,#4874,.F.);
#5622=ORIENTED_EDGE('',*,*,#5621,.T.);
#5623=ORIENTED_EDGE('',*,*,#5454,.T.);
#5624=EDGE_LOOP('',(#5619,#5620,#5622,#5623));
#5625=FACE_OUTER_BOUND('',#5624,.F.);
#5626=ADVANCED_FACE('',(#5625),#5618,.F.);
#5627=CARTESIAN_POINT('',(6.E-1,-1.55E0,-4.85E0));
#5628=DIRECTION('',(0.E0,1.E0,0.E0));
#5629=DIRECTION('',(0.E0,0.E0,1.E0));
#5630=AXIS2_PLACEMENT_3D('',#5627,#5628,#5629);
#5631=PLANE('',#5630);
#5632=ORIENTED_EDGE('',*,*,#4872,.F.);
#5633=ORIENTED_EDGE('',*,*,#5406,.T.);
#5634=ORIENTED_EDGE('',*,*,#5456,.T.);
#5635=ORIENTED_EDGE('',*,*,#5621,.F.);
#5636=EDGE_LOOP('',(#5632,#5633,#5634,#5635));
#5637=FACE_OUTER_BOUND('',#5636,.F.);
#5638=ADVANCED_FACE('',(#5637),#5631,.F.);
#5639=CARTESIAN_POINT('',(5.E-1,7.999999999992E-2,-6.95E0));
#5640=DIRECTION('',(-8.944271909999E-1,0.E0,4.472135955E-1));
#5641=DIRECTION('',(4.472135955E-1,0.E0,8.944271909999E-1));
#5642=AXIS2_PLACEMENT_3D('',#5639,#5640,#5641);
#5643=PLANE('',#5642);
#5644=ORIENTED_EDGE('',*,*,#5323,.T.);
#5645=ORIENTED_EDGE('',*,*,#4921,.T.);
#5647=ORIENTED_EDGE('',*,*,#5646,.T.);
#5648=ORIENTED_EDGE('',*,*,#5101,.T.);
#5649=EDGE_LOOP('',(#5644,#5645,#5647,#5648));
#5650=FACE_OUTER_BOUND('',#5649,.F.);
#5651=ADVANCED_FACE('',(#5650),#5643,.F.);
#5652=CARTESIAN_POINT('',(5.E-1,7.999999999992E-2,-7.6E0));
#5653=DIRECTION('',(-1.E0,0.E0,0.E0));
#5654=DIRECTION('',(0.E0,0.E0,1.E0));
#5655=AXIS2_PLACEMENT_3D('',#5652,#5653,#5654);
#5656=PLANE('',#5655);
#5657=ORIENTED_EDGE('',*,*,#5103,.T.);
#5658=ORIENTED_EDGE('',*,*,#5646,.F.);
#5659=ORIENTED_EDGE('',*,*,#4919,.F.);
#5660=ORIENTED_EDGE('',*,*,#5040,.T.);
#5661=EDGE_LOOP('',(#5657,#5658,#5659,#5660));
#5662=FACE_OUTER_BOUND('',#5661,.F.);
#5663=ADVANCED_FACE('',(#5662),#5656,.F.);
#5664=CARTESIAN_POINT('',(5.25E-1,1.05E0,4.075E0));
#5665=DIRECTION('',(9.805806756909E-1,0.E0,1.961161351382E-1));
#5666=DIRECTION('',(-1.961161351382E-1,0.E0,9.805806756909E-1));
#5667=AXIS2_PLACEMENT_3D('',#5664,#5665,#5666);
#5668=PLANE('',#5667);
#5670=ORIENTED_EDGE('',*,*,#5669,.F.);
#5671=ORIENTED_EDGE('',*,*,#5234,.T.);
#5672=ORIENTED_EDGE('',*,*,#5334,.T.);
#5674=ORIENTED_EDGE('',*,*,#5673,.F.);
#5675=EDGE_LOOP('',(#5670,#5671,#5672,#5674));
#5676=FACE_OUTER_BOUND('',#5675,.F.);
#5677=ADVANCED_FACE('',(#5676),#5668,.T.);
#5678=CARTESIAN_POINT('',(-6.E-1,1.62E0,4.45E0));
#5679=DIRECTION('',(0.E0,0.E0,1.E0));
#5680=DIRECTION('',(0.E0,-1.E0,0.E0));
#5681=AXIS2_PLACEMENT_3D('',#5678,#5679,#5680);
#5682=PLANE('',#5681);
#5683=ORIENTED_EDGE('',*,*,#5669,.T.);
#5685=ORIENTED_EDGE('',*,*,#5684,.T.);
#5686=ORIENTED_EDGE('',*,*,#5220,.T.);
#5687=ORIENTED_EDGE('',*,*,#5236,.F.);
#5688=EDGE_LOOP('',(#5683,#5685,#5686,#5687));
#5689=FACE_OUTER_BOUND('',#5688,.F.);
#5690=ADVANCED_FACE('',(#5689),#5682,.T.);
#5691=CARTESIAN_POINT('',(0.E0,5.549999999999E-1,4.075E0));
#5692=DIRECTION('',(0.E0,-9.805806756909E-1,1.961161351382E-1));
#5693=DIRECTION('',(0.E0,1.961161351382E-1,9.805806756909E-1));
#5694=AXIS2_PLACEMENT_3D('',#5691,#5692,#5693);
#5695=PLANE('',#5694);
#5697=ORIENTED_EDGE('',*,*,#5696,.T.);
#5698=ORIENTED_EDGE('',*,*,#5222,.F.);
#5699=ORIENTED_EDGE('',*,*,#5684,.F.);
#5700=ORIENTED_EDGE('',*,*,#5673,.T.);
#5701=EDGE_LOOP('',(#5697,#5698,#5699,#5700));
#5702=FACE_OUTER_BOUND('',#5701,.F.);
#5703=ADVANCED_FACE('',(#5702),#5695,.T.);
#5704=CARTESIAN_POINT('',(-6.E-1,4.799999999999E-1,4.45E0));
#5705=DIRECTION('',(0.E0,-1.E0,0.E0));
#5706=DIRECTION('',(0.E0,0.E0,-1.E0));
#5707=AXIS2_PLACEMENT_3D('',#5704,#5705,#5706);
#5708=PLANE('',#5707);
#5709=ORIENTED_EDGE('',*,*,#5696,.F.);
#5710=ORIENTED_EDGE('',*,*,#5347,.T.);
#5712=ORIENTED_EDGE('',*,*,#5711,.F.);
#5713=ORIENTED_EDGE('',*,*,#5166,.F.);
#5714=EDGE_LOOP('',(#5709,#5710,#5712,#5713));
#5715=FACE_OUTER_BOUND('',#5714,.F.);
#5716=ADVANCED_FACE('',(#5715),#5708,.T.);
#5717=CARTESIAN_POINT('',(-6.E-1,4.799999999999E-1,-1.45E0));
#5718=DIRECTION('',(0.E0,-8.320502943378E-1,5.547001962252E-1));
#5719=DIRECTION('',(0.E0,-5.547001962252E-1,-8.320502943378E-1));
#5720=AXIS2_PLACEMENT_3D('',#5717,#5718,#5719);
#5721=PLANE('',#5720);
#5722=ORIENTED_EDGE('',*,*,#3749,.F.);
#5723=ORIENTED_EDGE('',*,*,#5168,.F.);
#5724=ORIENTED_EDGE('',*,*,#5711,.T.);
#5725=ORIENTED_EDGE('',*,*,#5345,.T.);
#5726=EDGE_LOOP('',(#5722,#5723,#5724,#5725));
#5727=FACE_OUTER_BOUND('',#5726,.F.);
#5728=ADVANCED_FACE('',(#5727),#5721,.T.);
#5729=CARTESIAN_POINT('',(-2.9E0,-1.55E0,-4.E0));
#5730=DIRECTION('',(0.E0,0.E0,1.E0));
#5731=DIRECTION('',(0.E0,-1.E0,0.E0));
#5732=AXIS2_PLACEMENT_3D('',#5729,#5730,#5731);
#5733=PLANE('',#5732);
#5734=ORIENTED_EDGE('',*,*,#3985,.T.);
#5735=ORIENTED_EDGE('',*,*,#3124,.F.);
#5737=ORIENTED_EDGE('',*,*,#5736,.T.);
#5738=ORIENTED_EDGE('',*,*,#3041,.T.);
#5739=EDGE_LOOP('',(#5734,#5735,#5737,#5738));
#5740=FACE_OUTER_BOUND('',#5739,.F.);
#5741=ADVANCED_FACE('',(#5740),#5733,.F.);
#5742=CARTESIAN_POINT('',(-2.9E0,-1.55E0,-4.85E0));
#5743=DIRECTION('',(0.E0,1.E0,0.E0));
#5744=DIRECTION('',(0.E0,0.E0,1.E0));
#5745=AXIS2_PLACEMENT_3D('',#5742,#5743,#5744);
#5746=PLANE('',#5745);
#5747=ORIENTED_EDGE('',*,*,#3122,.F.);
#5748=ORIENTED_EDGE('',*,*,#3081,.T.);
#5749=ORIENTED_EDGE('',*,*,#3043,.T.);
#5750=ORIENTED_EDGE('',*,*,#5736,.F.);
#5751=EDGE_LOOP('',(#5747,#5748,#5749,#5750));
#5752=FACE_OUTER_BOUND('',#5751,.F.);
#5753=ADVANCED_FACE('',(#5752),#5746,.F.);
#5754=CARTESIAN_POINT('',(-6.3E0,3.8E0,-5.25E0));
#5755=DIRECTION('',(-1.E0,0.E0,0.E0));
#5756=DIRECTION('',(0.E0,-1.E0,0.E0));
#5757=AXIS2_PLACEMENT_3D('',#5754,#5755,#5756);
#5758=PLANE('',#5757);
#5759=ORIENTED_EDGE('',*,*,#2946,.F.);
#5760=ORIENTED_EDGE('',*,*,#3896,.T.);
#5761=ORIENTED_EDGE('',*,*,#3822,.T.);
#5762=ORIENTED_EDGE('',*,*,#3989,.F.);
#5763=EDGE_LOOP('',(#5759,#5760,#5761,#5762));
#5764=FACE_OUTER_BOUND('',#5763,.F.);
#5765=ADVANCED_FACE('',(#5764),#5758,.T.);
#5766=CARTESIAN_POINT('',(6.05E0,3.8E0,-3.5E0));
#5767=DIRECTION('',(0.E0,0.E0,1.E0));
#5768=DIRECTION('',(1.E0,0.E0,0.E0));
#5769=AXIS2_PLACEMENT_3D('',#5766,#5767,#5768);
#5770=PLANE('',#5769);
#5771=ORIENTED_EDGE('',*,*,#3960,.F.);
#5772=ORIENTED_EDGE('',*,*,#3869,.T.);
#5773=ORIENTED_EDGE('',*,*,#3929,.T.);
#5774=ORIENTED_EDGE('',*,*,#3943,.T.);
#5775=EDGE_LOOP('',(#5771,#5772,#5773,#5774));
#5776=FACE_OUTER_BOUND('',#5775,.F.);
#5777=ADVANCED_FACE('',(#5776),#5770,.F.);
#5778=CARTESIAN_POINT('',(3.05E0,3.8E0,5.25E0));
#5779=DIRECTION('',(1.E0,0.E0,0.E0));
#5780=DIRECTION('',(0.E0,0.E0,-1.E0));
#5781=AXIS2_PLACEMENT_3D('',#5778,#5779,#5780);
#5782=PLANE('',#5781);
#5783=ORIENTED_EDGE('',*,*,#3814,.T.);
#5785=ORIENTED_EDGE('',*,*,#5784,.T.);
#5787=ORIENTED_EDGE('',*,*,#5786,.T.);
#5789=ORIENTED_EDGE('',*,*,#5788,.F.);
#5790=ORIENTED_EDGE('',*,*,#3874,.F.);
#5791=EDGE_LOOP('',(#5783,#5785,#5787,#5789,#5790));
#5792=FACE_OUTER_BOUND('',#5791,.F.);
#5793=ADVANCED_FACE('',(#5792),#5782,.F.);
#5794=CARTESIAN_POINT('',(5.6E0,3.45E0,5.25E0));
#5795=DIRECTION('',(0.E0,-7.071067811865E-1,7.071067811865E-1));
#5796=DIRECTION('',(-1.E0,0.E0,0.E0));
#5797=AXIS2_PLACEMENT_3D('',#5794,#5795,#5796);
#5798=PLANE('',#5797);
#5799=ORIENTED_EDGE('',*,*,#3857,.T.);
#5801=ORIENTED_EDGE('',*,*,#5800,.T.);
#5802=ORIENTED_EDGE('',*,*,#3790,.F.);
#5803=ORIENTED_EDGE('',*,*,#3805,.F.);
#5804=EDGE_LOOP('',(#5799,#5801,#5802,#5803));
#5805=FACE_OUTER_BOUND('',#5804,.F.);
#5806=ADVANCED_FACE('',(#5805),#5798,.T.);
#5807=CARTESIAN_POINT('',(5.6E0,3.45E0,5.25E0));
#5808=DIRECTION('',(0.E0,-7.071067811865E-1,7.071067811865E-1));
#5809=DIRECTION('',(-1.E0,0.E0,0.E0));
#5810=AXIS2_PLACEMENT_3D('',#5807,#5808,#5809);
#5811=PLANE('',#5810);
#5812=ORIENTED_EDGE('',*,*,#5784,.F.);
#5813=ORIENTED_EDGE('',*,*,#3812,.F.);
#5815=ORIENTED_EDGE('',*,*,#5814,.T.);
#5817=ORIENTED_EDGE('',*,*,#5816,.T.);
#5818=EDGE_LOOP('',(#5812,#5813,#5815,#5817));
#5819=FACE_OUTER_BOUND('',#5818,.F.);
#5820=ADVANCED_FACE('',(#5819),#5811,.T.);
#5821=CARTESIAN_POINT('',(5.6E0,3.45E0,5.25E0));
#5822=DIRECTION('',(0.E0,-7.071067811865E-1,7.071067811865E-1));
#5823=DIRECTION('',(-1.E0,0.E0,0.E0));
#5824=AXIS2_PLACEMENT_3D('',#5821,#5822,#5823);
#5825=PLANE('',#5824);
#5826=ORIENTED_EDGE('',*,*,#3838,.F.);
#5828=ORIENTED_EDGE('',*,*,#5827,.T.);
#5830=ORIENTED_EDGE('',*,*,#5829,.T.);
#5832=ORIENTED_EDGE('',*,*,#5831,.F.);
#5833=EDGE_LOOP('',(#5826,#5828,#5830,#5832));
#5834=FACE_OUTER_BOUND('',#5833,.F.);
#5835=ADVANCED_FACE('',(#5834),#5825,.T.);
#5836=CARTESIAN_POINT('',(5.6E0,3.2E0,5.25E0));
#5837=DIRECTION('',(0.E0,1.E0,0.E0));
#5838=DIRECTION('',(-1.E0,0.E0,0.E0));
#5839=AXIS2_PLACEMENT_3D('',#5836,#5837,#5838);
#5840=PLANE('',#5839);
#5841=ORIENTED_EDGE('',*,*,#3855,.T.);
#5843=ORIENTED_EDGE('',*,*,#5842,.F.);
#5845=ORIENTED_EDGE('',*,*,#5844,.F.);
#5846=ORIENTED_EDGE('',*,*,#5829,.F.);
#5848=ORIENTED_EDGE('',*,*,#5847,.T.);
#5850=ORIENTED_EDGE('',*,*,#5849,.F.);
#5851=ORIENTED_EDGE('',*,*,#5786,.F.);
#5852=ORIENTED_EDGE('',*,*,#5816,.F.);
#5854=ORIENTED_EDGE('',*,*,#5853,.T.);
#5855=ORIENTED_EDGE('',*,*,#3718,.T.);
#5856=ORIENTED_EDGE('',*,*,#3775,.F.);
#5857=ORIENTED_EDGE('',*,*,#5800,.F.);
#5858=EDGE_LOOP('',(#5841,#5843,#5845,#5846,#5848,#5850,#5851,#5852,#5854,#5855,
#5856,#5857));
#5859=FACE_OUTER_BOUND('',#5858,.F.);
#5860=ADVANCED_FACE('',(#5859),#5840,.F.);
#5861=CARTESIAN_POINT('',(-2.5E0,3.8E0,-9.E-1));
#5862=DIRECTION('',(0.E0,1.E0,0.E0));
#5863=DIRECTION('',(1.E0,0.E0,0.E0));
#5864=AXIS2_PLACEMENT_3D('',#5861,#5862,#5863);
#5865=CYLINDRICAL_SURFACE('',#5864,5.5E-1);
#5866=ORIENTED_EDGE('',*,*,#3892,.F.);
#5868=ORIENTED_EDGE('',*,*,#5867,.T.);
#5869=ORIENTED_EDGE('',*,*,#5842,.T.);
#5870=ORIENTED_EDGE('',*,*,#3853,.F.);
#5871=EDGE_LOOP('',(#5866,#5868,#5869,#5870));
#5872=FACE_OUTER_BOUND('',#5871,.F.);
#5873=ADVANCED_FACE('',(#5872),#5865,.F.);
#5874=CARTESIAN_POINT('',(-1.95E0,3.8E0,5.25E0));
#5875=DIRECTION('',(1.E0,0.E0,0.E0));
#5876=DIRECTION('',(0.E0,0.E0,-1.E0));
#5877=AXIS2_PLACEMENT_3D('',#5874,#5875,#5876);
#5878=PLANE('',#5877);
#5880=ORIENTED_EDGE('',*,*,#5879,.F.);
#5881=ORIENTED_EDGE('',*,*,#3840,.T.);
#5882=ORIENTED_EDGE('',*,*,#5831,.T.);
#5883=ORIENTED_EDGE('',*,*,#5844,.T.);
#5884=ORIENTED_EDGE('',*,*,#5867,.F.);
#5885=ORIENTED_EDGE('',*,*,#3890,.F.);
#5886=EDGE_LOOP('',(#5880,#5881,#5882,#5883,#5884,#5885));
#5887=FACE_OUTER_BOUND('',#5886,.F.);
#5888=ADVANCED_FACE('',(#5887),#5878,.F.);
#5889=CARTESIAN_POINT('',(1.95E0,3.7E0,5.25E0));
#5890=DIRECTION('',(0.E0,-9.284766908853E-1,-3.713906763541E-1));
#5891=DIRECTION('',(0.E0,3.713906763541E-1,-9.284766908853E-1));
#5892=AXIS2_PLACEMENT_3D('',#5889,#5890,#5891);
#5893=PLANE('',#5892);
#5895=ORIENTED_EDGE('',*,*,#5894,.T.);
#5896=ORIENTED_EDGE('',*,*,#3880,.T.);
#5898=ORIENTED_EDGE('',*,*,#5897,.F.);
#5899=ORIENTED_EDGE('',*,*,#3834,.F.);
#5900=ORIENTED_EDGE('',*,*,#5879,.T.);
#5901=ORIENTED_EDGE('',*,*,#3888,.T.);
#5902=EDGE_LOOP('',(#5895,#5896,#5898,#5899,#5900,#5901));
#5903=FACE_OUTER_BOUND('',#5902,.F.);
#5904=ADVANCED_FACE('',(#5903),#5893,.F.);
#5905=CARTESIAN_POINT('',(-4.75E-1,4.45E0,2.574166975080E0));
#5906=DIRECTION('',(0.E0,9.659258262891E-1,2.588190451025E-1));
#5907=DIRECTION('',(0.E0,-2.588190451025E-1,9.659258262891E-1));
#5908=AXIS2_PLACEMENT_3D('',#5905,#5906,#5907);
#5909=PLANE('',#5908);
#5910=ORIENTED_EDGE('',*,*,#5894,.F.);
#5912=ORIENTED_EDGE('',*,*,#5911,.F.);
#5914=ORIENTED_EDGE('',*,*,#5913,.T.);
#5916=ORIENTED_EDGE('',*,*,#5915,.T.);
#5917=EDGE_LOOP('',(#5910,#5912,#5914,#5916));
#5918=FACE_OUTER_BOUND('',#5917,.F.);
#5919=ADVANCED_FACE('',(#5918),#5909,.T.);
#5920=CARTESIAN_POINT('',(-4.75E-1,0.E0,0.E0));
#5921=DIRECTION('',(1.E0,0.E0,0.E0));
#5922=DIRECTION('',(0.E0,0.E0,-1.E0));
#5923=AXIS2_PLACEMENT_3D('',#5920,#5921,#5922);
#5924=PLANE('',#5923);
#5925=ORIENTED_EDGE('',*,*,#3886,.T.);
#5927=ORIENTED_EDGE('',*,*,#5926,.T.);
#5929=ORIENTED_EDGE('',*,*,#5928,.T.);
#5930=ORIENTED_EDGE('',*,*,#5911,.T.);
#5931=EDGE_LOOP('',(#5925,#5927,#5929,#5930));
#5932=FACE_OUTER_BOUND('',#5931,.F.);
#5933=ADVANCED_FACE('',(#5932),#5924,.F.);
#5934=CARTESIAN_POINT('',(-4.75E-1,3.8E0,1.974166975080E0));
#5935=DIRECTION('',(0.E0,0.E0,-1.E0));
#5936=DIRECTION('',(0.E0,1.E0,0.E0));
#5937=AXIS2_PLACEMENT_3D('',#5934,#5935,#5936);
#5938=PLANE('',#5937);
#5939=ORIENTED_EDGE('',*,*,#3884,.T.);
#5941=ORIENTED_EDGE('',*,*,#5940,.T.);
#5943=ORIENTED_EDGE('',*,*,#5942,.F.);
#5944=ORIENTED_EDGE('',*,*,#5926,.F.);
#5945=EDGE_LOOP('',(#5939,#5941,#5943,#5944));
#5946=FACE_OUTER_BOUND('',#5945,.F.);
#5947=ADVANCED_FACE('',(#5946),#5938,.T.);
#5948=CARTESIAN_POINT('',(4.75E-1,0.E0,0.E0));
#5949=DIRECTION('',(1.E0,0.E0,0.E0));
#5950=DIRECTION('',(0.E0,0.E0,-1.E0));
#5951=AXIS2_PLACEMENT_3D('',#5948,#5949,#5950);
#5952=PLANE('',#5951);
#5953=ORIENTED_EDGE('',*,*,#3882,.F.);
#5954=ORIENTED_EDGE('',*,*,#5915,.F.);
#5956=ORIENTED_EDGE('',*,*,#5955,.F.);
#5957=ORIENTED_EDGE('',*,*,#5940,.F.);
#5958=EDGE_LOOP('',(#5953,#5954,#5956,#5957));
#5959=FACE_OUTER_BOUND('',#5958,.F.);
#5960=ADVANCED_FACE('',(#5959),#5952,.T.);
#5961=CARTESIAN_POINT('',(-4.75E-1,4.45E0,1.974166975080E0));
#5962=DIRECTION('',(0.E0,1.E0,0.E0));
#5963=DIRECTION('',(0.E0,0.E0,1.E0));
#5964=AXIS2_PLACEMENT_3D('',#5961,#5962,#5963);
#5965=PLANE('',#5964);
#5966=ORIENTED_EDGE('',*,*,#5928,.F.);
#5967=ORIENTED_EDGE('',*,*,#5942,.T.);
#5968=ORIENTED_EDGE('',*,*,#5955,.T.);
#5969=ORIENTED_EDGE('',*,*,#5913,.F.);
#5970=EDGE_LOOP('',(#5966,#5967,#5968,#5969));
#5971=FACE_OUTER_BOUND('',#5970,.F.);
#5972=ADVANCED_FACE('',(#5971),#5965,.T.);
#5973=CARTESIAN_POINT('',(1.95E0,3.8E0,-9.E-1));
#5974=DIRECTION('',(-1.E0,0.E0,0.E0));
#5975=DIRECTION('',(0.E0,0.E0,1.E0));
#5976=AXIS2_PLACEMENT_3D('',#5973,#5974,#5975);
#5977=PLANE('',#5976);
#5978=ORIENTED_EDGE('',*,*,#5897,.T.);
#5979=ORIENTED_EDGE('',*,*,#3878,.F.);
#5981=ORIENTED_EDGE('',*,*,#5980,.T.);
#5982=ORIENTED_EDGE('',*,*,#5847,.F.);
#5983=ORIENTED_EDGE('',*,*,#5827,.F.);
#5984=ORIENTED_EDGE('',*,*,#3836,.F.);
#5985=EDGE_LOOP('',(#5978,#5979,#5981,#5982,#5983,#5984));
#5986=FACE_OUTER_BOUND('',#5985,.F.);
#5987=ADVANCED_FACE('',(#5986),#5977,.F.);
#5988=CARTESIAN_POINT('',(2.5E0,3.8E0,-9.E-1));
#5989=DIRECTION('',(0.E0,1.E0,0.E0));
#5990=DIRECTION('',(1.E0,0.E0,0.E0));
#5991=AXIS2_PLACEMENT_3D('',#5988,#5989,#5990);
#5992=CYLINDRICAL_SURFACE('',#5991,5.5E-1);
#5993=ORIENTED_EDGE('',*,*,#3876,.F.);
#5994=ORIENTED_EDGE('',*,*,#5788,.T.);
#5995=ORIENTED_EDGE('',*,*,#5849,.T.);
#5996=ORIENTED_EDGE('',*,*,#5980,.F.);
#5997=EDGE_LOOP('',(#5993,#5994,#5995,#5996));
#5998=FACE_OUTER_BOUND('',#5997,.F.);
#5999=ADVANCED_FACE('',(#5998),#5992,.F.);
#6000=CARTESIAN_POINT('',(5.6E0,-3.2E0,5.25E0));
#6001=DIRECTION('',(1.E0,0.E0,0.E0));
#6002=DIRECTION('',(0.E0,1.E0,0.E0));
#6003=AXIS2_PLACEMENT_3D('',#6000,#6001,#6002);
#6004=PLANE('',#6003);
#6006=ORIENTED_EDGE('',*,*,#6005,.F.);
#6008=ORIENTED_EDGE('',*,*,#6007,.T.);
#6009=ORIENTED_EDGE('',*,*,#3720,.T.);
#6010=ORIENTED_EDGE('',*,*,#5853,.F.);
#6011=EDGE_LOOP('',(#6006,#6008,#6009,#6010));
#6012=FACE_OUTER_BOUND('',#6011,.F.);
#6013=ADVANCED_FACE('',(#6012),#6004,.F.);
#6014=CARTESIAN_POINT('',(5.85E0,-3.2E0,5.25E0));
#6015=DIRECTION('',(-7.071067811865E-1,0.E0,7.071067811865E-1));
#6016=DIRECTION('',(0.E0,1.E0,0.E0));
#6017=AXIS2_PLACEMENT_3D('',#6014,#6015,#6016);
#6018=PLANE('',#6017);
#6019=ORIENTED_EDGE('',*,*,#3810,.F.);
#6021=ORIENTED_EDGE('',*,*,#6020,.T.);
#6022=ORIENTED_EDGE('',*,*,#6005,.T.);
#6023=ORIENTED_EDGE('',*,*,#5814,.F.);
#6024=EDGE_LOOP('',(#6019,#6021,#6022,#6023));
#6025=FACE_OUTER_BOUND('',#6024,.F.);
#6026=ADVANCED_FACE('',(#6025),#6018,.T.);
#6027=CARTESIAN_POINT('',(-5.6E0,-3.45E0,5.25E0));
#6028=DIRECTION('',(0.E0,7.071067811865E-1,7.071067811865E-1));
#6029=DIRECTION('',(1.E0,0.E0,0.E0));
#6030=AXIS2_PLACEMENT_3D('',#6027,#6028,#6029);
#6031=PLANE('',#6030);
#6032=ORIENTED_EDGE('',*,*,#3808,.F.);
#6033=ORIENTED_EDGE('',*,*,#3793,.T.);
#6035=ORIENTED_EDGE('',*,*,#6034,.T.);
#6036=ORIENTED_EDGE('',*,*,#6020,.F.);
#6037=EDGE_LOOP('',(#6032,#6033,#6035,#6036));
#6038=FACE_OUTER_BOUND('',#6037,.F.);
#6039=ADVANCED_FACE('',(#6038),#6031,.T.);
#6040=CARTESIAN_POINT('',(-5.6E0,-3.2E0,5.25E0));
#6041=DIRECTION('',(0.E0,-1.E0,0.E0));
#6042=DIRECTION('',(1.E0,0.E0,0.E0));
#6043=AXIS2_PLACEMENT_3D('',#6040,#6041,#6042);
#6044=PLANE('',#6043);
#6045=ORIENTED_EDGE('',*,*,#6034,.F.);
#6046=ORIENTED_EDGE('',*,*,#3778,.T.);
#6047=ORIENTED_EDGE('',*,*,#3722,.T.);
#6048=ORIENTED_EDGE('',*,*,#6007,.F.);
#6049=EDGE_LOOP('',(#6045,#6046,#6047,#6048));
#6050=FACE_OUTER_BOUND('',#6049,.F.);
#6051=ADVANCED_FACE('',(#6050),#6044,.F.);
#6052=CARTESIAN_POINT('',(-2.9E0,3.8E0,-4.E0));
#6053=DIRECTION('',(0.E0,0.E0,1.E0));
#6054=DIRECTION('',(0.E0,-1.E0,0.E0));
#6055=AXIS2_PLACEMENT_3D('',#6052,#6053,#6054);
#6056=PLANE('',#6055);
#6057=ORIENTED_EDGE('',*,*,#3900,.F.);
#6058=ORIENTED_EDGE('',*,*,#3034,.T.);
#6060=ORIENTED_EDGE('',*,*,#6059,.F.);
#6061=ORIENTED_EDGE('',*,*,#3131,.F.);
#6062=EDGE_LOOP('',(#6057,#6058,#6060,#6061));
#6063=FACE_OUTER_BOUND('',#6062,.F.);
#6064=ADVANCED_FACE('',(#6063),#6056,.F.);
#6065=CARTESIAN_POINT('',(-2.9E0,3.4E0,-4.E0));
#6066=DIRECTION('',(0.E0,-1.E0,0.E0));
#6067=DIRECTION('',(0.E0,0.E0,-1.E0));
#6068=AXIS2_PLACEMENT_3D('',#6065,#6066,#6067);
#6069=PLANE('',#6068);
#6070=ORIENTED_EDGE('',*,*,#3133,.F.);
#6071=ORIENTED_EDGE('',*,*,#6059,.T.);
#6072=ORIENTED_EDGE('',*,*,#3032,.T.);
#6073=ORIENTED_EDGE('',*,*,#3057,.F.);
#6074=EDGE_LOOP('',(#6070,#6071,#6072,#6073));
#6075=FACE_OUTER_BOUND('',#6074,.F.);
#6076=ADVANCED_FACE('',(#6075),#6069,.F.);
#6077=CARTESIAN_POINT('',(-3.5E0,1.3E-1,-2.063397459622E0));
#6078=DIRECTION('',(0.E0,2.588190451025E-1,9.659258262891E-1));
#6079=DIRECTION('',(-1.E0,0.E0,0.E0));
#6080=AXIS2_PLACEMENT_3D('',#6077,#6078,#6079);
#6081=PLANE('',#6080);
#6082=ORIENTED_EDGE('',*,*,#3414,.T.);
#6083=ORIENTED_EDGE('',*,*,#3734,.T.);
#6085=ORIENTED_EDGE('',*,*,#6084,.T.);
#6086=EDGE_LOOP('',(#6082,#6083,#6085));
#6087=FACE_OUTER_BOUND('',#6086,.F.);
#6088=ADVANCED_FACE('',(#6087),#6081,.T.);
#6089=CARTESIAN_POINT('',(-3.5E0,1.3E-1,-2.063397459622E0));
#6090=DIRECTION('',(0.E0,2.588190451025E-1,9.659258262891E-1));
#6091=DIRECTION('',(-1.E0,0.E0,0.E0));
#6092=AXIS2_PLACEMENT_3D('',#6089,#6090,#6091);
#6093=PLANE('',#6092);
#6094=ORIENTED_EDGE('',*,*,#3586,.F.);
#6096=ORIENTED_EDGE('',*,*,#6095,.F.);
#6097=ORIENTED_EDGE('',*,*,#3726,.T.);
#6098=EDGE_LOOP('',(#6094,#6096,#6097));
#6099=FACE_OUTER_BOUND('',#6098,.F.);
#6100=ADVANCED_FACE('',(#6099),#6093,.T.);
#6101=CARTESIAN_POINT('',(-4.15E0,1.43E0,-2.063397459622E0));
#6102=DIRECTION('',(2.588190451025E-1,0.E0,9.659258262891E-1));
#6103=DIRECTION('',(0.E0,-1.E0,0.E0));
#6104=AXIS2_PLACEMENT_3D('',#6101,#6102,#6103);
#6105=PLANE('',#6104);
#6106=ORIENTED_EDGE('',*,*,#3416,.T.);
#6107=ORIENTED_EDGE('',*,*,#6084,.F.);
#6108=ORIENTED_EDGE('',*,*,#3732,.T.);
#6110=ORIENTED_EDGE('',*,*,#6109,.T.);
#6111=ORIENTED_EDGE('',*,*,#3022,.F.);
#6112=EDGE_LOOP('',(#6106,#6107,#6108,#6110,#6111));
#6113=FACE_OUTER_BOUND('',#6112,.F.);
#6114=ADVANCED_FACE('',(#6113),#6105,.T.);
#6115=CARTESIAN_POINT('',(-3.5E0,2.73E0,-2.063397459622E0));
#6116=DIRECTION('',(0.E0,-2.588190451025E-1,9.659258262891E-1));
#6117=DIRECTION('',(-1.E0,0.E0,0.E0));
#6118=AXIS2_PLACEMENT_3D('',#6115,#6116,#6117);
#6119=PLANE('',#6118);
#6120=ORIENTED_EDGE('',*,*,#3730,.T.);
#6122=ORIENTED_EDGE('',*,*,#6121,.T.);
#6124=ORIENTED_EDGE('',*,*,#6123,.F.);
#6125=ORIENTED_EDGE('',*,*,#6109,.F.);
#6126=EDGE_LOOP('',(#6120,#6122,#6124,#6125));
#6127=FACE_OUTER_BOUND('',#6126,.F.);
#6128=ADVANCED_FACE('',(#6127),#6119,.T.);
#6129=CARTESIAN_POINT('',(-2.85E0,1.43E0,-2.063397459622E0));
#6130=DIRECTION('',(-2.588190451025E-1,0.E0,9.659258262891E-1));
#6131=DIRECTION('',(0.E0,-1.E0,0.E0));
#6132=AXIS2_PLACEMENT_3D('',#6129,#6130,#6131);
#6133=PLANE('',#6132);
#6134=ORIENTED_EDGE('',*,*,#3584,.F.);
#6135=ORIENTED_EDGE('',*,*,#3140,.F.);
#6136=ORIENTED_EDGE('',*,*,#6121,.F.);
#6137=ORIENTED_EDGE('',*,*,#3728,.T.);
#6138=ORIENTED_EDGE('',*,*,#6095,.T.);
#6139=EDGE_LOOP('',(#6134,#6135,#6136,#6137,#6138));
#6140=FACE_OUTER_BOUND('',#6139,.F.);
#6141=ADVANCED_FACE('',(#6140),#6133,.T.);
#6142=CARTESIAN_POINT('',(-2.9E0,2.68E0,-3.95E0));
#6143=DIRECTION('',(0.E0,1.E0,0.E0));
#6144=DIRECTION('',(0.E0,0.E0,1.E0));
#6145=AXIS2_PLACEMENT_3D('',#6142,#6143,#6144);
#6146=PLANE('',#6145);
#6147=ORIENTED_EDGE('',*,*,#6123,.T.);
#6148=ORIENTED_EDGE('',*,*,#3138,.F.);
#6149=ORIENTED_EDGE('',*,*,#3109,.T.);
#6150=ORIENTED_EDGE('',*,*,#3024,.T.);
#6151=EDGE_LOOP('',(#6147,#6148,#6149,#6150));
#6152=FACE_OUTER_BOUND('',#6151,.F.);
#6153=ADVANCED_FACE('',(#6152),#6146,.F.);
#6154=CARTESIAN_POINT('',(-4.1E0,7.599999999999E-1,-3.9E0));
#6155=DIRECTION('',(0.E0,0.E0,-1.E0));
#6156=DIRECTION('',(0.E0,1.E0,0.E0));
#6157=AXIS2_PLACEMENT_3D('',#6154,#6155,#6156);
#6158=PLANE('',#6157);
#6160=ORIENTED_EDGE('',*,*,#6159,.T.);
#6161=ORIENTED_EDGE('',*,*,#3144,.T.);
#6162=ORIENTED_EDGE('',*,*,#3553,.F.);
#6163=ORIENTED_EDGE('',*,*,#3018,.F.);
#6164=EDGE_LOOP('',(#6160,#6161,#6162,#6163));
#6165=FACE_OUTER_BOUND('',#6164,.F.);
#6166=ADVANCED_FACE('',(#6165),#6158,.T.);
#6167=CARTESIAN_POINT('',(-4.1E0,7.599999999999E-1,-4.5E0));
#6168=DIRECTION('',(0.E0,1.E0,0.E0));
#6169=DIRECTION('',(0.E0,0.E0,1.E0));
#6170=AXIS2_PLACEMENT_3D('',#6167,#6168,#6169);
#6171=PLANE('',#6170);
#6172=ORIENTED_EDGE('',*,*,#6159,.F.);
#6173=ORIENTED_EDGE('',*,*,#3016,.F.);
#6175=ORIENTED_EDGE('',*,*,#6174,.T.);
#6176=ORIENTED_EDGE('',*,*,#3146,.F.);
#6177=EDGE_LOOP('',(#6172,#6173,#6175,#6176));
#6178=FACE_OUTER_BOUND('',#6177,.F.);
#6179=ADVANCED_FACE('',(#6178),#6171,.T.);
#6180=CARTESIAN_POINT('',(-4.1E0,6.799999999999E-1,-4.7E0));
#6181=DIRECTION('',(0.E0,9.284766908853E-1,-3.713906763541E-1));
#6182=DIRECTION('',(0.E0,3.713906763541E-1,9.284766908853E-1));
#6183=AXIS2_PLACEMENT_3D('',#6180,#6181,#6182);
#6184=PLANE('',#6183);
#6185=ORIENTED_EDGE('',*,*,#3148,.T.);
#6186=ORIENTED_EDGE('',*,*,#6174,.F.);
#6187=ORIENTED_EDGE('',*,*,#3014,.F.);
#6188=ORIENTED_EDGE('',*,*,#3180,.T.);
#6189=EDGE_LOOP('',(#6185,#6186,#6187,#6188));
#6190=FACE_OUTER_BOUND('',#6189,.F.);
#6191=ADVANCED_FACE('',(#6190),#6184,.T.);
#6192=CLOSED_SHELL('',(#2952,#2968,#2984,#3004,#3047,#3062,#3085,#3099,#3113,
#3152,#3200,#3217,#3235,#3246,#3259,#3275,#3292,#3306,#3319,#3331,#3363,#3376,
#3389,#3402,#3430,#3443,#3455,#3470,#3485,#3499,#3513,#3527,#3541,#3557,#3571,
#3594,#3607,#3619,#3632,#3644,#3658,#3671,#3684,#3697,#3710,#3767,#3782,#3797,
#3828,#3844,#3861,#3920,#3934,#3948,#3964,#3996,#4037,#4088,#4105,#4123,#4134,
#4147,#4163,#4180,#4194,#4207,#4219,#4252,#4266,#4279,#4292,#4320,#4333,#4345,
#4360,#4375,#4389,#4403,#4417,#4431,#4448,#4462,#4485,#4498,#4511,#4526,#4544,
#4558,#4594,#4607,#4620,#4632,#4647,#4658,#4670,#4684,#4697,#4710,#4722,#4735,
#4747,#4760,#4772,#4785,#4797,#4811,#4824,#4837,#4850,#4862,#4903,#4954,#4971,
#4989,#5000,#5013,#5029,#5046,#5060,#5073,#5085,#5118,#5132,#5145,#5158,#5186,
#5199,#5211,#5226,#5241,#5255,#5269,#5283,#5297,#5314,#5328,#5351,#5364,#5377,
#5392,#5410,#5424,#5460,#5473,#5486,#5498,#5513,#5524,#5536,#5550,#5563,#5576,
#5588,#5601,#5613,#5626,#5638,#5651,#5663,#5677,#5690,#5703,#5716,#5728,#5741,
#5753,#5765,#5777,#5793,#5806,#5820,#5835,#5860,#5873,#5888,#5904,#5919,#5933,
#5947,#5960,#5972,#5987,#5999,#6013,#6026,#6039,#6051,#6064,#6076,#6088,#6100,
#6114,#6128,#6141,#6153,#6166,#6179,#6191));
#6193=MANIFOLD_SOLID_BREP('',#6192);
#6194=CARTESIAN_POINT('',(0.E0,0.E0,0.E0));
#6195=DIRECTION('',(0.E0,0.E0,1.E0));
#6196=DIRECTION('',(1.E0,0.E0,0.E0));
#6197=AXIS2_PLACEMENT_3D('CSYS',#6194,#6195,#6196);
#6198=CARTESIAN_POINT('',(-3.5E0,4.599999999999E-1,-5.25E0));
#6199=DIRECTION('',(0.E0,0.E0,-1.E0));
#6200=DIRECTION('',(-1.E0,0.E0,0.E0));
#6201=AXIS2_PLACEMENT_3D('',#6198,#6199,#6200);
#6205=CARTESIAN_POINT('',(-3.5E0,4.599999999999E-1,-5.25E0));
#6206=DIRECTION('',(0.E0,0.E0,-1.E0));
#6207=DIRECTION('',(1.E0,0.E0,0.E0));
#6208=AXIS2_PLACEMENT_3D('',#6205,#6206,#6207);
#6214=CARTESIAN_POINT('',(0.E0,4.599999999999E-1,-5.25E0));
#6215=DIRECTION('',(0.E0,0.E0,-1.E0));
#6216=DIRECTION('',(-1.E0,0.E0,0.E0));
#6217=AXIS2_PLACEMENT_3D('',#6214,#6215,#6216);
#6221=CARTESIAN_POINT('',(0.E0,4.599999999999E-1,-5.25E0));
#6222=DIRECTION('',(0.E0,0.E0,-1.E0));
#6223=DIRECTION('',(1.E0,0.E0,0.E0));
#6224=AXIS2_PLACEMENT_3D('',#6221,#6222,#6223);
#6229=CARTESIAN_POINT('',(3.5E0,4.599999999999E-1,-5.25E0));
#6230=DIRECTION('',(0.E0,0.E0,-1.E0));
#6231=DIRECTION('',(-1.E0,0.E0,0.E0));
#6232=AXIS2_PLACEMENT_3D('',#6229,#6230,#6231);
#6236=CARTESIAN_POINT('',(3.5E0,4.599999999999E-1,-5.25E0));
#6237=DIRECTION('',(0.E0,0.E0,-1.E0));
#6238=DIRECTION('',(1.E0,0.E0,0.E0));
#6239=AXIS2_PLACEMENT_3D('',#6236,#6237,#6238);
#6244=CARTESIAN_POINT('',(-3.5E0,4.8E-1,-8.75E0));
#6245=DIRECTION('',(0.E0,0.E0,1.E0));
#6246=DIRECTION('',(1.E0,0.E0,0.E0));
#6247=AXIS2_PLACEMENT_3D('CKT_1',#6244,#6245,#6246);
#6248=DIRECTION('',(0.E0,1.E0,0.E0));
#6249=VECTOR('',#6248,2.116583821500E0);
#6250=CARTESIAN_POINT('',(-4.366224965691E0,-2.614055606406E0,-2.05E0));
#6251=LINE('',#6250,#6249);
#6253=DIRECTION('',(-1.E0,0.E0,0.E0));
#6254=VECTOR('',#6253,2.645729776875E-1);
#6255=CARTESIAN_POINT('',(-4.366224965691E0,-4.974717849061E-1,-2.05E0));
#6256=LINE('',#6255,#6254);
#6258=DIRECTION('',(-6.428712937139E-1,-7.659742160926E-1,0.E0));
#6259=VECTOR('',#6258,4.115489060945E-1);
#6260=CARTESIAN_POINT('',(-4.630797943379E0,-4.974717849061E-1,-2.05E0));
#6261=LINE('',#6260,#6259);
#6263=DIRECTION('',(0.E0,-1.E0,0.E0));
#6264=VECTOR('',#6263,3.602696698491E-1);
#6265=CARTESIAN_POINT('',(-4.895370921067E0,-8.127076356356E-1,-2.05E0));
#6266=LINE('',#6265,#6264);
#6268=DIRECTION('',(6.428711427642E-1,7.659743427825E-1,0.E0));
#6269=VECTOR('',#6268,4.115490027285E-1);
#6270=CARTESIAN_POINT('',(-4.895370921067E0,-1.172977305485E0,-2.05E0));
#6271=LINE('',#6270,#6269);
#6273=DIRECTION('',(0.E0,-1.E0,0.E0));
#6274=VECTOR('',#6273,1.756314277809E0);
#6275=CARTESIAN_POINT('',(-4.630797943379E0,-8.577413285970E-1,-2.05E0));
#6276=LINE('',#6275,#6274);
#6278=DIRECTION('',(1.E0,0.E0,0.E0));
#6279=VECTOR('',#6278,2.645729776875E-1);
#6280=CARTESIAN_POINT('',(-4.630797943379E0,-2.614055606406E0,-2.05E0));
#6281=LINE('',#6280,#6279);
#6284=DIMENSIONAL_EXPONENTS(0.E0,0.E0,0.E0,0.E0,0.E0,0.E0,0.E0);
#6286=PLANE_ANGLE_MEASURE_WITH_UNIT(PLANE_ANGLE_MEASURE(1.745329251994E-2),
#6285);
#6287=(CONVERSION_BASED_UNIT('DEGREE',#6286)NAMED_UNIT(*)PLANE_ANGLE_UNIT());
#6289=UNCERTAINTY_MEASURE_WITH_UNIT(LENGTH_MEASURE(2.056182566983E-3),#6283,
'closure',
'Maximum model space distance between geometric entities at asserted connectivities');
#6290=(GEOMETRIC_REPRESENTATION_CONTEXT(3)GLOBAL_UNCERTAINTY_ASSIGNED_CONTEXT((
#6289))GLOBAL_UNIT_ASSIGNED_CONTEXT((#6283,#6287,#6288))REPRESENTATION_CONTEXT(
'ID1','3'));
#6213=GEOMETRIC_SET('',(#6212,#6228,#6243,#6252,#6257,#6262,#6267,#6272,#6277,
#6282));
#6294=SHAPE_REPRESENTATION_RELATIONSHIP('','',#6293,#6291);
#6295=SHAPE_REPRESENTATION_RELATIONSHIP('','',#6293,#6292);
#6296=APPLICATION_CONTEXT(
'CONFIGURATION CONTROLLED 3D DESIGNS OF MECHANICAL PARTS AND ASSEMBLIES');
#6297=APPLICATION_PROTOCOL_DEFINITION('international standard',
'config_control_design',1994,#6296);
#6298=DESIGN_CONTEXT('',#6296,'design');
#6299=MECHANICAL_CONTEXT('',#6296,'mechanical');
#6300=PRODUCT('532580329','532580329','NOT SPECIFIED',(#6299));
#6301=PRODUCT_DEFINITION_FORMATION_WITH_SPECIFIED_SOURCE('4','LAST_VERSION',
#6300,.MADE.);
#6305=PRODUCT_CATEGORY('part','');
#6306=PRODUCT_RELATED_PRODUCT_CATEGORY('detail','',(#6300));
#6307=PRODUCT_CATEGORY_RELATIONSHIP('','',#6305,#6306);
#6308=SECURITY_CLASSIFICATION_LEVEL('unclassified');
#6309=SECURITY_CLASSIFICATION('','',#6308);
#6310=CC_DESIGN_SECURITY_CLASSIFICATION(#6309,(#6301));
#6311=APPROVAL_STATUS('approved');
#6312=APPROVAL(#6311,'');
#6313=CC_DESIGN_APPROVAL(#6312,(#6309,#6301,#6302));
#6314=CALENDAR_DATE(116,29,9);
#6315=COORDINATED_UNIVERSAL_TIME_OFFSET(5,30,.AHEAD.);
#6316=LOCAL_TIME(11,18,5.4E1,#6315);
#6317=DATE_AND_TIME(#6314,#6316);
#6318=APPROVAL_DATE_TIME(#6317,#6312);
#6319=DATE_TIME_ROLE('creation_date');
#6320=CC_DESIGN_DATE_AND_TIME_ASSIGNMENT(#6317,#6319,(#6302));
#6321=DATE_TIME_ROLE('classification_date');
#6322=CC_DESIGN_DATE_AND_TIME_ASSIGNMENT(#6317,#6321,(#6309));
#6323=PERSON('UNSPECIFIED','UNSPECIFIED',$,$,$,$);
#6324=ORGANIZATION('UNSPECIFIED','UNSPECIFIED','UNSPECIFIED');
#6325=PERSON_AND_ORGANIZATION(#6323,#6324);
#6326=APPROVAL_ROLE('approver');
#6327=APPROVAL_PERSON_ORGANIZATION(#6325,#6312,#6326);
#6328=PERSON_AND_ORGANIZATION_ROLE('creator');
#6329=CC_DESIGN_PERSON_AND_ORGANIZATION_ASSIGNMENT(#6325,#6328,(#6301,#6302));
#6330=PERSON_AND_ORGANIZATION_ROLE('design_supplier');
#6331=CC_DESIGN_PERSON_AND_ORGANIZATION_ASSIGNMENT(#6325,#6330,(#6301));
#6332=PERSON_AND_ORGANIZATION_ROLE('classification_officer');
#6333=CC_DESIGN_PERSON_AND_ORGANIZATION_ASSIGNMENT(#6325,#6332,(#6309));
#6334=PERSON_AND_ORGANIZATION_ROLE('design_owner');
#6335=CC_DESIGN_PERSON_AND_ORGANIZATION_ASSIGNMENT(#6325,#6334,(#6300));
#725=CIRCLE('',#724,5.5E-1);
#758=CIRCLE('',#757,5.5E-1);
#2063=CIRCLE('',#2062,5.5E-1);
#2076=CIRCLE('',#2075,5.5E-1);
#2942=EDGE_CURVE('',#2353,#2345,#100,.T.);
#2944=EDGE_CURVE('',#2353,#2227,#4,.T.);
#2946=EDGE_CURVE('',#2227,#2228,#8,.T.);
#2948=EDGE_CURVE('',#2228,#2345,#12,.T.);
#2958=EDGE_CURVE('',#2385,#2377,#1878,.T.);
#2960=EDGE_CURVE('',#2385,#2349,#16,.T.);
#2962=EDGE_CURVE('',#2341,#2349,#152,.T.);
#2964=EDGE_CURVE('',#2341,#2377,#20,.T.);
#2974=EDGE_CURVE('',#2417,#2409,#1310,.T.);
#2976=EDGE_CURVE('',#2417,#2381,#24,.T.);
#2978=EDGE_CURVE('',#2373,#2381,#1446,.T.);
#2980=EDGE_CURVE('',#2373,#2409,#28,.T.);
#2990=EDGE_CURVE('',#2405,#2413,#878,.T.);
#2992=EDGE_CURVE('',#2405,#2238,#32,.T.);
#2994=EDGE_CURVE('',#2238,#2421,#36,.T.);
#2996=EDGE_CURVE('',#2421,#2422,#40,.T.);
#2998=EDGE_CURVE('',#2424,#2422,#44,.T.);
#3000=EDGE_CURVE('',#2424,#2413,#48,.T.);
#3010=EDGE_CURVE('',#2878,#2337,#128,.T.);
#3012=EDGE_CURVE('',#2878,#2860,#52,.T.);
#3014=EDGE_CURVE('',#2860,#2476,#56,.T.);
#3016=EDGE_CURVE('',#2476,#2467,#60,.T.);
#3018=EDGE_CURVE('',#2467,#2474,#64,.T.);
#3020=EDGE_CURVE('',#2474,#2835,#68,.T.);
#3022=EDGE_CURVE('',#2835,#2801,#72,.T.);
#3024=EDGE_CURVE('',#2440,#2801,#76,.T.);
#3026=EDGE_CURVE('',#2439,#2440,#80,.T.);
#3028=EDGE_CURVE('',#2443,#2439,#84,.T.);
#3030=EDGE_CURVE('',#2334,#2443,#88,.T.);
#3032=EDGE_CURVE('',#2333,#2334,#92,.T.);
#3034=EDGE_CURVE('',#2354,#2333,#96,.T.);
#3036=EDGE_CURVE('',#2353,#2354,#766,.T.);
#3039=EDGE_CURVE('',#2345,#2346,#854,.T.);
#3041=EDGE_CURVE('',#2338,#2346,#104,.T.);
#3043=EDGE_CURVE('',#2337,#2338,#108,.T.);
#3053=EDGE_CURVE('',#2443,#2444,#112,.T.);
#3055=EDGE_CURVE('',#2326,#2444,#164,.T.);
#3057=EDGE_CURVE('',#2326,#2334,#116,.T.);
#3068=EDGE_CURVE('',#2880,#2329,#140,.T.);
#3070=EDGE_CURVE('',#2880,#2522,#236,.T.);
#3072=EDGE_CURVE('',#2522,#2506,#120,.T.);
#3074=EDGE_CURVE('',#2495,#2506,#124,.T.);
#3076=EDGE_CURVE('',#2514,#2495,#372,.T.);
#3078=EDGE_CURVE('',#2878,#2514,#240,.T.);
#3081=EDGE_CURVE('',#2329,#2337,#2002,.T.);
#3093=EDGE_CURVE('',#2435,#2439,#132,.T.);
#3095=EDGE_CURVE('',#2444,#2435,#168,.T.);
#3105=EDGE_CURVE('',#2435,#2436,#172,.T.);
#3109=EDGE_CURVE('',#2436,#2440,#2212,.T.);
#3119=EDGE_CURVE('',#2880,#2858,#136,.T.);
#3122=EDGE_CURVE('',#2329,#2330,#144,.T.);
#3124=EDGE_CURVE('',#2330,#2342,#148,.T.);
#3126=EDGE_CURVE('',#2341,#2342,#846,.T.);
#3129=EDGE_CURVE('',#2349,#2350,#774,.T.);
#3131=EDGE_CURVE('',#2350,#2325,#156,.T.);
#3133=EDGE_CURVE('',#2325,#2326,#160,.T.);
#3138=EDGE_CURVE('',#2436,#2802,#176,.T.);
#3140=EDGE_CURVE('',#2802,#2831,#180,.T.);
#3142=EDGE_CURVE('',#2472,#2831,#184,.T.);
#3144=EDGE_CURVE('',#2468,#2472,#188,.T.);
#3146=EDGE_CURVE('',#2468,#2470,#192,.T.);
#3148=EDGE_CURVE('',#2858,#2470,#196,.T.);
#3158=EDGE_CURVE('',#2542,#2550,#200,.T.);
#3160=EDGE_CURVE('',#2550,#2552,#204,.T.);
#3162=EDGE_CURVE('',#2544,#2552,#208,.T.);
#3164=EDGE_CURVE('',#2544,#2548,#212,.T.);
#3166=EDGE_CURVE('',#2548,#2526,#216,.T.);
#3168=EDGE_CURVE('',#2526,#2528,#220,.T.);
#3170=EDGE_CURVE('',#2492,#2528,#224,.T.);
#3172=EDGE_CURVE('',#2492,#2488,#468,.T.);
#3174=EDGE_CURVE('',#2488,#2524,#228,.T.);
#3176=EDGE_CURVE('',#2524,#2522,#232,.T.);
#3180=EDGE_CURVE('',#2860,#2858,#2224,.T.);
#3184=EDGE_CURVE('',#2514,#2516,#244,.T.);
#3186=EDGE_CURVE('',#2516,#2480,#248,.T.);
#3188=EDGE_CURVE('',#2484,#2480,#392,.T.);
#3190=EDGE_CURVE('',#2484,#2518,#252,.T.);
#3192=EDGE_CURVE('',#2518,#2520,#256,.T.);
#3194=EDGE_CURVE('',#2546,#2520,#260,.T.);
#3196=EDGE_CURVE('',#2546,#2542,#264,.T.);
#3206=EDGE_CURVE('',#2538,#2535,#268,.T.);
#3208=EDGE_CURVE('',#2535,#2531,#324,.T.);
#3210=EDGE_CURVE('',#2550,#2531,#328,.T.);
#3213=EDGE_CURVE('',#2538,#2542,#276,.T.);
#3224=EDGE_CURVE('',#2538,#2546,#280,.T.);
#3227=EDGE_CURVE('',#2520,#2500,#272,.T.);
#3229=EDGE_CURVE('',#2500,#2502,#356,.T.);
#3231=EDGE_CURVE('',#2502,#2535,#304,.T.);
#3252=EDGE_CURVE('',#2540,#2544,#284,.T.);
#3254=EDGE_CURVE('',#2540,#2548,#288,.T.);
#3265=EDGE_CURVE('',#2540,#2536,#296,.T.);
#3269=EDGE_CURVE('',#2552,#2532,#292,.T.);
#3271=EDGE_CURVE('',#2532,#2536,#316,.T.);
#3282=EDGE_CURVE('',#2509,#2536,#312,.T.);
#3284=EDGE_CURVE('',#2509,#2510,#352,.T.);
#3286=EDGE_CURVE('',#2526,#2510,#520,.T.);
#3298=EDGE_CURVE('',#2535,#2536,#300,.T.);
#3301=EDGE_CURVE('',#2502,#2509,#308,.T.);
#3314=EDGE_CURVE('',#2531,#2532,#320,.T.);
#3337=EDGE_CURVE('',#2495,#2496,#332,.T.);
#3340=EDGE_CURVE('',#2504,#2506,#336,.T.);
#3342=EDGE_CURVE('',#2487,#2504,#340,.T.);
#3344=EDGE_CURVE('',#2487,#2491,#476,.T.);
#3346=EDGE_CURVE('',#2512,#2491,#344,.T.);
#3348=EDGE_CURVE('',#2510,#2512,#348,.T.);
#3353=EDGE_CURVE('',#2498,#2500,#360,.T.);
#3355=EDGE_CURVE('',#2483,#2498,#364,.T.);
#3357=EDGE_CURVE('',#2479,#2483,#384,.T.);
#3359=EDGE_CURVE('',#2496,#2479,#368,.T.);
#3370=EDGE_CURVE('',#2516,#2496,#376,.T.);
#3382=EDGE_CURVE('',#2479,#2480,#380,.T.);
#3397=EDGE_CURVE('',#2483,#2484,#388,.T.);
#3408=EDGE_CURVE('',#2902,#2898,#396,.T.);
#3410=EDGE_CURVE('',#2902,#2463,#400,.T.);
#3412=EDGE_CURVE('',#2463,#2855,#404,.T.);
#3414=EDGE_CURVE('',#2836,#2855,#2176,.T.);
#3416=EDGE_CURVE('',#2835,#2836,#2188,.T.);
#3418=EDGE_CURVE('',#2835,#2447,#408,.T.);
#3420=EDGE_CURVE('',#2447,#2448,#412,.T.);
#3422=EDGE_CURVE('',#2448,#2450,#416,.T.);
#3424=EDGE_CURVE('',#2450,#2452,#420,.T.);
#3426=EDGE_CURVE('',#2452,#2898,#424,.T.);
#3438=EDGE_CURVE('',#2518,#2498,#428,.T.);
#3462=EDGE_CURVE('',#2900,#2898,#432,.T.);
#3464=EDGE_CURVE('',#2904,#2900,#536,.T.);
#3466=EDGE_CURVE('',#2904,#2902,#544,.T.);
#3476=EDGE_CURVE('',#2895,#2898,#440,.T.);
#3478=EDGE_CURVE('',#2891,#2895,#436,.T.);
#3480=EDGE_CURVE('',#2891,#2900,#540,.T.);
#3493=EDGE_CURVE('',#2452,#2460,#444,.T.);
#3495=EDGE_CURVE('',#2460,#2895,#484,.T.);
#3506=EDGE_CURVE('',#2450,#2458,#448,.T.);
#3508=EDGE_CURVE('',#2458,#2460,#488,.T.);
#3520=EDGE_CURVE('',#2448,#2456,#452,.T.);
#3522=EDGE_CURVE('',#2456,#2458,#492,.T.);
#3534=EDGE_CURVE('',#2447,#2455,#456,.T.);
#3536=EDGE_CURVE('',#2455,#2456,#496,.T.);
#3548=EDGE_CURVE('',#2831,#2455,#500,.T.);
#3553=EDGE_CURVE('',#2474,#2472,#460,.T.);
#3563=EDGE_CURVE('',#2487,#2488,#464,.T.);
#3566=EDGE_CURVE('',#2491,#2492,#472,.T.);
#3577=EDGE_CURVE('',#2895,#2896,#480,.T.);
#3584=EDGE_CURVE('',#2831,#2832,#2200,.T.);
#3586=EDGE_CURVE('',#2832,#2856,#2184,.T.);
#3588=EDGE_CURVE('',#2464,#2856,#504,.T.);
#3590=EDGE_CURVE('',#2896,#2464,#508,.T.);
#3602=EDGE_CURVE('',#2524,#2504,#512,.T.);
#3627=EDGE_CURVE('',#2528,#2512,#516,.T.);
#3650=EDGE_CURVE('',#2891,#2892,#528,.T.);
#3654=EDGE_CURVE('',#2892,#2896,#524,.T.);
#3665=EDGE_CURVE('',#2892,#2904,#532,.T.);
#3677=EDGE_CURVE('',#2896,#2902,#548,.T.);
#3692=EDGE_CURVE('',#2463,#2464,#552,.T.);
#3703=EDGE_CURVE('',#2855,#2856,#592,.T.);
#3716=EDGE_CURVE('',#2241,#2242,#556,.T.);
#3718=EDGE_CURVE('',#2246,#2241,#560,.T.);
#3720=EDGE_CURVE('',#2244,#2246,#564,.T.);
#3722=EDGE_CURVE('',#2242,#2244,#568,.T.);
#3726=EDGE_CURVE('',#2804,#2856,#572,.T.);
#3728=EDGE_CURVE('',#2798,#2804,#576,.T.);
#3730=EDGE_CURVE('',#2796,#2798,#580,.T.);
#3732=EDGE_CURVE('',#2795,#2796,#584,.T.);
#3734=EDGE_CURVE('',#2855,#2795,#588,.T.);
#3739=EDGE_CURVE('',#2816,#2864,#596,.T.);
#3741=EDGE_CURVE('',#2810,#2816,#600,.T.);
#3743=EDGE_CURVE('',#2808,#2810,#604,.T.);
#3745=EDGE_CURVE('',#2807,#2808,#608,.T.);
#3747=EDGE_CURVE('',#2863,#2807,#612,.T.);
#3749=EDGE_CURVE('',#2863,#2864,#616,.T.);
#3753=EDGE_CURVE('',#2828,#2872,#620,.T.);
#3755=EDGE_CURVE('',#2822,#2828,#624,.T.);
#3757=EDGE_CURVE('',#2820,#2822,#628,.T.);
#3759=EDGE_CURVE('',#2819,#2820,#632,.T.);
#3761=EDGE_CURVE('',#2871,#2819,#636,.T.);
#3763=EDGE_CURVE('',#2871,#2872,#640,.T.);
#3773=EDGE_CURVE('',#2262,#2253,#656,.T.);
#3775=EDGE_CURVE('',#2262,#2241,#644,.T.);
#3778=EDGE_CURVE('',#2253,#2242,#2168,.T.);
#3788=EDGE_CURVE('',#2260,#2249,#648,.T.);
#3790=EDGE_CURVE('',#2260,#2262,#652,.T.);
#3793=EDGE_CURVE('',#2249,#2253,#660,.T.);
#3803=EDGE_CURVE('',#2265,#2266,#664,.T.);
#3805=EDGE_CURVE('',#2266,#2260,#2022,.T.);
#3808=EDGE_CURVE('',#2249,#2250,#2160,.T.);
#3810=EDGE_CURVE('',#2250,#2256,#2148,.T.);
#3812=EDGE_CURVE('',#2256,#2270,#2030,.T.);
#3814=EDGE_CURVE('',#2269,#2270,#668,.T.);
#3816=EDGE_CURVE('',#2236,#2269,#672,.T.);
#3818=EDGE_CURVE('',#2234,#2236,#676,.T.);
#3820=EDGE_CURVE('',#2232,#2234,#680,.T.);
#3822=EDGE_CURVE('',#2231,#2232,#684,.T.);
#3824=EDGE_CURVE('',#2265,#2231,#688,.T.);
#3834=EDGE_CURVE('',#2301,#2302,#692,.T.);
#3836=EDGE_CURVE('',#2302,#2297,#696,.T.);
#3838=EDGE_CURVE('',#2297,#2298,#2042,.T.);
#3840=EDGE_CURVE('',#2301,#2298,#700,.T.);
#3851=EDGE_CURVE('',#2265,#2272,#762,.T.);
#3853=EDGE_CURVE('',#2272,#2282,#704,.T.);
#3855=EDGE_CURVE('',#2281,#2282,#2058,.T.);
#3857=EDGE_CURVE('',#2266,#2281,#2014,.T.);
#3867=EDGE_CURVE('',#2424,#2430,#708,.T.);
#3869=EDGE_CURVE('',#2428,#2430,#712,.T.);
#3871=EDGE_CURVE('',#2428,#2236,#716,.T.);
#3874=EDGE_CURVE('',#2269,#2274,#720,.T.);
#3876=EDGE_CURVE('',#2274,#2276,#725,.T.);
#3878=EDGE_CURVE('',#2276,#2304,#729,.T.);
#3880=EDGE_CURVE('',#2321,#2304,#733,.T.);
#3882=EDGE_CURVE('',#2321,#2322,#737,.T.);
#3884=EDGE_CURVE('',#2318,#2322,#741,.T.);
#3886=EDGE_CURVE('',#2317,#2318,#745,.T.);
#3888=EDGE_CURVE('',#2306,#2317,#749,.T.);
#3890=EDGE_CURVE('',#2306,#2278,#753,.T.);
#3892=EDGE_CURVE('',#2278,#2272,#758,.T.);
#3896=EDGE_CURVE('',#2227,#2231,#2006,.T.);
#3900=EDGE_CURVE('',#2354,#2350,#770,.T.);
#3904=EDGE_CURVE('',#2385,#2386,#778,.T.);
#3906=EDGE_CURVE('',#2386,#2382,#782,.T.);
#3908=EDGE_CURVE('',#2381,#2382,#786,.T.);
#3911=EDGE_CURVE('',#2417,#2418,#790,.T.);
#3913=EDGE_CURVE('',#2418,#2414,#794,.T.);
#3915=EDGE_CURVE('',#2413,#2414,#798,.T.);
#3927=EDGE_CURVE('',#2422,#2432,#806,.T.);
#3929=EDGE_CURVE('',#2430,#2432,#2010,.T.);
#3941=EDGE_CURVE('',#2421,#2426,#810,.T.);
#3943=EDGE_CURVE('',#2432,#2426,#802,.T.);
#3956=EDGE_CURVE('',#2238,#2234,#814,.T.);
#3960=EDGE_CURVE('',#2428,#2426,#818,.T.);
#3970=EDGE_CURVE('',#2405,#2406,#822,.T.);
#3972=EDGE_CURVE('',#2410,#2406,#826,.T.);
#3974=EDGE_CURVE('',#2409,#2410,#830,.T.);
#3977=EDGE_CURVE('',#2373,#2374,#834,.T.);
#3979=EDGE_CURVE('',#2378,#2374,#838,.T.);
#3981=EDGE_CURVE('',#2377,#2378,#842,.T.);
#3985=EDGE_CURVE('',#2346,#2342,#850,.T.);
#3989=EDGE_CURVE('',#2228,#2232,#858,.T.);
#4002=EDGE_CURVE('',#2888,#2874,#862,.T.);
#4004=EDGE_CURVE('',#2888,#2393,#866,.T.);
#4006=EDGE_CURVE('',#2393,#2394,#870,.T.);
#4008=EDGE_CURVE('',#2394,#2406,#874,.T.);
#4013=EDGE_CURVE('',#2414,#2389,#882,.T.);
#4015=EDGE_CURVE('',#2389,#2390,#886,.T.);
#4017=EDGE_CURVE('',#2390,#2576,#890,.T.);
#4019=EDGE_CURVE('',#2576,#2567,#894,.T.);
#4021=EDGE_CURVE('',#2567,#2568,#898,.T.);
#4023=EDGE_CURVE('',#2568,#2826,#902,.T.);
#4025=EDGE_CURVE('',#2826,#2847,#906,.T.);
#4027=EDGE_CURVE('',#2632,#2847,#910,.T.);
#4029=EDGE_CURVE('',#2631,#2632,#914,.T.);
#4031=EDGE_CURVE('',#2634,#2631,#918,.T.);
#4033=EDGE_CURVE('',#2874,#2634,#922,.T.);
#4043=EDGE_CURVE('',#2782,#2790,#926,.T.);
#4045=EDGE_CURVE('',#2790,#2792,#930,.T.);
#4047=EDGE_CURVE('',#2784,#2792,#934,.T.);
#4049=EDGE_CURVE('',#2784,#2788,#938,.T.);
#4051=EDGE_CURVE('',#2788,#2742,#942,.T.);
#4053=EDGE_CURVE('',#2742,#2744,#946,.T.);
#4055=EDGE_CURVE('',#2708,#2744,#950,.T.);
#4057=EDGE_CURVE('',#2708,#2704,#1194,.T.);
#4059=EDGE_CURVE('',#2704,#2740,#954,.T.);
#4061=EDGE_CURVE('',#2740,#2738,#958,.T.);
#4063=EDGE_CURVE('',#2888,#2738,#962,.T.);
#4066=EDGE_CURVE('',#2876,#2874,#1322,.T.);
#4068=EDGE_CURVE('',#2886,#2876,#1262,.T.);
#4070=EDGE_CURVE('',#2886,#2730,#966,.T.);
#4072=EDGE_CURVE('',#2730,#2732,#970,.T.);
#4074=EDGE_CURVE('',#2732,#2696,#974,.T.);
#4076=EDGE_CURVE('',#2700,#2696,#1118,.T.);
#4078=EDGE_CURVE('',#2700,#2734,#978,.T.);
#4080=EDGE_CURVE('',#2734,#2736,#982,.T.);
#4082=EDGE_CURVE('',#2786,#2736,#986,.T.);
#4084=EDGE_CURVE('',#2786,#2782,#990,.T.);
#4094=EDGE_CURVE('',#2778,#2775,#994,.T.);
#4096=EDGE_CURVE('',#2775,#2771,#1050,.T.);
#4098=EDGE_CURVE('',#2790,#2771,#1054,.T.);
#4101=EDGE_CURVE('',#2778,#2782,#1002,.T.);
#4112=EDGE_CURVE('',#2778,#2786,#1006,.T.);
#4115=EDGE_CURVE('',#2736,#2716,#998,.T.);
#4117=EDGE_CURVE('',#2716,#2718,#1082,.T.);
#4119=EDGE_CURVE('',#2718,#2775,#1030,.T.);
#4140=EDGE_CURVE('',#2780,#2784,#1010,.T.);
#4142=EDGE_CURVE('',#2780,#2788,#1014,.T.);
#4153=EDGE_CURVE('',#2780,#2776,#1022,.T.);
#4157=EDGE_CURVE('',#2792,#2772,#1018,.T.);
#4159=EDGE_CURVE('',#2772,#2776,#1042,.T.);
#4170=EDGE_CURVE('',#2725,#2776,#1038,.T.);
#4172=EDGE_CURVE('',#2725,#2726,#1078,.T.);
#4174=EDGE_CURVE('',#2742,#2726,#1394,.T.);
#4186=EDGE_CURVE('',#2775,#2776,#1026,.T.);
#4189=EDGE_CURVE('',#2718,#2725,#1034,.T.);
#4202=EDGE_CURVE('',#2771,#2772,#1046,.T.);
#4225=EDGE_CURVE('',#2711,#2712,#1058,.T.);
#4227=EDGE_CURVE('',#2711,#2722,#1254,.T.);
#4229=EDGE_CURVE('',#2720,#2722,#1062,.T.);
#4231=EDGE_CURVE('',#2703,#2720,#1066,.T.);
#4233=EDGE_CURVE('',#2703,#2707,#1202,.T.);
#4235=EDGE_CURVE('',#2728,#2707,#1070,.T.);
#4237=EDGE_CURVE('',#2726,#2728,#1074,.T.);
#4242=EDGE_CURVE('',#2714,#2716,#1086,.T.);
#4244=EDGE_CURVE('',#2699,#2714,#1090,.T.);
#4246=EDGE_CURVE('',#2695,#2699,#1110,.T.);
#4248=EDGE_CURVE('',#2712,#2695,#1094,.T.);
#4259=EDGE_CURVE('',#2732,#2712,#1102,.T.);
#4262=EDGE_CURVE('',#2730,#2711,#1098,.T.);
#4272=EDGE_CURVE('',#2695,#2696,#1106,.T.);
#4287=EDGE_CURVE('',#2699,#2700,#1114,.T.);
#4298=EDGE_CURVE('',#2934,#2930,#1122,.T.);
#4300=EDGE_CURVE('',#2934,#2627,#1126,.T.);
#4302=EDGE_CURVE('',#2627,#2871,#1130,.T.);
#4304=EDGE_CURVE('',#2852,#2871,#1342,.T.);
#4306=EDGE_CURVE('',#2851,#2852,#1334,.T.);
#4308=EDGE_CURVE('',#2851,#2611,#1134,.T.);
#4310=EDGE_CURVE('',#2611,#2612,#1138,.T.);
#4312=EDGE_CURVE('',#2612,#2614,#1142,.T.);
#4314=EDGE_CURVE('',#2614,#2616,#1146,.T.);
#4316=EDGE_CURVE('',#2616,#2930,#1150,.T.);
#4328=EDGE_CURVE('',#2734,#2714,#1154,.T.);
#4352=EDGE_CURVE('',#2932,#2930,#1158,.T.);
#4354=EDGE_CURVE('',#2936,#2932,#1410,.T.);
#4356=EDGE_CURVE('',#2936,#2934,#1418,.T.);
#4366=EDGE_CURVE('',#2927,#2930,#1166,.T.);
#4368=EDGE_CURVE('',#2923,#2927,#1162,.T.);
#4370=EDGE_CURVE('',#2923,#2932,#1414,.T.);
#4383=EDGE_CURVE('',#2616,#2624,#1170,.T.);
#4385=EDGE_CURVE('',#2624,#2927,#1210,.T.);
#4396=EDGE_CURVE('',#2614,#2622,#1174,.T.);
#4398=EDGE_CURVE('',#2622,#2624,#1214,.T.);
#4410=EDGE_CURVE('',#2612,#2620,#1178,.T.);
#4412=EDGE_CURVE('',#2620,#2622,#1218,.T.);
#4424=EDGE_CURVE('',#2611,#2619,#1182,.T.);
#4426=EDGE_CURVE('',#2619,#2620,#1222,.T.);
#4438=EDGE_CURVE('',#2847,#2619,#1226,.T.);
#4442=EDGE_CURVE('',#2638,#2851,#1278,.T.);
#4444=EDGE_CURVE('',#2638,#2632,#1186,.T.);
#4454=EDGE_CURVE('',#2703,#2704,#1190,.T.);
#4457=EDGE_CURVE('',#2707,#2708,#1198,.T.);
#4468=EDGE_CURVE('',#2927,#2928,#1206,.T.);
#4475=EDGE_CURVE('',#2847,#2848,#1354,.T.);
#4477=EDGE_CURVE('',#2848,#2872,#1350,.T.);
#4479=EDGE_CURVE('',#2628,#2872,#1230,.T.);
#4481=EDGE_CURVE('',#2928,#2628,#1234,.T.);
#4493=EDGE_CURVE('',#2740,#2720,#1238,.T.);
#4505=EDGE_CURVE('',#2738,#2722,#1250,.T.);
#4517=EDGE_CURVE('',#2575,#2576,#1242,.T.);
#4520=EDGE_CURVE('',#2390,#2398,#1246,.T.);
#4522=EDGE_CURVE('',#2398,#2575,#1298,.T.);
#4538=EDGE_CURVE('',#2886,#2401,#1258,.T.);
#4540=EDGE_CURVE('',#2393,#2401,#1386,.T.);
#4551=EDGE_CURVE('',#2575,#2571,#1294,.T.);
#4553=EDGE_CURVE('',#2567,#2571,#1374,.T.);
#4566=EDGE_CURVE('',#2876,#2640,#1266,.T.);
#4568=EDGE_CURVE('',#2640,#2637,#1270,.T.);
#4570=EDGE_CURVE('',#2637,#2638,#1274,.T.);
#4573=EDGE_CURVE('',#2851,#2825,#1282,.T.);
#4575=EDGE_CURVE('',#2572,#2825,#1286,.T.);
#4577=EDGE_CURVE('',#2571,#2572,#1290,.T.);
#4581=EDGE_CURVE('',#2397,#2398,#1302,.T.);
#4583=EDGE_CURVE('',#2418,#2397,#1306,.T.);
#4588=EDGE_CURVE('',#2402,#2410,#1314,.T.);
#4590=EDGE_CURVE('',#2401,#2402,#1318,.T.);
#4601=EDGE_CURVE('',#2640,#2634,#1326,.T.);
#4614=EDGE_CURVE('',#2637,#2631,#1330,.T.);
#4639=EDGE_CURVE('',#2819,#2852,#1346,.T.);
#4642=EDGE_CURVE('',#2820,#2825,#1338,.T.);
#4665=EDGE_CURVE('',#2828,#2848,#1358,.T.);
#4678=EDGE_CURVE('',#2822,#2826,#1362,.T.);
#4692=EDGE_CURVE('',#2825,#2826,#1366,.T.);
#4705=EDGE_CURVE('',#2568,#2572,#1370,.T.);
#4729=EDGE_CURVE('',#2389,#2397,#1378,.T.);
#4755=EDGE_CURVE('',#2394,#2402,#1382,.T.);
#4780=EDGE_CURVE('',#2744,#2728,#1390,.T.);
#4803=EDGE_CURVE('',#2923,#2924,#1402,.T.);
#4807=EDGE_CURVE('',#2924,#2928,#1398,.T.);
#4818=EDGE_CURVE('',#2924,#2936,#1406,.T.);
#4830=EDGE_CURVE('',#2928,#2934,#1422,.T.);
#4845=EDGE_CURVE('',#2627,#2628,#1426,.T.);
#4868=EDGE_CURVE('',#2884,#2866,#1430,.T.);
#4870=EDGE_CURVE('',#2884,#2361,#1434,.T.);
#4872=EDGE_CURVE('',#2361,#2362,#1438,.T.);
#4874=EDGE_CURVE('',#2362,#2374,#1442,.T.);
#4879=EDGE_CURVE('',#2382,#2357,#1450,.T.);
#4881=EDGE_CURVE('',#2357,#2358,#1454,.T.);
#4883=EDGE_CURVE('',#2358,#2564,#1458,.T.);
#4885=EDGE_CURVE('',#2564,#2555,#1462,.T.);
#4887=EDGE_CURVE('',#2555,#2556,#1466,.T.);
#4889=EDGE_CURVE('',#2556,#2814,#1470,.T.);
#4891=EDGE_CURVE('',#2814,#2839,#1474,.T.);
#4893=EDGE_CURVE('',#2600,#2839,#1478,.T.);
#4895=EDGE_CURVE('',#2599,#2600,#1482,.T.);
#4897=EDGE_CURVE('',#2602,#2599,#1486,.T.);
#4899=EDGE_CURVE('',#2866,#2602,#1490,.T.);
#4909=EDGE_CURVE('',#2758,#2766,#1494,.T.);
#4911=EDGE_CURVE('',#2766,#2768,#1498,.T.);
#4913=EDGE_CURVE('',#2760,#2768,#1502,.T.);
#4915=EDGE_CURVE('',#2760,#2764,#1506,.T.);
#4917=EDGE_CURVE('',#2764,#2690,#1510,.T.);
#4919=EDGE_CURVE('',#2690,#2692,#1514,.T.);
#4921=EDGE_CURVE('',#2656,#2692,#1518,.T.);
#4923=EDGE_CURVE('',#2656,#2652,#1762,.T.);
#4925=EDGE_CURVE('',#2652,#2688,#1522,.T.);
#4927=EDGE_CURVE('',#2688,#2686,#1526,.T.);
#4929=EDGE_CURVE('',#2884,#2686,#1530,.T.);
#4932=EDGE_CURVE('',#2868,#2866,#1890,.T.);
#4934=EDGE_CURVE('',#2882,#2868,#1830,.T.);
#4936=EDGE_CURVE('',#2882,#2678,#1534,.T.);
#4938=EDGE_CURVE('',#2678,#2680,#1538,.T.);
#4940=EDGE_CURVE('',#2680,#2644,#1542,.T.);
#4942=EDGE_CURVE('',#2648,#2644,#1686,.T.);
#4944=EDGE_CURVE('',#2648,#2682,#1546,.T.);
#4946=EDGE_CURVE('',#2682,#2684,#1550,.T.);
#4948=EDGE_CURVE('',#2762,#2684,#1554,.T.);
#4950=EDGE_CURVE('',#2762,#2758,#1558,.T.);
#4960=EDGE_CURVE('',#2754,#2751,#1562,.T.);
#4962=EDGE_CURVE('',#2751,#2747,#1618,.T.);
#4964=EDGE_CURVE('',#2766,#2747,#1622,.T.);
#4967=EDGE_CURVE('',#2754,#2758,#1570,.T.);
#4978=EDGE_CURVE('',#2754,#2762,#1574,.T.);
#4981=EDGE_CURVE('',#2684,#2664,#1566,.T.);
#4983=EDGE_CURVE('',#2664,#2666,#1650,.T.);
#4985=EDGE_CURVE('',#2666,#2751,#1598,.T.);
#5006=EDGE_CURVE('',#2756,#2760,#1578,.T.);
#5008=EDGE_CURVE('',#2756,#2764,#1582,.T.);
#5019=EDGE_CURVE('',#2756,#2752,#1590,.T.);
#5023=EDGE_CURVE('',#2768,#2748,#1586,.T.);
#5025=EDGE_CURVE('',#2748,#2752,#1610,.T.);
#5036=EDGE_CURVE('',#2673,#2752,#1606,.T.);
#5038=EDGE_CURVE('',#2673,#2674,#1646,.T.);
#5040=EDGE_CURVE('',#2690,#2674,#1962,.T.);
#5052=EDGE_CURVE('',#2751,#2752,#1594,.T.);
#5055=EDGE_CURVE('',#2666,#2673,#1602,.T.);
#5068=EDGE_CURVE('',#2747,#2748,#1614,.T.);
#5091=EDGE_CURVE('',#2659,#2660,#1626,.T.);
#5093=EDGE_CURVE('',#2659,#2670,#1822,.T.);
#5095=EDGE_CURVE('',#2668,#2670,#1630,.T.);
#5097=EDGE_CURVE('',#2651,#2668,#1634,.T.);
#5099=EDGE_CURVE('',#2651,#2655,#1770,.T.);
#5101=EDGE_CURVE('',#2676,#2655,#1638,.T.);
#5103=EDGE_CURVE('',#2674,#2676,#1642,.T.);
#5108=EDGE_CURVE('',#2662,#2664,#1654,.T.);
#5110=EDGE_CURVE('',#2647,#2662,#1658,.T.);
#5112=EDGE_CURVE('',#2643,#2647,#1678,.T.);
#5114=EDGE_CURVE('',#2660,#2643,#1662,.T.);
#5125=EDGE_CURVE('',#2680,#2660,#1670,.T.);
#5128=EDGE_CURVE('',#2678,#2659,#1666,.T.);
#5138=EDGE_CURVE('',#2643,#2644,#1674,.T.);
#5153=EDGE_CURVE('',#2647,#2648,#1682,.T.);
#5164=EDGE_CURVE('',#2918,#2914,#1690,.T.);
#5166=EDGE_CURVE('',#2918,#2595,#1694,.T.);
#5168=EDGE_CURVE('',#2595,#2863,#1698,.T.);
#5170=EDGE_CURVE('',#2844,#2863,#1910,.T.);
#5172=EDGE_CURVE('',#2843,#2844,#1902,.T.);
#5174=EDGE_CURVE('',#2843,#2579,#1702,.T.);
#5176=EDGE_CURVE('',#2579,#2580,#1706,.T.);
#5178=EDGE_CURVE('',#2580,#2582,#1710,.T.);
#5180=EDGE_CURVE('',#2582,#2584,#1714,.T.);
#5182=EDGE_CURVE('',#2584,#2914,#1718,.T.);
#5194=EDGE_CURVE('',#2682,#2662,#1722,.T.);
#5218=EDGE_CURVE('',#2916,#2914,#1726,.T.);
#5220=EDGE_CURVE('',#2920,#2916,#1978,.T.);
#5222=EDGE_CURVE('',#2920,#2918,#1986,.T.);
#5232=EDGE_CURVE('',#2911,#2914,#1734,.T.);
#5234=EDGE_CURVE('',#2907,#2911,#1730,.T.);
#5236=EDGE_CURVE('',#2907,#2916,#1982,.T.);
#5249=EDGE_CURVE('',#2584,#2592,#1738,.T.);
#5251=EDGE_CURVE('',#2592,#2911,#1778,.T.);
#5262=EDGE_CURVE('',#2582,#2590,#1742,.T.);
#5264=EDGE_CURVE('',#2590,#2592,#1782,.T.);
#5276=EDGE_CURVE('',#2580,#2588,#1746,.T.);
#5278=EDGE_CURVE('',#2588,#2590,#1786,.T.);
#5290=EDGE_CURVE('',#2579,#2587,#1750,.T.);
#5292=EDGE_CURVE('',#2587,#2588,#1790,.T.);
#5304=EDGE_CURVE('',#2839,#2587,#1794,.T.);
#5308=EDGE_CURVE('',#2606,#2843,#1846,.T.);
#5310=EDGE_CURVE('',#2606,#2600,#1754,.T.);
#5320=EDGE_CURVE('',#2651,#2652,#1758,.T.);
#5323=EDGE_CURVE('',#2655,#2656,#1766,.T.);
#5334=EDGE_CURVE('',#2911,#2912,#1774,.T.);
#5341=EDGE_CURVE('',#2839,#2840,#1922,.T.);
#5343=EDGE_CURVE('',#2840,#2864,#1918,.T.);
#5345=EDGE_CURVE('',#2596,#2864,#1798,.T.);
#5347=EDGE_CURVE('',#2912,#2596,#1802,.T.);
#5359=EDGE_CURVE('',#2688,#2668,#1806,.T.);
#5371=EDGE_CURVE('',#2686,#2670,#1818,.T.);
#5383=EDGE_CURVE('',#2563,#2564,#1810,.T.);
#5386=EDGE_CURVE('',#2358,#2366,#1814,.T.);
#5388=EDGE_CURVE('',#2366,#2563,#1866,.T.);
#5404=EDGE_CURVE('',#2882,#2369,#1826,.T.);
#5406=EDGE_CURVE('',#2361,#2369,#1954,.T.);
#5417=EDGE_CURVE('',#2563,#2559,#1862,.T.);
#5419=EDGE_CURVE('',#2555,#2559,#1942,.T.);
#5432=EDGE_CURVE('',#2868,#2608,#1834,.T.);
#5434=EDGE_CURVE('',#2608,#2605,#1838,.T.);
#5436=EDGE_CURVE('',#2605,#2606,#1842,.T.);
#5439=EDGE_CURVE('',#2843,#2813,#1850,.T.);
#5441=EDGE_CURVE('',#2560,#2813,#1854,.T.);
#5443=EDGE_CURVE('',#2559,#2560,#1858,.T.);
#5447=EDGE_CURVE('',#2365,#2366,#1870,.T.);
#5449=EDGE_CURVE('',#2386,#2365,#1874,.T.);
#5454=EDGE_CURVE('',#2370,#2378,#1882,.T.);
#5456=EDGE_CURVE('',#2369,#2370,#1886,.T.);
#5467=EDGE_CURVE('',#2608,#2602,#1894,.T.);
#5480=EDGE_CURVE('',#2605,#2599,#1898,.T.);
#5505=EDGE_CURVE('',#2807,#2844,#1914,.T.);
#5508=EDGE_CURVE('',#2808,#2813,#1906,.T.);
#5531=EDGE_CURVE('',#2816,#2840,#1926,.T.);
#5544=EDGE_CURVE('',#2810,#2814,#1930,.T.);
#5558=EDGE_CURVE('',#2813,#2814,#1934,.T.);
#5571=EDGE_CURVE('',#2556,#2560,#1938,.T.);
#5595=EDGE_CURVE('',#2357,#2365,#1946,.T.);
#5621=EDGE_CURVE('',#2362,#2370,#1950,.T.);
#5646=EDGE_CURVE('',#2692,#2676,#1958,.T.);
#5669=EDGE_CURVE('',#2907,#2908,#1970,.T.);
#5673=EDGE_CURVE('',#2908,#2912,#1966,.T.);
#5684=EDGE_CURVE('',#2908,#2920,#1974,.T.);
#5696=EDGE_CURVE('',#2912,#2918,#1990,.T.);
#5711=EDGE_CURVE('',#2595,#2596,#1994,.T.);
#5736=EDGE_CURVE('',#2330,#2338,#1998,.T.);
#5784=EDGE_CURVE('',#2270,#2285,#2026,.T.);
#5786=EDGE_CURVE('',#2285,#2286,#2080,.T.);
#5788=EDGE_CURVE('',#2274,#2286,#2140,.T.);
#5800=EDGE_CURVE('',#2281,#2262,#2018,.T.);
#5814=EDGE_CURVE('',#2256,#2258,#2034,.T.);
#5816=EDGE_CURVE('',#2258,#2285,#2038,.T.);
#5827=EDGE_CURVE('',#2297,#2290,#2046,.T.);
#5829=EDGE_CURVE('',#2290,#2293,#2050,.T.);
#5831=EDGE_CURVE('',#2298,#2293,#2054,.T.);
#5842=EDGE_CURVE('',#2294,#2282,#2063,.T.);
#5844=EDGE_CURVE('',#2293,#2294,#2067,.T.);
#5847=EDGE_CURVE('',#2290,#2288,#2071,.T.);
#5849=EDGE_CURVE('',#2286,#2288,#2076,.T.);
#5853=EDGE_CURVE('',#2258,#2246,#2084,.T.);
#5867=EDGE_CURVE('',#2278,#2294,#2088,.T.);
#5879=EDGE_CURVE('',#2301,#2306,#2092,.T.);
#5894=EDGE_CURVE('',#2317,#2321,#2096,.T.);
#5897=EDGE_CURVE('',#2302,#2304,#2132,.T.);
#5911=EDGE_CURVE('',#2310,#2317,#2112,.T.);
#5913=EDGE_CURVE('',#2310,#2314,#2100,.T.);
#5915=EDGE_CURVE('',#2314,#2321,#2116,.T.);
#5926=EDGE_CURVE('',#2318,#2309,#2104,.T.);
#5928=EDGE_CURVE('',#2309,#2310,#2108,.T.);
#5940=EDGE_CURVE('',#2322,#2313,#2124,.T.);
#5942=EDGE_CURVE('',#2309,#2313,#2128,.T.);
#5955=EDGE_CURVE('',#2313,#2314,#2120,.T.);
#5980=EDGE_CURVE('',#2276,#2288,#2136,.T.);
#6005=EDGE_CURVE('',#2254,#2258,#2156,.T.);
#6007=EDGE_CURVE('',#2254,#2244,#2144,.T.);
#6020=EDGE_CURVE('',#2250,#2254,#2152,.T.);
#6034=EDGE_CURVE('',#2253,#2254,#2164,.T.);
#6059=EDGE_CURVE('',#2325,#2333,#2172,.T.);
#6084=EDGE_CURVE('',#2795,#2836,#2180,.T.);
#6095=EDGE_CURVE('',#2804,#2832,#2204,.T.);
#6109=EDGE_CURVE('',#2796,#2801,#2192,.T.);
#6121=EDGE_CURVE('',#2798,#2802,#2196,.T.);
#6123=EDGE_CURVE('',#2801,#2802,#2208,.T.);
#6159=EDGE_CURVE('',#2467,#2468,#2216,.T.);
#6174=EDGE_CURVE('',#2476,#2470,#2220,.T.);
#6202=CIRCLE('',#6201,6.E-1);
#6203=TRIMMED_CURVE('',#6202,(PARAMETER_VALUE(0.E0)),(PARAMETER_VALUE(1.8E2)),
.T.,.UNSPECIFIED.);
#6204=COMPOSITE_CURVE_SEGMENT(.CONTINUOUS.,.T.,#6203);
#6209=CIRCLE('',#6208,6.E-1);
#6210=TRIMMED_CURVE('',#6209,(PARAMETER_VALUE(0.E0)),(PARAMETER_VALUE(1.8E2)),
.T.,.UNSPECIFIED.);
#6211=COMPOSITE_CURVE_SEGMENT(.CONTINUOUS.,.T.,#6210);
#6212=COMPOSITE_CURVE('',(#6204,#6211),.F.);
#6218=CIRCLE('',#6217,6.E-1);
#6219=TRIMMED_CURVE('',#6218,(PARAMETER_VALUE(0.E0)),(PARAMETER_VALUE(1.8E2)),
.T.,.UNSPECIFIED.);
#6220=COMPOSITE_CURVE_SEGMENT(.CONTINUOUS.,.T.,#6219);
#6225=CIRCLE('',#6224,6.E-1);
#6226=TRIMMED_CURVE('',#6225,(PARAMETER_VALUE(0.E0)),(PARAMETER_VALUE(1.8E2)),
.T.,.UNSPECIFIED.);
#6227=COMPOSITE_CURVE_SEGMENT(.CONTINUOUS.,.T.,#6226);
#6228=COMPOSITE_CURVE('',(#6220,#6227),.F.);
#6233=CIRCLE('',#6232,6.E-1);
#6234=TRIMMED_CURVE('',#6233,(PARAMETER_VALUE(0.E0)),(PARAMETER_VALUE(1.8E2)),
.T.,.UNSPECIFIED.);
#6235=COMPOSITE_CURVE_SEGMENT(.CONTINUOUS.,.T.,#6234);
#6240=CIRCLE('',#6239,6.E-1);
#6241=TRIMMED_CURVE('',#6240,(PARAMETER_VALUE(0.E0)),(PARAMETER_VALUE(1.8E2)),
.T.,.UNSPECIFIED.);
#6242=COMPOSITE_CURVE_SEGMENT(.CONTINUOUS.,.T.,#6241);
#6243=COMPOSITE_CURVE('',(#6235,#6242),.F.);
#6252=TRIMMED_CURVE('',#6251,(PARAMETER_VALUE(0.E0)),(PARAMETER_VALUE(1.E0)),
.T.,.UNSPECIFIED.);
#6257=TRIMMED_CURVE('',#6256,(PARAMETER_VALUE(0.E0)),(PARAMETER_VALUE(1.E0)),
.T.,.UNSPECIFIED.);
#6262=TRIMMED_CURVE('',#6261,(PARAMETER_VALUE(0.E0)),(PARAMETER_VALUE(1.E0)),
.T.,.UNSPECIFIED.);
#6267=TRIMMED_CURVE('',#6266,(PARAMETER_VALUE(0.E0)),(PARAMETER_VALUE(1.E0)),
.T.,.UNSPECIFIED.);
#6272=TRIMMED_CURVE('',#6271,(PARAMETER_VALUE(0.E0)),(PARAMETER_VALUE(1.E0)),
.T.,.UNSPECIFIED.);
#6277=TRIMMED_CURVE('',#6276,(PARAMETER_VALUE(0.E0)),(PARAMETER_VALUE(1.E0)),
.T.,.UNSPECIFIED.);
#6282=TRIMMED_CURVE('',#6281,(PARAMETER_VALUE(0.E0)),(PARAMETER_VALUE(1.E0)),
.T.,.UNSPECIFIED.);
#6283=(LENGTH_UNIT()NAMED_UNIT(*)SI_UNIT(.MILLI.,.METRE.));
#6285=(NAMED_UNIT(*)PLANE_ANGLE_UNIT()SI_UNIT($,.RADIAN.));
#6288=(NAMED_UNIT(*)SI_UNIT($,.STERADIAN.)SOLID_ANGLE_UNIT());
#6291=ADVANCED_BREP_SHAPE_REPRESENTATION('',(#6193),#6290);
#6292=GEOMETRICALLY_BOUNDED_SURFACE_SHAPE_REPRESENTATION('',(#6213),#6290);
#6293=SHAPE_REPRESENTATION('',(#6197,#6247),#6290);
#6302=PRODUCT_DEFINITION('design','',#6301,#6298);
#6303=PRODUCT_DEFINITION_SHAPE('','SHAPE FOR 532580329.',#6302);
#6304=SHAPE_DEFINITION_REPRESENTATION(#6303,#6293);
ENDSEC;
END-ISO-10303-21;
